CodigoRuta;DANE IED;IED;Tipo;Destino;Direccion
E-002;212000000000;COLEGIO EL UVAL (IED);ESPECIAL;NA;NA
E-003;212000000000;COLEGIO EL UVAL (IED);ESPECIAL;NA;NA
E-004;212000000000;COLEGIO EL UVAL (IED);ESPECIAL;NA;NA
E-005;212000000000;COLEGIO EL UVAL (IED);ESPECIAL;NA;NA
E-006;211000000000;COLEGIO CAMPESTRE JAIME GARZON (IED);ESPECIAL;NA;NA
E-007;211000000000;COLEGIO CAMPESTRE JAIME GARZON (IED);ESPECIAL;NA;NA
E-010;212000000000;COLEGIO GIMNASIO DEL CAMPO JUAN DE LA CRUZ VARELA (IED);ESPECIAL;NA;NA
E-011;212000000000;COLEGIO GIMNASIO DEL CAMPO JUAN DE LA CRUZ VARELA (IED);ESPECIAL;NA;NA
E-012;212000000000;COLEGIO GIMNASIO DEL CAMPO JUAN DE LA CRUZ VARELA (IED);ESPECIAL;NA;NA
E-014;212000000000;COLEGIO GIMNASIO DEL CAMPO JUAN DE LA CRUZ VARELA (IED);ESPECIAL;NA;NA
E-021;212000000000;COLEGIO RURAL JOSE CELESTINO MUTIS (IED);ESPECIAL;NA;NA
E-038;212000000000;COLEGIO RURAL JOSE CELESTINO MUTIS (IED);ESPECIAL;NA;NA
E-040;111000000000;COLEGIO NUEVO HORIZONTE (IED);ESPECIAL;NA;NA
E-041;111000000000;COLEGIO NUEVO HORIZONTE (IED);ESPECIAL;NA;NA
E-042;212000000000;COLEGIO RURAL JOSE CELESTINO MUTIS (IED);ESPECIAL;NA;NA
E-043;212000000000;COLEGIO RURAL JOSE CELESTINO MUTIS (IED);ESPECIAL;NA;NA
E-046;212000000000;COLEGIO RURAL PASQUILLA (IED);ESPECIAL;NA;NA
E-047;212000000000;COLEGIO RURAL PASQUILLA (IED);ESPECIAL;NA;NA
E-048;212000000000;COLEGIO RURAL PASQUILLA (IED);ESPECIAL;NA;NA
E-049;212000000000;COLEGIO RURAL PASQUILLA (IED);ESPECIAL;NA;NA
E-050;212000000000;COLEGIO RURAL PASQUILLA (IED);ESPECIAL;NA;NA
E-052;212000000000;COLEGIO RURAL PASQUILLA (IED);ESPECIAL;NA;NA
E-055;212000000000;COLEGIO RURAL PASQUILLA (IED);ESPECIAL;NA;NA
E-056;212000000000;COLEGIO RURAL PASQUILLA (IED);ESPECIAL;NA;NA
E-057;212000000000;COLEGIO RURAL QUIBA ALTA (IED);ESPECIAL;NA;NA
E-058;212000000000;COLEGIO RURAL QUIBA ALTA (IED);ESPECIAL;NA;NA
E-060;212000000000;COLEGIO RURAL QUIBA ALTA (IED);ESPECIAL;NA;NA
E-061;212000000000;COLEGIO RURAL QUIBA ALTA (IED);ESPECIAL;NA;NA
E-062;211000000000;COLEGIO CAMPESTRE JAIME GARZON (IED);ESPECIAL;NA;NA
R-001;211000000000;COLEGIO EL VERJON (IED);RURAL;NA;NA
R-002;211000000000;COLEGIO EL VERJON (IED);RURAL;NA;NA
R-003;211000000000;COLEGIO EL VERJON (IED);RURAL;NA;NA
R-004;211000000000;COLEGIO EL VERJON (IED);RURAL;NA;NA
R-005;211000000000;COLEGIO EL VERJON (IED);RURAL;NA;NA
R-008;211000000000;COLEGIO EL VERJON (IED);RURAL;NA;NA
R-009;211000000000;COLEGIO EL VERJON (IED);RURAL;NA;NA
R-011;212000000000;COLEGIO EL DESTINO (IED);RURAL;NA;NA
J-4129-06-V1;111000000000;COLEGIO NUEVA ESPERANZA (IED);COMPLEMENTARIA;PARQUE VILLA ALEMANA;CL 100 BIS SUR 1 17
R-013;212000000000;COLEGIO EL DESTINO (IED);RURAL;NA;NA
R-016;212000000000;COLEGIO EL DESTINO (IED);RURAL;NA;NA
R-017;212000000000;COLEGIO EL DESTINO (IED);RURAL;NA;NA
R-019;212000000000;COLEGIO EL DESTINO (IED);RURAL;NA;NA
R-020;212000000000;COLEGIO EL DESTINO (IED);RURAL;NA;NA
R-023;212000000000;COLEGIO EL DESTINO (IED);RURAL;NA;NA
R-025;212000000000;COLEGIO EL DESTINO (IED);RURAL;NA;NA
J-4129-07-V1;111000000000;COLEGIO NUEVA ESPERANZA (IED);COMPLEMENTARIA;PARQUE VILLA ALEMANA;CL 100 BIS SUR 1 17
J-4129-08-V1;111000000000;COLEGIO NUEVA ESPERANZA (IED);COMPLEMENTARIA;PARQUE VILLA ALEMANA;CL 100 BIS SUR 1 17
J-4129-08-V2;111000000000;COLEGIO NUEVA ESPERANZA (IED);COMPLEMENTARIA;PARQUE VILLA ALEMANA;CL 100 BIS SUR 1 17
J-4129-09-V1;111000000000;COLEGIO NUEVA ESPERANZA (IED);COMPLEMENTARIA;PARQUE VILLA ALEMANA;CL 100 BIS SUR 1 17
J-4130-01-V1;111000000000;COLEGIO NUEVO SAN ANDRES DE LOS ALTOS (IED);COMPLEMENTARIA;CREA CANTARRANA USME  IDARTES;AK 1A 100 45
J-4130-01-V2;111000000000;COLEGIO NUEVO SAN ANDRES DE LOS ALTOS (IED);COMPLEMENTARIA;CREA CANTARRANA USME  IDARTES;AK 1A 100 45
J-4130-01-V3;111000000000;COLEGIO NUEVO SAN ANDRES DE LOS ALTOS (IED);COMPLEMENTARIA;CREA CANTARRANA USME  IDARTES;AK 1A 100 45
J-4130-01-V4;111000000000;COLEGIO NUEVO SAN ANDRES DE LOS ALTOS (IED);COMPLEMENTARIA;CREA CANTARRANA USME  IDARTES;AK 1A 100 45
J-4130-01-V5;111000000000;COLEGIO NUEVO SAN ANDRES DE LOS ALTOS (IED);COMPLEMENTARIA;CREA CANTARRANA USME  IDARTES;AK 1A 100 45
J-4130-01-V6;111000000000;COLEGIO NUEVO SAN ANDRES DE LOS ALTOS (IED);COMPLEMENTARIA;CREA CANTARRANA USME  IDARTES;AK 1A 100 45
J-4130-01-V7;111000000000;COLEGIO NUEVO SAN ANDRES DE LOS ALTOS (IED);COMPLEMENTARIA;CREA CANTARRANA USME  IDARTES;AK 1A 100 45
J-4130-01-V8;111000000000;COLEGIO NUEVO SAN ANDRES DE LOS ALTOS (IED);COMPLEMENTARIA;CREA CANTARRANA USME  IDARTES;AK 1A 100 45
J-4130-02-V1;111000000000;COLEGIO NUEVO SAN ANDRES DE LOS ALTOS (IED);COMPLEMENTARIA;CREA CANTARRANA USME IDARTES;AK 1A 100 45
J-4130-02-V2;111000000000;COLEGIO NUEVO SAN ANDRES DE LOS ALTOS (IED);COMPLEMENTARIA;CREA CANTARRANA USME IDARTES;AK 1A 100 45
J-4130-02-V3;111000000000;COLEGIO NUEVO SAN ANDRES DE LOS ALTOS (IED);COMPLEMENTARIA;CREA CANTARRANA USME IDARTES;AK 1A 100 45
J-4130-02-V4;111000000000;COLEGIO NUEVO SAN ANDRES DE LOS ALTOS (IED);COMPLEMENTARIA;CREA CANTARRANA USME IDARTES;AK 1A 100 45
J-4200-02-V1;111000000000;COLEGIO LOS COMUNEROS - OSWALDO GUAYASAMIN (IED);COMPLEMENTARIA;CREA CANTARRANA;TV 13 100 55 SUR
J-4200-03-V1;111000000000;COLEGIO LOS COMUNEROS - OSWALDO GUAYASAMIN (IED);COMPLEMENTARIA;CREA CANTARRANA;TV 13 100 55 SUR
J-4200-04-V1;111000000000;COLEGIO LOS COMUNEROS - OSWALDO GUAYASAMIN (IED);COMPLEMENTARIA;CREA CANTARRANA;TV 13 100 55 SUR
R-056;212000000000;COLEGIO RURAL LOS ARRAYANES (CED);RURAL;NA;NA
J-4200-10-V2;111000000000;COLEGIO LOS COMUNEROS - OSWALDO GUAYASAMIN (IED);COMPLEMENTARIA;CREA CANTARRANA;TV 13 100 55 SUR
J-4200-11-V1;111000000000;COLEGIO LOS COMUNEROS - OSWALDO GUAYASAMIN (IED);COMPLEMENTARIA;CREA CANTARRANA;TV 13 100 55 SUR
J-4200-11-V2;111000000000;COLEGIO LOS COMUNEROS - OSWALDO GUAYASAMIN (IED);COMPLEMENTARIA;CREA CANTARRANA;TV 13 100 55 SUR
R-061;212000000000;COLEGIO RURAL EL CURUBITAL (CED);RURAL;NA;NA
J-4108-01-V1;112000000000;COLEGIO GERARDO PAREDES (IED);COMPLEMENTARIA;PARQUE FONTANAR ;DG 147 141A 42
J-4108-02-V1;112000000000;COLEGIO GERARDO PAREDES (IED);COMPLEMENTARIA;PARQUE FONTANAR ;DG 147 141A 42
J-4108-03-V1;112000000000;COLEGIO GERARDO PAREDES (IED);COMPLEMENTARIA;PARQUE FONTANAR ;DG 147 141A 42
J-4108-04-V1;112000000000;COLEGIO GERARDO PAREDES (IED);COMPLEMENTARIA;PARQUE FONTANAR ;DG 147 141A 42
J-4108-05-V1;112000000000;COLEGIO GERARDO PAREDES (IED);COMPLEMENTARIA;PARQUE FONTANAR ;DG 147 141A 42
J-4108-06-V1;112000000000;COLEGIO GERARDO PAREDES (IED);COMPLEMENTARIA;PARQUE FONTANAR ;DG 147 141A 42
J-4108-07-V1;112000000000;COLEGIO GERARDO PAREDES (IED);COMPLEMENTARIA;COMPENSAR SUBA ;CL 139 94 55
J-4108-08-V1;112000000000;COLEGIO GERARDO PAREDES (IED);COMPLEMENTARIA;PARQUE FONTANAR ;DG 147 141A 42
J-4260-01-V1;111000000000;COLEGIO EL VIRREY JOSE SOLIS (IED);COMPLEMENTARIA;CREA CANTARRANA USME IDARTES;AK 1A 100 45
J-4260-01-V2;111000000000;COLEGIO EL VIRREY JOSE SOLIS (IED);COMPLEMENTARIA;CREA CANTARRANA USME IDARTES;AK 1A 100 45
J-4260-02-V1;111000000000;COLEGIO EL VIRREY JOSE SOLIS (IED);COMPLEMENTARIA;CREA CANTARRANA USME IDARTES;AK 1A 100 45
J-4260-02-V2;111000000000;COLEGIO EL VIRREY JOSE SOLIS (IED);COMPLEMENTARIA;CREA CANTARRANA USME IDARTES;AK 1A 100 45
J-4260-02-V3;111000000000;COLEGIO EL VIRREY JOSE SOLIS (IED);COMPLEMENTARIA;CREA CANTARRANA USME IDARTES;AK 1A 100 45
J-4260-02-V4;111000000000;COLEGIO EL VIRREY JOSE SOLIS (IED);COMPLEMENTARIA;CREA CANTARRANA USME IDARTES;AK 1A 100 45
J-4274-01-V1;111000000000;COLEGIO SANTA MARTHA (IED);COMPLEMENTARIA;CREA CANTARRANA;TV 1 BIS ESTE CL 100B BIS SUR
J-4274-01-V2;111000000000;COLEGIO SANTA MARTHA (IED);COMPLEMENTARIA;CREA CANTARRANA;TV 1 BIS ESTE CL 100B BIS SUR
R-078;212000000000;COLEGIO MOCHUELO ALTO (CED);RURAL;NA;NA
J-4274-02-V1;111000000000;COLEGIO SANTA MARTHA (IED);COMPLEMENTARIA;CREA CANTARRANA;TV 1 BIS ESTE CL 100B BIS SUR
J-4274-02-V2;111000000000;COLEGIO SANTA MARTHA (IED);COMPLEMENTARIA;CREA CANTARRANA;TV 1 BIS ESTE CL 100B BIS SUR
J-4274-03-V1;111000000000;COLEGIO SANTA MARTHA (IED);COMPLEMENTARIA;CREA CANTARRANA;TV 1 BIS ESTE CL 100B BIS SUR
J-4274-03-V2;111000000000;COLEGIO SANTA MARTHA (IED);COMPLEMENTARIA;CREA CANTARRANA;TV 1 BIS ESTE CL 100B BIS SUR
R-012;212000000000;COLEGIO EL DESTINO (IED);RURAL;NA;NA
R-014;212000000000;COLEGIO EL DESTINO (IED);RURAL;NA;NA
R-024;212000000000;COLEGIO EL DESTINO (IED);RURAL;NA;NA
R-026;212000000000;COLEGIO EL UVAL (IED);RURAL;NA;NA
R-087;212000000000;COLEGIO RURAL PASQUILLA (IED);RURAL;NA;NA
R-027;212000000000;COLEGIO EL UVAL (IED);RURAL;NA;NA
R-029;212000000000;COLEGIO EL UVAL (IED);RURAL;NA;NA
R-030;212000000000;COLEGIO EL UVAL (IED);RURAL;NA;NA
R-092;212000000000;COLEGIO RURAL PASQUILLA (IED);RURAL;NA;NA
R-031;212000000000;COLEGIO EL UVAL (IED);RURAL;NA;NA
R-032;212000000000;COLEGIO EL UVAL (IED);RURAL;NA;NA
R-033;212000000000;COLEGIO EL UVAL (IED);RURAL;NA;NA
R-034;212000000000;COLEGIO EL UVAL (IED);RURAL;NA;NA
R-035;212000000000;COLEGIO EL UVAL (IED);RURAL;NA;NA
R-037;212000000000;COLEGIO EL UVAL (IED);RURAL;NA;NA
R-038;212000000000;COLEGIO EL UVAL (IED);RURAL;NA;NA
R-039;212000000000;COLEGIO EL UVAL (IED);RURAL;NA;NA
R-041;212000000000;COLEGIO EL UVAL (IED);RURAL;NA;NA
R-042;212000000000;COLEGIO EL UVAL (IED);RURAL;NA;NA
R-046;212000000000;COLEGIO EL UVAL (IED);RURAL;NA;NA
R-047;212000000000;COLEGIO EL UVAL (IED);RURAL;NA;NA
R-048;212000000000;COLEGIO EL UVAL (IED);RURAL;NA;NA
R-050;212000000000;COLEGIO EL UVAL (IED);RURAL;NA;NA
R-051;212000000000;COLEGIO EL UVAL (IED);RURAL;NA;NA
R-052;212000000000;COLEGIO EL UVAL (IED);RURAL;NA;NA
R-113;212000000000;COLEGIO RURAL PASQUILLA (IED);RURAL;NA;NA
R-114;212000000000;COLEGIO RURAL QUIBA ALTA (IED);RURAL;NA;NA
R-115;212000000000;COLEGIO RURAL QUIBA ALTA (IED);RURAL;NA;NA
R-116;212000000000;COLEGIO RURAL QUIBA ALTA (IED);RURAL;NA;NA
R-117;212000000000;COLEGIO RURAL QUIBA ALTA (IED);RURAL;NA;NA
R-118;212000000000;COLEGIO RURAL QUIBA ALTA (IED);RURAL;NA;NA
R-119;212000000000;COLEGIO RURAL QUIBA ALTA (IED);RURAL;NA;NA
R-120;212000000000;COLEGIO RURAL QUIBA ALTA (IED);RURAL;NA;NA
R-121;212000000000;COLEGIO RURAL QUIBA ALTA (IED);RURAL;NA;NA
R-122;212000000000;COLEGIO RURAL QUIBA ALTA (IED);RURAL;NA;NA
R-123;212000000000;COLEGIO RURAL QUIBA ALTA (IED);RURAL;NA;NA
R-124;212000000000;COLEGIO RURAL QUIBA ALTA (IED);RURAL;NA;NA
R-125;212000000000;COLEGIO RURAL QUIBA ALTA (IED);RURAL;NA;NA
R-126;212000000000;COLEGIO RURAL QUIBA ALTA (IED);RURAL;NA;NA
R-127;212000000000;COLEGIO RURAL QUIBA ALTA (IED);RURAL;NA;NA
R-128;212000000000;COLEGIO RURAL QUIBA ALTA (IED);RURAL;NA;NA
R-129;212000000000;COLEGIO RURAL QUIBA ALTA (IED);RURAL;NA;NA
R-130;212000000000;COLEGIO RURAL QUIBA ALTA (IED);RURAL;NA;NA
R-131;212000000000;COLEGIO RURAL QUIBA ALTA (IED);RURAL;NA;NA
R-132;212000000000;COLEGIO RURAL QUIBA ALTA (IED);RURAL;NA;NA
R-133;212000000000;COLEGIO RURAL QUIBA ALTA (IED);RURAL;NA;NA
R-134;212000000000;COLEGIO RURAL QUIBA ALTA (IED);RURAL;NA;NA
R-135;212000000000;COLEGIO RURAL QUIBA ALTA (IED);RURAL;NA;NA
R-136;212000000000;COLEGIO RURAL QUIBA ALTA (IED);RURAL;NA;NA
R-137;212000000000;COLEGIO RURAL QUIBA ALTA (IED);RURAL;NA;NA
R-138;212000000000;COLEGIO RURAL QUIBA ALTA (IED);RURAL;NA;NA
R-139;212000000000;COLEGIO RURAL QUIBA ALTA (IED);RURAL;NA;NA
R-140;212000000000;COLEGIO RURAL QUIBA ALTA (IED);RURAL;NA;NA
R-141;212000000000;COLEGIO RURAL QUIBA ALTA (IED);RURAL;NA;NA
R-142;212000000000;COLEGIO RURAL QUIBA ALTA (IED);RURAL;NA;NA
R-143;212000000000;COLEGIO RURAL QUIBA ALTA (IED);RURAL;NA;NA
R-145;212000000000;COLEGIO RURAL QUIBA ALTA (IED);RURAL;NA;NA
R-146;212000000000;COLEGIO RURAL QUIBA ALTA (IED);RURAL;NA;NA
R-147;212000000000;COLEGIO RURAL QUIBA ALTA (IED);RURAL;NA;NA
R-148;212000000000;COLEGIO RURAL QUIBA ALTA (IED);RURAL;NA;NA
R-149;212000000000;COLEGIO RURAL QUIBA ALTA (IED);RURAL;NA;NA
R-150;212000000000;COLEGIO RURAL QUIBA ALTA (IED);RURAL;NA;NA
R-151;212000000000;COLEGIO RURAL QUIBA ALTA (IED);RURAL;NA;NA
R-152;212000000000;COLEGIO RURAL QUIBA ALTA (IED);RURAL;NA;NA
R-153;212000000000;COLEGIO RURAL JOSE CELESTINO MUTIS (IED);RURAL;NA;NA
R-154;212000000000;COLEGIO RURAL JOSE CELESTINO MUTIS (IED);RURAL;NA;NA
R-155;212000000000;COLEGIO RURAL JOSE CELESTINO MUTIS (IED);RURAL;NA;NA
R-156;212000000000;COLEGIO RURAL JOSE CELESTINO MUTIS (IED);RURAL;NA;NA
R-157;212000000000;COLEGIO RURAL JOSE CELESTINO MUTIS (IED);RURAL;NA;NA
R-158;212000000000;COLEGIO RURAL JOSE CELESTINO MUTIS (IED);RURAL;NA;NA
R-159;212000000000;COLEGIO RURAL JOSE CELESTINO MUTIS (IED);RURAL;NA;NA
R-160;212000000000;COLEGIO RURAL JOSE CELESTINO MUTIS (IED);RURAL;NA;NA
R-161;212000000000;COLEGIO RURAL JOSE CELESTINO MUTIS (IED);RURAL;NA;NA
R-163;212000000000;COLEGIO RURAL JOSE CELESTINO MUTIS (IED);RURAL;NA;NA
R-164;212000000000;COLEGIO RURAL JOSE CELESTINO MUTIS (IED);RURAL;NA;NA
R-165;212000000000;COLEGIO RURAL JOSE CELESTINO MUTIS (IED);RURAL;NA;NA
R-166;212000000000;COLEGIO RURAL JOSE CELESTINO MUTIS (IED);RURAL;NA;NA
R-167;212000000000;COLEGIO RURAL JOSE CELESTINO MUTIS (IED);RURAL;NA;NA
R-168;212000000000;COLEGIO RURAL JOSE CELESTINO MUTIS (IED);RURAL;NA;NA
R-169;212000000000;COLEGIO RURAL JOSE CELESTINO MUTIS (IED);RURAL;NA;NA
R-170;212000000000;COLEGIO RURAL JOSE CELESTINO MUTIS (IED);RURAL;NA;NA
R-172;212000000000;COLEGIO RURAL JOSE CELESTINO MUTIS (IED);RURAL;NA;NA
R-173;212000000000;COLEGIO RURAL JOSE CELESTINO MUTIS (IED);RURAL;NA;NA
R-174;212000000000;COLEGIO RURAL JOSE CELESTINO MUTIS (IED);RURAL;NA;NA
R-175;212000000000;COLEGIO RURAL JOSE CELESTINO MUTIS (IED);RURAL;NA;NA
R-176;212000000000;COLEGIO RURAL JOSE CELESTINO MUTIS (IED);RURAL;NA;NA
R-177;212000000000;COLEGIO RURAL JOSE CELESTINO MUTIS (IED);RURAL;NA;NA
R-178;212000000000;COLEGIO RURAL JOSE CELESTINO MUTIS (IED);RURAL;NA;NA
R-179;212000000000;COLEGIO RURAL LA MAYORIA (CED);RURAL;NA;NA
R-182;211000000000;COLEGIO GABRIEL GARCIA MARQUEZ (IED);RURAL;NA;NA
R-183;211000000000;COLEGIO GABRIEL GARCIA MARQUEZ (IED);RURAL;NA;NA
R-057;212000000000;COLEGIO RURAL OLARTE (CED);RURAL;NA;NA
R-185;212000000000;COLEGIO RURAL LA ARGENTINA (CED);RURAL;NA;NA
R-186;212000000000;COLEGIO RURAL PASQUILLA (IED);RURAL;NA;NA
R-188;111000000000;COLEGIO KIMI PERNIA DOMICO (IED);RURAL;NA;NA
R-189;111000000000;COLEGIO KIMI PERNIA DOMICO (IED);RURAL;NA;NA
R-190;111000000000;COLEGIO KIMI PERNIA DOMICO (IED);RURAL;NA;NA
R-191;111000000000;COLEGIO KIMI PERNIA DOMICO (IED);RURAL;NA;NA
R-192;111000000000;COLEGIO KIMI PERNIA DOMICO (IED);RURAL;NA;NA
R-193;111000000000;COLEGIO KIMI PERNIA DOMICO (IED);RURAL;NA;NA
R-194;111000000000;COLEGIO KIMI PERNIA DOMICO (IED);RURAL;NA;NA
R-196;111000000000;COLEGIO KIMI PERNIA DOMICO (IED);RURAL;NA;NA
R-197;111000000000;COLEGIO KIMI PERNIA DOMICO (IED);RURAL;NA;NA
R-198;111000000000;COLEGIO KIMI PERNIA DOMICO (IED);RURAL;NA;NA
R-199;111000000000;COLEGIO KIMI PERNIA DOMICO (IED);RURAL;NA;NA
R-200;111000000000;COLEGIO KIMI PERNIA DOMICO (IED);RURAL;NA;NA
R-204;111000000000;COLEGIO KIMI PERNIA DOMICO (IED);RURAL;NA;NA
R-205;111000000000;COLEGIO KIMI PERNIA DOMICO (IED);RURAL;NA;NA
R-206;111000000000;COLEGIO CAMPESTRE MONTE VERDE (IED);RURAL;NA;NA
R-207;111000000000;COLEGIO CAMPESTRE MONTE VERDE (IED);RURAL;NA;NA
R-208;111000000000;COLEGIO CAMPESTRE MONTE VERDE (IED);RURAL;NA;NA
R-209;111000000000;COLEGIO CAMPESTRE MONTE VERDE (IED);RURAL;NA;NA
R-210;111000000000;COLEGIO CAMPESTRE MONTE VERDE (IED);RURAL;NA;NA
R-211;111000000000;COLEGIO CAMPESTRE MONTE VERDE (IED);RURAL;NA;NA
R-212;111000000000;COLEGIO CAMPESTRE MONTE VERDE (IED);RURAL;NA;NA
R-213;111000000000;COLEGIO CAMPESTRE MONTE VERDE (IED);RURAL;NA;NA
R-215;111000000000;COLEGIO CAMPESTRE MONTE VERDE (IED);RURAL;NA;NA
R-216;111000000000;COLEGIO CAMPESTRE MONTE VERDE (IED);RURAL;NA;NA
R-217;111000000000;COLEGIO CAMPESTRE MONTE VERDE (IED);RURAL;NA;NA
R-218;111000000000;COLEGIO CAMPESTRE MONTE VERDE (IED);RURAL;NA;NA
R-219;111000000000;COLEGIO CAMPESTRE MONTE VERDE (IED);RURAL;NA;NA
R-220;111000000000;COLEGIO CAMPESTRE MONTE VERDE (IED);RURAL;NA;NA
R-058;212000000000;COLEGIO RURAL OLARTE (CED);RURAL;NA;NA
R-223;111000000000;COLEGIO KIMI PERNIA DOMICO (IED);RURAL;NA;NA
R-224;111000000000;COLEGIO KIMI PERNIA DOMICO (IED);RURAL;NA;NA
R-338;212000000000;COLEGIO RURAL LA MAYORIA (CED);RURAL;NA;NA
R-339;212000000000;COLEGIO RURAL QUIBA ALTA (IED);RURAL;NA;NA
R-340;111000000000;COLEGIO NUEVO HORIZONTE (IED);RURAL;NA;NA
R-341;111000000000;COLEGIO NUEVO HORIZONTE (IED);RURAL;NA;NA
R-342;111000000000;COLEGIO NUEVO HORIZONTE (IED);RURAL;NA;NA
R-343;111000000000;COLEGIO NUEVO HORIZONTE (IED);RURAL;NA;NA
R-344;111000000000;COLEGIO NUEVO HORIZONTE (IED);RURAL;NA;NA
R-345;111000000000;COLEGIO NUEVO HORIZONTE (IED);RURAL;NA;NA
R-346;111000000000;COLEGIO NUEVO HORIZONTE (IED);RURAL;NA;NA
R-347;111000000000;COLEGIO NUEVO HORIZONTE (IED);RURAL;NA;NA
R-348;111000000000;COLEGIO NUEVO HORIZONTE (IED);RURAL;NA;NA
R-349;111000000000;COLEGIO NUEVO HORIZONTE (IED);RURAL;NA;NA
R-362;111000000000;COLEGIO SAN CAYETANO (IED);RURAL;NA;NA
R-363;111000000000;COLEGIO SAN CAYETANO (IED);RURAL;NA;NA
R-364;212000000000;COLEGIO RURAL LA UNION USME (CED);RURAL;NA;NA
R-365;212000000000;COLEGIO RURAL CHIZACA (CED);RURAL;NA;NA
R-367;111000000000;COLEGIO SAN CAYETANO (IED);RURAL;NA;NA
R-368;111000000000;COLEGIO SAN CAYETANO (IED);RURAL;NA;NA
R-369;111000000000;COLEGIO SAN CAYETANO (IED);RURAL;NA;NA
R-370;111000000000;COLEGIO SAN CAYETANO (IED);RURAL;NA;NA
R-371;111000000000;COLEGIO SAN CAYETANO (IED);RURAL;NA;NA
R-372;111000000000;COLEGIO SAN CAYETANO (IED);RURAL;NA;NA
R-373;111000000000;COLEGIO SAN CAYETANO (IED);RURAL;NA;NA
R-374;111000000000;COLEGIO SAN CAYETANO (IED);RURAL;NA;NA
R-375;111000000000;COLEGIO SAN CAYETANO (IED);RURAL;NA;NA
R-376;111000000000;COLEGIO SAN CAYETANO (IED);RURAL;NA;NA
R-377;111000000000;COLEGIO SAN CAYETANO (IED);RURAL;NA;NA
R-378;111000000000;COLEGIO SAN CAYETANO (IED);RURAL;NA;NA
R-380;111000000000;COLEGIO NUEVO HORIZONTE (IED);RURAL;NA;NA
R-381;111000000000;COLEGIO CAMPESTRE MONTE VERDE (IED);RURAL;NA;NA
R-382;212000000000;COLEGIO RURAL LAS MERCEDES (CED);RURAL;NA;NA
R-383;211000000000;COLEGIO GABRIEL GARCIA MARQUEZ (IED);RURAL;NA;NA
R-384;111000000000;COLEGIO CAMPESTRE MONTE VERDE (IED);RURAL;NA;NA
R-385;111000000000;COLEGIO CAMPESTRE MONTE VERDE (IED);RURAL;NA;NA
R-470;211000000000;COLEGIO EL VERJON (IED);RURAL;NA;NA
R-059;212000000000;COLEGIO RURAL OLARTE (CED);RURAL;NA;NA
R-475;111000000000;COLEGIO CAMPESTRE MONTE VERDE (IED);RURAL;NA;NA
R-478;111000000000;COLEGIO SAN CAYETANO (IED);RURAL;NA;NA
R-479;111000000000;COLEGIO SAN CAYETANO (IED);RURAL;NA;NA
R-480;111000000000;COLEGIO SAN CAYETANO (IED);RURAL;NA;NA
R-481;211000000000;COLEGIO EL VERJON (IED);RURAL;NA;NA
R-482;111000000000;COLEGIO SAN CAYETANO (IED);RURAL;NA;NA
R-483;212000000000;COLEGIO RURAL LOS ANDES (CED);RURAL;NA;NA
R-484;211000000000;COLEGIO GABRIEL GARCIA MARQUEZ (IED);RURAL;NA;NA
R-485;211000000000;COLEGIO GABRIEL GARCIA MARQUEZ (IED);RURAL;NA;NA
R-486;211000000000;COLEGIO GABRIEL GARCIA MARQUEZ (IED);RURAL;NA;NA
R-493;212000000000;COLEGIO RURAL PASQUILLA (IED);RURAL;NA;NA
R-494;111000000000;COLEGIO SAN CAYETANO (IED);RURAL;NA;NA
R-495;111000000000;COLEGIO SAN CAYETANO (IED);RURAL;NA;NA
R-060;212000000000;COLEGIO RURAL OLARTE (CED);RURAL;NA;NA
R-497;211000000000;COLEGIO GABRIEL GARCIA MARQUEZ (IED);RURAL;NA;NA
R-070;212000000000;COLEGIO MOCHUELO ALTO (CED);RURAL;NA;NA
R-071;212000000000;COLEGIO MOCHUELO ALTO (CED);RURAL;NA;NA
R-072;212000000000;COLEGIO MOCHUELO ALTO (CED);RURAL;NA;NA
R-073;212000000000;COLEGIO MOCHUELO ALTO (CED);RURAL;NA;NA
R-074;212000000000;COLEGIO MOCHUELO ALTO (CED);RURAL;NA;NA
S-001;211000000000;COLEGIO CAMPESTRE JAIME GARZON (IED);SUMAPAZ;NA;NA
S-003;211000000000;COLEGIO CAMPESTRE JAIME GARZON (IED);SUMAPAZ;NA;NA
S-005;211000000000;COLEGIO CAMPESTRE JAIME GARZON (IED);SUMAPAZ;NA;NA
S-006;211000000000;COLEGIO CAMPESTRE JAIME GARZON (IED);SUMAPAZ;NA;NA
S-007;211000000000;COLEGIO CAMPESTRE JAIME GARZON (IED);SUMAPAZ;NA;NA
S-008;211000000000;COLEGIO CAMPESTRE JAIME GARZON (IED);SUMAPAZ;NA;NA
S-010;211000000000;COLEGIO CAMPESTRE JAIME GARZON (IED);SUMAPAZ;NA;NA
S-011;211000000000;COLEGIO CAMPESTRE JAIME GARZON (IED);SUMAPAZ;NA;NA
S-012;211000000000;COLEGIO CAMPESTRE JAIME GARZON (IED);SUMAPAZ;NA;NA
S-014;211000000000;COLEGIO CAMPESTRE JAIME GARZON (IED);SUMAPAZ;NA;NA
S-015;212000000000;COLEGIO GIMNASIO DEL CAMPO JUAN DE LA CRUZ VARELA (IED);SUMAPAZ;NA;NA
S-016;212000000000;COLEGIO GIMNASIO DEL CAMPO JUAN DE LA CRUZ VARELA (IED);SUMAPAZ;NA;NA
S-017;212000000000;COLEGIO GIMNASIO DEL CAMPO JUAN DE LA CRUZ VARELA (IED);SUMAPAZ;NA;NA
S-018;212000000000;COLEGIO GIMNASIO DEL CAMPO JUAN DE LA CRUZ VARELA (IED);SUMAPAZ;NA;NA
S-019;212000000000;COLEGIO GIMNASIO DEL CAMPO JUAN DE LA CRUZ VARELA (IED);SUMAPAZ;NA;NA
S-020;212000000000;COLEGIO GIMNASIO DEL CAMPO JUAN DE LA CRUZ VARELA (IED);SUMAPAZ;NA;NA
S-021;212000000000;COLEGIO GIMNASIO DEL CAMPO JUAN DE LA CRUZ VARELA (IED);SUMAPAZ;NA;NA
S-022;212000000000;COLEGIO GIMNASIO DEL CAMPO JUAN DE LA CRUZ VARELA (IED);SUMAPAZ;NA;NA
S-023;212000000000;COLEGIO GIMNASIO DEL CAMPO JUAN DE LA CRUZ VARELA (IED);SUMAPAZ;NA;NA
S-024;212000000000;COLEGIO GIMNASIO DEL CAMPO JUAN DE LA CRUZ VARELA (IED);SUMAPAZ;NA;NA
S-025;212000000000;COLEGIO GIMNASIO DEL CAMPO JUAN DE LA CRUZ VARELA (IED);SUMAPAZ;NA;NA
S-026;212000000000;COLEGIO GIMNASIO DEL CAMPO JUAN DE LA CRUZ VARELA (IED);SUMAPAZ;NA;NA
S-027;212000000000;COLEGIO GIMNASIO DEL CAMPO JUAN DE LA CRUZ VARELA (IED);SUMAPAZ;NA;NA
S-028;212000000000;COLEGIO GIMNASIO DEL CAMPO JUAN DE LA CRUZ VARELA (IED);SUMAPAZ;NA;NA
S-029;212000000000;COLEGIO GIMNASIO DEL CAMPO JUAN DE LA CRUZ VARELA (IED);SUMAPAZ;NA;NA
S-032;211000000000;COLEGIO CAMPESTRE JAIME GARZON (IED);SUMAPAZ;NA;NA
S-042;212000000000;COLEGIO GIMNASIO DEL CAMPO JUAN DE LA CRUZ VARELA (IED);SUMAPAZ;NA;NA
S-043;212000000000;COLEGIO GIMNASIO DEL CAMPO JUAN DE LA CRUZ VARELA (IED);SUMAPAZ;NA;NA
S-044;211000000000;COLEGIO CAMPESTRE JAIME GARZON (IED);SUMAPAZ;NA;NA
S-045;212000000000;COLEGIO GIMNASIO DEL CAMPO JUAN DE LA CRUZ VARELA (IED);SUMAPAZ;NA;NA
S-046;211000000000;COLEGIO CAMPESTRE JAIME GARZON (IED);SUMAPAZ;NA;NA
S-050;212000000000;COLEGIO GIMNASIO DEL CAMPO JUAN DE LA CRUZ VARELA (IED);SUMAPAZ;NA;NA
S-052;212000000000;COLEGIO GIMNASIO DEL CAMPO JUAN DE LA CRUZ VARELA (IED);SUMAPAZ;NA;NA
S-053;212000000000;COLEGIO GIMNASIO DEL CAMPO JUAN DE LA CRUZ VARELA (IED);SUMAPAZ;NA;NA
S-057;211000000000;COLEGIO CAMPESTRE JAIME GARZON (IED);SUMAPAZ;NA;NA
S-058;211000000000;COLEGIO CAMPESTRE JAIME GARZON (IED);SUMAPAZ;NA;NA
S-061;211000000000;COLEGIO CAMPESTRE JAIME GARZON (IED);SUMAPAZ;NA;NA
S-062;211000000000;COLEGIO CAMPESTRE JAIME GARZON (IED);SUMAPAZ;NA;NA
J-4029-01-V1;211000000000;COLEGIO VILLAS DEL PROGRESO (IED);COMPLEMENTARIA;AUTOPISTA SUR;AUTOPISTA SUR 73I 45
J-4029-01-V2;211000000000;COLEGIO VILLAS DEL PROGRESO (IED);COMPLEMENTARIA;AUTOPISTA SUR;AUTOPISTA SUR 73I 45
J-4029-01-V3;211000000000;COLEGIO VILLAS DEL PROGRESO (IED);COMPLEMENTARIA;AUTOPISTA SUR;AUTOPISTA SUR 73I 45
J-4029-02-V1;211000000000;COLEGIO VILLAS DEL PROGRESO (IED);COMPLEMENTARIA;AUTOPISTA SUR;AUTOPISTA SUR 73I 45
J-4029-02-V2;211000000000;COLEGIO VILLAS DEL PROGRESO (IED);COMPLEMENTARIA;AUTOPISTA SUR;AUTOPISTA SUR 73I 45
J-4029-02-V3;211000000000;COLEGIO VILLAS DEL PROGRESO (IED);COMPLEMENTARIA;AUTOPISTA SUR;AUTOPISTA SUR 73I 45
J-4029-03-V1;211000000000;COLEGIO VILLAS DEL PROGRESO (IED);COMPLEMENTARIA;AUTOPISTA SUR;AUTOPISTA SUR 73I 45
J-4029-04-V1;211000000000;COLEGIO VILLAS DEL PROGRESO (IED);COMPLEMENTARIA;AUTOPISTA SUR;AUTOPISTA SUR 73I 45
J-4029-04-V2;211000000000;COLEGIO VILLAS DEL PROGRESO (IED);COMPLEMENTARIA;AUTOPISTA SUR;AUTOPISTA SUR 73I 45
J-4029-04-V3;211000000000;COLEGIO VILLAS DEL PROGRESO (IED);COMPLEMENTARIA;AUTOPISTA SUR;AUTOPISTA SUR 73I 45
J-4029-05-V1;211000000000;COLEGIO VILLAS DEL PROGRESO (IED);COMPLEMENTARIA;AUTOPISTA SUR;AUTOPISTA SUR 73I 45
T-1021;111000000000;COLEGIO GENERAL SANTANDER (IED);TRASLADO;NA;NA
T-1024;111000000000;COLEGIO GENERAL SANTANDER (IED);TRASLADO;NA;NA
T-1025;112000000000;COLEGIO GENERAL SANTANDER (IED);TRASLADO;NA;NA
T-1026;112000000000;COLEGIO GENERAL SANTANDER (IED);TRASLADO;NA;NA
T-1027;112000000000;COLEGIO GENERAL SANTANDER (IED);TRASLADO;NA;NA
T-1028;112000000000;COLEGIO GENERAL SANTANDER (IED);TRASLADO;NA;NA
T-1029;112000000000;COLEGIO GENERAL SANTANDER (IED);TRASLADO;NA;NA
T-1030;112000000000;COLEGIO GENERAL SANTANDER (IED);TRASLADO;NA;NA
T-1031;111000000000;COLEGIO LICEO NACIONAL AGUSTIN NIETO CABALLERO (IED);TRASLADO;UNIVERSIDAD ANTONIO NARIÑO;KR 12D 24 69 SUR
T-1032;111000000000;COLEGIO LICEO NACIONAL AGUSTIN NIETO CABALLERO (IED);TRASLADO;UNIVERSIDAD ANTONIO NARIÑO;KR 12D 24 69 SUR
T-1033;111000000000;COLEGIO LICEO NACIONAL AGUSTIN NIETO CABALLERO (IED);TRASLADO;UNIVERSIDAD ANTONIO NARIÑO;KR 12D 24 69 SUR
T-1034;111000000000;COLEGIO LICEO NACIONAL AGUSTIN NIETO CABALLERO (IED);TRASLADO;UNIVERSIDAD ANTONIO NARIÑO;KR 12D 24 69 SUR
T-1035;111000000000;COLEGIO LICEO NACIONAL AGUSTIN NIETO CABALLERO (IED);TRASLADO;UNIVERSIDAD ANTONIO NARIÑO;KR 12D 24 69 SUR
T-1036;111000000000;COLEGIO LICEO NACIONAL AGUSTIN NIETO CABALLERO (IED);TRASLADO;UNIVERSIDAD ANTONIO NARIÑO;KR 12D 24 69 SUR
T-1037;111000000000;COLEGIO LICEO NACIONAL AGUSTIN NIETO CABALLERO (IED);TRASLADO;UNIVERSIDAD ANTONIO NARIÑO;KR 12D 24 69 SUR
T-1038;111000000000;COLEGIO LICEO NACIONAL AGUSTIN NIETO CABALLERO (IED);TRASLADO;UNIVERSIDAD ANTONIO NARIÑO;KR 12D 24 69 SUR
T-1039;111000000000;COLEGIO LICEO NACIONAL AGUSTIN NIETO CABALLERO (IED);TRASLADO;UNIVERSIDAD ANTONIO NARIÑO;KR 12D 24 69 SUR
T-1040;111000000000;COLEGIO LICEO NACIONAL AGUSTIN NIETO CABALLERO (IED);TRASLADO;UNIVERSIDAD ANTONIO NARIÑO;KR 12D 24 69 SUR
T-1041;111000000000;COLEGIO LICEO NACIONAL AGUSTIN NIETO CABALLERO (IED);TRASLADO;UNIVERSIDAD ANTONIO NARIÑO;KR 12D 24 69 SUR
T-1042;111000000000;COLEGIO LICEO NACIONAL AGUSTIN NIETO CABALLERO (IED);TRASLADO;SEDE B UNIVERSIDAD ANTONIO NARIÑO - OTRA SEDE / CENTRO FORJAR RAFAEL URIBE URIBE;KR 12G 22B 29 SUR
T-1043;111000000000;COLEGIO LICEO NACIONAL AGUSTIN NIETO CABALLERO (IED);TRASLADO;UNIVERSIDAD ANTONIO NARIÑO - OTRA SEDE;KR 12G 22B 29 SUR
T-1044;111000000000;COLEGIO LICEO NACIONAL AGUSTIN NIETO CABALLERO (IED);TRASLADO;UNIVERSIDAD ANTONIO NARIÑO - OTRA SEDE;KR 12G 22B 29 SUR
T-1045;111000000000;COLEGIO LICEO NACIONAL AGUSTIN NIETO CABALLERO (IED);TRASLADO;UNIVERSIDAD ANTONIO NARIÑO - OTRA SEDE;KR 12G 22B 29 SUR
T-1046;111000000000;COLEGIO LICEO NACIONAL AGUSTIN NIETO CABALLERO (IED);TRASLADO;UNIVERSIDAD ANTONIO NARIÑO - OTRA SEDE;KR 12G 22B 29 SUR
T-1047;111000000000;COLEGIO LICEO NACIONAL AGUSTIN NIETO CABALLERO (IED);TRASLADO;SEDE B UNIVERSIDAD ANTONIO NARIÑO - OTRA SEDE / CENTRO FORJAR RAFAEL URIBE URIBE;KR 12G 22B 29 SUR
T-1048;111000000000;COLEGIO LICEO NACIONAL AGUSTIN NIETO CABALLERO (IED);TRASLADO;SEDE B UNIVERSIDAD ANTONIO NARIÑO - OTRA SEDE / CENTRO FORJAR RAFAEL URIBE URIBE;KR 12G 22B 29 SUR
T-1049;111000000000;COLEGIO LICEO NACIONAL AGUSTIN NIETO CABALLERO (IED);TRASLADO;SEDE B UNIVERSIDAD ANTONIO NARIÑO - OTRA SEDE / CENTRO FORJAR RAFAEL URIBE URIBE;KR 12G 22B 29 SUR
U-1410;111000000000;COLEGIO JUAN FRANCISCO BERBEO (IED);URBANO;NA;NA
U-1405;111000000000;COLEGIO JUAN FRANCISCO BERBEO (IED);URBANO;NA;NA
U-1118;111000000000;COLEGIO FRANCISCO PRIMERO S.S. (IED);URBANO;NA;NA
U-1117;111000000000;COLEGIO JORGE ELIECER GAITAN (IED);URBANO;NA;NA
U-1116;111000000000;COLEGIO TOMAS CARRASQUILLA (IED);URBANO;NA;NA
J-4029-05-V2;211000000000;COLEGIO VILLAS DEL PROGRESO (IED);COMPLEMENTARIA;AUTOPISTA SUR;AUTOPISTA SUR 73I 45
R-075;212000000000;COLEGIO MOCHUELO ALTO (CED);RURAL;NA;NA
R-076;212000000000;COLEGIO MOCHUELO ALTO (CED);RURAL;NA;NA
J-4029-05-V3;211000000000;COLEGIO VILLAS DEL PROGRESO (IED);COMPLEMENTARIA;AUTOPISTA SUR;AUTOPISTA SUR 73I 45
J-4029-06-V1;211000000000;COLEGIO VILLAS DEL PROGRESO (IED);COMPLEMENTARIA;AUTOPISTA SUR;AUTOPISTA SUR 73I 45
J-4029-06-V2;211000000000;COLEGIO VILLAS DEL PROGRESO (IED);COMPLEMENTARIA;AUTOPISTA SUR;AUTOPISTA SUR 73I 45
J-4029-07-V1;211000000000;COLEGIO VILLAS DEL PROGRESO (IED);COMPLEMENTARIA;AUTOPISTA SUR;AUTOPISTA SUR 73I 45
J-4029-08-V1;211000000000;COLEGIO VILLAS DEL PROGRESO (IED);COMPLEMENTARIA;AUTOPISTA SUR;AUTOPISTA SUR 73I 45
J-4029-08-V2;211000000000;COLEGIO VILLAS DEL PROGRESO (IED);COMPLEMENTARIA;AUTOPISTA SUR;AUTOPISTA SUR 73I 45
T-782;111000000000;COLEGIO CONFEDERACION BRISAS DEL DIAMANTE (IED);TRASLADO;NA;NA
T-783;111000000000;COLEGIO CONFEDERACION BRISAS DEL DIAMANTE (IED);TRASLADO;NA;NA
T-784;111000000000;COLEGIO CONFEDERACION BRISAS DEL DIAMANTE (IED);TRASLADO;NA;NA
T-785;111000000000;COLEGIO CONFEDERACION BRISAS DEL DIAMANTE (IED);TRASLADO;NA;NA
T-786;111000000000;COLEGIO CONFEDERACION BRISAS DEL DIAMANTE (IED);TRASLADO;NA;NA
T-787;111000000000;COLEGIO CONFEDERACION BRISAS DEL DIAMANTE (IED);TRASLADO;NA;NA
T-788;111000000000;COLEGIO CONFEDERACION BRISAS DEL DIAMANTE (IED);TRASLADO;NA;NA
T-791;111000000000;COLEGIO CONFEDERACION BRISAS DEL DIAMANTE (IED);TRASLADO;NA;NA
T-792;111000000000;COLEGIO CONFEDERACION BRISAS DEL DIAMANTE (IED);TRASLADO;NA;NA
T-793;111000000000;COLEGIO CONFEDERACION BRISAS DEL DIAMANTE (IED);TRASLADO;NA;NA
T-794;111000000000;COLEGIO CONFEDERACION BRISAS DEL DIAMANTE (IED);TRASLADO;NA;NA
T-795;111000000000;COLEGIO CONFEDERACION BRISAS DEL DIAMANTE (IED);TRASLADO;NA;NA
T-796;111000000000;COLEGIO CONFEDERACION BRISAS DEL DIAMANTE (IED);TRASLADO;NA;NA
T-797;111000000000;COLEGIO CONFEDERACION BRISAS DEL DIAMANTE (IED);TRASLADO;NA;NA
T-809;111000000000;COLEGIO CONFEDERACION BRISAS DEL DIAMANTE (IED);TRASLADO;NA;NA
T-810;111000000000;COLEGIO CONFEDERACION BRISAS DEL DIAMANTE (IED);TRASLADO;NA;NA
T-811;111000000000;COLEGIO CONFEDERACION BRISAS DEL DIAMANTE (IED);TRASLADO;NA;NA
T-812;111000000000;COLEGIO CONFEDERACION BRISAS DEL DIAMANTE (IED);TRASLADO;NA;NA
T-813;111000000000;COLEGIO CONFEDERACION BRISAS DEL DIAMANTE (IED);TRASLADO;NA;NA
T-814;111000000000;COLEGIO CONFEDERACION BRISAS DEL DIAMANTE (IED);TRASLADO;NA;NA
T-888;111000000000;COLEGIO GENERAL SANTANDER (IED);TRASLADO;NA;NA
T-889;111000000000;COLEGIO GENERAL SANTANDER (IED);TRASLADO;NA;NA
T-890;111000000000;COLEGIO GENERAL SANTANDER (IED);TRASLADO;NA;NA
T-891;111000000000;COLEGIO GENERAL SANTANDER (IED);TRASLADO;NA;NA
T-892;111000000000;COLEGIO GENERAL SANTANDER (IED);TRASLADO;NA;NA
T-893;111000000000;COLEGIO GENERAL SANTANDER (IED);TRASLADO;NA;NA
T-894;111000000000;COLEGIO GENERAL SANTANDER (IED);TRASLADO;NA;NA
T-895;111000000000;COLEGIO GENERAL SANTANDER (IED);TRASLADO;NA;NA
T-896;111000000000;COLEGIO GENERAL SANTANDER (IED);TRASLADO;NA;NA
T-897;111000000000;COLEGIO GENERAL SANTANDER (IED);TRASLADO;NA;NA
T-898;111000000000;COLEGIO GENERAL SANTANDER (IED);TRASLADO;NA;NA
T-899;111000000000;COLEGIO GENERAL SANTANDER (IED);TRASLADO;NA;NA
T-900;111000000000;COLEGIO GENERAL SANTANDER (IED);TRASLADO;NA;NA
T-901;111000000000;COLEGIO GENERAL SANTANDER (IED);TRASLADO;NA;NA
T-902;111000000000;COLEGIO GENERAL SANTANDER (IED);TRASLADO;NA;NA
T-903;111000000000;COLEGIO GENERAL SANTANDER (IED);TRASLADO;NA;NA
T-904;111000000000;COLEGIO GENERAL SANTANDER (IED);TRASLADO;NA;NA
T-905;111000000000;COLEGIO GENERAL SANTANDER (IED);TRASLADO;NA;NA
T-906;111000000000;COLEGIO GENERAL SANTANDER (IED);TRASLADO;NA;NA
T-907;111000000000;COLEGIO GENERAL SANTANDER (IED);TRASLADO;NA;NA
T-908;111000000000;COLEGIO GENERAL SANTANDER (IED);TRASLADO;NA;NA
T-909;111000000000;COLEGIO GENERAL SANTANDER (IED);TRASLADO;NA;NA
T-910;111000000000;COLEGIO GENERAL SANTANDER (IED);TRASLADO;NA;NA
T-911;111000000000;COLEGIO GENERAL SANTANDER (IED);TRASLADO;NA;NA
T-913;111000000000;COLEGIO GENERAL SANTANDER (IED);TRASLADO;NA;NA
T-914;111000000000;COLEGIO GENERAL SANTANDER (IED);TRASLADO;NA;NA
T-915;111000000000;COLEGIO GENERAL SANTANDER (IED);TRASLADO;NA;NA
T-918;111000000000;COLEGIO GENERAL SANTANDER (IED);TRASLADO;NA;NA
T-922;111000000000;COLEGIO GENERAL SANTANDER (IED);TRASLADO;NA;NA
T-923;111000000000;COLEGIO GENERAL SANTANDER (IED);TRASLADO;NA;NA
T-924;111000000000;COLEGIO GENERAL SANTANDER (IED);TRASLADO;NA;NA
T-925;111000000000;COLEGIO GENERAL SANTANDER (IED);TRASLADO;NA;NA
T-926;111000000000;COLEGIO GENERAL SANTANDER (IED);TRASLADO;NA;NA
T-927;111000000000;COLEGIO GENERAL SANTANDER (IED);TRASLADO;NA;NA
T-928;111000000000;COLEGIO GENERAL SANTANDER (IED);TRASLADO;NA;NA
T-929;111000000000;COLEGIO GENERAL SANTANDER (IED);TRASLADO;NA;NA
T-930;111000000000;COLEGIO GENERAL SANTANDER (IED);TRASLADO;NA;NA
T-931;111000000000;COLEGIO GENERAL SANTANDER (IED);TRASLADO;NA;NA
T-932;111000000000;COLEGIO GENERAL SANTANDER (IED);TRASLADO;NA;NA
T-933;111000000000;COLEGIO GENERAL SANTANDER (IED);TRASLADO;NA;NA
T-934;111000000000;COLEGIO GENERAL SANTANDER (IED);TRASLADO;NA;NA
T-935;111000000000;COLEGIO GENERAL SANTANDER (IED);TRASLADO;NA;NA
T-936;111000000000;COLEGIO GENERAL SANTANDER (IED);TRASLADO;NA;NA
T-937;111000000000;COLEGIO GENERAL SANTANDER (IED);TRASLADO;NA;NA
T-938;111000000000;COLEGIO GENERAL SANTANDER (IED);TRASLADO;NA;NA
T-939;111000000000;COLEGIO GENERAL SANTANDER (IED);TRASLADO;NA;NA
T-943;112000000000;COLEGIO GENERAL SANTANDER (IED);TRASLADO;NA;NA
T-944;112000000000;COLEGIO GENERAL SANTANDER (IED);TRASLADO;NA;NA
T-945;112000000000;COLEGIO GENERAL SANTANDER (IED);TRASLADO;NA;NA
T-946;112000000000;COLEGIO GENERAL SANTANDER (IED);TRASLADO;NA;NA
T-947;112000000000;COLEGIO GENERAL SANTANDER (IED);TRASLADO;NA;NA
T-948;112000000000;COLEGIO GENERAL SANTANDER (IED);TRASLADO;NA;NA
T-949;112000000000;COLEGIO GENERAL SANTANDER (IED);TRASLADO;NA;NA
T-950;112000000000;COLEGIO GENERAL SANTANDER (IED);TRASLADO;NA;NA
T-951;112000000000;COLEGIO GENERAL SANTANDER (IED);TRASLADO;NA;NA
T-952;112000000000;COLEGIO GENERAL SANTANDER (IED);TRASLADO;NA;NA
T-953;112000000000;COLEGIO GENERAL SANTANDER (IED);TRASLADO;NA;NA
T-954;112000000000;COLEGIO GENERAL SANTANDER (IED);TRASLADO;NA;NA
T-955;112000000000;COLEGIO GENERAL SANTANDER (IED);TRASLADO;NA;NA
T-956;112000000000;COLEGIO GENERAL SANTANDER (IED);TRASLADO;NA;NA
T-957;112000000000;COLEGIO GENERAL SANTANDER (IED);TRASLADO;NA;NA
T-958;112000000000;COLEGIO GENERAL SANTANDER (IED);TRASLADO;NA;NA
T-960;112000000000;COLEGIO GENERAL SANTANDER (IED);TRASLADO;NA;NA
T-961;112000000000;COLEGIO GENERAL SANTANDER (IED);TRASLADO;NA;NA
T-962;112000000000;COLEGIO GENERAL SANTANDER (IED);TRASLADO;NA;NA
T-963;112000000000;COLEGIO GENERAL SANTANDER (IED);TRASLADO;NA;NA
T-964;112000000000;COLEGIO GENERAL SANTANDER (IED);TRASLADO;NA;NA
T-965;112000000000;COLEGIO GENERAL SANTANDER (IED);TRASLADO;NA;NA
T-966;112000000000;COLEGIO GENERAL SANTANDER (IED);TRASLADO;NA;NA
T-967;112000000000;COLEGIO GENERAL SANTANDER (IED);TRASLADO;NA;NA
T-968;112000000000;COLEGIO GENERAL SANTANDER (IED);TRASLADO;NA;NA
T-969;112000000000;COLEGIO GENERAL SANTANDER (IED);TRASLADO;NA;NA
J-4029-09-V1;211000000000;COLEGIO VILLAS DEL PROGRESO (IED);COMPLEMENTARIA;AUTOPISTA SUR;AUTOPISTA SUR 73I 45
J-4029-09-V2;211000000000;COLEGIO VILLAS DEL PROGRESO (IED);COMPLEMENTARIA;AUTOPISTA SUR;AUTOPISTA SUR 73I 45
J-4029-16-V1;211000000000;COLEGIO VILLAS DEL PROGRESO (IED);COMPLEMENTARIA;CREA SAN PABLO ;CL 68 SUR 78H 37
U-001;111000000000;COLEGIO FRIEDRICH NAUMANN (IED);URBANO;NA;NA
U-003;112000000000;COLEGIO GENERAL SANTANDER (IED);URBANO;NA;NA
U-005;112000000000;COLEGIO GENERAL SANTANDER (IED);URBANO;NA;NA
U-006;112000000000;COLEGIO GENERAL SANTANDER (IED);URBANO;NA;NA
U-018;111000000000;COLEGIO NUEVO HORIZONTE (IED);URBANO;NA;NA
U-022;112000000000;COLEGIO USAQUEN (IED);URBANO;NA;NA
U-023;112000000000;COLEGIO USAQUEN (IED);URBANO;NA;NA
U-024;112000000000;COLEGIO USAQUEN (IED);URBANO;NA;NA
U-045;111000000000;COLEGIO EXTERNADO NACIONAL CAMILO TORRES (IED);URBANO;NA;NA
U-046;111000000000;COLEGIO EXTERNADO NACIONAL CAMILO TORRES (IED);URBANO;NA;NA
U-056;111000000000;COLEGIO JUANA ESCOBAR (IED);URBANO;NA;NA
U-057;111000000000;COLEGIO JUANA ESCOBAR (IED);URBANO;NA;NA
U-058;111000000000;COLEGIO JUANA ESCOBAR (IED);URBANO;NA;NA
U-059;111000000000;COLEGIO JUANA ESCOBAR (IED);URBANO;NA;NA
U-062;111000000000;COLEGIO LOS ALPES (IED);URBANO;NA;NA
U-063;111000000000;COLEGIO LOS ALPES (IED);URBANO;NA;NA
U-064;111000000000;COLEGIO MANUELITA SAENZ (IED);URBANO;NA;NA
U-065;111000000000;COLEGIO MANUELITA SAENZ (IED);URBANO;NA;NA
U-066;111000000000;COLEGIO MANUELITA SAENZ (IED);URBANO;NA;NA
U-067;111000000000;COLEGIO MANUELITA SAENZ (IED);URBANO;NA;NA
U-068;111000000000;COLEGIO MANUELITA SAENZ (IED);URBANO;NA;NA
U-071;111000000000;COLEGIO MANUELITA SAENZ (IED);URBANO;NA;NA
U-072;111000000000;COLEGIO RAFAEL NUÑEZ (IED);URBANO;NA;NA
U-073;111000000000;COLEGIO RAFAEL NUÑEZ (IED);URBANO;NA;NA
U-075;111000000000;COLEGIO RAFAEL NUÑEZ (IED);URBANO;NA;NA
U-078;111000000000;COLEGIO RAFAEL NUÑEZ (IED);URBANO;NA;NA
U-079;111000000000;COLEGIO RAFAEL NUÑEZ (IED);URBANO;NA;NA
U-080;111000000000;COLEGIO RAFAEL NUÑEZ (IED);URBANO;NA;NA
U-082;111000000000;COLEGIO RAFAEL NUÑEZ (IED);URBANO;NA;NA
R-077;212000000000;COLEGIO MOCHUELO ALTO (CED);RURAL;NA;NA
R-079;212000000000;COLEGIO RURAL PASQUILLA (IED);RURAL;NA;NA
R-080;212000000000;COLEGIO RURAL PASQUILLA (IED);RURAL;NA;NA
R-081;212000000000;COLEGIO RURAL PASQUILLA (IED);RURAL;NA;NA
U-091;212000000000;COLEGIO FABIO LOZANO SIMONELLI (IED);URBANO;NA;NA
U-092;212000000000;COLEGIO FABIO LOZANO SIMONELLI (IED);URBANO;NA;NA
U-093;212000000000;COLEGIO FABIO LOZANO SIMONELLI (IED);URBANO;NA;NA
U-094;212000000000;COLEGIO FABIO LOZANO SIMONELLI (IED);URBANO;NA;NA
R-082;212000000000;COLEGIO RURAL PASQUILLA (IED);RURAL;NA;NA
R-083;212000000000;COLEGIO RURAL PASQUILLA (IED);RURAL;NA;NA
R-084;212000000000;COLEGIO RURAL PASQUILLA (IED);RURAL;NA;NA
R-085;212000000000;COLEGIO RURAL PASQUILLA (IED);RURAL;NA;NA
R-086;212000000000;COLEGIO RURAL PASQUILLA (IED);RURAL;NA;NA
R-088;212000000000;COLEGIO RURAL PASQUILLA (IED);RURAL;NA;NA
U-1000;111000000000;COLEGIO MARIA CANO (IED);URBANO;NA;NA
U-1115;111000000000;COLEGIO RAFAEL BERNAL JIMENEZ (IED);URBANO;NA;NA
U-1013;111000000000;COLEGIO LAS AMERICAS (IED);URBANO;NA;NA
U-1014;111000000000;COLEGIO LAS AMERICAS (IED);URBANO;NA;NA
U-1018;111000000000;COLEGIO COMPARTIR RECUERDO (IED);URBANO;NA;NA
U-1110;111000000000;COLEGIO JUAN FRANCISCO BERBEO (IED);URBANO;NA;NA
U-1509;111000000000;COLEGIO INSTITUTO TECNICO DISTRITAL JULIO FLOREZ (IED);URBANO;NA;NA
J-4029-16-V2;211000000000;COLEGIO VILLAS DEL PROGRESO (IED);COMPLEMENTARIA;CREA SAN PABLO ;CL 68 SUR 78H 37
U-1035;111000000000;COLEGIO LA ESTRELLITA (IED);URBANO;NA;NA
U-1036;111000000000;COLEGIO LA ESTRELLITA (IED);URBANO;NA;NA
J-4029-16-V3;211000000000;COLEGIO VILLAS DEL PROGRESO (IED);COMPLEMENTARIA;CREA SAN PABLO ;CL 68 SUR 78H 37
J-4029-17-V1;211000000000;COLEGIO VILLAS DEL PROGRESO (IED);COMPLEMENTARIA;CREA SAN PABLO ;CL 68 SUR 78H 37
J-4029-17-V2;211000000000;COLEGIO VILLAS DEL PROGRESO (IED);COMPLEMENTARIA;CREA SAN PABLO ;CL 68 SUR 78H 37
U-104;111000000000;COLEGIO CENTRO INTEGRAL JOSE MARIA CORDOBA (IED);URBANO;NA;NA
J-4029-17-V3;211000000000;COLEGIO VILLAS DEL PROGRESO (IED);COMPLEMENTARIA;CREA SAN PABLO ;CL 68 SUR 78H 37
U-1042;111000000000;COLEGIO REPUBLICA DE CHINA (IED);URBANO;NA;NA
U-1046;111000000000;COLEGIO MARIA CANO (IED);URBANO;NA;NA
J-4029-18-V1;211000000000;COLEGIO VILLAS DEL PROGRESO (IED);COMPLEMENTARIA;CREA SAN PABLO ;CL 68 SUR 78H 37
J-4029-18-V2;211000000000;COLEGIO VILLAS DEL PROGRESO (IED);COMPLEMENTARIA;CREA SAN PABLO ;CL 68 SUR 78H 37
U-1049;111000000000;COLEGIO INEM SANTIAGO PEREZ (IED);URBANO;NA;NA
U-105;111000000000;COLEGIO CENTRO INTEGRAL JOSE MARIA CORDOBA (IED);URBANO;NA;NA
U-1050;111000000000;COLEGIO VEINTE DE JULIO (IED);URBANO;NA;NA
U-1051;111000000000;COLEGIO VEINTE DE JULIO (IED);URBANO;NA;NA
J-4108-09-V1;112000000000;COLEGIO GERARDO PAREDES (IED);COMPLEMENTARIA;PARQUE FONTANAR ;DG 147 141A 42
U-1056;111000000000;COLEGIO LICEO NACIONAL AGUSTIN NIETO CABALLERO (IED);URBANO;NA;NA
U-106;111000000000;COLEGIO CENTRO INTEGRAL JOSE MARIA CORDOBA (IED);URBANO;NA;NA
U-1063;111000000000;COLEGIO CIUDAD DE BOGOTA (IED);URBANO;NA;NA
U-1466;111000000000;COLEGIO REPUBLICA DE PANAMA (IED);URBANO;NA;NA
U-107;111000000000;COLEGIO CENTRO INTEGRAL JOSE MARIA CORDOBA (IED);URBANO;NA;NA
U-1071;111000000000;COLEGIO EL JAZMIN (IED);URBANO;NA;NA
U-1073;112000000000;COLEGIO GERARDO PAREDES (IED);URBANO;NA;NA
U-1074;111000000000;COLEGIO COMPARTIR RECUERDO (IED);URBANO;NA;NA
U-1075;111000000000;COLEGIO COMPARTIR RECUERDO (IED);URBANO;NA;NA
U-1076;112000000000;COLEGIO GENERAL SANTANDER (IED);URBANO;NA;NA
U-1077;111000000000;COLEGIO FERNANDO SOTO APARICIO (IED);URBANO;NA;NA
U-1078;111000000000;COLEGIO FERNANDO SOTO APARICIO (IED);URBANO;NA;NA
U-1079;111000000000;COLEGIO FERNANDO SOTO APARICIO (IED);URBANO;NA;NA
U-108;111000000000;COLEGIO CENTRO INTEGRAL JOSE MARIA CORDOBA (IED);URBANO;NA;NA
U-1080;111000000000;COLEGIO FERNANDO SOTO APARICIO (IED);URBANO;NA;NA
U-1082;111000000000;COLEGIO LA AMISTAD (IED);URBANO;NA;NA
U-1083;111000000000;COLEGIO LA AMISTAD (IED);URBANO;NA;NA
U-1086;111000000000;COLEGIO COSTA RICA (IED);URBANO;NA;NA
U-1089;111000000000;COLEGIO COSTA RICA (IED);URBANO;NA;NA
U-109;111000000000;COLEGIO CENTRO INTEGRAL JOSE MARIA CORDOBA (IED);URBANO;NA;NA
U-1096;111000000000;COLEGIO JORGE GAITAN CORTES (IED);URBANO;NA;NA
U-1097;111000000000;COLEGIO REPUBLICA BOLIVARIANA DE VENEZUELA (IED);URBANO;NA;NA
U-110;111000000000;COLEGIO CENTRO INTEGRAL JOSE MARIA CORDOBA (IED);URBANO;NA;NA
J-4029-18-V3;211000000000;COLEGIO VILLAS DEL PROGRESO (IED);COMPLEMENTARIA;CREA SAN PABLO ;CL 68 SUR 78H 37
U-1451;111000000000;COLEGIO INSTITUTO TECNICO DISTRITAL REPUBLICA DE GUATEMALA (IED);URBANO;NA;NA
U-111;111000000000;COLEGIO CENTRO INTEGRAL JOSE MARIA CORDOBA (IED);URBANO;NA;NA
U-1450;111000000000;COLEGIO REPUBLICA DE COLOMBIA (IED);URBANO;NA;NA
U-1449;111000000000;COLEGIO REPUBLICA DE COLOMBIA (IED);URBANO;NA;NA
U-1415;111000000000;COLEGIO JUAN FRANCISCO BERBEO (IED);URBANO;NA;NA
U-1412;111000000000;COLEGIO FRANCISCO PRIMERO S.S. (IED);URBANO;NA;NA
U-1599;111000000000;COLEGIO REPUBLICA DE COLOMBIA (IED);URBANO;NA;NA
U-112;111000000000;COLEGIO CENTRO INTEGRAL JOSE MARIA CORDOBA (IED);URBANO;NA;NA
U-1121;111000000000;COLEGIO MARSELLA (IED);URBANO;NA;NA
U-1125;111000000000;COLEGIO ESTRELLA DEL SUR (IED);URBANO;NA;NA
U-1127;111000000000;COLEGIO ANTONIO GARCIA (IED);URBANO;NA;NA
U-113;111000000000;COLEGIO CIUDAD DE BOGOTA (IED);URBANO;NA;NA
U-114;111000000000;COLEGIO CIUDAD DE BOGOTA (IED);URBANO;NA;NA
U-1147;111000000000;COLEGIO RESTREPO MILLAN (IED);URBANO;NA;NA
U-1148;111000000000;COLEGIO RESTREPO MILLAN (IED);URBANO;NA;NA
U-1149;111000000000;COLEGIO RESTREPO MILLAN (IED);URBANO;NA;NA
U-115;111000000000;COLEGIO CIUDAD DE BOGOTA (IED);URBANO;NA;NA
U-116;111000000000;COLEGIO CIUDAD DE BOGOTA (IED);URBANO;NA;NA
U-117;111000000000;COLEGIO CIUDAD DE BOGOTA (IED);URBANO;NA;NA
U-118;111000000000;COLEGIO CIUDAD DE BOGOTA (IED);URBANO;NA;NA
U-120;111000000000;COLEGIO INEM SANTIAGO PEREZ (IED);URBANO;NA;NA
U-121;111000000000;COLEGIO INEM SANTIAGO PEREZ (IED);URBANO;NA;NA
U-122;111000000000;COLEGIO INEM SANTIAGO PEREZ (IED);URBANO;NA;NA
U-123;111000000000;COLEGIO INEM SANTIAGO PEREZ (IED);URBANO;NA;NA
U-124;111000000000;COLEGIO INEM SANTIAGO PEREZ (IED);URBANO;NA;NA
U-125;111000000000;COLEGIO INEM SANTIAGO PEREZ (IED);URBANO;NA;NA
U-126;111000000000;COLEGIO INEM SANTIAGO PEREZ (IED);URBANO;NA;NA
U-127;111000000000;COLEGIO INEM SANTIAGO PEREZ (IED);URBANO;NA;NA
U-128;111000000000;COLEGIO INEM SANTIAGO PEREZ (IED);URBANO;NA;NA
U-129;111000000000;COLEGIO INEM SANTIAGO PEREZ (IED);URBANO;NA;NA
U-130;111000000000;COLEGIO INEM SANTIAGO PEREZ (IED);URBANO;NA;NA
U-131;111000000000;COLEGIO INEM SANTIAGO PEREZ (IED);URBANO;NA;NA
U-132;111000000000;COLEGIO INEM SANTIAGO PEREZ (IED);URBANO;NA;NA
U-133;111000000000;COLEGIO INEM SANTIAGO PEREZ (IED);URBANO;NA;NA
U-1330;111000000000;COLEGIO MANUEL DEL SOCORRO RODRIGUEZ (IED);URBANO;NA;NA
U-134;111000000000;COLEGIO INEM SANTIAGO PEREZ (IED);URBANO;NA;NA
U-135;111000000000;COLEGIO INEM SANTIAGO PEREZ (IED);URBANO;NA;NA
U-136;111000000000;COLEGIO INEM SANTIAGO PEREZ (IED);URBANO;NA;NA
U-137;111000000000;COLEGIO INEM SANTIAGO PEREZ (IED);URBANO;NA;NA
U-138;111000000000;COLEGIO INEM SANTIAGO PEREZ (IED);URBANO;NA;NA
U-1386;111000000000;COLEGIO TECNICO ALDEMAR ROJAS PLAZAS (IED);URBANO;NA;NA
U-1388;111000000000;COLEGIO TECNICO ALDEMAR ROJAS PLAZAS (IED);URBANO;NA;NA
U-139;111000000000;COLEGIO INEM SANTIAGO PEREZ (IED);URBANO;NA;NA
U-1390;111000000000;COLEGIO MIGUEL DE CERVANTES SAAVEDRA (IED);URBANO;NA;NA
U-1392;111000000000;COLEGIO O.E.A. (IED);URBANO;NA;NA
R-089;212000000000;COLEGIO RURAL PASQUILLA (IED);RURAL;NA;NA
U-1396;111000000000;COLEGIO JOSE MARIA VARGAS VILA (IED);URBANO;NA;NA
U-1397;111000000000;COLEGIO JOSE MARIA VARGAS VILA (IED);URBANO;NA;NA
U-1398;111000000000;COLEGIO PANAMERICANO (IED);URBANO;NA;NA
U-1399;111000000000;COLEGIO PANAMERICANO (IED);URBANO;NA;NA
U-140;111000000000;COLEGIO INEM SANTIAGO PEREZ (IED);URBANO;NA;NA
J-4029-18-V4;211000000000;COLEGIO VILLAS DEL PROGRESO (IED);COMPLEMENTARIA;CREA SAN PABLO ;CL 68 SUR 78H 37
J-4029-19-V1;211000000000;COLEGIO VILLAS DEL PROGRESO (IED);COMPLEMENTARIA;CREA ROMA ;AV 1 DE MAYO 79G  09
J-4029-19-V2;211000000000;COLEGIO VILLAS DEL PROGRESO (IED);COMPLEMENTARIA;CREA ROMA ;AV 1 DE MAYO 79G  09
U-1403;111000000000;COLEGIO CARLOS ARTURO TORRES (IED);URBANO;NA;NA
U-1404;111000000000;COLEGIO RAFAEL URIBE URIBE (IED);URBANO;NA;NA
U-1598;111000000000;COLEGIO JUAN FRANCISCO BERBEO (IED);URBANO;NA;NA
J-4029-19-V3;211000000000;COLEGIO VILLAS DEL PROGRESO (IED);COMPLEMENTARIA;CREA ROMA ;AV 1 DE MAYO 79G  09
U-1407;111000000000;COLEGIO TECNICO ALDEMAR ROJAS PLAZAS (IED);URBANO;NA;NA
U-1408;111000000000;COLEGIO TECNICO ALDEMAR ROJAS PLAZAS (IED);URBANO;NA;NA
U-141;111000000000;COLEGIO INEM SANTIAGO PEREZ (IED);URBANO;NA;NA
U-1550;111000000000;COLEGIO FRANCISCO PRIMERO S.S. (IED);URBANO;NA;NA
U-1549;111000000000;COLEGIO FRANCISCO PRIMERO S.S. (IED);URBANO;NA;NA
U-1548;111000000000;COLEGIO JORGE ELIECER GAITAN (IED);URBANO;NA;NA
J-4029-19-V4;211000000000;COLEGIO VILLAS DEL PROGRESO (IED);COMPLEMENTARIA;CREA ROMA ;AV 1 DE MAYO 79G  09
U-1419;111000000000;COLEGIO MARSELLA (IED);URBANO;NA;NA
U-142;111000000000;COLEGIO INEM SANTIAGO PEREZ (IED);URBANO;NA;NA
U-1420;111000000000;COLEGIO RAFAEL DELGADO SALGUERO (IED);URBANO;NA;NA
J-4029-19-V5;211000000000;COLEGIO VILLAS DEL PROGRESO (IED);COMPLEMENTARIA;CREA ROMA ;AV 1 DE MAYO 79G  09
J-4029-19-V6;211000000000;COLEGIO VILLAS DEL PROGRESO (IED);COMPLEMENTARIA;CREA ROMA ;AV 1 DE MAYO 79G  09
J-4029-19-V7;211000000000;COLEGIO VILLAS DEL PROGRESO (IED);COMPLEMENTARIA;CREA ROMA ;AV 1 DE MAYO 79G  09
J-4029-20-V1;211000000000;COLEGIO VILLAS DEL PROGRESO (IED);COMPLEMENTARIA;CREA ROMA ;AV 1 DE MAYO 79G  09
J-4029-20-V2;211000000000;COLEGIO VILLAS DEL PROGRESO (IED);COMPLEMENTARIA;CREA ROMA ;AV 1 DE MAYO 79G  09
J-4029-20-V3;211000000000;COLEGIO VILLAS DEL PROGRESO (IED);COMPLEMENTARIA;CREA ROMA ;AV 1 DE MAYO 79G  09
J-4029-20-V4;211000000000;COLEGIO VILLAS DEL PROGRESO (IED);COMPLEMENTARIA;CREA ROMA ;AV 1 DE MAYO 79G  09
J-4029-20-V5;211000000000;COLEGIO VILLAS DEL PROGRESO (IED);COMPLEMENTARIA;CREA ROMA ;AV 1 DE MAYO 79G  09
J-4029-20-V6;211000000000;COLEGIO VILLAS DEL PROGRESO (IED);COMPLEMENTARIA;CREA ROMA ;AV 1 DE MAYO 79G  09
U-143;111000000000;COLEGIO INEM SANTIAGO PEREZ (IED);URBANO;NA;NA
J-4029-20-V7;211000000000;COLEGIO VILLAS DEL PROGRESO (IED);COMPLEMENTARIA;CREA ROMA ;AV 1 DE MAYO 79G  09
J-4029-21-V1;211000000000;COLEGIO VILLAS DEL PROGRESO (IED);COMPLEMENTARIA;CREA ROMA ;AV 1 DE MAYO 79G  09
J-4029-21-V2;211000000000;COLEGIO VILLAS DEL PROGRESO (IED);COMPLEMENTARIA;CREA ROMA ;AV 1 DE MAYO 79G  09
J-4029-21-V3;211000000000;COLEGIO VILLAS DEL PROGRESO (IED);COMPLEMENTARIA;CREA ROMA ;AV 1 DE MAYO 79G  09
J-4029-21-V4;211000000000;COLEGIO VILLAS DEL PROGRESO (IED);COMPLEMENTARIA;CREA ROMA ;AV 1 DE MAYO 79G  09
U-1437;111000000000;COLEGIO LA ESTRELLITA (IED);URBANO;NA;NA
U-1438;111000000000;COLEGIO COMPARTIR RECUERDO (IED);URBANO;NA;NA
U-144;111000000000;COLEGIO INEM SANTIAGO PEREZ (IED);URBANO;NA;NA
U-1441;112000000000;COLEGIO REPUBLICA DOMINICANA (IED);URBANO;NA;NA
U-1442;112000000000;COLEGIO REPUBLICA DOMINICANA (IED);URBANO;NA;NA
U-1445;111000000000;COLEGIO RESTREPO MILLAN (IED);URBANO;NA;NA
U-1447;111000000000;COLEGIO SAN FRANCISCO (IED);URBANO;NA;NA
U-1547;111000000000;COLEGIO RAFAEL BERNAL JIMENEZ (IED);URBANO;NA;NA
U-145;111000000000;COLEGIO INSTITUTO TECNICO INDUSTRIAL PILOTO (IED);URBANO;NA;NA
U-1546;111000000000;COLEGIO TECNICO DOMINGO FAUSTINO SARMIENTO (IED);URBANO;NA;NA
U-1539;111000000000;COLEGIO REPUBLICA DE COLOMBIA (IED);URBANO;UPI LA FLORIDA;UPI LA FLORIDA
U-1453;111000000000;COLEGIO TECNICO ALDEMAR ROJAS PLAZAS (IED);URBANO;NA;NA
J-4029-21-V5;211000000000;COLEGIO VILLAS DEL PROGRESO (IED);COMPLEMENTARIA;CREA ROMA ;AV 1 DE MAYO 79G  09
J-4108-10-V1;112000000000;COLEGIO GERARDO PAREDES (IED);COMPLEMENTARIA;PARQUE FONTANAR ;DG 147 141A 42
J-4108-11-V1;112000000000;COLEGIO GERARDO PAREDES (IED);COMPLEMENTARIA;PARQUE FONTANAR ;DG 147 141A 42
U-1538;111000000000;COLEGIO NESTOR FORERO ALCALA (IED);URBANO;UPI LA FLORIDA;UPI LA FLORIDA
U-147;111000000000;COLEGIO MARCO FIDEL SUAREZ (IED);URBANO;NA;NA
U-1470;111000000000;COLEGIO INTEGRADA LA CANDELARIA (IED);URBANO;NA;NA
U-1471;111000000000;COLEGIO INTEGRADA LA CANDELARIA (IED);URBANO;NA;NA
U-1472;111000000000;COLEGIO REPUBLICA BOLIVARIANA DE VENEZUELA (IED);URBANO;NA;NA
U-1473;111000000000;COLEGIO REPUBLICA BOLIVARIANA DE VENEZUELA (IED);URBANO;NA;NA
U-1474;111000000000;COLEGIO REPUBLICA BOLIVARIANA DE VENEZUELA (IED);URBANO;NA;NA
U-1475;111000000000;COLEGIO REPUBLICA BOLIVARIANA DE VENEZUELA (IED);URBANO;NA;NA
U-1476;111000000000;COLEGIO REPUBLICA BOLIVARIANA DE VENEZUELA (IED);URBANO;NA;NA
U-1477;111000000000;COLEGIO REPUBLICA BOLIVARIANA DE VENEZUELA (IED);URBANO;NA;NA
U-1478;111000000000;COLEGIO REPUBLICA BOLIVARIANA DE VENEZUELA (IED);URBANO;NA;NA
U-1479;111000000000;COLEGIO REPUBLICA BOLIVARIANA DE VENEZUELA (IED);URBANO;NA;NA
U-148;111000000000;COLEGIO MARCO FIDEL SUAREZ (IED);URBANO;NA;NA
U-1480;111000000000;COLEGIO REPUBLICA BOLIVARIANA DE VENEZUELA (IED);URBANO;NA;NA
U-1481;111000000000;COLEGIO REPUBLICA BOLIVARIANA DE VENEZUELA (IED);URBANO;NA;NA
U-1482;111000000000;COLEGIO REPUBLICA BOLIVARIANA DE VENEZUELA (IED);URBANO;NA;NA
U-1485;111000000000;COLEGIO FANNY MIKEY (IED);URBANO;NA;NA
U-1486;111000000000;COLEGIO FANNY MIKEY (IED);URBANO;NA;NA
U-1487;111000000000;COLEGIO FANNY MIKEY (IED);URBANO;NA;NA
U-149;111000000000;COLEGIO MARCO FIDEL SUAREZ (IED);URBANO;NA;NA
U-1492;111000000000;COLEGIO AULAS COLOMBIANAS SAN LUIS (IED);URBANO;NA;NA
J-4029-22-V1;211000000000;COLEGIO VILLAS DEL PROGRESO (IED);COMPLEMENTARIA;CREA SAN PABLO ;CL 68 SUR 78H 37
U-1495;111000000000;COLEGIO AULAS COLOMBIANAS SAN LUIS (IED);URBANO;NA;NA
U-1496;111000000000;COLEGIO AULAS COLOMBIANAS SAN LUIS (IED);URBANO;NA;NA
U-150;111000000000;COLEGIO MARCO FIDEL SUAREZ (IED);URBANO;NA;NA
U-1500;111000000000;COLEGIO AULAS COLOMBIANAS SAN LUIS (IED);URBANO;NA;NA
U-1504;111000000000;COLEGIO ESPAÑA (IED);URBANO;NA;NA
U-1505;111000000000;COLEGIO ESPAÑA (IED);URBANO;NA;NA
U-1506;111000000000;COLEGIO CIUDAD DE BOGOTA (IED);URBANO;NA;NA
U-1507;111000000000;COLEGIO CIUDAD DE BOGOTA (IED);URBANO;NA;NA
U-1508;111000000000;COLEGIO INEM SANTIAGO PEREZ (IED);URBANO;NA;NA
U-1535;111000000000;COLEGIO REPUBLICA DE COLOMBIA (IED);URBANO;UPI LA FLORIDA;UPI LA FLORIDA
U-1510;111000000000;COLEGIO ELISA MUJICA VELASQUEZ (IED);URBANO;NA;NA
U-1511;111000000000;COLEGIO ELISA MUJICA VELASQUEZ (IED);URBANO;NA;NA
U-1512;111000000000;COLEGIO ELISA MUJICA VELASQUEZ (IED);URBANO;NA;NA
U-1513;111000000000;COLEGIO ENTRE NUBES SUR ORIENTAL (IED);URBANO;NA;NA
U-1514;111000000000;COLEGIO FANNY MIKEY (IED);URBANO;NA;NA
U-1516;111000000000;COLEGIO AULAS COLOMBIANAS SAN LUIS (IED);URBANO;NA;NA
U-1517;111000000000;COLEGIO AULAS COLOMBIANAS SAN LUIS (IED);URBANO;NA;NA
J-4029-22-V2;211000000000;COLEGIO VILLAS DEL PROGRESO (IED);COMPLEMENTARIA;CREA SAN PABLO ;CL 68 SUR 78H 37
U-1519;111000000000;COLEGIO TECNICO ALDEMAR ROJAS PLAZAS (IED);URBANO;NA;NA
U-152;111000000000;COLEGIO MARCO FIDEL SUAREZ (IED);URBANO;NA;NA
U-1520;111000000000;COLEGIO REPUBLICA DE CHINA (IED);URBANO;NA;NA
U-1521;111000000000;COLEGIO VILLEMAR EL CARMEN (IED);URBANO;NA;NA
U-1522;111000000000;COLEGIO VILLEMAR EL CARMEN (IED);URBANO;NA;NA
J-4029-22-V3;211000000000;COLEGIO VILLAS DEL PROGRESO (IED);COMPLEMENTARIA;CREA SAN PABLO ;CL 68 SUR 78H 37
U-1524;111000000000;COLEGIO MANUEL CEPEDA VARGAS (IED);URBANO;NA;NA
U-1525;111000000000;COLEGIO MANUEL CEPEDA VARGAS (IED);URBANO;NA;NA
U-1526;111000000000;COLEGIO MANUEL CEPEDA VARGAS (IED);URBANO;NA;NA
U-1527;111000000000;COLEGIO VILLEMAR EL CARMEN (IED);URBANO;NA;NA
U-1528;111000000000;COLEGIO MARCO FIDEL SUAREZ (IED);URBANO;NA;NA
U-1529;111000000000;COLEGIO MARCO FIDEL SUAREZ (IED);URBANO;NA;NA
U-1530;111000000000;COLEGIO MARCO FIDEL SUAREZ (IED);URBANO;NA;NA
U-1531;111000000000;COLEGIO MARCO FIDEL SUAREZ (IED);URBANO;NA;NA
U-1532;111000000000;COLEGIO INEM SANTIAGO PEREZ (IED);URBANO;NA;NA
U-1534;111000000000;COLEGIO REPUBLICA DE COLOMBIA (IED);URBANO;UPI LA FLORIDA;UPI LA FLORIDA
U-1533;111000000000;COLEGIO NESTOR FORERO ALCALA (IED);URBANO;UPI LA FLORIDA;UPI LA FLORIDA
U-1617;111000000000;COLEGIO INSTITUTO TECNICO INDUSTRIAL FRANCISCO JOSE DE CALDAS (IED);URBANO;NA;NA
U-1536;111000000000;COLEGIO SIMON BOLIVAR (IED);URBANO;UPI LA FLORIDA;UPI LA FLORIDA
U-1537;111000000000;COLEGIO SIMON BOLIVAR (IED);URBANO;UPI LA FLORIDA;UPI LA FLORIDA
U-1616;111000000000;COLEGIO INSTITUTO TECNICO INDUSTRIAL FRANCISCO JOSE DE CALDAS (IED);URBANO;NA;NA
U-1615;111000000000;COLEGIO INSTITUTO TECNICO INDUSTRIAL FRANCISCO JOSE DE CALDAS (IED);URBANO;NA;NA
U-154;111000000000;COLEGIO MARCO FIDEL SUAREZ (IED);URBANO;NA;NA
U-1540;111000000000;COLEGIO SIMON BOLIVAR (IED);URBANO;UPI LA FLORIDA;UPI LA FLORIDA
U-1541;111000000000;COLEGIO CHARRY (IED);URBANO;UPI LA FLORIDA;UPI LA FLORIDA
U-1542;112000000000;COLEGIO GENERAL SANTANDER (IED);URBANO;NA;NA
J-4108-12-V1;112000000000;COLEGIO GERARDO PAREDES (IED);COMPLEMENTARIA;PARQUE FONTANAR ;DG 147 141A 42
U-1545;111000000000;COLEGIO SAN JOSE DE CASTILLA (IED);URBANO;NA;NA
U-1627;111000000000;COLEGIO JUAN FRANCISCO BERBEO (IED);URBANO;NA;NA
U-1614;111000000000;COLEGIO INSTITUTO TECNICO INDUSTRIAL FRANCISCO JOSE DE CALDAS (IED);URBANO;NA;NA
U-1613;111000000000;COLEGIO LA PALESTINA (IED);URBANO;NA;NA
U-1622;111000000000;COLEGIO JUAN FRANCISCO BERBEO (IED);URBANO;NA;NA
U-1640;111000000000;COLEGIO FRANCISCO PRIMERO S.S. (IED);URBANO;NA;NA
U-1551;111000000000;COLEGIO TECNICO PALERMO (IED);URBANO;NA;NA
J-4108-13-V1;112000000000;COLEGIO GERARDO PAREDES (IED);COMPLEMENTARIA;PARQUE FONTANAR ;DG 147 141A 42
J-4108-23-V1;112000000000;COLEGIO GERARDO PAREDES (IED);COMPLEMENTARIA;PARQUE FONTANAR ;DG 147 141A 42
J-4108-24-V1;112000000000;COLEGIO GERARDO PAREDES (IED);COMPLEMENTARIA;PARQUE FONTANAR ;DG 147 141A 42
J-4108-29-V1;112000000000;COLEGIO GERARDO PAREDES (IED);COMPLEMENTARIA;PARQUE FONTANAR ;DG 147 141A 42
J-4108-30-V1;112000000000;COLEGIO GERARDO PAREDES (IED);COMPLEMENTARIA;PARQUE FONTANAR ;DG 147 141A 42
U-1557;112000000000;COLEGIO REPUBLICA DOMINICANA (IED);URBANO;NA;NA
J-4108-31-V1;112000000000;COLEGIO GERARDO PAREDES (IED);COMPLEMENTARIA;PARQUE FONTANAR ;DG 147 141A 42
J-4108-34-V1;112000000000;COLEGIO GERARDO PAREDES (IED);COMPLEMENTARIA;PARQUE FONTANAR ;DG 147 141A 42
J-4029-22-V4;211000000000;COLEGIO VILLAS DEL PROGRESO (IED);COMPLEMENTARIA;CREA SAN PABLO ;CL 68 SUR 78H 37
J-4029-23-V1;211000000000;COLEGIO VILLAS DEL PROGRESO (IED);COMPLEMENTARIA;CREA SAN PABLO ;CL 68 SUR 78H 37
J-4029-23-V2;211000000000;COLEGIO VILLAS DEL PROGRESO (IED);COMPLEMENTARIA;CREA SAN PABLO ;CL 68 SUR 78H 37
J-4029-23-V3;211000000000;COLEGIO VILLAS DEL PROGRESO (IED);COMPLEMENTARIA;CREA SAN PABLO ;CL 68 SUR 78H 37
J-4029-23-V4;211000000000;COLEGIO VILLAS DEL PROGRESO (IED);COMPLEMENTARIA;CREA SAN PABLO ;CL 68 SUR 78H 37
J-4029-24-V1;211000000000;COLEGIO VILLAS DEL PROGRESO (IED);COMPLEMENTARIA;CREA SAN PABLO ;CL 68 SUR 78H 37
U-1566;111000000000;COLEGIO CASTILLA (IED);URBANO;NA;NA
U-1567;111000000000;COLEGIO CASTILLA (IED);URBANO;NA;NA
J-4029-24-V2;211000000000;COLEGIO VILLAS DEL PROGRESO (IED);COMPLEMENTARIA;CREA SAN PABLO ;CL 68 SUR 78H 37
U-1570;111000000000;COLEGIO LA AMISTAD (IED);URBANO;NA;NA
U-1571;111000000000;COLEGIO LA AMISTAD (IED);URBANO;NA;NA
U-1572;111000000000;COLEGIO SAN JOSE DE CASTILLA (IED);URBANO;NA;NA
U-1573;111000000000;COLEGIO INTEGRADA LA CANDELARIA (IED);URBANO;NA;NA
U-1574;111000000000;COLEGIO INTEGRADA LA CANDELARIA (IED);URBANO;NA;NA
J-4029-24-V3;211000000000;COLEGIO VILLAS DEL PROGRESO (IED);COMPLEMENTARIA;CREA SAN PABLO ;CL 68 SUR 78H 37
U-1576;111000000000;COLEGIO CASTILLA (IED);URBANO;NA;NA
U-1577;111000000000;COLEGIO CASTILLA (IED);URBANO;NA;NA
U-1578;111000000000;COLEGIO CASTILLA (IED);URBANO;NA;NA
U-1579;111000000000;COLEGIO CASTILLA (IED);URBANO;NA;NA
J-4029-25-V1;211000000000;COLEGIO VILLAS DEL PROGRESO (IED);COMPLEMENTARIA;CREA ROMA ;AV 1 DE MAYO 79G  09
J-4029-25-V2;211000000000;COLEGIO VILLAS DEL PROGRESO (IED);COMPLEMENTARIA;CREA ROMA ;AV 1 DE MAYO 79G  09
J-4029-25-V3;211000000000;COLEGIO VILLAS DEL PROGRESO (IED);COMPLEMENTARIA;CREA ROMA ;AV 1 DE MAYO 79G  09
J-4029-25-V4;211000000000;COLEGIO VILLAS DEL PROGRESO (IED);COMPLEMENTARIA;CREA ROMA ;AV 1 DE MAYO 79G  09
J-4029-25-V5;211000000000;COLEGIO VILLAS DEL PROGRESO (IED);COMPLEMENTARIA;CREA ROMA ;AV 1 DE MAYO 79G  09
U-1586;111000000000;COLEGIO KENNEDY (IED);URBANO;NA;NA
U-1587;111000000000;COLEGIO LA AMISTAD (IED);URBANO;NA;NA
U-1588;111000000000;COLEGIO FERNANDO SOTO APARICIO (IED);URBANO;NA;NA
U-1589;111000000000;COLEGIO FERNANDO SOTO APARICIO (IED);URBANO;NA;NA
U-1590;111000000000;COLEGIO FERNANDO SOTO APARICIO (IED);URBANO;NA;NA
J-4029-25-V6;211000000000;COLEGIO VILLAS DEL PROGRESO (IED);COMPLEMENTARIA;CREA ROMA ;AV 1 DE MAYO 79G  09
J-4029-25-V7;211000000000;COLEGIO VILLAS DEL PROGRESO (IED);COMPLEMENTARIA;CREA ROMA ;AV 1 DE MAYO 79G  09
J-4029-25-V8;211000000000;COLEGIO VILLAS DEL PROGRESO (IED);COMPLEMENTARIA;CREA ROMA ;AV 1 DE MAYO 79G  09
U-1594;111000000000;COLEGIO JOSE MARIA VARGAS VILA (IED);URBANO;NA;NA
U-1595;111000000000;COLEGIO JOSE MARIA VARGAS VILA (IED);URBANO;NA;NA
U-1596;111000000000;COLEGIO CARLOS ARTURO TORRES (IED);URBANO;NA;NA
U-1597;111000000000;COLEGIO CARLOS ARTURO TORRES (IED);URBANO;NA;NA
U-1638;111000000000;COLEGIO TECNICO DOMINGO FAUSTINO SARMIENTO (IED);URBANO;NA;NA
U-1618;111000000000;COLEGIO INSTITUTO TECNICO INDUSTRIAL FRANCISCO JOSE DE CALDAS (IED);URBANO;NA;NA
J-4029-26-V1;211000000000;COLEGIO VILLAS DEL PROGRESO (IED);COMPLEMENTARIA;CREA ROMA ;AV 1 DE MAYO 79G  09
U-1601;112000000000;COLEGIO USAQUEN (IED);URBANO;NA;NA
U-1602;111000000000;COLEGIO INSTITUTO TECNICO INDUSTRIAL PILOTO (IED);URBANO;NA;NA
U-1603;111000000000;COLEGIO INSTITUTO TECNICO INDUSTRIAL PILOTO (IED);URBANO;NA;NA
U-1604;111000000000;COLEGIO JULIO GARAVITO ARMERO (IED);URBANO;NA;NA
U-1605;112000000000;COLEGIO REPUBLICA DOMINICANA (IED);URBANO;NA;NA
U-1606;112000000000;COLEGIO REPUBLICA DOMINICANA (IED);URBANO;NA;NA
J-4108-35-V1;112000000000;COLEGIO GERARDO PAREDES (IED);COMPLEMENTARIA;PARQUE FONTANAR ;DG 147 141A 42
J-4108-41-V1;112000000000;COLEGIO GERARDO PAREDES (IED);COMPLEMENTARIA;COMPENSAR SUBA;CL 139 94 55
J-4108-42-V1;112000000000;COLEGIO GERARDO PAREDES (IED);COMPLEMENTARIA;COMPENSAR SUBA;CL 139 94 55
U-161;111000000000;COLEGIO RAFAEL URIBE URIBE (IED);URBANO;NA;NA
U-1610;111000000000;COLEGIO TIBABUYES UNIVERSAL (IED);URBANO;NA;NA
J-4108-43-V1;112000000000;COLEGIO GERARDO PAREDES (IED);COMPLEMENTARIA;COMPENSAR SUBA;CL 139 94 55
J-4108-44-V1;112000000000;COLEGIO GERARDO PAREDES (IED);COMPLEMENTARIA;PARQUE FONTANAR ;DG 147 141A 42
U-1642;111000000000;COLEGIO LA PALESTINA (IED);URBANO;NA;NA
U-359;111000000000;COLEGIO INSTITUTO TECNICO DISTRITAL REPUBLICA DE GUATEMALA (IED);URBANO;NA;NA
U-1668;#N/A;#N/A;#N/A;#N/A;#N/A
U-1643;111000000000;COLEGIO LA PALESTINA (IED);URBANO;NA;NA
U-363;111000000000;COLEGIO INSTITUTO TECNICO DISTRITAL REPUBLICA DE GUATEMALA (IED);URBANO;NA;NA
U-361;111000000000;COLEGIO INSTITUTO TECNICO DISTRITAL REPUBLICA DE GUATEMALA (IED);URBANO;NA;NA
R-090;212000000000;COLEGIO RURAL PASQUILLA (IED);RURAL;NA;NA
U-1620;111000000000;COLEGIO GENERAL GUSTAVO ROJAS PINILLA (IED);URBANO;NA;NA
U-424;111000000000;COLEGIO REPUBLICA DE COLOMBIA (IED);URBANO;NA;NA
J-4108-49-V1;112000000000;COLEGIO GERARDO PAREDES (IED);COMPLEMENTARIA;PARQUE FONTANAR ;DG 147 141A 42
J-4108-50-V1;112000000000;COLEGIO GERARDO PAREDES (IED);COMPLEMENTARIA;PARQUE FONTANAR ;DG 147 141A 42
J-4108-52-V1;112000000000;COLEGIO GERARDO PAREDES (IED);COMPLEMENTARIA;PARQUE FONTANAR ;DG 147 141A 42
U-1626;111000000000;COLEGIO LA MERCED (IED);URBANO;NA;NA
U-421;111000000000;COLEGIO REPUBLICA DE COLOMBIA (IED);URBANO;NA;NA
U-1628;111000000000;COLEGIO JULIO GARAVITO ARMERO (IED);URBANO;NA;NA
U-1629;111000000000;COLEGIO ANTONIO JOSE URIBE (IED);URBANO;NA;NA
U-163;111000000000;COLEGIO RAFAEL URIBE URIBE (IED);URBANO;NA;NA
U-1630;111000000000;COLEGIO REPUBLICA DE CHINA (IED);URBANO;NA;NA
U-1631;111000000000;COLEGIO REPUBLICA DE CHINA (IED);URBANO;NA;NA
J-4029-26-V2;211000000000;COLEGIO VILLAS DEL PROGRESO (IED);COMPLEMENTARIA;CREA ROMA ;AV 1 DE MAYO 79G  09
U-1633;111000000000;COLEGIO CENTRO INTEGRAL JOSE MARIA CORDOBA (IED);URBANO;NA;NA
U-1634;111000000000;COLEGIO CENTRO INTEGRAL JOSE MARIA CORDOBA (IED);URBANO;NA;NA
U-1635;111000000000;COLEGIO CENTRO INTEGRAL JOSE MARIA CORDOBA (IED);URBANO;NA;NA
U-1636;111000000000;COLEGIO CENTRO INTEGRAL JOSE MARIA CORDOBA (IED);URBANO;NA;NA
U-1637;111000000000;COLEGIO CENTRO INTEGRAL JOSE MARIA CORDOBA (IED);URBANO;NA;NA
U-417;111000000000;COLEGIO BOLIVIA (IED);URBANO;NA;NA
U-164;111000000000;COLEGIO RAFAEL URIBE URIBE (IED);URBANO;NA;NA
U-416;111000000000;COLEGIO BOLIVIA (IED);URBANO;NA;NA
U-415;111000000000;COLEGIO BOLIVIA (IED);URBANO;NA;NA
U-414;111000000000;COLEGIO BOLIVIA (IED);URBANO;NA;NA
U-1644;111000000000;COLEGIO KENNEDY (IED);URBANO;NA;NA
U-1645;111000000000;COLEGIO ELISA MUJICA VELASQUEZ (IED);URBANO;NA;NA
U-1648;111000000000;COLEGIO ESPAÑA (IED);URBANO;NA;NA
J-4108-60-V1;112000000000;COLEGIO GERARDO PAREDES (IED);COMPLEMENTARIA;COMPENSAR SUBA;CL 139 94 55
U-165;111000000000;COLEGIO RAFAEL URIBE URIBE (IED);URBANO;NA;NA
U-1650;111000000000;COLEGIO LA MERCED (IED);URBANO;NA;NA
U-1651;111000000000;COLEGIO NUEVO HORIZONTE (IED);URBANO;NA;NA
U-1652;111000000000;COLEGIO NUEVO HORIZONTE (IED);URBANO;NA;NA
U-1653;111000000000;COLEGIO TECNICO PALERMO (IED);URBANO;NA;NA
J-4108-61-V1;112000000000;COLEGIO GERARDO PAREDES (IED);COMPLEMENTARIA;COMPENSAR SUBA;CL 139 94 55
U-1655;111000000000;COLEGIO EL TESORO DE LA CUMBRE (IED);URBANO;NA;NA
U-1656;111000000000;COLEGIO CIUDAD DE BOGOTA (IED);URBANO;NA;NA
U-1657;111000000000;COLEGIO CIUDAD DE BOGOTA (IED);URBANO;NA;NA
U-1658;111000000000;COLEGIO CIUDAD DE BOGOTA (IED);URBANO;NA;NA
U-1659;111000000000;COLEGIO FERNANDO SOTO APARICIO (IED);URBANO;NA;NA
U-166;111000000000;COLEGIO RAFAEL URIBE URIBE (IED);URBANO;NA;NA
J-4029-26-V3;211000000000;COLEGIO VILLAS DEL PROGRESO (IED);COMPLEMENTARIA;CREA ROMA ;AV 1 DE MAYO 79G  09
U-1661;112000000000;COLEGIO USAQUEN (IED);URBANO;NA;NA
U-1662;112000000000;COLEGIO USAQUEN (IED);URBANO;NA;NA
U-1663;112000000000;COLEGIO USAQUEN (IED);URBANO;NA;NA
U-1664;112000000000;COLEGIO USAQUEN (IED);URBANO;NA;NA
U-1665;112000000000;COLEGIO USAQUEN (IED);URBANO;NA;NA
U-1666;112000000000;COLEGIO USAQUEN (IED);URBANO;NA;NA
U-1667;112000000000;COLEGIO USAQUEN (IED);URBANO;NA;NA
U-413;111000000000;COLEGIO BOLIVIA (IED);URBANO;NA;NA
U-168;111000000000;COLEGIO RAFAEL URIBE URIBE (IED);URBANO;NA;NA
U-169;111000000000;COLEGIO RAFAEL URIBE URIBE (IED);URBANO;NA;NA
U-172;111000000000;COLEGIO RUFINO JOSE CUERVO (IED);URBANO;NA;NA
U-173;111000000000;COLEGIO SAN BENITO ABAD (IED);URBANO;NA;NA
U-174;111000000000;COLEGIO SAN BENITO ABAD (IED);URBANO;NA;NA
U-175;111000000000;COLEGIO SAN BENITO ABAD (IED);URBANO;NA;NA
U-176;111000000000;COLEGIO SAN BENITO ABAD (IED);URBANO;NA;NA
U-177;111000000000;COLEGIO SAN CARLOS (IED);URBANO;NA;NA
U-178;111000000000;COLEGIO SAN CARLOS (IED);URBANO;NA;NA
U-179;111000000000;COLEGIO SAN CARLOS (IED);URBANO;NA;NA
U-181;111000000000;COLEGIO SAN CARLOS (IED);URBANO;NA;NA
U-182;111000000000;COLEGIO VENECIA (IED);URBANO;NA;NA
U-183;111000000000;COLEGIO VENECIA (IED);URBANO;NA;NA
U-184;111000000000;COLEGIO VENECIA (IED);URBANO;NA;NA
J-4029-26-V4;211000000000;COLEGIO VILLAS DEL PROGRESO (IED);COMPLEMENTARIA;CREA ROMA ;AV 1 DE MAYO 79G  09
J-4029-26-V5;211000000000;COLEGIO VILLAS DEL PROGRESO (IED);COMPLEMENTARIA;CREA ROMA ;AV 1 DE MAYO 79G  09
J-4029-26-V6;211000000000;COLEGIO VILLAS DEL PROGRESO (IED);COMPLEMENTARIA;CREA ROMA ;AV 1 DE MAYO 79G  09
J-4029-26-V7;211000000000;COLEGIO VILLAS DEL PROGRESO (IED);COMPLEMENTARIA;CREA ROMA ;AV 1 DE MAYO 79G  09
J-4029-27-V1;211000000000;COLEGIO VILLAS DEL PROGRESO (IED);COMPLEMENTARIA;CREA ROMA ;AV 1 DE MAYO 79G  09
J-4029-27-V2;211000000000;COLEGIO VILLAS DEL PROGRESO (IED);COMPLEMENTARIA;CREA ROMA ;AV 1 DE MAYO 79G  09
J-4029-27-V3;211000000000;COLEGIO VILLAS DEL PROGRESO (IED);COMPLEMENTARIA;CREA ROMA ;AV 1 DE MAYO 79G  09
J-4029-27-V4;211000000000;COLEGIO VILLAS DEL PROGRESO (IED);COMPLEMENTARIA;CREA ROMA ;AV 1 DE MAYO 79G  09
J-4029-27-V5;211000000000;COLEGIO VILLAS DEL PROGRESO (IED);COMPLEMENTARIA;CREA ROMA ;AV 1 DE MAYO 79G  09
J-4029-27-V6;211000000000;COLEGIO VILLAS DEL PROGRESO (IED);COMPLEMENTARIA;CREA ROMA ;AV 1 DE MAYO 79G  09
J-4029-28-V1;211000000000;COLEGIO VILLAS DEL PROGRESO (IED);COMPLEMENTARIA;CREA SAN PABLO ;CL 68 SUR 78H 37
J-4029-29-V1;211000000000;COLEGIO VILLAS DEL PROGRESO (IED);COMPLEMENTARIA;CREA ROMA ;AV 1 DE MAYO 79G  09
J-4029-29-V2;211000000000;COLEGIO VILLAS DEL PROGRESO (IED);COMPLEMENTARIA;CREA ROMA ;AV 1 DE MAYO 79G  09
U-203;111000000000;COLEGIO CIUDADELA EDUCATIVA DE BOSA (IED);URBANO;NA;NA
U-204;111000000000;COLEGIO CIUDADELA EDUCATIVA DE BOSA (IED);URBANO;NA;NA
U-205;111000000000;COLEGIO CIUDADELA EDUCATIVA DE BOSA (IED);URBANO;NA;NA
U-206;111000000000;COLEGIO CIUDADELA EDUCATIVA DE BOSA (IED);URBANO;NA;NA
U-207;111000000000;COLEGIO CIUDADELA EDUCATIVA DE BOSA (IED);URBANO;NA;NA
U-208;111000000000;COLEGIO CIUDADELA EDUCATIVA DE BOSA (IED);URBANO;NA;NA
U-209;111000000000;COLEGIO CIUDADELA EDUCATIVA DE BOSA (IED);URBANO;NA;NA
U-210;111000000000;COLEGIO CIUDADELA EDUCATIVA DE BOSA (IED);URBANO;NA;NA
U-211;111000000000;COLEGIO CIUDADELA EDUCATIVA DE BOSA (IED);URBANO;NA;NA
J-4029-30-V1;211000000000;COLEGIO VILLAS DEL PROGRESO (IED);COMPLEMENTARIA;CREA SAN PABLO ;CL 68 SUR 78H 37
J-4029-30-V2;211000000000;COLEGIO VILLAS DEL PROGRESO (IED);COMPLEMENTARIA;PARQUE PALESTINA;CL 68 SUR N 81G 09
J-4029-31-V1;211000000000;COLEGIO VILLAS DEL PROGRESO (IED);COMPLEMENTARIA;CREA ROMA ;AV 1 DE MAYO 79G  09
J-4029-32-V1;211000000000;COLEGIO VILLAS DEL PROGRESO (IED);COMPLEMENTARIA;CREA SAN PABLO ;CL 68 SUR 78H 37
J-4029-33-V1;211000000000;COLEGIO VILLAS DEL PROGRESO (IED);COMPLEMENTARIA;CREA ROMA ;AV 1 DE MAYO 79G  09
U-222;111000000000;COLEGIO GERMAN ARCINIEGAS (IED);URBANO;NA;NA
U-223;111000000000;COLEGIO GERMAN ARCINIEGAS (IED);URBANO;NA;NA
U-250;111000000000;COLEGIO CARLOS ARANGO VELEZ (IED);URBANO;NA;NA
U-251;111000000000;COLEGIO CARLOS ARANGO VELEZ (IED);URBANO;NA;NA
U-252;111000000000;COLEGIO CARLOS ARTURO TORRES (IED);URBANO;NA;NA
U-253;111000000000;COLEGIO CARLOS ARTURO TORRES (IED);URBANO;NA;NA
U-254;111000000000;COLEGIO CARLOS ARTURO TORRES (IED);URBANO;NA;NA
U-255;111000000000;COLEGIO CARLOS ARTURO TORRES (IED);URBANO;NA;NA
U-256;111000000000;COLEGIO CARLOS ARTURO TORRES (IED);URBANO;NA;NA
U-257;111000000000;COLEGIO CARLOS ARTURO TORRES (IED);URBANO;NA;NA
U-258;111000000000;COLEGIO CASTILLA (IED);URBANO;NA;NA
U-259;111000000000;COLEGIO CASTILLA (IED);URBANO;NA;NA
U-260;111000000000;COLEGIO CASTILLA (IED);URBANO;NA;NA
U-261;111000000000;COLEGIO CASTILLA (IED);URBANO;NA;NA
U-262;111000000000;COLEGIO CASTILLA (IED);URBANO;NA;NA
U-263;111000000000;COLEGIO FERNANDO SOTO APARICIO (IED);URBANO;NA;NA
U-264;111000000000;COLEGIO FERNANDO SOTO APARICIO (IED);URBANO;NA;NA
U-265;111000000000;COLEGIO FERNANDO SOTO APARICIO (IED);URBANO;NA;NA
U-266;111000000000;COLEGIO FERNANDO SOTO APARICIO (IED);URBANO;NA;NA
U-267;111000000000;COLEGIO FERNANDO SOTO APARICIO (IED);URBANO;NA;NA
U-268;111000000000;COLEGIO GENERAL GUSTAVO ROJAS PINILLA (IED);URBANO;NA;NA
U-269;111000000000;COLEGIO GENERAL GUSTAVO ROJAS PINILLA (IED);URBANO;NA;NA
U-271;111000000000;COLEGIO GENERAL GUSTAVO ROJAS PINILLA (IED);URBANO;NA;NA
U-272;111000000000;COLEGIO GENERAL GUSTAVO ROJAS PINILLA (IED);URBANO;NA;NA
J-4029-34-V1;211000000000;COLEGIO VILLAS DEL PROGRESO (IED);COMPLEMENTARIA;CREA SAN PABLO ;CL 68 SUR 78H 37
J-4029-35-V1;211000000000;COLEGIO VILLAS DEL PROGRESO (IED);COMPLEMENTARIA;CREA SAN PABLO ;CL 68 SUR 78H 37
J-4029-36-V1;211000000000;COLEGIO VILLAS DEL PROGRESO (IED);COMPLEMENTARIA;CREA ROMA ;AV 1 DE MAYO 79G  09
J-4029-37-V1;211000000000;COLEGIO VILLAS DEL PROGRESO (IED);COMPLEMENTARIA;CREA SAN PABLO ;CL 68 SUR 78H 37
J-4029-37-V2;211000000000;COLEGIO VILLAS DEL PROGRESO (IED);COMPLEMENTARIA;CREA SAN PABLO ;CL 68 SUR 78H 37
J-4029-39-V1;211000000000;COLEGIO VILLAS DEL PROGRESO (IED);COMPLEMENTARIA;PARQUE PALESTINA;CL 68 SUR N 81G 09
J-4029-39-V2;211000000000;COLEGIO VILLAS DEL PROGRESO (IED);COMPLEMENTARIA;PARQUE PALESTINA;CL 68 SUR N 81G 09
U-282;111000000000;COLEGIO ISABEL II (IED);URBANO;NA;NA
U-283;111000000000;COLEGIO ISABEL II (IED);URBANO;NA;NA
U-284;111000000000;COLEGIO ISABEL II (IED);URBANO;NA;NA
U-285;111000000000;COLEGIO ISABEL II (IED);URBANO;NA;NA
U-286;111000000000;COLEGIO ISABEL II (IED);URBANO;NA;NA
J-4029-40-V1;211000000000;COLEGIO VILLAS DEL PROGRESO (IED);COMPLEMENTARIA;PARQUE PALESTINA;CL 68 SUR N 81G 09
J-4029-40-V2;211000000000;COLEGIO VILLAS DEL PROGRESO (IED);COMPLEMENTARIA;PARQUE PALESTINA;CL 68 SUR N 81G 09
J-4029-40-V3;211000000000;COLEGIO VILLAS DEL PROGRESO (IED);COMPLEMENTARIA;PARQUE PALESTINA;CL 68 SUR N 81G 09
J-4029-41-V1;211000000000;COLEGIO VILLAS DEL PROGRESO (IED);COMPLEMENTARIA;PARQUE PALESTINA;CL 68 SUR N 81G 09
J-4029-50-V1;211000000000;COLEGIO VILLAS DEL PROGRESO (IED);COMPLEMENTARIA;PARQUE PALESTINA;CL 68 SUR N 81G 09
U-292;111000000000;COLEGIO KENNEDY (IED);URBANO;NA;NA
U-293;111000000000;COLEGIO KENNEDY (IED);URBANO;NA;NA
U-294;111000000000;COLEGIO KENNEDY (IED);URBANO;NA;NA
U-298;111000000000;COLEGIO LA AMISTAD (IED);URBANO;NA;NA
U-299;111000000000;COLEGIO LA AMISTAD (IED);URBANO;NA;NA
U-300;111000000000;COLEGIO LA AMISTAD (IED);URBANO;NA;NA
U-301;111000000000;COLEGIO LA AMISTAD (IED);URBANO;NA;NA
J-4029-50-V2;211000000000;COLEGIO VILLAS DEL PROGRESO (IED);COMPLEMENTARIA;PARQUE PALESTINA;CL 68 SUR N 81G 09
J-4029-50-V3;211000000000;COLEGIO VILLAS DEL PROGRESO (IED);COMPLEMENTARIA;PARQUE PALESTINA;CL 68 SUR N 81G 09
J-4029-51-V1;211000000000;COLEGIO VILLAS DEL PROGRESO (IED);COMPLEMENTARIA;PARQUE PALESTINA;CL 68 SUR N 81G 09
J-4029-52-V1;211000000000;COLEGIO VILLAS DEL PROGRESO (IED);COMPLEMENTARIA;PARQUE PALESTINA;CL 68 SUR N 81G 09
J-4029-52-V2;211000000000;COLEGIO VILLAS DEL PROGRESO (IED);COMPLEMENTARIA;PARQUE PALESTINA;CL 68 SUR N 81G 09
J-4029-52-V3;211000000000;COLEGIO VILLAS DEL PROGRESO (IED);COMPLEMENTARIA;PARQUE PALESTINA;CL 68 SUR N 81G 09
J-4029-52-V4;211000000000;COLEGIO VILLAS DEL PROGRESO (IED);COMPLEMENTARIA;PARQUE PALESTINA;CL 68 SUR N 81G 09
J-4029-53-V1;211000000000;COLEGIO VILLAS DEL PROGRESO (IED);COMPLEMENTARIA;PARQUE PALESTINA;CL 68 SUR N 81G 09
J-4029-53-V2;211000000000;COLEGIO VILLAS DEL PROGRESO (IED);COMPLEMENTARIA;PARQUE PALESTINA;CL 68 SUR N 81G 09
J-4029-54-V1;211000000000;COLEGIO VILLAS DEL PROGRESO (IED);COMPLEMENTARIA;PARQUE PALESTINA;CL 68 SUR N 81G 09
J-4029-55-V1;211000000000;COLEGIO VILLAS DEL PROGRESO (IED);COMPLEMENTARIA;PARQUE PALESTINA;CL 68 SUR N 81G 09
J-4029-55-V2;211000000000;COLEGIO VILLAS DEL PROGRESO (IED);COMPLEMENTARIA;PARQUE PALESTINA;CL 68 SUR N 81G 09
J-4029-57-V1;211000000000;COLEGIO VILLAS DEL PROGRESO (IED);COMPLEMENTARIA;PARQUE PALESTINA;CL 68 SUR N 81G 09
J-4029-57-V2;211000000000;COLEGIO VILLAS DEL PROGRESO (IED);COMPLEMENTARIA;PARQUE PALESTINA;CL 68 SUR N 81G 09
J-4037-04-V1;111000000000;COLEGIO CUNDINAMARCA (IED);COMPLEMENTARIA;PARQUE POLIDEPORTIVO LA ESTANCIA;CL 59 S 74 19
J-4037-05-V1;111000000000;COLEGIO CUNDINAMARCA (IED);COMPLEMENTARIA;PARQUE PAVCO;AC 57R S 72 00
J-4037-05-V2;111000000000;COLEGIO CUNDINAMARCA (IED);COMPLEMENTARIA;PARQUE PAVCO;AC 57R S 72 00
U-326;111000000000;COLEGIO SAN JOSE DE CASTILLA (IED);URBANO;NA;NA
U-327;111000000000;COLEGIO SAN JOSE DE CASTILLA (IED);URBANO;NA;NA
U-329;111000000000;COLEGIO SAN JOSE DE CASTILLA (IED);URBANO;NA;NA
J-4037-06-V1;111000000000;COLEGIO CUNDINAMARCA (IED);COMPLEMENTARIA;PARQUE POLIDEPORTIVO LA ESTANCIA;CL 59 S 74 19
J-4037-06-V2;111000000000;COLEGIO CUNDINAMARCA (IED);COMPLEMENTARIA;PARQUE POLIDEPORTIVO LA ESTANCIA;CL 59 S 74 19
J-4037-09-V1;111000000000;COLEGIO CUNDINAMARCA (IED);COMPLEMENTARIA;PARQUE PAVCO;AC 57R S 72 00
J-4037-09-V2;111000000000;COLEGIO CUNDINAMARCA (IED);COMPLEMENTARIA;PARQUE PAVCO;AC 57R S 72 00
J-4037-14-V1;111000000000;COLEGIO CUNDINAMARCA (IED);COMPLEMENTARIA;PARQUE PAVCO ;AC 57R S 72 00
U-336;111000000000;COLEGIO COSTA RICA (IED);URBANO;NA;NA
U-338;111000000000;COLEGIO COSTA RICA (IED);URBANO;NA;NA
U-339;111000000000;COLEGIO COSTA RICA (IED);URBANO;NA;NA
U-341;111000000000;COLEGIO COSTA RICA (IED);URBANO;NA;NA
U-342;111000000000;COLEGIO COSTA RICA (IED);URBANO;NA;NA
U-343;111000000000;COLEGIO COSTA RICA (IED);URBANO;NA;NA
U-350;111000000000;COLEGIO VILLEMAR EL CARMEN (IED);URBANO;NA;NA
U-352;111000000000;COLEGIO VILLEMAR EL CARMEN (IED);URBANO;NA;NA
U-353;111000000000;COLEGIO VILLEMAR EL CARMEN (IED);URBANO;NA;NA
U-354;111000000000;COLEGIO VILLEMAR EL CARMEN (IED);URBANO;NA;NA
U-355;111000000000;COLEGIO VILLEMAR EL CARMEN (IED);URBANO;NA;NA
U-356;111000000000;COLEGIO VILLEMAR EL CARMEN (IED);URBANO;NA;NA
U-357;111000000000;COLEGIO VILLEMAR EL CARMEN (IED);URBANO;NA;NA
U-358;111000000000;COLEGIO INSTITUTO TECNICO DISTRITAL JULIO FLOREZ (IED);URBANO;NA;NA
U-412;111000000000;COLEGIO BOLIVIA (IED);URBANO;NA;NA
U-411;111000000000;COLEGIO BOLIVIA (IED);URBANO;NA;NA
U-410;111000000000;COLEGIO BOLIVIA (IED);URBANO;NA;NA
U-409;111000000000;COLEGIO NESTOR FORERO ALCALA (IED);URBANO;NA;NA
U-407;111000000000;COLEGIO NESTOR FORERO ALCALA (IED);URBANO;NA;NA
U-406;111000000000;COLEGIO NACIONES UNIDAS (IED);URBANO;NA;NA
U-404;111000000000;COLEGIO NACIONES UNIDAS (IED);URBANO;NA;NA
U-402;111000000000;COLEGIO NACIONES UNIDAS (IED);URBANO;NA;NA
U-389;111000000000;COLEGIO LA PALESTINA (IED);URBANO;NA;NA
U-388;111000000000;COLEGIO LA PALESTINA (IED);URBANO;NA;NA
U-387;111000000000;COLEGIO LA PALESTINA (IED);URBANO;NA;NA
U-386;111000000000;COLEGIO LA PALESTINA (IED);URBANO;NA;NA
U-376;111000000000;COLEGIO JORGE GAITAN CORTES (IED);URBANO;NA;NA
U-377;111000000000;COLEGIO JORGE GAITAN CORTES (IED);URBANO;NA;NA
U-378;111000000000;COLEGIO JORGE GAITAN CORTES (IED);URBANO;NA;NA
U-379;111000000000;COLEGIO JOSE ASUNCION SILVA (IED);URBANO;NA;NA
U-380;111000000000;COLEGIO JOSE ASUNCION SILVA (IED);URBANO;NA;NA
U-381;111000000000;COLEGIO JOSE ASUNCION SILVA (IED);URBANO;NA;NA
U-383;111000000000;COLEGIO JOSE ASUNCION SILVA (IED);URBANO;NA;NA
U-385;111000000000;COLEGIO LA PALESTINA (IED);URBANO;NA;NA
U-384;111000000000;COLEGIO LA PALESTINA (IED);URBANO;NA;NA
U-373;111000000000;COLEGIO INSTITUTO TECNICO JUAN DEL CORRAL (IED);URBANO;NA;NA
U-371;111000000000;COLEGIO INSTITUTO TECNICO JUAN DEL CORRAL (IED);URBANO;NA;NA
U-370;111000000000;COLEGIO INSTITUTO TECNICO JUAN DEL CORRAL (IED);URBANO;NA;NA
U-369;111000000000;COLEGIO INSTITUTO TECNICO JUAN DEL CORRAL (IED);URBANO;NA;NA
U-390;111000000000;COLEGIO MIGUEL ANTONIO CARO (IED);URBANO;NA;NA
U-391;111000000000;COLEGIO MIGUEL ANTONIO CARO (IED);URBANO;NA;NA
U-392;111000000000;COLEGIO MIGUEL ANTONIO CARO (IED);URBANO;NA;NA
U-393;111000000000;COLEGIO MIGUEL ANTONIO CARO (IED);URBANO;NA;NA
U-394;111000000000;COLEGIO MIGUEL ANTONIO CARO (IED);URBANO;NA;NA
U-395;111000000000;COLEGIO MIGUEL ANTONIO CARO (IED);URBANO;NA;NA
U-396;111000000000;COLEGIO MORISCO (IED);URBANO;NA;NA
U-397;111000000000;COLEGIO MORISCO (IED);URBANO;NA;NA
U-398;111000000000;COLEGIO MORISCO (IED);URBANO;NA;NA
U-400;111000000000;COLEGIO MORISCO (IED);URBANO;NA;NA
U-401;111000000000;COLEGIO MORISCO (IED);URBANO;NA;NA
U-368;111000000000;COLEGIO INSTITUTO TECNICO JUAN DEL CORRAL (IED);URBANO;NA;NA
U-367;111000000000;COLEGIO INSTITUTO TECNICO INDUSTRIAL FRANCISCO JOSE DE CALDAS (IED);URBANO;NA;NA
U-366;111000000000;COLEGIO INSTITUTO TECNICO INDUSTRIAL FRANCISCO JOSE DE CALDAS (IED);URBANO;NA;NA
U-365;111000000000;COLEGIO INSTITUTO TECNICO INDUSTRIAL FRANCISCO JOSE DE CALDAS (IED);URBANO;NA;NA
U-364;111000000000;COLEGIO INSTITUTO TECNICO DISTRITAL REPUBLICA DE GUATEMALA (IED);URBANO;NA;NA
U-439;111000000000;COLEGIO ROBERT F. KENNEDY (IED);URBANO;NA;NA
U-437;111000000000;COLEGIO ROBERT F. KENNEDY (IED);URBANO;NA;NA
U-435;111000000000;COLEGIO ROBERT F. KENNEDY (IED);URBANO;NA;NA
U-434;111000000000;COLEGIO REPUBLICA DE COLOMBIA (IED);URBANO;NA;NA
U-431;111000000000;COLEGIO REPUBLICA DE COLOMBIA (IED);URBANO;NA;NA
U-428;111000000000;COLEGIO REPUBLICA DE COLOMBIA (IED);URBANO;NA;NA
U-426;111000000000;COLEGIO REPUBLICA DE COLOMBIA (IED);URBANO;NA;NA
U-503;111000000000;COLEGIO INSTITUTO TECNICO DISTRITAL JULIO FLOREZ (IED);URBANO;NA;NA
U-418;111000000000;COLEGIO REPUBLICA DE CHINA (IED);URBANO;NA;NA
U-419;111000000000;COLEGIO REPUBLICA DE CHINA (IED);URBANO;NA;NA
U-446;111000000000;COLEGIO TABORA (IED);URBANO;NA;NA
U-444;111000000000;COLEGIO TABORA (IED);URBANO;NA;NA
U-440;111000000000;COLEGIO ROBERT F. KENNEDY (IED);URBANO;NA;NA
U-594;111000000000;COLEGIO FRANCISCO PRIMERO S.S. (IED);URBANO;NA;NA
U-601;111000000000;COLEGIO JORGE ELIECER GAITAN (IED);URBANO;NA;NA
U-593;111000000000;COLEGIO FRANCISCO PRIMERO S.S. (IED);URBANO;NA;NA
U-589;111000000000;COLEGIO FRANCISCO PRIMERO S.S. (IED);URBANO;NA;NA
U-436;111000000000;COLEGIO ROBERT F. KENNEDY (IED);URBANO;NA;NA
U-585;111000000000;COLEGIO FRANCISCO PRIMERO S.S. (IED);URBANO;NA;NA
U-513;111000000000;COLEGIO INSTITUTO TECNICO DISTRITAL JULIO FLOREZ (IED);URBANO;NA;NA
U-509;111000000000;COLEGIO INSTITUTO TECNICO DISTRITAL JULIO FLOREZ (IED);URBANO;NA;NA
U-507;111000000000;COLEGIO INSTITUTO TECNICO DISTRITAL JULIO FLOREZ (IED);URBANO;NA;NA
U-506;111000000000;COLEGIO INSTITUTO TECNICO DISTRITAL JULIO FLOREZ (IED);URBANO;NA;NA
J-4108-63-V1;112000000000;COLEGIO GERARDO PAREDES (IED);COMPLEMENTARIA;PARQUE FONTANAR ;DG 147 141A 42
U-463;112000000000;COLEGIO ANIBAL FERNANDEZ DE SOTO (IED);URBANO;NA;NA
U-464;112000000000;COLEGIO ANIBAL FERNANDEZ DE SOTO (IED);URBANO;NA;NA
U-465;112000000000;COLEGIO ANIBAL FERNANDEZ DE SOTO (IED);URBANO;NA;NA
J-4108-64-V1;112000000000;COLEGIO GERARDO PAREDES (IED);COMPLEMENTARIA;COMPENSAR SUBA;CL 139 94 55
J-4108-65-V1;112000000000;COLEGIO GERARDO PAREDES (IED);COMPLEMENTARIA;COMPENSAR SUBA;CL 139 94 55
J-4108-69-V1;112000000000;COLEGIO GERARDO PAREDES (IED);COMPLEMENTARIA;COMPENSAR SUBA;CL 139 94 55
J-4114-01-V1;111000000000;COLEGIO LA TOSCANA - LISBOA (IED);COMPLEMENTARIA;FONTANAR DEL RIO;CL 144C 141C
J-4114-01-V2;111000000000;COLEGIO LA TOSCANA - LISBOA (IED);COMPLEMENTARIA;FONTANAR DEL RIO;CL 144C 141C
J-4114-01-V3;111000000000;COLEGIO LA TOSCANA - LISBOA (IED);COMPLEMENTARIA;FONTANAR DEL RIO;CL 144C 141C
J-4114-01-V4;111000000000;COLEGIO LA TOSCANA - LISBOA (IED);COMPLEMENTARIA;FONTANAR DEL RIO;CL 144C 141C
J-4114-01-V5;111000000000;COLEGIO LA TOSCANA - LISBOA (IED);COMPLEMENTARIA;FONTANAR DEL RIO;CL 144C 141C
J-4114-01-V6;111000000000;COLEGIO LA TOSCANA - LISBOA (IED);COMPLEMENTARIA;FONTANAR DEL RIO;CL 144C 141C
J-4114-01-V7;111000000000;COLEGIO LA TOSCANA - LISBOA (IED);COMPLEMENTARIA;FONTANAR DEL RIO;CL 144C 141C
J-4114-02-V1;111000000000;COLEGIO LA TOSCANA - LISBOA (IED);COMPLEMENTARIA;COMPENSAR SUBA;CL 139 94 55
J-4114-02-V2;111000000000;COLEGIO LA TOSCANA - LISBOA (IED);COMPLEMENTARIA;COMPENSAR SUBA;CL 139 94 55
J-4114-03-V1;111000000000;COLEGIO LA TOSCANA - LISBOA (IED);COMPLEMENTARIA;CREA FONTANAR;CL 145 138A 10
J-4114-03-V2;111000000000;COLEGIO LA TOSCANA - LISBOA (IED);COMPLEMENTARIA;CREA FONTANAR;CL 145 138A 10
U-482;111000000000;COLEGIO GUSTAVO MORALES MORALES (IED);URBANO;NA;NA
U-484;111000000000;COLEGIO GUSTAVO MORALES MORALES (IED);URBANO;NA;NA
U-486;111000000000;COLEGIO GUSTAVO MORALES MORALES (IED);URBANO;NA;NA
U-487;111000000000;COLEGIO GUSTAVO MORALES MORALES (IED);URBANO;NA;NA
U-488;111000000000;COLEGIO GUSTAVO MORALES MORALES (IED);URBANO;NA;NA
U-489;111000000000;COLEGIO GUSTAVO MORALES MORALES (IED);URBANO;NA;NA
U-490;111000000000;COLEGIO GUSTAVO MORALES MORALES (IED);URBANO;NA;NA
U-491;111000000000;COLEGIO GUSTAVO MORALES MORALES (IED);URBANO;NA;NA
U-492;111000000000;COLEGIO GUSTAVO MORALES MORALES (IED);URBANO;NA;NA
U-493;111000000000;COLEGIO GUSTAVO MORALES MORALES (IED);URBANO;NA;NA
U-496;111000000000;COLEGIO GUSTAVO MORALES MORALES (IED);URBANO;NA;NA
U-498;111000000000;COLEGIO GUSTAVO MORALES MORALES (IED);URBANO;NA;NA
U-499;111000000000;COLEGIO INSTITUTO TECNICO DISTRITAL JULIO FLOREZ (IED);URBANO;NA;NA
U-500;111000000000;COLEGIO INSTITUTO TECNICO DISTRITAL JULIO FLOREZ (IED);URBANO;NA;NA
U-501;111000000000;COLEGIO INSTITUTO TECNICO DISTRITAL JULIO FLOREZ (IED);URBANO;NA;NA
U-502;111000000000;COLEGIO INSTITUTO TECNICO DISTRITAL JULIO FLOREZ (IED);URBANO;NA;NA
U-597;111000000000;COLEGIO FRANCISCO PRIMERO S.S. (IED);URBANO;NA;NA
U-504;111000000000;COLEGIO INSTITUTO TECNICO DISTRITAL JULIO FLOREZ (IED);URBANO;NA;NA
U-595;111000000000;COLEGIO FRANCISCO PRIMERO S.S. (IED);URBANO;NA;NA
U-505;111000000000;COLEGIO INSTITUTO TECNICO DISTRITAL JULIO FLOREZ (IED);URBANO;NA;NA
U-621;111000000000;COLEGIO JUAN FRANCISCO BERBEO (IED);URBANO;NA;NA
U-508;111000000000;COLEGIO INSTITUTO TECNICO DISTRITAL JULIO FLOREZ (IED);URBANO;NA;NA
U-620;111000000000;COLEGIO JUAN FRANCISCO BERBEO (IED);URBANO;NA;NA
U-510;111000000000;COLEGIO INSTITUTO TECNICO DISTRITAL JULIO FLOREZ (IED);URBANO;NA;NA
U-511;111000000000;COLEGIO INSTITUTO TECNICO DISTRITAL JULIO FLOREZ (IED);URBANO;NA;NA
U-512;111000000000;COLEGIO INSTITUTO TECNICO DISTRITAL JULIO FLOREZ (IED);URBANO;NA;NA
U-618;111000000000;COLEGIO JUAN FRANCISCO BERBEO (IED);URBANO;NA;NA
U-514;111000000000;COLEGIO INSTITUTO TECNICO DISTRITAL JULIO FLOREZ (IED);URBANO;NA;NA
U-515;111000000000;COLEGIO INSTITUTO TECNICO DISTRITAL JULIO FLOREZ (IED);URBANO;NA;NA
J-4114-03-V3;111000000000;COLEGIO LA TOSCANA - LISBOA (IED);COMPLEMENTARIA;CREA FONTANAR;CL 145 138A 10
J-4114-03-V4;111000000000;COLEGIO LA TOSCANA - LISBOA (IED);COMPLEMENTARIA;CREA FONTANAR;CL 145 138A 10
J-4114-03-V5;111000000000;COLEGIO LA TOSCANA - LISBOA (IED);COMPLEMENTARIA;CREA FONTANAR;CL 145 138A 10
J-4114-03-V6;111000000000;COLEGIO LA TOSCANA - LISBOA (IED);COMPLEMENTARIA;CREA FONTANAR;CL 145 138A 10
J-4114-04-V1;111000000000;COLEGIO LA TOSCANA - LISBOA (IED);COMPLEMENTARIA;CREA FONTANAR;CL 145 138A 10
J-4114-04-V2;111000000000;COLEGIO LA TOSCANA - LISBOA (IED);COMPLEMENTARIA;CREA FONTANAR;CL 145 138A 10
J-4114-04-V3;111000000000;COLEGIO LA TOSCANA - LISBOA (IED);COMPLEMENTARIA;CREA FONTANAR;CL 145 138A 10
J-4114-04-V4;111000000000;COLEGIO LA TOSCANA - LISBOA (IED);COMPLEMENTARIA;CREA FONTANAR;CL 145 138A 10
J-4114-05-V1;111000000000;COLEGIO LA TOSCANA - LISBOA (IED);COMPLEMENTARIA;COMPENSAR SUBA;CL 139 94 55
J-4114-05-V2;111000000000;COLEGIO LA TOSCANA - LISBOA (IED);COMPLEMENTARIA;COMPENSAR SUBA;CL 139 94 55
J-4114-06-V1;111000000000;COLEGIO LA TOSCANA - LISBOA (IED);COMPLEMENTARIA;FONTANAR DEL RIO;CL 144C 141C
J-4114-06-V2;111000000000;COLEGIO LA TOSCANA - LISBOA (IED);COMPLEMENTARIA;FONTANAR DEL RIO;CL 144C 141C
U-530;111000000000;COLEGIO LA GAITANA (IED);URBANO;NA;NA
U-531;111000000000;COLEGIO MIGUEL ANTONIO CARO (IED);URBANO;NA;NA
U-532;111000000000;COLEGIO MIGUEL ANTONIO CARO (IED);URBANO;NA;NA
J-4114-06-V3;111000000000;COLEGIO LA TOSCANA - LISBOA (IED);COMPLEMENTARIA;FONTANAR DEL RIO;CL 144C 141C
J-4114-06-V4;111000000000;COLEGIO LA TOSCANA - LISBOA (IED);COMPLEMENTARIA;FONTANAR DEL RIO;CL 144C 141C
J-4114-06-V5;111000000000;COLEGIO LA TOSCANA - LISBOA (IED);COMPLEMENTARIA;FONTANAR DEL RIO;CL 144C 141C
J-4114-06-V6;111000000000;COLEGIO LA TOSCANA - LISBOA (IED);COMPLEMENTARIA;FONTANAR DEL RIO;CL 144C 141C
J-4114-06-V7;111000000000;COLEGIO LA TOSCANA - LISBOA (IED);COMPLEMENTARIA;FONTANAR DEL RIO;CL 144C 141C
J-4114-07-V1;111000000000;COLEGIO LA TOSCANA - LISBOA (IED);COMPLEMENTARIA;COMPENSAR SUBA;CL 139 94 55
U-540;111000000000;COLEGIO RAMON DE ZUBIRIA (IED);URBANO;NA;NA
U-541;111000000000;COLEGIO RAMON DE ZUBIRIA (IED);URBANO;NA;NA
U-543;111000000000;COLEGIO RAMON DE ZUBIRIA (IED);URBANO;NA;NA
U-544;111000000000;COLEGIO RAMON DE ZUBIRIA (IED);URBANO;NA;NA
U-545;111000000000;COLEGIO RAMON DE ZUBIRIA (IED);URBANO;NA;NA
U-547;111000000000;COLEGIO RAMON DE ZUBIRIA (IED);URBANO;NA;NA
U-548;111000000000;COLEGIO RAMON DE ZUBIRIA (IED);URBANO;NA;NA
U-549;112000000000;COLEGIO REPUBLICA DOMINICANA (IED);URBANO;NA;NA
U-550;112000000000;COLEGIO REPUBLICA DOMINICANA (IED);URBANO;NA;NA
U-551;112000000000;COLEGIO REPUBLICA DOMINICANA (IED);URBANO;NA;NA
U-552;112000000000;COLEGIO REPUBLICA DOMINICANA (IED);URBANO;NA;NA
U-553;112000000000;COLEGIO REPUBLICA DOMINICANA (IED);URBANO;NA;NA
J-4114-07-V2;111000000000;COLEGIO LA TOSCANA - LISBOA (IED);COMPLEMENTARIA;COMPENSAR SUBA;CL 139 94 55
J-4115-01-V1;112000000000;COLEGIO FILARMONICO SIMON BOLIVAR (IED);COMPLEMENTARIA;ENTRADA CEFE FONTANAR DEL RIO;AC 145 138A 10
J-4115-01-V2;112000000000;COLEGIO FILARMONICO SIMON BOLIVAR (IED);COMPLEMENTARIA;ENTRADA CEFE FONTANAR DEL RIO;AC 145 138A 10
J-4115-01-V3;112000000000;COLEGIO FILARMONICO SIMON BOLIVAR (IED);COMPLEMENTARIA;ENTRADA CEFE FONTANAR DEL RIO;AC 145 138A 10
J-4115-01-V4;112000000000;COLEGIO FILARMONICO SIMON BOLIVAR (IED);COMPLEMENTARIA;ENTRADA CEFE FONTANAR DEL RIO;AC 145 138A 10
J-4115-01-V5;112000000000;COLEGIO FILARMONICO SIMON BOLIVAR (IED);COMPLEMENTARIA;ENTRADA CEFE FONTANAR DEL RIO;AC 145 138A 10
J-4115-01-V6;112000000000;COLEGIO FILARMONICO SIMON BOLIVAR (IED);COMPLEMENTARIA;ENTRADA CEFE FONTANAR DEL RIO;AC 145 138A 10
J-4115-02-V1;112000000000;COLEGIO FILARMONICO SIMON BOLIVAR (IED);COMPLEMENTARIA;ENTRADA CEFE FONTANAR DEL RIO;AC 145 138A 10
J-4115-02-V2;112000000000;COLEGIO FILARMONICO SIMON BOLIVAR (IED);COMPLEMENTARIA;ENTRADA CEFE FONTANAR DEL RIO;AC 145 138A 10
J-4115-02-V3;112000000000;COLEGIO FILARMONICO SIMON BOLIVAR (IED);COMPLEMENTARIA;ENTRADA CEFE FONTANAR DEL RIO;AC 145 138A 10
J-4115-02-V4;112000000000;COLEGIO FILARMONICO SIMON BOLIVAR (IED);COMPLEMENTARIA;ENTRADA CEFE FONTANAR DEL RIO;AC 145 138A 10
J-4115-02-V5;112000000000;COLEGIO FILARMONICO SIMON BOLIVAR (IED);COMPLEMENTARIA;ENTRADA CEFE FONTANAR DEL RIO;AC 145 138A 10
J-4115-02-V6;112000000000;COLEGIO FILARMONICO SIMON BOLIVAR (IED);COMPLEMENTARIA;ENTRADA CEFE FONTANAR DEL RIO;AC 145 138A 10
J-4115-03-V1;112000000000;COLEGIO FILARMONICO SIMON BOLIVAR (IED);COMPLEMENTARIA;ENTRADA CEFE FONTANAR DEL RIO;AC 145 138A 10
J-4115-03-V2;112000000000;COLEGIO FILARMONICO SIMON BOLIVAR (IED);COMPLEMENTARIA;ENTRADA CEFE FONTANAR DEL RIO;AC 145 138A 10
J-4115-03-V3;112000000000;COLEGIO FILARMONICO SIMON BOLIVAR (IED);COMPLEMENTARIA;ENTRADA CEFE FONTANAR DEL RIO;AC 145 138A 10
J-4115-03-V4;112000000000;COLEGIO FILARMONICO SIMON BOLIVAR (IED);COMPLEMENTARIA;ENTRADA CEFE FONTANAR DEL RIO;AC 145 138A 10
J-4115-03-V5;112000000000;COLEGIO FILARMONICO SIMON BOLIVAR (IED);COMPLEMENTARIA;ENTRADA CEFE FONTANAR DEL RIO;AC 145 138A 10
J-4115-04-V1;112000000000;COLEGIO FILARMONICO SIMON BOLIVAR (IED);COMPLEMENTARIA;ENTRADA CEFE FONTANAR DEL RIO;AC 145 138A 10
J-4115-04-V2;112000000000;COLEGIO FILARMONICO SIMON BOLIVAR (IED);COMPLEMENTARIA;ENTRADA CEFE FONTANAR DEL RIO;AC 145 138A 10
U-617;111000000000;COLEGIO JUAN FRANCISCO BERBEO (IED);URBANO;NA;NA
U-616;111000000000;COLEGIO JUAN FRANCISCO BERBEO (IED);URBANO;NA;NA
U-614;111000000000;COLEGIO JUAN FRANCISCO BERBEO (IED);URBANO;NA;NA
U-613;111000000000;COLEGIO JUAN FRANCISCO BERBEO (IED);URBANO;NA;NA
U-612;111000000000;COLEGIO JUAN FRANCISCO BERBEO (IED);URBANO;NA;NA
U-611;111000000000;COLEGIO JUAN FRANCISCO BERBEO (IED);URBANO;NA;NA
U-608;111000000000;COLEGIO JORGE ELIECER GAITAN (IED);URBANO;NA;NA
U-607;111000000000;COLEGIO JORGE ELIECER GAITAN (IED);URBANO;NA;NA
U-606;111000000000;COLEGIO JORGE ELIECER GAITAN (IED);URBANO;NA;NA
U-605;111000000000;COLEGIO JORGE ELIECER GAITAN (IED);URBANO;NA;NA
U-603;111000000000;COLEGIO JORGE ELIECER GAITAN (IED);URBANO;NA;NA
U-602;111000000000;COLEGIO JORGE ELIECER GAITAN (IED);URBANO;NA;NA
U-627;111000000000;COLEGIO RAFAEL BERNAL JIMENEZ (IED);URBANO;NA;NA
U-625;111000000000;COLEGIO JUAN FRANCISCO BERBEO (IED);URBANO;NA;NA
U-623;111000000000;COLEGIO JUAN FRANCISCO BERBEO (IED);URBANO;NA;NA
U-622;111000000000;COLEGIO JUAN FRANCISCO BERBEO (IED);URBANO;NA;NA
U-628;111000000000;COLEGIO RAFAEL BERNAL JIMENEZ (IED);URBANO;NA;NA
U-635;111000000000;COLEGIO REPUBLICA DE PANAMA (IED);URBANO;NA;NA
U-632;111000000000;COLEGIO REPUBLICA DE PANAMA (IED);URBANO;NA;NA
U-631;111000000000;COLEGIO REPUBLICA DE PANAMA (IED);URBANO;NA;NA
U-630;111000000000;COLEGIO RAFAEL BERNAL JIMENEZ (IED);URBANO;NA;NA
U-646;111000000000;COLEGIO TECNICO DOMINGO FAUSTINO SARMIENTO (IED);URBANO;NA;NA
U-645;111000000000;COLEGIO TECNICO DOMINGO FAUSTINO SARMIENTO (IED);URBANO;NA;NA
U-640;111000000000;COLEGIO TECNICO DOMINGO FAUSTINO SARMIENTO (IED);URBANO;NA;NA
U-637;111000000000;COLEGIO TECNICO DOMINGO FAUSTINO SARMIENTO (IED);URBANO;NA;NA
U-636;111000000000;COLEGIO REPUBLICA DE PANAMA (IED);URBANO;NA;NA
U-653;111000000000;COLEGIO TOMAS CARRASQUILLA (IED);URBANO;NA;NA
U-652;111000000000;COLEGIO TOMAS CARRASQUILLA (IED);URBANO;NA;NA
U-649;111000000000;COLEGIO TECNICO DOMINGO FAUSTINO SARMIENTO (IED);URBANO;NA;NA
U-671;111000000000;COLEGIO TOMAS CARRASQUILLA (IED);URBANO;NA;NA
U-670;111000000000;COLEGIO TOMAS CARRASQUILLA (IED);URBANO;NA;NA
U-663;111000000000;COLEGIO TOMAS CARRASQUILLA (IED);URBANO;NA;NA
U-662;111000000000;COLEGIO TOMAS CARRASQUILLA (IED);URBANO;NA;NA
U-638;111000000000;COLEGIO TECNICO DOMINGO FAUSTINO SARMIENTO (IED);URBANO;NA;NA
U-639;111000000000;COLEGIO TECNICO DOMINGO FAUSTINO SARMIENTO (IED);URBANO;NA;NA
U-661;111000000000;COLEGIO TOMAS CARRASQUILLA (IED);URBANO;NA;NA
U-643;111000000000;COLEGIO TECNICO DOMINGO FAUSTINO SARMIENTO (IED);URBANO;NA;NA
U-660;111000000000;COLEGIO TOMAS CARRASQUILLA (IED);URBANO;NA;NA
U-659;111000000000;COLEGIO TOMAS CARRASQUILLA (IED);URBANO;NA;NA
U-647;111000000000;COLEGIO TECNICO DOMINGO FAUSTINO SARMIENTO (IED);URBANO;NA;NA
U-648;111000000000;COLEGIO TECNICO DOMINGO FAUSTINO SARMIENTO (IED);URBANO;NA;NA
U-658;111000000000;COLEGIO TOMAS CARRASQUILLA (IED);URBANO;NA;NA
U-650;111000000000;COLEGIO TECNICO DOMINGO FAUSTINO SARMIENTO (IED);URBANO;NA;NA
U-657;111000000000;COLEGIO TOMAS CARRASQUILLA (IED);URBANO;NA;NA
U-656;111000000000;COLEGIO TOMAS CARRASQUILLA (IED);URBANO;NA;NA
U-654;111000000000;COLEGIO TOMAS CARRASQUILLA (IED);URBANO;NA;NA
J-4004-01-V1;111000000000;COLEGIO JUAN FRANCISCO BERBEO (IED);COMPLEMENTARIA;FUNDACIÓN NIÑO JESUS;KR 62 67A 80
J-4004-01-V2;111000000000;COLEGIO JUAN FRANCISCO BERBEO (IED);COMPLEMENTARIA;FUNDACIÓN NIÑO JESUS;KR 62 67A 80
J-4004-01-V3;111000000000;COLEGIO JUAN FRANCISCO BERBEO (IED);COMPLEMENTARIA;FUNDACIÓN NIÑO JESUS;KR 62 67A 80
J-4004-01-V4;111000000000;COLEGIO JUAN FRANCISCO BERBEO (IED);COMPLEMENTARIA;FUNDACIÓN NIÑO JESUS;KR 62 67A 80
J-4004-02-V1;111000000000;COLEGIO JUAN FRANCISCO BERBEO (IED);COMPLEMENTARIA;FUNDACIÓN NIÑO JESUS;KR 62 67A 80
J-4004-02-V2;111000000000;COLEGIO JUAN FRANCISCO BERBEO (IED);COMPLEMENTARIA;FUNDACIÓN NIÑO JESUS;KR 62 67A 80
J-4004-02-V3;111000000000;COLEGIO JUAN FRANCISCO BERBEO (IED);COMPLEMENTARIA;FUNDACIÓN NIÑO JESUS;KR 62 67A 80
J-4004-03-V1;111000000000;COLEGIO JUAN FRANCISCO BERBEO (IED);COMPLEMENTARIA;PARQUE RECREO DEPORTIVO EL SALITRE;AV LA ESMERALDA 63 69
J-4004-03-V2;111000000000;COLEGIO JUAN FRANCISCO BERBEO (IED);COMPLEMENTARIA;PARQUE RECREO DEPORTIVO EL SALITRE;AV LA ESMERALDA 63 69
J-4004-03-V3;111000000000;COLEGIO JUAN FRANCISCO BERBEO (IED);COMPLEMENTARIA;PARQUE RECREO DEPORTIVO EL SALITRE;AV LA ESMERALDA 63 69
U-672;111000000000;COLEGIO MANUELA BELTRAN (IED);URBANO;NA;NA
U-675;111000000000;COLEGIO MANUELA BELTRAN (IED);URBANO;NA;NA
U-676;111000000000;COLEGIO MANUELA BELTRAN (IED);URBANO;NA;NA
U-677;111000000000;COLEGIO MANUELA BELTRAN (IED);URBANO;NA;NA
U-681;111000000000;COLEGIO REPUBLICA BOLIVARIANA DE VENEZUELA (IED);URBANO;NA;NA
U-684;111000000000;COLEGIO REPUBLICA BOLIVARIANA DE VENEZUELA (IED);URBANO;NA;NA
U-685;111000000000;COLEGIO REPUBLICA BOLIVARIANA DE VENEZUELA (IED);URBANO;NA;NA
U-696;111000000000;COLEGIO REPUBLICA BOLIVARIANA DE VENEZUELA (IED);URBANO;NA;NA
U-697;111000000000;COLEGIO REPUBLICA BOLIVARIANA DE VENEZUELA (IED);URBANO;NA;NA
U-698;111000000000;COLEGIO REPUBLICA BOLIVARIANA DE VENEZUELA (IED);URBANO;NA;NA
U-699;111000000000;COLEGIO REPUBLICA BOLIVARIANA DE VENEZUELA (IED);URBANO;NA;NA
U-704;111000000000;COLEGIO GUILLERMO LEON VALENCIA (IED);URBANO;NA;NA
U-705;111000000000;COLEGIO GUILLERMO LEON VALENCIA (IED);URBANO;NA;NA
U-706;111000000000;COLEGIO ANDRES BELLO (IED);URBANO;NA;NA
U-707;111000000000;COLEGIO ANDRES BELLO (IED);URBANO;NA;NA
U-708;111000000000;COLEGIO ANDRES BELLO (IED);URBANO;NA;NA
U-709;111000000000;COLEGIO ANTONIO JOSE DE SUCRE (IED);URBANO;NA;NA
U-710;111000000000;COLEGIO ANTONIO JOSE DE SUCRE (IED);URBANO;NA;NA
U-719;111000000000;COLEGIO SILVERIA ESPINOSA DE RENDON (IED);URBANO;NA;NA
U-722;111000000000;COLEGIO EDUARDO SANTOS (IED);URBANO;NA;NA
U-724;111000000000;COLEGIO ANTONIO BARAYA (IED);URBANO;NA;NA
U-725;111000000000;COLEGIO ANTONIO BARAYA (IED);URBANO;NA;NA
U-726;111000000000;COLEGIO ANTONIO BARAYA (IED);URBANO;NA;NA
U-728;111000000000;COLEGIO TECNICO BENJAMIN HERRERA (IED);URBANO;NA;NA
U-730;111000000000;COLEGIO BRAVO PAEZ (IED);URBANO;NA;NA
U-731;111000000000;COLEGIO BRAVO PAEZ (IED);URBANO;NA;NA
U-732;111000000000;COLEGIO BRAVO PAEZ (IED);URBANO;NA;NA
U-734;111000000000;COLEGIO BRAVO PAEZ (IED);URBANO;NA;NA
U-735;111000000000;COLEGIO BRAVO PAEZ (IED);URBANO;NA;NA
U-736;111000000000;COLEGIO BRAVO PAEZ (IED);URBANO;NA;NA
U-737;111000000000;COLEGIO BRAVO PAEZ (IED);URBANO;NA;NA
U-738;111000000000;COLEGIO BRAVO PAEZ (IED);URBANO;NA;NA
U-740;111000000000;COLEGIO CLEMENCIA HOLGUIN DE URDANETA (IED);URBANO;NA;NA
U-741;111000000000;COLEGIO CLEMENCIA HOLGUIN DE URDANETA (IED);URBANO;NA;NA
U-742;111000000000;COLEGIO CLEMENCIA HOLGUIN DE URDANETA (IED);URBANO;NA;NA
U-749;111000000000;COLEGIO EL LIBERTADOR (IED);URBANO;NA;NA
U-750;111000000000;COLEGIO EL LIBERTADOR (IED);URBANO;NA;NA
U-752;111000000000;COLEGIO EL LIBERTADOR (IED);URBANO;NA;NA
U-754;111000000000;COLEGIO EL LIBERTADOR (IED);URBANO;NA;NA
U-757;111000000000;COLEGIO EL LIBERTADOR (IED);URBANO;NA;NA
U-759;111000000000;COLEGIO EL LIBERTADOR (IED);URBANO;NA;NA
U-760;111000000000;COLEGIO ENRIQUE OLAYA HERRERA (IED);URBANO;NA;NA
U-761;111000000000;COLEGIO ENRIQUE OLAYA HERRERA (IED);URBANO;NA;NA
U-762;111000000000;COLEGIO ENRIQUE OLAYA HERRERA (IED);URBANO;NA;NA
U-763;111000000000;COLEGIO ENRIQUE OLAYA HERRERA (IED);URBANO;NA;NA
U-764;111000000000;COLEGIO ENRIQUE OLAYA HERRERA (IED);URBANO;NA;NA
U-765;111000000000;COLEGIO ENRIQUE OLAYA HERRERA (IED);URBANO;NA;NA
U-769;111000000000;COLEGIO ENRIQUE OLAYA HERRERA (IED);URBANO;NA;NA
U-770;111000000000;COLEGIO ENRIQUE OLAYA HERRERA (IED);URBANO;NA;NA
U-771;111000000000;COLEGIO ENRIQUE OLAYA HERRERA (IED);URBANO;NA;NA
U-772;111000000000;COLEGIO ENRIQUE OLAYA HERRERA (IED);URBANO;NA;NA
U-773;111000000000;COLEGIO GUSTAVO RESTREPO (IED);URBANO;NA;NA
U-774;111000000000;COLEGIO GUSTAVO RESTREPO (IED);URBANO;NA;NA
U-775;111000000000;COLEGIO GUSTAVO RESTREPO (IED);URBANO;NA;NA
U-776;111000000000;COLEGIO GUSTAVO RESTREPO (IED);URBANO;NA;NA
U-777;111000000000;COLEGIO GUSTAVO RESTREPO (IED);URBANO;NA;NA
U-778;111000000000;COLEGIO GUSTAVO RESTREPO (IED);URBANO;NA;NA
U-779;111000000000;COLEGIO GUSTAVO RESTREPO (IED);URBANO;NA;NA
U-780;111000000000;COLEGIO GUSTAVO RESTREPO (IED);URBANO;NA;NA
U-781;111000000000;COLEGIO GUSTAVO RESTREPO (IED);URBANO;NA;NA
U-782;111000000000;COLEGIO GUSTAVO RESTREPO (IED);URBANO;NA;NA
U-783;111000000000;COLEGIO GUSTAVO RESTREPO (IED);URBANO;NA;NA
U-784;111000000000;COLEGIO GUSTAVO RESTREPO (IED);URBANO;NA;NA
U-785;111000000000;COLEGIO GUSTAVO RESTREPO (IED);URBANO;NA;NA
U-786;111000000000;COLEGIO GUSTAVO RESTREPO (IED);URBANO;NA;NA
U-787;111000000000;COLEGIO GUSTAVO RESTREPO (IED);URBANO;NA;NA
U-789;111000000000;COLEGIO GUSTAVO RESTREPO (IED);URBANO;NA;NA
U-790;111000000000;COLEGIO GUSTAVO RESTREPO (IED);URBANO;NA;NA
U-791;111000000000;COLEGIO GUSTAVO RESTREPO (IED);URBANO;NA;NA
U-792;111000000000;COLEGIO GUSTAVO RESTREPO (IED);URBANO;NA;NA
U-793;111000000000;COLEGIO GUSTAVO RESTREPO (IED);URBANO;NA;NA
U-794;111000000000;COLEGIO GUSTAVO RESTREPO (IED);URBANO;NA;NA
U-795;111000000000;COLEGIO JOSE MARTI (IED);URBANO;NA;NA
U-796;111000000000;COLEGIO JOSE MARTI (IED);URBANO;NA;NA
U-797;111000000000;COLEGIO JOSE MARTI (IED);URBANO;NA;NA
U-798;111000000000;COLEGIO JOSE MARTI (IED);URBANO;NA;NA
U-799;111000000000;COLEGIO JOSE MARTI (IED);URBANO;NA;NA
U-800;111000000000;COLEGIO JOSE MARTI (IED);URBANO;NA;NA
U-801;111000000000;COLEGIO JOSE MARTI (IED);URBANO;NA;NA
U-802;111000000000;COLEGIO JOSE MARTI (IED);URBANO;NA;NA
U-803;111000000000;COLEGIO JOSE MARTI (IED);URBANO;NA;NA
U-805;111000000000;COLEGIO JOSE MARTI (IED);URBANO;NA;NA
U-806;111000000000;COLEGIO JOSE MARTI (IED);URBANO;NA;NA
U-807;111000000000;COLEGIO JOSE MARTI (IED);URBANO;NA;NA
U-808;111000000000;COLEGIO JOSE MARTI (IED);URBANO;NA;NA
U-810;111000000000;COLEGIO JOSE MARTI (IED);URBANO;NA;NA
U-812;111000000000;COLEGIO JOSE MARTI (IED);URBANO;NA;NA
U-813;111000000000;COLEGIO JOSE MARTI (IED);URBANO;NA;NA
U-815;111000000000;COLEGIO LICEO FEMENINO DE CUNDINAMARCA MERCEDES NARIÑO (IED);URBANO;NA;NA
U-816;111000000000;COLEGIO LICEO FEMENINO DE CUNDINAMARCA MERCEDES NARIÑO (IED);URBANO;NA;NA
U-818;111000000000;COLEGIO MANUEL DEL SOCORRO RODRIGUEZ (IED);URBANO;NA;NA
U-819;111000000000;COLEGIO MANUEL DEL SOCORRO RODRIGUEZ (IED);URBANO;NA;NA
U-822;111000000000;COLEGIO MANUEL DEL SOCORRO RODRIGUEZ (IED);URBANO;NA;NA
U-823;111000000000;COLEGIO MANUEL DEL SOCORRO RODRIGUEZ (IED);URBANO;NA;NA
U-826;111000000000;COLEGIO MANUEL DEL SOCORRO RODRIGUEZ (IED);URBANO;NA;NA
U-827;111000000000;COLEGIO MANUEL DEL SOCORRO RODRIGUEZ (IED);URBANO;NA;NA
U-833;111000000000;COLEGIO MISAEL PASTRANA BORRERO (IED);URBANO;NA;NA
U-834;111000000000;COLEGIO MISAEL PASTRANA BORRERO (IED);URBANO;NA;NA
U-837;111000000000;COLEGIO QUIROGA ALIANZA (IED);URBANO;NA;NA
U-839;111000000000;COLEGIO QUIROGA ALIANZA (IED);URBANO;NA;NA
U-840;111000000000;COLEGIO QUIROGA ALIANZA (IED);URBANO;NA;NA
U-843;111000000000;COLEGIO RAFAEL DELGADO SALGUERO (IED);URBANO;NA;NA
U-844;111000000000;COLEGIO RAFAEL DELGADO SALGUERO (IED);URBANO;NA;NA
U-845;111000000000;COLEGIO RAFAEL DELGADO SALGUERO (IED);URBANO;NA;NA
U-846;111000000000;COLEGIO RAFAEL DELGADO SALGUERO (IED);URBANO;NA;NA
U-847;111000000000;COLEGIO RAFAEL DELGADO SALGUERO (IED);URBANO;NA;NA
U-848;111000000000;COLEGIO RAFAEL DELGADO SALGUERO (IED);URBANO;NA;NA
U-854;111000000000;COLEGIO REPUBLICA FEDERAL DE ALEMANIA (IED);URBANO;NA;NA
U-855;111000000000;COLEGIO REPUBLICA FEDERAL DE ALEMANIA (IED);URBANO;NA;NA
U-858;111000000000;COLEGIO REPUBLICA FEDERAL DE ALEMANIA (IED);URBANO;NA;NA
U-859;111000000000;COLEGIO REPUBLICA FEDERAL DE ALEMANIA (IED);URBANO;NA;NA
U-860;111000000000;COLEGIO REPUBLICA FEDERAL DE ALEMANIA (IED);URBANO;NA;NA
U-867;111000000000;COLEGIO RESTREPO MILLAN (IED);URBANO;NA;NA
U-868;111000000000;COLEGIO RESTREPO MILLAN (IED);URBANO;NA;NA
U-869;111000000000;COLEGIO RESTREPO MILLAN (IED);URBANO;NA;NA
U-872;111000000000;COLEGIO RESTREPO MILLAN (IED);URBANO;NA;NA
U-873;111000000000;COLEGIO RESTREPO MILLAN (IED);URBANO;NA;NA
U-875;111000000000;COLEGIO RESTREPO MILLAN (IED);URBANO;NA;NA
U-877;111000000000;COLEGIO RESTREPO MILLAN (IED);URBANO;NA;NA
U-879;111000000000;COLEGIO RESTREPO MILLAN (IED);URBANO;NA;NA
U-880;111000000000;COLEGIO RESTREPO MILLAN (IED);URBANO;NA;NA
U-882;111000000000;COLEGIO RESTREPO MILLAN (IED);URBANO;NA;NA
U-887;111000000000;COLEGIO JOSE MARIA VARGAS VILA (IED);URBANO;NA;NA
U-888;111000000000;COLEGIO JOSE MARIA VARGAS VILA (IED);URBANO;NA;NA
U-889;111000000000;COLEGIO JOSE MARIA VARGAS VILA (IED);URBANO;NA;NA
U-890;111000000000;COLEGIO JOSE MARIA VARGAS VILA (IED);URBANO;NA;NA
U-891;111000000000;COLEGIO JOSE MARIA VARGAS VILA (IED);URBANO;NA;NA
U-892;111000000000;COLEGIO JOSE MARIA VARGAS VILA (IED);URBANO;NA;NA
U-893;111000000000;COLEGIO JOSE MARIA VARGAS VILA (IED);URBANO;NA;NA
U-894;111000000000;COLEGIO JOSE MARIA VARGAS VILA (IED);URBANO;NA;NA
U-895;111000000000;COLEGIO JOSE MARIA VARGAS VILA (IED);URBANO;NA;NA
U-896;111000000000;COLEGIO JOSE MARIA VARGAS VILA (IED);URBANO;NA;NA
U-897;111000000000;COLEGIO SAN FRANCISCO (IED);URBANO;NA;NA
U-898;111000000000;COLEGIO SAN FRANCISCO (IED);URBANO;NA;NA
U-899;111000000000;COLEGIO FRIEDRICH NAUMANN (IED);URBANO;NA;NA
U-907;112000000000;COLEGIO GERARDO PAREDES (IED);URBANO;NA;NA
U-908;112000000000;COLEGIO GERARDO PAREDES (IED);URBANO;NA;NA
U-909;112000000000;COLEGIO GERARDO PAREDES (IED);URBANO;NA;NA
U-910;112000000000;COLEGIO GERARDO PAREDES (IED);URBANO;NA;NA
U-912;112000000000;COLEGIO GERARDO PAREDES (IED);URBANO;NA;NA
U-915;111000000000;COLEGIO GUSTAVO RESTREPO (IED);URBANO;NA;NA
U-916;111000000000;COLEGIO COMPARTIR RECUERDO (IED);URBANO;NA;NA
U-917;111000000000;COLEGIO LA AMISTAD (IED);URBANO;NA;NA
U-918;111000000000;COLEGIO LA AMISTAD (IED);URBANO;NA;NA
U-919;111000000000;COLEGIO LA AMISTAD (IED);URBANO;NA;NA
U-920;111000000000;COLEGIO LA AMISTAD (IED);URBANO;NA;NA
U-923;111000000000;COLEGIO CARLOS ARTURO TORRES (IED);URBANO;NA;NA
U-926;111000000000;COLEGIO LA MERCED (IED);URBANO;NA;NA
U-927;111000000000;COLEGIO LA MERCED (IED);URBANO;NA;NA
J-4037-15-V1;111000000000;COLEGIO CUNDINAMARCA (IED);COMPLEMENTARIA;PARQUE PAVCO;AC 57R S 72 00
J-4037-15-V2;111000000000;COLEGIO CUNDINAMARCA (IED);COMPLEMENTARIA;PARQUE PAVCO;AC 57R S 72 00
U-942;111000000000;COLEGIO LA AMISTAD (IED);URBANO;NA;NA
U-944;111000000000;COLEGIO ALFONSO LOPEZ PUMAREJO (IED);URBANO;NA;NA
U-945;111000000000;COLEGIO ALFONSO LOPEZ PUMAREJO (IED);URBANO;NA;NA
J-4037-16-V1;111000000000;COLEGIO CUNDINAMARCA (IED);COMPLEMENTARIA;PARQUE POLIDEPORTIVO LA ESTANCIA;CL 59 S 74 19
J-4037-16-V2;111000000000;COLEGIO CUNDINAMARCA (IED);COMPLEMENTARIA;PARQUE POLIDEPORTIVO LA ESTANCIA;CL 59 S 74 19
J-4037-19-V1;111000000000;COLEGIO CUNDINAMARCA (IED);COMPLEMENTARIA;PARQUE PAVCO;AC 57R S 72 00
J-4037-19-V2;111000000000;COLEGIO CUNDINAMARCA (IED);COMPLEMENTARIA;PARQUE PAVCO;AC 57R S 72 00
J-4037-26-V1;111000000000;COLEGIO CUNDINAMARCA (IED);COMPLEMENTARIA;PARQUE PAVCO ;AC 57R S 72 00
J-4037-29-V1;111000000000;COLEGIO CUNDINAMARCA (IED);COMPLEMENTARIA;PARQUE POLIDEPORTIVO LA ESTANCIA;CL 59 S 74 19
J-4037-30-V1;111000000000;COLEGIO CUNDINAMARCA (IED);COMPLEMENTARIA;PARQUE POLIDEPORTIVO LA ESTANCIA;CL 59 S 74 19
U-957;111000000000;COLEGIO BRAVO PAEZ (IED);URBANO;NA;NA
J-4037-32-V1;111000000000;COLEGIO CUNDINAMARCA (IED);COMPLEMENTARIA;PARQUE PAVCO ;AC 57R S 72 00
J-4047-01-V1;111000000000;COLEGIO RODRIGO LARA BONILLA (IED);COMPLEMENTARIA;EL TALLER (EL ENSUEÑO);CR 70C TV 70D BIS A
J-4047-02-V1;111000000000;COLEGIO RODRIGO LARA BONILLA (IED);COMPLEMENTARIA;EL TALLER (EL ENSUEÑO);CR 70C TV 70D BIS A
J-4047-02-V2;111000000000;COLEGIO RODRIGO LARA BONILLA (IED);COMPLEMENTARIA;EL TALLER (EL ENSUEÑO);CR 70C TV 70D BIS A
J-4047-03-V1;111000000000;COLEGIO RODRIGO LARA BONILLA (IED);COMPLEMENTARIA;EL TALLER (EL ENSUEÑO);CR 70C TV 70D BIS A
J-4047-03-V2;111000000000;COLEGIO RODRIGO LARA BONILLA (IED);COMPLEMENTARIA;POLIDEPORTIVO ARBORIZADORA ALTA;DG 73 S 40 80
U-976;111000000000;COLEGIO MARIA CANO (IED);URBANO;NA;NA
U-977;111000000000;COLEGIO MARIA CANO (IED);URBANO;NA;NA
J-4047-04-V1;111000000000;COLEGIO RODRIGO LARA BONILLA (IED);COMPLEMENTARIA;EL TALLER (EL ENSUEÑO);CR 70C TV 70D BIS A
J-4047-05-V1;111000000000;COLEGIO RODRIGO LARA BONILLA (IED);COMPLEMENTARIA;POLIDEPORTIVO ARBORIZADORA ALTA;DG 73 S 40 80
J-4047-05-V2;111000000000;COLEGIO RODRIGO LARA BONILLA (IED);COMPLEMENTARIA;POLIDEPORTIVO ARBORIZADORA ALTA;DG 73 S 40 80
J-4047-06-V1;111000000000;COLEGIO RODRIGO LARA BONILLA (IED);COMPLEMENTARIA;POLIDEPORTIVO ARBORIZADORA ALTA;DG 73 S 40 80
U-998;111000000000;COLEGIO MARIA CANO (IED);URBANO;NA;NA
U-999;111000000000;COLEGIO MARIA CANO (IED);URBANO;NA;NA
R-010;212000000000;COLEGIO EL DESTINO (IED);RURAL;NA;NA
R-093;212000000000;COLEGIO RURAL PASQUILLA (IED);RURAL;NA;NA
R-015;212000000000;COLEGIO EL DESTINO (IED);RURAL;NA;NA
R-094;212000000000;COLEGIO RURAL PASQUILLA (IED);RURAL;NA;NA
R-095;212000000000;COLEGIO RURAL PASQUILLA (IED);RURAL;NA;NA
R-054;212000000000;COLEGIO RURAL LA ARGENTINA (CED);RURAL;NA;NA
R-055;212000000000;COLEGIO RURAL EL HATO (CED);RURAL;NA;NA
R-097;212000000000;COLEGIO RURAL PASQUILLA (IED);RURAL;NA;NA
R-098;212000000000;COLEGIO RURAL PASQUILLA (IED);RURAL;NA;NA
R-379;212000000000;COLEGIO RURAL LAS MERCEDES (CED);RURAL;NA;NA
R-099;212000000000;COLEGIO RURAL PASQUILLA (IED);RURAL;NA;NA
R-100;212000000000;COLEGIO RURAL PASQUILLA (IED);RURAL;NA;NA
S-009;211000000000;COLEGIO CAMPESTRE JAIME GARZON (IED);SUMAPAZ;NA;NA
R-102;212000000000;COLEGIO RURAL PASQUILLA (IED);RURAL;NA;NA
U-1122;111000000000;COLEGIO MARSELLA (IED);URBANO;NA;NA
U-1418;111000000000;COLEGIO MARSELLA (IED);URBANO;NA;NA
U-328;111000000000;COLEGIO SAN JOSE DE CASTILLA (IED);URBANO;NA;NA
U-788;111000000000;COLEGIO GUSTAVO RESTREPO (IED);URBANO;NA;NA
J-4003-01-V1;111000000000;COLEGIO FRANCISCO PRIMERO S.S. (IED);COMPLEMENTARIA;BIBLIOTECA LUIS ANGEL ARANGO;CL 11 4 14
J-4004-03-V4;111000000000;COLEGIO JUAN FRANCISCO BERBEO (IED);COMPLEMENTARIA;PARQUE RECREO DEPORTIVO EL SALITRE;AV LA ESMERALDA 63 69
J-4004-04-V1;111000000000;COLEGIO JUAN FRANCISCO BERBEO (IED);COMPLEMENTARIA;PARQUE RECREO DEPORTIVO EL SALITRE;AV LA ESMERALDA 63 69
J-4004-04-V2;111000000000;COLEGIO JUAN FRANCISCO BERBEO (IED);COMPLEMENTARIA;PARQUE RECREO DEPORTIVO EL SALITRE;AV LA ESMERALDA 63 69
J-4004-04-V3;111000000000;COLEGIO JUAN FRANCISCO BERBEO (IED);COMPLEMENTARIA;PARQUE RECREO DEPORTIVO EL SALITRE;AV LA ESMERALDA 63 69
J-4030-01-V1;111000000000;COLEGIO CAMPESTRE MONTE VERDE (IED);COMPLEMENTARIA;COMPENSAR AV 68;KR 69 49A 73
J-4030-01-V2;111000000000;COLEGIO CAMPESTRE MONTE VERDE (IED);COMPLEMENTARIA;COMPENSAR AV 68;KR 69 49A 73
J-4030-01-V3;111000000000;COLEGIO CAMPESTRE MONTE VERDE (IED);COMPLEMENTARIA;COMPENSAR AV 68;KR 69 49A 73
J-4030-02-V1;111000000000;COLEGIO CAMPESTRE MONTE VERDE (IED);COMPLEMENTARIA;COMPENSAR AV 68;KR 69 49A 73
J-4030-02-V2;111000000000;COLEGIO CAMPESTRE MONTE VERDE (IED);COMPLEMENTARIA;COMPENSAR AV 68;KR 69 49A 73
J-4030-02-V3;111000000000;COLEGIO CAMPESTRE MONTE VERDE (IED);COMPLEMENTARIA;COMPENSAR AV 68;KR 69 49A 73
J-4030-03-V1;111000000000;COLEGIO CAMPESTRE MONTE VERDE (IED);COMPLEMENTARIA;COMPENSAR AV 68;KR 69 49A 73
J-4030-03-V2;111000000000;COLEGIO CAMPESTRE MONTE VERDE (IED);COMPLEMENTARIA;COMPENSAR AV 68;KR 69 49A 73
J-4030-03-V3;111000000000;COLEGIO CAMPESTRE MONTE VERDE (IED);COMPLEMENTARIA;COMPENSAR AV 68;KR 69 49A 73
J-4030-04-V1;111000000000;COLEGIO CAMPESTRE MONTE VERDE (IED);COMPLEMENTARIA;COMPENSAR AV 68;KR 69 49A 73
J-4047-07-V1;111000000000;COLEGIO RODRIGO LARA BONILLA (IED);COMPLEMENTARIA;POLIDEPORTIVO ARBORIZADORA ALTA;DG 73 S 40 80
J-4053-13-V1;111000000000;COLEGIO ANTONIO NARIÑO (IED);COMPLEMENTARIA;PRD;AC 60 63 65
J-4053-13-V2;111000000000;COLEGIO ANTONIO NARIÑO (IED);COMPLEMENTARIA;PRD;AC 60 63 65
J-4053-14-V1;111000000000;COLEGIO ANTONIO NARIÑO (IED);COMPLEMENTARIA;PRD;AC 60 63 65
J-4053-14-V2;111000000000;COLEGIO ANTONIO NARIÑO (IED);COMPLEMENTARIA;PRD;AC 60 63 65
J-4053-15-V1;111000000000;COLEGIO ANTONIO NARIÑO (IED);COMPLEMENTARIA;PRD;AC 60 63 65
J-4053-15-V2;111000000000;COLEGIO ANTONIO NARIÑO (IED);COMPLEMENTARIA;PRD;AC 60 63 65
J-4053-16-V1;111000000000;COLEGIO ANTONIO NARIÑO (IED);COMPLEMENTARIA;PRD;AC 60 63 65
T-061;111000000000;COLEGIO LA CONCEPCION (IED);TRASLADO;NA;NA
T-062;111000000000;COLEGIO LA CONCEPCION (IED);TRASLADO;NA;NA
T-063;111000000000;COLEGIO LA CONCEPCION (IED);TRASLADO;NA;NA
T-064;111000000000;COLEGIO LA CONCEPCION (IED);TRASLADO;NA;NA
T-065;111000000000;COLEGIO LA CONCEPCION (IED);TRASLADO;NA;NA
T-068;111000000000;COLEGIO LA CONCEPCION (IED);TRASLADO;NA;NA
T-074;111000000000;COLEGIO LA CONCEPCION (IED);TRASLADO;NA;NA
T-076;111000000000;COLEGIO LA CONCEPCION (IED);TRASLADO;NA;NA
T-077;111000000000;COLEGIO LA CONCEPCION (IED);TRASLADO;NA;NA
T-079;111000000000;COLEGIO LA CONCEPCION (IED);TRASLADO;NA;NA
T-080;111000000000;COLEGIO LA CONCEPCION (IED);TRASLADO;NA;NA
T-1062;111000000000;COLEGIO LA CONCEPCION (IED);TRASLADO;NA;NA
J-4029-13-V2;211000000000;COLEGIO VILLAS DEL PROGRESO (IED);COMPLEMENTARIA;CUR AV 68;AK 68 49A 47
J-4029-13-V1;211000000000;COLEGIO VILLAS DEL PROGRESO (IED);COMPLEMENTARIA;CUR AV 68;AK 68 49A 47
J-4029-12-V2;211000000000;COLEGIO VILLAS DEL PROGRESO (IED);COMPLEMENTARIA;CUR AV 68;AK 68 49A 47
J-4029-12-V1;211000000000;COLEGIO VILLAS DEL PROGRESO (IED);COMPLEMENTARIA;CUR AV 68;AK 68 49A 47
J-4029-11-V1;211000000000;COLEGIO VILLAS DEL PROGRESO (IED);COMPLEMENTARIA;CUR AV 68;AK 68 49A 47
J-4029-10-V2;211000000000;COLEGIO VILLAS DEL PROGRESO (IED);COMPLEMENTARIA;CUR AV 68;AK 68 49A 47
J-4029-10-V1;211000000000;COLEGIO VILLAS DEL PROGRESO (IED);COMPLEMENTARIA;CUR AV 68;AK 68 49A 47
J-4029-15-V1;211000000000;COLEGIO VILLAS DEL PROGRESO (IED);COMPLEMENTARIA;CUR AV 68;AK 68 49A 47
J-4029-14-V1;211000000000;COLEGIO VILLAS DEL PROGRESO (IED);COMPLEMENTARIA;CUR AV 68;AK 68 49A 47
T-263;111000000000;COLEGIO LA CONCEPCION (IED);TRASLADO;NA;NA
T-264;111000000000;COLEGIO LA CONCEPCION (IED);TRASLADO;NA;NA
T-265;111000000000;COLEGIO LA CONCEPCION (IED);TRASLADO;NA;NA
T-266;111000000000;COLEGIO LA CONCEPCION (IED);TRASLADO;NA;NA
T-779;111000000000;COLEGIO LA CONCEPCION (IED);TRASLADO;NA;NA
T-780;111000000000;COLEGIO LA CONCEPCION (IED);TRASLADO;NA;NA
T-992;111000000000;COLEGIO LA CONCEPCION (IED);TRASLADO;NA;NA
T-993;111000000000;COLEGIO LA CONCEPCION (IED);TRASLADO;NA;NA
T-994;111000000000;COLEGIO LA CONCEPCION (IED);TRASLADO;NA;NA
U-1032;111000000000;COLEGIO NUEVO CHILE (IED);URBANO;NA;NA
U-1037;111000000000;COLEGIO CARLOS ALBAN HOLGUIN (IED);URBANO;NA;NA
U-1038;111000000000;COLEGIO CARLOS ALBAN HOLGUIN (IED);URBANO;NA;NA
U-1039;111000000000;COLEGIO CARLOS ALBAN HOLGUIN (IED);URBANO;NA;NA
U-1041;111000000000;COLEGIO CARLOS ALBAN HOLGUIN (IED);URBANO;NA;NA
U-1047;111000000000;COLEGIO JOHN F. KENNEDY (IED);URBANO;NA;NA
U-1048;111000000000;COLEGIO JOHN F. KENNEDY (IED);URBANO;NA;NA
U-1104;111000000000;COLEGIO DEBORA ARANGO PEREZ (IED);URBANO;NA;NA
U-1400;111000000000;COLEGIO SAN PEDRO CLAVER (IED);URBANO;NA;NA
U-1401;111000000000;COLEGIO SAN PEDRO CLAVER (IED);URBANO;NA;NA
U-1402;111000000000;COLEGIO SAN PEDRO CLAVER (IED);URBANO;NA;NA
U-1406;111000000000;COLEGIO CEDID CIUDAD BOLIVAR (IED);URBANO;NA;NA
U-1417;111000000000;COLEGIO CARLOS ALBAN HOLGUIN (IED);URBANO;NA;NA
U-1421;111000000000;COLEGIO ESMERALDA ARBOLEDA CADAVID (IED);URBANO;NA;NA
U-1422;111000000000;COLEGIO ESMERALDA ARBOLEDA CADAVID (IED);URBANO;NA;NA
U-1423;111000000000;COLEGIO ESMERALDA ARBOLEDA CADAVID (IED);URBANO;NA;NA
U-1424;111000000000;COLEGIO ESMERALDA ARBOLEDA CADAVID (IED);URBANO;NA;NA
U-1425;111000000000;COLEGIO ESMERALDA ARBOLEDA CADAVID (IED);URBANO;NA;NA
U-1426;111000000000;COLEGIO ESMERALDA ARBOLEDA CADAVID (IED);URBANO;NA;NA
U-1427;111000000000;COLEGIO ESMERALDA ARBOLEDA CADAVID (IED);URBANO;NA;NA
U-1428;111000000000;COLEGIO ESMERALDA ARBOLEDA CADAVID (IED);URBANO;NA;NA
U-1429;111000000000;COLEGIO ESMERALDA ARBOLEDA CADAVID (IED);URBANO;NA;NA
U-1430;111000000000;COLEGIO ESMERALDA ARBOLEDA CADAVID (IED);URBANO;NA;NA
U-1431;111000000000;COLEGIO ESMERALDA ARBOLEDA CADAVID (IED);URBANO;NA;NA
U-1432;111000000000;COLEGIO ESMERALDA ARBOLEDA CADAVID (IED);URBANO;NA;NA
U-1433;111000000000;COLEGIO ESMERALDA ARBOLEDA CADAVID (IED);URBANO;NA;NA
U-1434;111000000000;COLEGIO ESMERALDA ARBOLEDA CADAVID (IED);URBANO;NA;NA
U-1455;111000000000;COLEGIO ALFONSO REYES ECHANDIA (IED);URBANO;NA;NA
U-1493;111000000000;COLEGIO PAULO VI (IED);URBANO;NA;NA
U-1518;111000000000;COLEGIO INEM FRANCISCO DE PAULA SANTANDER (IED);URBANO;NA;NA
U-1523;111000000000;COLEGIO JOHN F. KENNEDY (IED);URBANO;NA;NA
U-1560;111000000000;COLEGIO INEM FRANCISCO DE PAULA SANTANDER (IED);URBANO;NA;NA
U-1561;111000000000;COLEGIO INEM FRANCISCO DE PAULA SANTANDER (IED);URBANO;NA;NA
U-1562;111000000000;COLEGIO INEM FRANCISCO DE PAULA SANTANDER (IED);URBANO;NA;NA
U-1563;111000000000;COLEGIO INEM FRANCISCO DE PAULA SANTANDER (IED);URBANO;NA;NA
U-1564;111000000000;COLEGIO INEM FRANCISCO DE PAULA SANTANDER (IED);URBANO;NA;NA
U-1565;111000000000;COLEGIO INEM FRANCISCO DE PAULA SANTANDER (IED);URBANO;NA;NA
U-1568;111000000000;COLEGIO JOHN F. KENNEDY (IED);URBANO;NA;NA
U-1575;111000000000;COLEGIO INEM FRANCISCO DE PAULA SANTANDER (IED);URBANO;NA;NA
U-1580;111000000000;COLEGIO JOHN F. KENNEDY (IED);URBANO;NA;NA
U-1582;111000000000;COLEGIO INEM FRANCISCO DE PAULA SANTANDER (IED);URBANO;NA;NA
U-1583;111000000000;COLEGIO INEM FRANCISCO DE PAULA SANTANDER (IED);URBANO;NA;NA
U-1584;111000000000;COLEGIO TOM ADAMS (IED);URBANO;NA;NA
U-1585;111000000000;COLEGIO TOM ADAMS (IED);URBANO;NA;NA
U-1591;111000000000;COLEGIO INEM FRANCISCO DE PAULA SANTANDER (IED);URBANO;NA;NA
U-1592;111000000000;COLEGIO INEM FRANCISCO DE PAULA SANTANDER (IED);URBANO;NA;NA
U-1593;111000000000;COLEGIO INEM FRANCISCO DE PAULA SANTANDER (IED);URBANO;NA;NA
U-1600;111000000000;COLEGIO JOHN F. KENNEDY (IED);URBANO;NA;NA
U-1632;111000000000;COLEGIO MANUEL CEPEDA VARGAS (IED);URBANO;NA;NA
U-1660;111000000000;COLEGIO LOS PERIODISTAS (IED);URBANO;NA;NA
U-186;111000000000;COLEGIO ALFONSO REYES ECHANDIA (IED);URBANO;NA;NA
U-187;111000000000;COLEGIO ALFONSO REYES ECHANDIA (IED);URBANO;NA;NA
U-188;111000000000;COLEGIO ALFONSO REYES ECHANDIA (IED);URBANO;NA;NA
U-189;111000000000;COLEGIO ALFONSO REYES ECHANDIA (IED);URBANO;NA;NA
U-190;111000000000;COLEGIO ALFONSO REYES ECHANDIA (IED);URBANO;NA;NA
U-191;111000000000;COLEGIO ALFONSO REYES ECHANDIA (IED);URBANO;NA;NA
U-192;111000000000;COLEGIO ALFONSO REYES ECHANDIA (IED);URBANO;NA;NA
U-193;111000000000;COLEGIO ALFONSO REYES ECHANDIA (IED);URBANO;NA;NA
U-194;111000000000;COLEGIO ALFONSO REYES ECHANDIA (IED);URBANO;NA;NA
U-195;111000000000;COLEGIO ALFONSO REYES ECHANDIA (IED);URBANO;NA;NA
U-196;111000000000;COLEGIO ALFONSO REYES ECHANDIA (IED);URBANO;NA;NA
U-197;111000000000;COLEGIO ALFONSO REYES ECHANDIA (IED);URBANO;NA;NA
U-198;111000000000;COLEGIO ALFONSO REYES ECHANDIA (IED);URBANO;NA;NA
U-216;111000000000;COLEGIO DEBORA ARANGO PEREZ (IED);URBANO;NA;NA
U-217;111000000000;COLEGIO DEBORA ARANGO PEREZ (IED);URBANO;NA;NA
U-218;111000000000;COLEGIO DEBORA ARANGO PEREZ (IED);URBANO;NA;NA
U-219;111000000000;COLEGIO DEBORA ARANGO PEREZ (IED);URBANO;NA;NA
U-220;111000000000;COLEGIO DEBORA ARANGO PEREZ (IED);URBANO;NA;NA
U-274;111000000000;COLEGIO INEM FRANCISCO DE PAULA SANTANDER (IED);URBANO;NA;NA
U-275;111000000000;COLEGIO INEM FRANCISCO DE PAULA SANTANDER (IED);URBANO;NA;NA
U-276;111000000000;COLEGIO INEM FRANCISCO DE PAULA SANTANDER (IED);URBANO;NA;NA
U-278;111000000000;COLEGIO INEM FRANCISCO DE PAULA SANTANDER (IED);URBANO;NA;NA
U-279;111000000000;COLEGIO INEM FRANCISCO DE PAULA SANTANDER (IED);URBANO;NA;NA
U-280;111000000000;COLEGIO INEM FRANCISCO DE PAULA SANTANDER (IED);URBANO;NA;NA
U-281;111000000000;COLEGIO INEM FRANCISCO DE PAULA SANTANDER (IED);URBANO;NA;NA
U-287;111000000000;COLEGIO JOHN F. KENNEDY (IED);URBANO;NA;NA
U-288;111000000000;COLEGIO JOHN F. KENNEDY (IED);URBANO;NA;NA
U-289;111000000000;COLEGIO JOHN F. KENNEDY (IED);URBANO;NA;NA
U-290;111000000000;COLEGIO JOHN F. KENNEDY (IED);URBANO;NA;NA
U-291;111000000000;COLEGIO JOHN F. KENNEDY (IED);URBANO;NA;NA
U-302;111000000000;COLEGIO LAS AMERICAS (IED);URBANO;NA;NA
J-4029-49-V2;211000000000;COLEGIO VILLAS DEL PROGRESO (IED);COMPLEMENTARIA;PARQUE TIMIZA;KR 72N BIS CL 40H SUR
J-4029-49-V1;211000000000;COLEGIO VILLAS DEL PROGRESO (IED);COMPLEMENTARIA;PARQUE TIMIZA;KR 72N BIS CL 40H SUR
J-4029-48-V3;211000000000;COLEGIO VILLAS DEL PROGRESO (IED);COMPLEMENTARIA;PARQUE TIMIZA;KR 72N BIS CL 40H SUR
J-4029-48-V2;211000000000;COLEGIO VILLAS DEL PROGRESO (IED);COMPLEMENTARIA;PARQUE TIMIZA;KR 72N BIS CL 40H SUR
J-4029-48-V1;211000000000;COLEGIO VILLAS DEL PROGRESO (IED);COMPLEMENTARIA;PARQUE TIMIZA;KR 72N BIS CL 40H SUR
J-4029-47-V2;211000000000;COLEGIO VILLAS DEL PROGRESO (IED);COMPLEMENTARIA;PARQUE TIMIZA;KR 72N BIS CL 40H SUR
J-4029-47-V1;211000000000;COLEGIO VILLAS DEL PROGRESO (IED);COMPLEMENTARIA;PARQUE TIMIZA;KR 72N BIS CL 40H SUR
J-4029-46-V2;211000000000;COLEGIO VILLAS DEL PROGRESO (IED);COMPLEMENTARIA;PARQUE TIMIZA;KR 72N BIS CL 40H SUR
J-4029-46-V1;211000000000;COLEGIO VILLAS DEL PROGRESO (IED);COMPLEMENTARIA;PARQUE TIMIZA;KR 72N BIS CL 40H SUR
J-4029-45-V2;211000000000;COLEGIO VILLAS DEL PROGRESO (IED);COMPLEMENTARIA;PARQUE TIMIZA;KR 72N BIS CL 40H SUR
J-4029-45-V1;211000000000;COLEGIO VILLAS DEL PROGRESO (IED);COMPLEMENTARIA;PARQUE TIMIZA;KR 72N BIS CL 40H SUR
J-4029-44-V4;211000000000;COLEGIO VILLAS DEL PROGRESO (IED);COMPLEMENTARIA;PARQUE TIMIZA;KR 72N BIS CL 40H SUR
J-4029-44-V3;211000000000;COLEGIO VILLAS DEL PROGRESO (IED);COMPLEMENTARIA;PARQUE TIMIZA;KR 72N BIS CL 40H SUR
J-4029-44-V2;211000000000;COLEGIO VILLAS DEL PROGRESO (IED);COMPLEMENTARIA;PARQUE TIMIZA;KR 72N BIS CL 40H SUR
J-4029-44-V1;211000000000;COLEGIO VILLAS DEL PROGRESO (IED);COMPLEMENTARIA;PARQUE TIMIZA;KR 72N BIS CL 40H SUR
J-4029-43-V2;211000000000;COLEGIO VILLAS DEL PROGRESO (IED);COMPLEMENTARIA;PARQUE TIMIZA;KR 72N BIS CL 40H SUR
J-4029-43-V1;211000000000;COLEGIO VILLAS DEL PROGRESO (IED);COMPLEMENTARIA;PARQUE TIMIZA;KR 72N BIS CL 40H SUR
J-4029-42-V3;211000000000;COLEGIO VILLAS DEL PROGRESO (IED);COMPLEMENTARIA;PARQUE TIMIZA;KR 72N BIS CL 40H SUR
J-4029-42-V2;211000000000;COLEGIO VILLAS DEL PROGRESO (IED);COMPLEMENTARIA;PARQUE TIMIZA;KR 72N BIS CL 40H SUR
J-4029-42-V1;211000000000;COLEGIO VILLAS DEL PROGRESO (IED);COMPLEMENTARIA;PARQUE TIMIZA;KR 72N BIS CL 40H SUR
U-303;111000000000;COLEGIO LAS AMERICAS (IED);URBANO;NA;NA
U-304;111000000000;COLEGIO LAS AMERICAS (IED);URBANO;NA;NA
U-305;111000000000;COLEGIO LAS AMERICAS (IED);URBANO;NA;NA
U-306;111000000000;COLEGIO LOS PERIODISTAS (IED);URBANO;NA;NA
U-307;111000000000;COLEGIO LOS PERIODISTAS (IED);URBANO;NA;NA
J-4030-04-V2;111000000000;COLEGIO CAMPESTRE MONTE VERDE (IED);COMPLEMENTARIA;COMPENSAR AV 68;KR 69 49A 73
J-4030-04-V3;111000000000;COLEGIO CAMPESTRE MONTE VERDE (IED);COMPLEMENTARIA;COMPENSAR AV 68;KR 69 49A 73
J-4032-01-V1;111000000000;COLEGIO SIMON RODRIGUEZ (IED);COMPLEMENTARIA;PARQUE RECREO DEPORTIVO EL SALITRE;AK 60 63 25
J-4032-03-V1;111000000000;COLEGIO SIMON RODRIGUEZ (IED);COMPLEMENTARIA;PARQUE RECREO DEPORTIVO EL SALITRE;AK 60 63 25
J-4032-03-V2;111000000000;COLEGIO SIMON RODRIGUEZ (IED);COMPLEMENTARIA;PARQUE RECREO DEPORTIVO EL SALITRE;AK 60 63 25
J-4032-03-V3;111000000000;COLEGIO SIMON RODRIGUEZ (IED);COMPLEMENTARIA;ÁREA ANDINA;CRA 14A N°68-99
J-4032-05-V1;111000000000;COLEGIO SIMON RODRIGUEZ (IED);COMPLEMENTARIA;PARQUE RECREO DEPORTIVO EL SALITRE;AK 60 63 25
J-4032-05-V2;111000000000;COLEGIO SIMON RODRIGUEZ (IED);COMPLEMENTARIA;PARQUE RECREO DEPORTIVO EL SALITRE;AK 60 63 25
J-4032-05-V3;111000000000;COLEGIO SIMON RODRIGUEZ (IED);COMPLEMENTARIA;ÁREA ANDINA;CRA 14A N°68-99
J-4032-07-V1;111000000000;COLEGIO SIMON RODRIGUEZ (IED);COMPLEMENTARIA;PARQUE RECREO DEPORTIVO EL SALITRE;AK 60 63 25
J-4032-07-V2;111000000000;COLEGIO SIMON RODRIGUEZ (IED);COMPLEMENTARIA;PARQUE RECREO DEPORTIVO EL SALITRE;AK 60 63 25
J-4032-09-V2;111000000000;COLEGIO SIMON RODRIGUEZ (IED);COMPLEMENTARIA;ÁREA ANDINA;CRA 14A N°68-99
J-4031-01-V4;111000000000;COLEGIO SAN MARTIN DE PORRES (IED);COMPLEMENTARIA;CREA El PARQUE;Cra 5 N°36-21
J-4031-01-V3;111000000000;COLEGIO SAN MARTIN DE PORRES (IED);COMPLEMENTARIA;CREA El PARQUE;Cra 5 N°36-21
J-4031-01-V2;111000000000;COLEGIO SAN MARTIN DE PORRES (IED);COMPLEMENTARIA;CREA El PARQUE;Cra 5 N°36-21
J-4031-01-V1;111000000000;COLEGIO SAN MARTIN DE PORRES (IED);COMPLEMENTARIA;CREA El PARQUE;Cra 5 N°36-21
J-4032-10-V1;111000000000;COLEGIO SIMON RODRIGUEZ (IED);COMPLEMENTARIA;PARQUE RECREO DEPORTIVO EL SALITRE;AK 60 63 75
J-4032-11-V1;111000000000;COLEGIO SIMON RODRIGUEZ (IED);COMPLEMENTARIA;COMPENSAR AV 68;KR 69 49A 73
J-4032-11-V2;111000000000;COLEGIO SIMON RODRIGUEZ (IED);COMPLEMENTARIA;COMPENSAR AV 68;KR 69 49A 73
J-4032-11-V3;111000000000;COLEGIO SIMON RODRIGUEZ (IED);COMPLEMENTARIA;COMPENSAR AV 68;KR 69 49A 73
J-4032-13-V1;111000000000;COLEGIO SIMON RODRIGUEZ (IED);COMPLEMENTARIA;COMPENSAR AV 68;KR 69 49A 73
J-4032-13-V2;111000000000;COLEGIO SIMON RODRIGUEZ (IED);COMPLEMENTARIA;COMPENSAR AV 68;KR 69 49A 73
J-4053-01-V1;111000000000;COLEGIO ANTONIO NARIÑO (IED);COMPLEMENTARIA;CREA LA GRANJA;CL 78 KR 77B 86
J-4053-01-V2;111000000000;COLEGIO ANTONIO NARIÑO (IED);COMPLEMENTARIA;CREA LA GRANJA;CL 78 KR 77B 86
J-4053-01-V3;111000000000;COLEGIO ANTONIO NARIÑO (IED);COMPLEMENTARIA;CREA LA GRANJA;CL 78 KR 77B 86
J-4053-01-V4;111000000000;COLEGIO ANTONIO NARIÑO (IED);COMPLEMENTARIA;CREA LA GRANJA;CL 78 KR 77B 86
J-4053-01-V5;111000000000;COLEGIO ANTONIO NARIÑO (IED);COMPLEMENTARIA;CREA LA GRANJA;CL 78 KR 77B 86
J-4053-02-V1;111000000000;COLEGIO ANTONIO NARIÑO (IED);COMPLEMENTARIA;CREA LA GRANJA;CL 78 KR 77B 86
U-1668;#N/A;#N/A;#N/A;#N/A;#N/A
J-4053-02-V3;111000000000;COLEGIO ANTONIO NARIÑO (IED);COMPLEMENTARIA;CREA LA GRANJA;CL 78 KR 77B 86
J-4053-02-V4;111000000000;COLEGIO ANTONIO NARIÑO (IED);COMPLEMENTARIA;CREA LA GRANJA;CL 78 KR 77B 86
J-4053-02-V5;111000000000;COLEGIO ANTONIO NARIÑO (IED);COMPLEMENTARIA;CREA LA GRANJA;CL 78 KR 77B 86
J-4033-04-V6;111000000000;COLEGIO ANTONIO GARCIA (IED);COMPLEMENTARIA;PARQUE METROPOLITANO EL TUNAL ;CL 48C S 22D 81
J-4033-04-V5;111000000000;COLEGIO ANTONIO GARCIA (IED);COMPLEMENTARIA;PARQUE METROPOLITANO EL TUNAL ;CL 48C S 22D 81
J-4033-04-V4;111000000000;COLEGIO ANTONIO GARCIA (IED);COMPLEMENTARIA;PARQUE METROPOLITANO EL TUNAL ;CL 48C S 22D 81
J-4033-04-V3;111000000000;COLEGIO ANTONIO GARCIA (IED);COMPLEMENTARIA;PARQUE METROPOLITANO EL TUNAL ;CL 48C S 22D 81
J-4033-04-V2;111000000000;COLEGIO ANTONIO GARCIA (IED);COMPLEMENTARIA;PARQUE METROPOLITANO EL TUNAL ;CL 48C S 22D 81
J-4033-04-V1;111000000000;COLEGIO ANTONIO GARCIA (IED);COMPLEMENTARIA;PARQUE METROPOLITANO EL TUNAL ;CL 48C S 22D 81
J-4033-03-V6;111000000000;COLEGIO ANTONIO GARCIA (IED);COMPLEMENTARIA;PARQUE METROPOLITANO EL TUNAL ;CL 48C S 22D 81
J-4033-03-V5;111000000000;COLEGIO ANTONIO GARCIA (IED);COMPLEMENTARIA;PARQUE METROPOLITANO EL TUNAL ;CL 48C S 22D 81
J-4033-03-V4;111000000000;COLEGIO ANTONIO GARCIA (IED);COMPLEMENTARIA;PARQUE METROPOLITANO EL TUNAL ;CL 48C S 22D 81
J-4033-03-V3;111000000000;COLEGIO ANTONIO GARCIA (IED);COMPLEMENTARIA;PARQUE METROPOLITANO EL TUNAL ;CL 48C S 22D 81
J-4033-03-V2;111000000000;COLEGIO ANTONIO GARCIA (IED);COMPLEMENTARIA;PARQUE METROPOLITANO EL TUNAL ;CL 48C S 22D 81
J-4033-03-V1;111000000000;COLEGIO ANTONIO GARCIA (IED);COMPLEMENTARIA;PARQUE METROPOLITANO EL TUNAL ;CL 48C S 22D 81
J-4033-02-V6;111000000000;COLEGIO ANTONIO GARCIA (IED);COMPLEMENTARIA;PARQUE METROPOLITANO EL TUNAL ;CL 48C S 22D 81
J-4033-02-V5;111000000000;COLEGIO ANTONIO GARCIA (IED);COMPLEMENTARIA;PARQUE METROPOLITANO EL TUNAL ;CL 48C S 22D 81
J-4033-02-V4;111000000000;COLEGIO ANTONIO GARCIA (IED);COMPLEMENTARIA;PARQUE METROPOLITANO EL TUNAL ;CL 48C S 22D 81
J-4033-02-V3;111000000000;COLEGIO ANTONIO GARCIA (IED);COMPLEMENTARIA;PARQUE METROPOLITANO EL TUNAL ;CL 48C S 22D 81
J-4033-02-V2;111000000000;COLEGIO ANTONIO GARCIA (IED);COMPLEMENTARIA;PARQUE METROPOLITANO EL TUNAL ;CL 48C S 22D 81
J-4033-02-V1;111000000000;COLEGIO ANTONIO GARCIA (IED);COMPLEMENTARIA;PARQUE METROPOLITANO EL TUNAL ;CL 48C S 22D 81
J-4033-01-V6;111000000000;COLEGIO ANTONIO GARCIA (IED);COMPLEMENTARIA;PARQUE METROPOLITANO EL TUNAL ;CL 48C S 22D 81
J-4033-01-V5;111000000000;COLEGIO ANTONIO GARCIA (IED);COMPLEMENTARIA;PARQUE METROPOLITANO EL TUNAL ;CL 48C S 22D 81
J-4033-01-V4;111000000000;COLEGIO ANTONIO GARCIA (IED);COMPLEMENTARIA;PARQUE METROPOLITANO EL TUNAL ;CL 48C S 22D 81
J-4033-01-V3;111000000000;COLEGIO ANTONIO GARCIA (IED);COMPLEMENTARIA;PARQUE METROPOLITANO EL TUNAL ;CL 48C S 22D 81
J-4033-01-V2;111000000000;COLEGIO ANTONIO GARCIA (IED);COMPLEMENTARIA;PARQUE METROPOLITANO EL TUNAL ;CL 48C S 22D 81
J-4033-01-V1;111000000000;COLEGIO ANTONIO GARCIA (IED);COMPLEMENTARIA;PARQUE METROPOLITANO EL TUNAL ;CL 48C S 22D 81
J-4035-27-V1;111000000000;COLEGIO COMPARTIR RECUERDO (IED);COMPLEMENTARIA;SEDE A;CL 69 SUR # 18 B - 35
J-4035-22-V1;111000000000;COLEGIO COMPARTIR RECUERDO (IED);COMPLEMENTARIA;SEDE A;CL 69 SUR # 18 B - 35
J-4035-20-V1;111000000000;COLEGIO COMPARTIR RECUERDO (IED);COMPLEMENTARIA;SEDE A;CL 69 SUR # 18 B - 35
J-4035-15-V1;111000000000;COLEGIO COMPARTIR RECUERDO (IED);COMPLEMENTARIA;SEDE A;CL 69 SUR # 18 B - 35
J-4035-03-V1;111000000000;COLEGIO COMPARTIR RECUERDO (IED);COMPLEMENTARIA;SEDE A;CL 69 SUR # 18 B - 35
J-4035-01-V1;111000000000;COLEGIO COMPARTIR RECUERDO (IED);COMPLEMENTARIA;SEDE A;CL 69 SUR # 18 B - 35
J-4035-28-V2;111000000000;COLEGIO COMPARTIR RECUERDO (IED);COMPLEMENTARIA;PARQUE TUNAL;CL 48C S 22A 06
J-4035-28-V1;111000000000;COLEGIO COMPARTIR RECUERDO (IED);COMPLEMENTARIA;PARQUE TUNAL;CL 48C S 22A 06
J-4035-25-V3;111000000000;COLEGIO COMPARTIR RECUERDO (IED);COMPLEMENTARIA;PARQUE TUNAL;CL 48C S 22A 06
J-4035-25-V2;111000000000;COLEGIO COMPARTIR RECUERDO (IED);COMPLEMENTARIA;PARQUE TUNAL;CL 48C S 22A 06
J-4035-25-V1;111000000000;COLEGIO COMPARTIR RECUERDO (IED);COMPLEMENTARIA;PARQUE TUNAL;CL 48C S 22A 06
J-4035-23-V4;111000000000;COLEGIO COMPARTIR RECUERDO (IED);COMPLEMENTARIA;PARQUE TUNAL;CL 48C S 22A 06
J-4035-23-V3;111000000000;COLEGIO COMPARTIR RECUERDO (IED);COMPLEMENTARIA;PARQUE TUNAL;CL 48C S 22A 06
J-4035-23-V2;111000000000;COLEGIO COMPARTIR RECUERDO (IED);COMPLEMENTARIA;PARQUE TUNAL;CL 48C S 22A 06
J-4035-23-V1;111000000000;COLEGIO COMPARTIR RECUERDO (IED);COMPLEMENTARIA;PARQUE TUNAL;CL 48C S 22A 06
J-4035-21-V3;111000000000;COLEGIO COMPARTIR RECUERDO (IED);COMPLEMENTARIA;PARQUE TUNAL;CL 48C S 22A 06
J-4035-21-V2;111000000000;COLEGIO COMPARTIR RECUERDO (IED);COMPLEMENTARIA;PARQUE TUNAL;CL 48C S 22A 06
J-4035-21-V1;111000000000;COLEGIO COMPARTIR RECUERDO (IED);COMPLEMENTARIA;PARQUE TUNAL;CL 48C S 22A 06
J-4035-18-V4;111000000000;COLEGIO COMPARTIR RECUERDO (IED);COMPLEMENTARIA;PARQUE TUNAL;CL 48C S 22A 06
J-4035-18-V3;111000000000;COLEGIO COMPARTIR RECUERDO (IED);COMPLEMENTARIA;PARQUE TUNAL;CL 48C S 22A 06
J-4035-18-V2;111000000000;COLEGIO COMPARTIR RECUERDO (IED);COMPLEMENTARIA;PARQUE TUNAL;CL 48C S 22A 06
J-4035-18-V1;111000000000;COLEGIO COMPARTIR RECUERDO (IED);COMPLEMENTARIA;PARQUE TUNAL;CL 48C S 22A 06
J-4035-16-V4;111000000000;COLEGIO COMPARTIR RECUERDO (IED);COMPLEMENTARIA;PARQUE TUNAL;CL 48C S 22A 06
J-4035-16-V3;111000000000;COLEGIO COMPARTIR RECUERDO (IED);COMPLEMENTARIA;PARQUE TUNAL;CL 48C S 22A 06
J-4035-16-V2;111000000000;COLEGIO COMPARTIR RECUERDO (IED);COMPLEMENTARIA;PARQUE TUNAL;CL 48C S 22A 06
J-4035-16-V1;111000000000;COLEGIO COMPARTIR RECUERDO (IED);COMPLEMENTARIA;PARQUE TUNAL;CL 48C S 22A 06
J-4035-14-V1;111000000000;COLEGIO COMPARTIR RECUERDO (IED);COMPLEMENTARIA;PARQUE TUNAL;CL 48C S 22A 06
J-4035-13-V1;111000000000;COLEGIO COMPARTIR RECUERDO (IED);COMPLEMENTARIA;PARQUE TUNAL;CL 48C S 22A 06
J-4035-11-V1;111000000000;COLEGIO COMPARTIR RECUERDO (IED);COMPLEMENTARIA;PARQUE TUNAL;CL 48C S 22A 06
J-4035-09-V1;111000000000;COLEGIO COMPARTIR RECUERDO (IED);COMPLEMENTARIA;PARQUE TUNAL;CL 48C S 22A 06
J-4035-07-V1;111000000000;COLEGIO COMPARTIR RECUERDO (IED);COMPLEMENTARIA;PARQUE TUNAL;CL 48C S 22A 06
J-4035-05-V1;111000000000;COLEGIO COMPARTIR RECUERDO (IED);COMPLEMENTARIA;PARQUE TUNAL;CL 48C S 22A 06
J-4035-04-V1;111000000000;COLEGIO COMPARTIR RECUERDO (IED);COMPLEMENTARIA;PARQUE TUNAL;CL 48C S 22A 06
J-4035-02-V1;111000000000;COLEGIO COMPARTIR RECUERDO (IED);COMPLEMENTARIA;PARQUE TUNAL;CL 48C S 22A 06
J-4035-26-V1;111000000000;COLEGIO COMPARTIR RECUERDO (IED);COMPLEMENTARIA;PARQUE TUNAL;CL 48C S 22A 06
J-4035-24-V1;111000000000;COLEGIO COMPARTIR RECUERDO (IED);COMPLEMENTARIA;PARQUE TUNAL;CL 48C S 22A 06
J-4035-19-V2;111000000000;COLEGIO COMPARTIR RECUERDO (IED);COMPLEMENTARIA;PARQUE TUNAL;CL 48C S 22A 06
J-4035-19-V1;111000000000;COLEGIO COMPARTIR RECUERDO (IED);COMPLEMENTARIA;PARQUE TUNAL;CL 48C S 22A 06
J-4035-17-V1;111000000000;COLEGIO COMPARTIR RECUERDO (IED);COMPLEMENTARIA;PARQUE TUNAL;CL 48C S 22A 06
J-4035-12-V1;111000000000;COLEGIO COMPARTIR RECUERDO (IED);COMPLEMENTARIA;PARQUE TUNAL;CL 48C S 22A 06
J-4035-10-V1;111000000000;COLEGIO COMPARTIR RECUERDO (IED);COMPLEMENTARIA;PARQUE TUNAL;CL 48C S 22A 06
J-4035-08-V1;111000000000;COLEGIO COMPARTIR RECUERDO (IED);COMPLEMENTARIA;PARQUE TUNAL;CL 48C S 22A 06
J-4035-06-V1;111000000000;COLEGIO COMPARTIR RECUERDO (IED);COMPLEMENTARIA;PARQUE TUNAL;CL 48C S 22A 06
J-4036-04-V1;111000000000;COLEGIO CONFEDERACION BRISAS DEL DIAMANTE (IED);COMPLEMENTARIA;PARQUE METROPOLITANO EL TUNAL ;CL 48C S 22D 81
J-4036-03-V1;111000000000;COLEGIO CONFEDERACION BRISAS DEL DIAMANTE (IED);COMPLEMENTARIA;PARQUE METROPOLITANO EL TUNAL ;CL 48C S 22D 81
J-4036-02-V1;111000000000;COLEGIO CONFEDERACION BRISAS DEL DIAMANTE (IED);COMPLEMENTARIA;PARQUE METROPOLITANO EL TUNAL ;CL 48C S 22D 81
J-4036-01-V1;111000000000;COLEGIO CONFEDERACION BRISAS DEL DIAMANTE (IED);COMPLEMENTARIA;PARQUE METROPOLITANO EL TUNAL ;CL 48C S 22D 81
J-4036-05-V1;111000000000;COLEGIO CONFEDERACION BRISAS DEL DIAMANTE (IED);COMPLEMENTARIA;SEDE B EN ARRENDAMIENTO ROMULO GALLEGO;KR 17D 64B 31 S
J-4036-10-V1;111000000000;COLEGIO CONFEDERACION BRISAS DEL DIAMANTE (IED);COMPLEMENTARIA;PARQUE METROPOLITANO EL TUNAL ;CL 48C S 22D 81
J-4036-09-V1;111000000000;COLEGIO CONFEDERACION BRISAS DEL DIAMANTE (IED);COMPLEMENTARIA;PARQUE METROPOLITANO EL TUNAL ;CL 48C S 22D 81
J-4036-08-V1;111000000000;COLEGIO CONFEDERACION BRISAS DEL DIAMANTE (IED);COMPLEMENTARIA;PARQUE METROPOLITANO EL TUNAL ;CL 48C S 22D 81
J-4036-06-V1;111000000000;COLEGIO CONFEDERACION BRISAS DEL DIAMANTE (IED);COMPLEMENTARIA;PARQUE METROPOLITANO EL TUNAL ;CL 48C S 22D 81
J-4037-22-V1;111000000000;COLEGIO CUNDINAMARCA (IED);COMPLEMENTARIA;CREA TUNAL;CL 59 S 23 42
J-4037-21-V2;111000000000;COLEGIO CUNDINAMARCA (IED);COMPLEMENTARIA;CREA TUNAL;CL 59 S 23 42
J-4037-21-V1;111000000000;COLEGIO CUNDINAMARCA (IED);COMPLEMENTARIA;CREA TUNAL;CL 59 S 23 42
J-4037-20-V2;111000000000;COLEGIO CUNDINAMARCA (IED);COMPLEMENTARIA;CREA TUNAL;CL 59 S 23 42
J-4037-20-V1;111000000000;COLEGIO CUNDINAMARCA (IED);COMPLEMENTARIA;CREA TUNAL;CL 59 S 23 42
J-4037-17-V2;111000000000;COLEGIO CUNDINAMARCA (IED);COMPLEMENTARIA;CREA TUNAL;CL 59 S 23 42
J-4037-17-V1;111000000000;COLEGIO CUNDINAMARCA (IED);COMPLEMENTARIA;CREA TUNAL;CL 59 S 23 42
J-4037-12-V2;111000000000;COLEGIO CUNDINAMARCA (IED);COMPLEMENTARIA;CREA TUNAL;CL 59 S 23 42
J-4037-12-V1;111000000000;COLEGIO CUNDINAMARCA (IED);COMPLEMENTARIA;CREA TUNAL;CL 59 S 23 42
J-4037-11-V2;111000000000;COLEGIO CUNDINAMARCA (IED);COMPLEMENTARIA;CREA TUNAL;CL 59 S 23 42
J-4037-11-V1;111000000000;COLEGIO CUNDINAMARCA (IED);COMPLEMENTARIA;CREA TUNAL;CL 59 S 23 42
J-4037-10-V2;111000000000;COLEGIO CUNDINAMARCA (IED);COMPLEMENTARIA;CREA TUNAL;CL 59 S 23 42
J-4037-10-V1;111000000000;COLEGIO CUNDINAMARCA (IED);COMPLEMENTARIA;CREA TUNAL;CL 59 S 23 42
J-4037-07-V2;111000000000;COLEGIO CUNDINAMARCA (IED);COMPLEMENTARIA;CREA TUNAL;CL 59 S 23 42
J-4037-07-V1;111000000000;COLEGIO CUNDINAMARCA (IED);COMPLEMENTARIA;CREA TUNAL;CL 59 S 23 42
J-4037-02-V2;111000000000;COLEGIO CUNDINAMARCA (IED);COMPLEMENTARIA;CREA TUNAL;CL 59 S 23 42
J-4037-02-V1;111000000000;COLEGIO CUNDINAMARCA (IED);COMPLEMENTARIA;CREA TUNAL;CL 59 S 23 42
J-4037-01-V3;111000000000;COLEGIO CUNDINAMARCA (IED);COMPLEMENTARIA;CREA TUNAL;CL 59 S 23 42
J-4037-01-V2;111000000000;COLEGIO CUNDINAMARCA (IED);COMPLEMENTARIA;CREA TUNAL;CL 59 S 23 42
J-4037-01-V1;111000000000;COLEGIO CUNDINAMARCA (IED);COMPLEMENTARIA;CREA TUNAL;CL 59 S 23 42
J-4037-34-V2;111000000000;COLEGIO CUNDINAMARCA (IED);COMPLEMENTARIA;PARQUE TIMIZA;CL 40H S 72R 32
J-4037-34-V1;111000000000;COLEGIO CUNDINAMARCA (IED);COMPLEMENTARIA;PARQUE TIMIZA;CL 40H S 72R 32
J-4037-33-V2;111000000000;COLEGIO CUNDINAMARCA (IED);COMPLEMENTARIA;PARQUE TIMIZA;CL 40H S 72R 32
J-4037-33-V1;111000000000;COLEGIO CUNDINAMARCA (IED);COMPLEMENTARIA;PARQUE TIMIZA;CL 40H S 72R 32
J-4037-28-V2;111000000000;COLEGIO CUNDINAMARCA (IED);COMPLEMENTARIA;PARQUE TIMIZA;CL 40H S 72R 32
J-4037-28-V1;111000000000;COLEGIO CUNDINAMARCA (IED);COMPLEMENTARIA;PARQUE TIMIZA;CL 40H S 72R 32
J-4037-27-V1;111000000000;COLEGIO CUNDINAMARCA (IED);COMPLEMENTARIA;PARQUE TIMIZA;CL 40H S 72R 32
J-4037-26-V2;111000000000;COLEGIO CUNDINAMARCA (IED);COMPLEMENTARIA;PARQUE TIMIZA;CL 40H S 72R 32
J-4037-25-V1;111000000000;COLEGIO CUNDINAMARCA (IED);COMPLEMENTARIA;PARQUE TIMIZA;CL 40H S 72R 32
J-4037-24-V2;111000000000;COLEGIO CUNDINAMARCA (IED);COMPLEMENTARIA;PARQUE TIMIZA;CL 40H S 72R 32
J-4037-24-V1;111000000000;COLEGIO CUNDINAMARCA (IED);COMPLEMENTARIA;PARQUE TIMIZA;CL 40H S 72R 32
J-4037-23-V2;111000000000;COLEGIO CUNDINAMARCA (IED);COMPLEMENTARIA;PARQUE TIMIZA;CL 40H S 72R 32
J-4037-23-V1;111000000000;COLEGIO CUNDINAMARCA (IED);COMPLEMENTARIA;PARQUE TIMIZA;CL 40H S 72R 32
J-4037-18-V3;111000000000;COLEGIO CUNDINAMARCA (IED);COMPLEMENTARIA;PARQUE TIMIZA;CL 40H S 72R 32
J-4037-18-V2;111000000000;COLEGIO CUNDINAMARCA (IED);COMPLEMENTARIA;PARQUE TIMIZA;CL 40H S 72R 32
J-4037-18-V1;111000000000;COLEGIO CUNDINAMARCA (IED);COMPLEMENTARIA;PARQUE TIMIZA;CL 40H S 72R 32
J-4037-13-V3;111000000000;COLEGIO CUNDINAMARCA (IED);COMPLEMENTARIA;PARQUE TIMIZA;CL 40H S 72R 32
J-4037-13-V2;111000000000;COLEGIO CUNDINAMARCA (IED);COMPLEMENTARIA;PARQUE TIMIZA;CL 40H S 72R 32
J-4037-13-V1;111000000000;COLEGIO CUNDINAMARCA (IED);COMPLEMENTARIA;PARQUE TIMIZA;CL 40H S 72R 32
J-4037-08-V3;111000000000;COLEGIO CUNDINAMARCA (IED);COMPLEMENTARIA;PARQUE TIMIZA;CL 40H S 72R 32
J-4037-08-V2;111000000000;COLEGIO CUNDINAMARCA (IED);COMPLEMENTARIA;PARQUE TIMIZA;CL 40H S 72R 32
J-4037-08-V1;111000000000;COLEGIO CUNDINAMARCA (IED);COMPLEMENTARIA;PARQUE TIMIZA;CL 40H S 72R 32
J-4037-03-V3;111000000000;COLEGIO CUNDINAMARCA (IED);COMPLEMENTARIA;PARQUE TIMIZA;CL 40H S 72R 32
J-4037-03-V2;111000000000;COLEGIO CUNDINAMARCA (IED);COMPLEMENTARIA;PARQUE TIMIZA;CL 40H S 72R 32
J-4037-03-V1;111000000000;COLEGIO CUNDINAMARCA (IED);COMPLEMENTARIA;PARQUE TIMIZA;CL 40H S 72R 32
U-308;111000000000;COLEGIO LOS PERIODISTAS (IED);URBANO;NA;NA
U-309;111000000000;COLEGIO MANUEL CEPEDA VARGAS (IED);URBANO;NA;NA
U-310;111000000000;COLEGIO MANUEL CEPEDA VARGAS (IED);URBANO;NA;NA
U-311;111000000000;COLEGIO MANUEL CEPEDA VARGAS (IED);URBANO;NA;NA
U-312;111000000000;COLEGIO PAULO VI (IED);URBANO;NA;NA
U-313;111000000000;COLEGIO PAULO VI (IED);URBANO;NA;NA
U-314;111000000000;COLEGIO PAULO VI (IED);URBANO;NA;NA
U-315;111000000000;COLEGIO PAULO VI (IED);URBANO;NA;NA
U-318;111000000000;COLEGIO PROSPERO PINZON (IED);URBANO;NA;NA
U-321;111000000000;COLEGIO PROSPERO PINZON (IED);URBANO;NA;NA
U-324;111000000000;COLEGIO PROSPERO PINZON (IED);URBANO;NA;NA
U-331;111000000000;COLEGIO SAN PEDRO CLAVER (IED);URBANO;NA;NA
U-332;111000000000;COLEGIO SAN PEDRO CLAVER (IED);URBANO;NA;NA
U-333;111000000000;COLEGIO TOM ADAMS (IED);URBANO;NA;NA
U-334;111000000000;COLEGIO TOM ADAMS (IED);URBANO;NA;NA
U-335;111000000000;COLEGIO TOM ADAMS (IED);URBANO;NA;NA
U-930;111000000000;COLEGIO INEM FRANCISCO DE PAULA SANTANDER (IED);URBANO;NA;NA
U-931;111000000000;COLEGIO INEM FRANCISCO DE PAULA SANTANDER (IED);URBANO;NA;NA
J-4037-27-V2;111000000000;COLEGIO CUNDINAMARCA (IED);COMPLEMENTARIA;CREA TUNAL ;CL 59 S 23 42
J-4037-47-V2;111000000000;COLEGIO CUNDINAMARCA (IED);COMPLEMENTARIA;PARQUE TUNAL;CL 48C S 22D 81
J-4037-47-V1;111000000000;COLEGIO CUNDINAMARCA (IED);COMPLEMENTARIA;PARQUE TUNAL;CL 48C S 22D 81
J-4037-46-V2;111000000000;COLEGIO CUNDINAMARCA (IED);COMPLEMENTARIA;PARQUE TUNAL;CL 48C S 22D 81
J-4037-46-V1;111000000000;COLEGIO CUNDINAMARCA (IED);COMPLEMENTARIA;PARQUE TUNAL;CL 48C S 22D 81
J-4037-42-V5;111000000000;COLEGIO CUNDINAMARCA (IED);COMPLEMENTARIA;PARQUE TUNAL;CL 48C S 22D 81
J-4037-42-V4;111000000000;COLEGIO CUNDINAMARCA (IED);COMPLEMENTARIA;PARQUE TUNAL;CL 48C S 22D 81
J-4037-42-V3;111000000000;COLEGIO CUNDINAMARCA (IED);COMPLEMENTARIA;PARQUE TUNAL;CL 48C S 22D 81
J-4037-42-V2;111000000000;COLEGIO CUNDINAMARCA (IED);COMPLEMENTARIA;PARQUE TUNAL;CL 48C S 22D 81
J-4037-42-V1;111000000000;COLEGIO CUNDINAMARCA (IED);COMPLEMENTARIA;PARQUE TUNAL;CL 48C S 22D 81
J-4037-41-V3;111000000000;COLEGIO CUNDINAMARCA (IED);COMPLEMENTARIA;PARQUE TUNAL;CL 48C S 22D 81
J-4037-41-V2;111000000000;COLEGIO CUNDINAMARCA (IED);COMPLEMENTARIA;PARQUE TUNAL;CL 48C S 22D 81
J-4037-41-V1;111000000000;COLEGIO CUNDINAMARCA (IED);COMPLEMENTARIA;PARQUE TUNAL;CL 48C S 22D 81
J-4037-40-V2;111000000000;COLEGIO CUNDINAMARCA (IED);COMPLEMENTARIA;PARQUE TUNAL;CL 48C S 22D 81
J-4037-40-V1;111000000000;COLEGIO CUNDINAMARCA (IED);COMPLEMENTARIA;PARQUE TUNAL;CL 48C S 22D 81
J-4037-39-V2;111000000000;COLEGIO CUNDINAMARCA (IED);COMPLEMENTARIA;PARQUE TUNAL;CL 48C S 22D 81
J-4037-39-V1;111000000000;COLEGIO CUNDINAMARCA (IED);COMPLEMENTARIA;PARQUE TUNAL;CL 48C S 22D 81
J-4037-38-V2;111000000000;COLEGIO CUNDINAMARCA (IED);COMPLEMENTARIA;PARQUE TUNAL;CL 48C S 22D 81
J-4037-38-V1;111000000000;COLEGIO CUNDINAMARCA (IED);COMPLEMENTARIA;PARQUE TUNAL;CL 48C S 22D 81
J-4037-37-V4;111000000000;COLEGIO CUNDINAMARCA (IED);COMPLEMENTARIA;PARQUE TUNAL;CL 48C S 22D 81
J-4037-37-V3;111000000000;COLEGIO CUNDINAMARCA (IED);COMPLEMENTARIA;PARQUE TUNAL;CL 48C S 22D 81
J-4037-37-V2;111000000000;COLEGIO CUNDINAMARCA (IED);COMPLEMENTARIA;PARQUE TUNAL;CL 48C S 22D 81
J-4037-37-V1;111000000000;COLEGIO CUNDINAMARCA (IED);COMPLEMENTARIA;PARQUE TUNAL;CL 48C S 22D 81
J-4037-36-V3;111000000000;COLEGIO CUNDINAMARCA (IED);COMPLEMENTARIA;PARQUE TUNAL;CL 48C S 22D 81
J-4037-36-V2;111000000000;COLEGIO CUNDINAMARCA (IED);COMPLEMENTARIA;PARQUE TUNAL;CL 48C S 22D 81
J-4037-36-V1;111000000000;COLEGIO CUNDINAMARCA (IED);COMPLEMENTARIA;PARQUE TUNAL;CL 48C S 22D 81
J-4037-35-V2;111000000000;COLEGIO CUNDINAMARCA (IED);COMPLEMENTARIA;PARQUE TUNAL;CL 48C S 22D 81
J-4037-35-V1;111000000000;COLEGIO CUNDINAMARCA (IED);COMPLEMENTARIA;PARQUE TUNAL;CL 48C S 22D 81
J-4037-31-V1;111000000000;COLEGIO CUNDINAMARCA (IED);COMPLEMENTARIA;PARQUE TUNAL;CL 48C S 22D 81
J-4039-06-V1;111000000000;COLEGIO EL TESORO DE LA CUMBRE (IED);COMPLEMENTARIA;PARQUE METROPOLITANO EL TUNAL ;CL 48C S 22D 81
J-4039-05-V1;111000000000;COLEGIO EL TESORO DE LA CUMBRE (IED);COMPLEMENTARIA;PARQUE METROPOLITANO EL TUNAL ;CL 48C S 22D 81
J-4039-04-V1;111000000000;COLEGIO EL TESORO DE LA CUMBRE (IED);COMPLEMENTARIA;PARQUE METROPOLITANO EL TUNAL ;CL 48C S 22D 81
J-4039-03-V1;111000000000;COLEGIO EL TESORO DE LA CUMBRE (IED);COMPLEMENTARIA;PARQUE METROPOLITANO EL TUNAL ;CL 48C S 22D 81
J-4039-02-V1;111000000000;COLEGIO EL TESORO DE LA CUMBRE (IED);COMPLEMENTARIA;PARQUE METROPOLITANO EL TUNAL ;CL 48C S 22D 81
J-4039-01-V1;111000000000;COLEGIO EL TESORO DE LA CUMBRE (IED);COMPLEMENTARIA;PARQUE METROPOLITANO EL TUNAL ;CL 48C S 22D 81
J-4041-02-V2;111000000000;COLEGIO ISMAEL PERDOMO (IED);COMPLEMENTARIA;CBI  COMPENSAR CENTRO MAYOR;CL 38A S 34B 04
J-4041-02-V1;111000000000;COLEGIO ISMAEL PERDOMO (IED);COMPLEMENTARIA;CBI  COMPENSAR CENTRO MAYOR;CL 38A S 34B 04
J-4041-01-V2;111000000000;COLEGIO ISMAEL PERDOMO (IED);COMPLEMENTARIA;CBI  COMPENSAR CENTRO MAYOR;CL 38A S 34B 04
J-4041-01-V1;111000000000;COLEGIO ISMAEL PERDOMO (IED);COMPLEMENTARIA;CBI  COMPENSAR CENTRO MAYOR;CL 38A S 34B 04
J-4043-07-V5;111000000000;COLEGIO LA ARABIA (IED);COMPLEMENTARIA;PARQUE METROPOLITANO EL TUNAL ;CL 48C S 22D 81
J-4043-07-V3;111000000000;COLEGIO LA ARABIA (IED);COMPLEMENTARIA;PARQUE METROPOLITANO EL TUNAL ;CL 48C S 22D 81
J-4043-07-V2;111000000000;COLEGIO LA ARABIA (IED);COMPLEMENTARIA;PARQUE METROPOLITANO EL TUNAL ;CL 48C S 22D 81
J-4043-06-V3;111000000000;COLEGIO LA ARABIA (IED);COMPLEMENTARIA;PARQUE METROPOLITANO EL TUNAL ;CL 48C S 22D 81
J-4043-06-V2;111000000000;COLEGIO LA ARABIA (IED);COMPLEMENTARIA;PARQUE METROPOLITANO EL TUNAL ;CL 48C S 22D 81
J-4043-06-V1;111000000000;COLEGIO LA ARABIA (IED);COMPLEMENTARIA;PARQUE METROPOLITANO EL TUNAL ;CL 48C S 22D 81
J-4043-02-V4;111000000000;COLEGIO LA ARABIA (IED);COMPLEMENTARIA;PARQUE METROPOLITANO EL TUNAL ;CL 48C S 22D 81
J-4043-02-V2;111000000000;COLEGIO LA ARABIA (IED);COMPLEMENTARIA;PARQUE METROPOLITANO EL TUNAL ;CL 48C S 22D 81
J-4043-02-V1;111000000000;COLEGIO LA ARABIA (IED);COMPLEMENTARIA;PARQUE METROPOLITANO EL TUNAL ;CL 48C S 22D 81
J-4043-01-V3;111000000000;COLEGIO LA ARABIA (IED);COMPLEMENTARIA;PARQUE METROPOLITANO EL TUNAL ;CL 48C S 22D 81
J-4043-01-V2;111000000000;COLEGIO LA ARABIA (IED);COMPLEMENTARIA;PARQUE METROPOLITANO EL TUNAL ;CL 48C S 22D 81
J-4043-01-V1;111000000000;COLEGIO LA ARABIA (IED);COMPLEMENTARIA;PARQUE METROPOLITANO EL TUNAL ;CL 48C S 22D 81
J-4043-07-V1;111000000000;COLEGIO LA ARABIA (IED);COMPLEMENTARIA;PARQUE METROPOLITANO EL TUNAL ;CL 48C S 22D 81
J-4043-06-V5;111000000000;COLEGIO LA ARABIA (IED);COMPLEMENTARIA;PARQUE METROPOLITANO EL TUNAL ;CL 48C S 22D 81
J-4043-06-V4;111000000000;COLEGIO LA ARABIA (IED);COMPLEMENTARIA;PARQUE METROPOLITANO EL TUNAL ;CL 48C S 22D 81
J-4043-02-V3;111000000000;COLEGIO LA ARABIA (IED);COMPLEMENTARIA;PARQUE METROPOLITANO EL TUNAL ;CL 48C S 22D 81
J-4043-01-V4;111000000000;COLEGIO LA ARABIA (IED);COMPLEMENTARIA;PARQUE METROPOLITANO EL TUNAL ;CL 48C S 22D 81
J-4043-03-V2;111000000000;COLEGIO LA ARABIA (IED);COMPLEMENTARIA;CREA MANITAS;KR 18N CL 70A SUR
J-4043-03-V1;111000000000;COLEGIO LA ARABIA (IED);COMPLEMENTARIA;CREA MANITAS;KR 18N CL 70A SUR
J-4043-09-V3;111000000000;COLEGIO LA ARABIA (IED);COMPLEMENTARIA;CREA MANITAS;KR 18N CL 70A SUR
J-4043-09-V2;111000000000;COLEGIO LA ARABIA (IED);COMPLEMENTARIA;CREA MANITAS;KR 18N CL 70A SUR
J-4043-09-V1;111000000000;COLEGIO LA ARABIA (IED);COMPLEMENTARIA;CREA MANITAS;KR 18N CL 70A SUR
J-4043-04-V4;111000000000;COLEGIO LA ARABIA (IED);COMPLEMENTARIA;CREA MANITAS;KR 18N CL 70A SUR
J-4043-04-V2;111000000000;COLEGIO LA ARABIA (IED);COMPLEMENTARIA;CREA MANITAS;KR 18N CL 70A SUR
J-4043-04-V1;111000000000;COLEGIO LA ARABIA (IED);COMPLEMENTARIA;CREA MANITAS;KR 18N CL 70A SUR
J-4043-03-V3;111000000000;COLEGIO LA ARABIA (IED);COMPLEMENTARIA;CREA MANITAS;KR 18N CL 70A SUR
U-948;111000000000;COLEGIO PAULO VI (IED);URBANO;NA;NA
U-950;111000000000;COLEGIO PAULO VI (IED);URBANO;NA;NA
U-951;111000000000;COLEGIO PAULO VI (IED);URBANO;NA;NA
U-952;111000000000;COLEGIO PAULO VI (IED);URBANO;NA;NA
U-954;111000000000;COLEGIO TOM ADAMS (IED);URBANO;NA;NA
U-955;111000000000;COLEGIO TOM ADAMS (IED);URBANO;NA;NA
U-956;111000000000;COLEGIO TOM ADAMS (IED);URBANO;NA;NA
U-958;111000000000;COLEGIO PROSPERO PINZON (IED);URBANO;NA;NA
U-960;111000000000;COLEGIO TOM ADAMS (IED);URBANO;NA;NA
U-963;111000000000;COLEGIO FERNANDO SOTO APARICIO (IED);URBANO;NA;NA
J-4047-11-V1;111000000000;COLEGIO RODRIGO LARA BONILLA (IED);COMPLEMENTARIA;POLIDEPORTIVO CANDELARIA LA NUEVA;CL 62 SUR CR 23 C
J-4047-10-V2;111000000000;COLEGIO RODRIGO LARA BONILLA (IED);COMPLEMENTARIA;POLIDEPORTIVO CANDELARIA LA NUEVA;CL 62 SUR CR 23 C
J-4047-10-V1;111000000000;COLEGIO RODRIGO LARA BONILLA (IED);COMPLEMENTARIA;POLIDEPORTIVO CANDELARIA LA NUEVA;CL 62 SUR CR 23 C
J-4047-09-V2;111000000000;COLEGIO RODRIGO LARA BONILLA (IED);COMPLEMENTARIA;POLIDEPORTIVO CANDELARIA LA NUEVA;CL 62 SUR CR 23 C
J-4047-09-V1;111000000000;COLEGIO RODRIGO LARA BONILLA (IED);COMPLEMENTARIA;POLIDEPORTIVO CANDELARIA LA NUEVA;CL 62 SUR CR 23 C
J-4047-08-V1;111000000000;COLEGIO RODRIGO LARA BONILLA (IED);COMPLEMENTARIA;POLIDEPORTIVO CANDELARIA LA NUEVA;CL 62 SUR CR 23 C
J-4048-03-V1;212000000000;COLEGIO RURAL JOSE CELESTINO MUTIS (IED);COMPLEMENTARIA;ANAFALCO;KM 3 VIA A MOCHELO
J-4048-02-V1;212000000000;COLEGIO RURAL JOSE CELESTINO MUTIS (IED);COMPLEMENTARIA;ANAFALCO;KM 3 VIA A MOCHELO
J-4048-01-V1;212000000000;COLEGIO RURAL JOSE CELESTINO MUTIS (IED);COMPLEMENTARIA;ANAFALCO;KM 3 VIA A MOCHELO
J-4048-15-V1;212000000000;COLEGIO RURAL JOSE CELESTINO MUTIS (IED);COMPLEMENTARIA;CEFE EL TUNAL;CL 46A S 22 60
J-4048-14-V1;212000000000;COLEGIO RURAL JOSE CELESTINO MUTIS (IED);COMPLEMENTARIA;CEFE EL TUNAL;CL 46A S 22 60
J-4048-05-V1;212000000000;COLEGIO RURAL JOSE CELESTINO MUTIS (IED);COMPLEMENTARIA;CEFE EL TUNAL;CL 46A S 22 60
J-4048-04-V1;212000000000;COLEGIO RURAL JOSE CELESTINO MUTIS (IED);COMPLEMENTARIA;CEFE EL TUNAL;CL 46A S 22 60
J-4051-08-V3;111000000000;COLEGIO SOTAVENTO (IED);COMPLEMENTARIA;CREA LUCERO BAJO;KR 17DBIS 64A 05 S
J-4051-08-V2;111000000000;COLEGIO SOTAVENTO (IED);COMPLEMENTARIA;CREA LUCERO BAJO;KR 17DBIS 64A 05 S
J-4051-08-V1;111000000000;COLEGIO SOTAVENTO (IED);COMPLEMENTARIA;CREA LUCERO BAJO;KR 17DBIS 64A 05 S
J-4051-05-V4;111000000000;COLEGIO SOTAVENTO (IED);COMPLEMENTARIA;CREA LUCERO BAJO;KR 17DBIS 64A 05 S
J-4051-05-V3;111000000000;COLEGIO SOTAVENTO (IED);COMPLEMENTARIA;CREA LUCERO BAJO;KR 17DBIS 64A 05 S
J-4051-05-V2;111000000000;COLEGIO SOTAVENTO (IED);COMPLEMENTARIA;CREA LUCERO BAJO;KR 17DBIS 64A 05 S
J-4051-05-V1;111000000000;COLEGIO SOTAVENTO (IED);COMPLEMENTARIA;CREA LUCERO BAJO;KR 17DBIS 64A 05 S
J-4051-04-V2;111000000000;COLEGIO SOTAVENTO (IED);COMPLEMENTARIA;CREA LUCERO BAJO;KR 17DBIS 64A 05 S
J-4051-04-V1;111000000000;COLEGIO SOTAVENTO (IED);COMPLEMENTARIA;CREA LUCERO BAJO;KR 17DBIS 64A 05 S
J-4051-01-V4;111000000000;COLEGIO SOTAVENTO (IED);COMPLEMENTARIA;CREA LUCERO BAJO;KR 17DBIS 64A 05 S
J-4051-01-V3;111000000000;COLEGIO SOTAVENTO (IED);COMPLEMENTARIA;CREA LUCERO BAJO;KR 17DBIS 64A 05 S
J-4051-01-V2;111000000000;COLEGIO SOTAVENTO (IED);COMPLEMENTARIA;CREA LUCERO BAJO;KR 17DBIS 64A 05 S
J-4051-01-V1;111000000000;COLEGIO SOTAVENTO (IED);COMPLEMENTARIA;CREA LUCERO BAJO;KR 17DBIS 64A 05 S
J-4051-07-V3;111000000000;COLEGIO SOTAVENTO (IED);COMPLEMENTARIA;PARQUE VALLES DE CAFAM;KR 14I DG 92 SUR
J-4051-07-V2;111000000000;COLEGIO SOTAVENTO (IED);COMPLEMENTARIA;PARQUE VALLES DE CAFAM;KR 14I DG 92 SUR
J-4051-07-V1;111000000000;COLEGIO SOTAVENTO (IED);COMPLEMENTARIA;PARQUE VALLES DE CAFAM;KR 14I DG 92 SUR
J-4051-06-V3;111000000000;COLEGIO SOTAVENTO (IED);COMPLEMENTARIA;PARQUE VALLES DE CAFAM;KR 14I DG 92 SUR
J-4051-06-V2;111000000000;COLEGIO SOTAVENTO (IED);COMPLEMENTARIA;PARQUE VALLES DE CAFAM;KR 14I DG 92 SUR
J-4051-06-V1;111000000000;COLEGIO SOTAVENTO (IED);COMPLEMENTARIA;PARQUE VALLES DE CAFAM;KR 14I DG 92 SUR
J-4051-03-V3;111000000000;COLEGIO SOTAVENTO (IED);COMPLEMENTARIA;PARQUE VALLES DE CAFAM;KR 14I DG 92 SUR
J-4051-03-V2;111000000000;COLEGIO SOTAVENTO (IED);COMPLEMENTARIA;PARQUE VALLES DE CAFAM;KR 14I DG 92 SUR
J-4051-03-V1;111000000000;COLEGIO SOTAVENTO (IED);COMPLEMENTARIA;PARQUE VALLES DE CAFAM;KR 14I DG 92 SUR
J-4051-02-V3;111000000000;COLEGIO SOTAVENTO (IED);COMPLEMENTARIA;PARQUE VALLES DE CAFAM;KR 14I DG 92 SUR
J-4051-02-V2;111000000000;COLEGIO SOTAVENTO (IED);COMPLEMENTARIA;PARQUE VALLES DE CAFAM;KR 14I DG 92 SUR
J-4051-02-V1;111000000000;COLEGIO SOTAVENTO (IED);COMPLEMENTARIA;PARQUE VALLES DE CAFAM;KR 14I DG 92 SUR
J-4051-07-V5;111000000000;COLEGIO SOTAVENTO (IED);COMPLEMENTARIA;PARQUE VALLES DE CAFAM;CL 92 S 14D 01
J-4051-07-V4;111000000000;COLEGIO SOTAVENTO (IED);COMPLEMENTARIA;PARQUE VALLES DE CAFAM;CL 92 S 14D 01
J-4051-06-V5;111000000000;COLEGIO SOTAVENTO (IED);COMPLEMENTARIA;PARQUE VALLES DE CAFAM;CL 92 S 14D 01
J-4051-06-V4;111000000000;COLEGIO SOTAVENTO (IED);COMPLEMENTARIA;PARQUE VALLES DE CAFAM;CL 92 S 14D 01
J-4051-03-V5;111000000000;COLEGIO SOTAVENTO (IED);COMPLEMENTARIA;PARQUE VALLES DE CAFAM;CL 92 S 14D 01
J-4051-03-V4;111000000000;COLEGIO SOTAVENTO (IED);COMPLEMENTARIA;PARQUE VALLES DE CAFAM;CL 92 S 14D 01
J-4051-02-V5;111000000000;COLEGIO SOTAVENTO (IED);COMPLEMENTARIA;PARQUE VALLES DE CAFAM;CL 92 S 14D 01
J-4051-02-V4;111000000000;COLEGIO SOTAVENTO (IED);COMPLEMENTARIA;PARQUE VALLES DE CAFAM;CL 92 S 14D 01
J-4053-02-V7;111000000000;COLEGIO ANTONIO NARIÑO (IED);COMPLEMENTARIA;CREA LA GRANJA;CL 78 KR 77B 86
J-4053-03-V1;111000000000;COLEGIO ANTONIO NARIÑO (IED);COMPLEMENTARIA;CREA LA GRANJA;CL 78 KR 77B 86
J-4053-03-V10;111000000000;COLEGIO ANTONIO NARIÑO (IED);COMPLEMENTARIA;CREA LA GRANJA;CL 78 KR 77B 86
J-4053-03-V2;111000000000;COLEGIO ANTONIO NARIÑO (IED);COMPLEMENTARIA;CREA LA GRANJA;CL 78 KR 77B 86
J-4053-03-V3;111000000000;COLEGIO ANTONIO NARIÑO (IED);COMPLEMENTARIA;CREA LA GRANJA;CL 78 KR 77B 86
J-4053-03-V4;111000000000;COLEGIO ANTONIO NARIÑO (IED);COMPLEMENTARIA;CREA LA GRANJA;CL 78 KR 77B 86
J-4053-03-V5;111000000000;COLEGIO ANTONIO NARIÑO (IED);COMPLEMENTARIA;CREA LA GRANJA;CL 78 KR 77B 86
J-4053-03-V6;111000000000;COLEGIO ANTONIO NARIÑO (IED);COMPLEMENTARIA;CREA LA GRANJA;CL 78 KR 77B 86
J-4053-03-V7;111000000000;COLEGIO ANTONIO NARIÑO (IED);COMPLEMENTARIA;CREA LA GRANJA;CL 78 KR 77B 86
J-4053-03-V8;111000000000;COLEGIO ANTONIO NARIÑO (IED);COMPLEMENTARIA;CREA LA GRANJA;CL 78 KR 77B 86
J-4053-04-V1;111000000000;COLEGIO ANTONIO NARIÑO (IED);COMPLEMENTARIA;CREA LA GRANJA;CL 78 KR 77B 86
J-4053-04-V11;111000000000;COLEGIO ANTONIO NARIÑO (IED);COMPLEMENTARIA;CREA LA GRANJA;CL 78 KR 77B 86
J-4053-04-V2;111000000000;COLEGIO ANTONIO NARIÑO (IED);COMPLEMENTARIA;CREA LA GRANJA;CL 78 KR 77B 86
J-4053-04-V3;111000000000;COLEGIO ANTONIO NARIÑO (IED);COMPLEMENTARIA;CREA LA GRANJA;CL 78 KR 77B 86
J-4053-04-V4;111000000000;COLEGIO ANTONIO NARIÑO (IED);COMPLEMENTARIA;CREA LA GRANJA;CL 78 KR 77B 86
J-4053-04-V5;111000000000;COLEGIO ANTONIO NARIÑO (IED);COMPLEMENTARIA;CREA LA GRANJA;CL 78 KR 77B 86
J-4053-04-V6;111000000000;COLEGIO ANTONIO NARIÑO (IED);COMPLEMENTARIA;CREA LA GRANJA;CL 78 KR 77B 86
J-4053-04-V7;111000000000;COLEGIO ANTONIO NARIÑO (IED);COMPLEMENTARIA;CREA LA GRANJA;CL 78 KR 77B 86
J-4053-04-V8;111000000000;COLEGIO ANTONIO NARIÑO (IED);COMPLEMENTARIA;CREA LA GRANJA;CL 78 KR 77B 86
J-4053-04-V9;111000000000;COLEGIO ANTONIO NARIÑO (IED);COMPLEMENTARIA;CREA LA GRANJA;CL 78 KR 77B 86
J-4053-17-V1;111000000000;COLEGIO ANTONIO NARIÑO (IED);COMPLEMENTARIA;UDS;CL 63 69 26
J-4053-17-V2;111000000000;COLEGIO ANTONIO NARIÑO (IED);COMPLEMENTARIA;UDS;CL 63 69 26
J-4053-18-V1;111000000000;COLEGIO ANTONIO NARIÑO (IED);COMPLEMENTARIA;UDS;CL 63 69 26
J-4053-18-V2;111000000000;COLEGIO ANTONIO NARIÑO (IED);COMPLEMENTARIA;UDS;CL 63 69 26
J-4053-19-V1;111000000000;COLEGIO ANTONIO NARIÑO (IED);COMPLEMENTARIA;UDS;CL 63 69 26
J-4053-20-V1;111000000000;COLEGIO ANTONIO NARIÑO (IED);COMPLEMENTARIA;UDS;CL 63 69 26
J-4053-20-V2;111000000000;COLEGIO ANTONIO NARIÑO (IED);COMPLEMENTARIA;UDS;CL 63 69 26
J-4055-01-V1;111000000000;COLEGIO INSTITUTO TECNICO LAUREANO GOMEZ (IED);COMPLEMENTARIA;UNIDAD DEPORTIVA EL SALITRE;CL 63 68 45
J-4055-02-V1;111000000000;COLEGIO INSTITUTO TECNICO LAUREANO GOMEZ (IED);COMPLEMENTARIA;UNIDAD DEPORTIVA EL SALITRE;CL 63 68 45
J-4055-14-V1;111000000000;COLEGIO INSTITUTO TECNICO LAUREANO GOMEZ (IED);COMPLEMENTARIA;UNIDAD DEPORTIVA EL SALITRE;CL 63 68 45
J-4053-08-V2;111000000000;COLEGIO ANTONIO NARIÑO (IED);COMPLEMENTARIA;PARQUE VILLALUZ;CL 63 F BIS 77 C 25
J-4053-08-V1;111000000000;COLEGIO ANTONIO NARIÑO (IED);COMPLEMENTARIA;PARQUE VILLALUZ;CL 63 F BIS 77 C 25
J-4053-07-V2;111000000000;COLEGIO ANTONIO NARIÑO (IED);COMPLEMENTARIA;PARQUE VILLALUZ;CL 63 F BIS 77 C 25
J-4053-07-V1;111000000000;COLEGIO ANTONIO NARIÑO (IED);COMPLEMENTARIA;PARQUE VILLALUZ;CL 63 F BIS 77 C 25
J-4053-06-V2;111000000000;COLEGIO ANTONIO NARIÑO (IED);COMPLEMENTARIA;PARQUE VILLALUZ;CL 63 F BIS 77 C 25
J-4053-06-V1;111000000000;COLEGIO ANTONIO NARIÑO (IED);COMPLEMENTARIA;PARQUE VILLALUZ;CL 63 F BIS 77 C 25
J-4053-05-V2;111000000000;COLEGIO ANTONIO NARIÑO (IED);COMPLEMENTARIA;PARQUE VILLALUZ;CL 63 F BIS 77 C 25
J-4053-05-V1;111000000000;COLEGIO ANTONIO NARIÑO (IED);COMPLEMENTARIA;PARQUE VILLALUZ;CL 63 F BIS 77 C 25
J-4053-12-V3;111000000000;COLEGIO ANTONIO NARIÑO (IED);COMPLEMENTARIA;PLAZA ARTESANOS;CL 82  100 A 91
J-4053-12-V2;111000000000;COLEGIO ANTONIO NARIÑO (IED);COMPLEMENTARIA;PLAZA ARTESANOS;CL 82  100 A 91
J-4053-12-V1;111000000000;COLEGIO ANTONIO NARIÑO (IED);COMPLEMENTARIA;PLAZA ARTESANOS;CL 82  100 A 91
J-4053-11-V2;111000000000;COLEGIO ANTONIO NARIÑO (IED);COMPLEMENTARIA;PLAZA ARTESANOS;CL 82  100 A 91
J-4053-11-V1;111000000000;COLEGIO ANTONIO NARIÑO (IED);COMPLEMENTARIA;PLAZA ARTESANOS;CL 82  100 A 91
J-4053-10-V4;111000000000;COLEGIO ANTONIO NARIÑO (IED);COMPLEMENTARIA;PLAZA ARTESANOS;CL 82  100 A 91
J-4053-10-V3;111000000000;COLEGIO ANTONIO NARIÑO (IED);COMPLEMENTARIA;PLAZA ARTESANOS;CL 82  100 A 91
J-4053-10-V2;111000000000;COLEGIO ANTONIO NARIÑO (IED);COMPLEMENTARIA;PLAZA ARTESANOS;CL 82  100 A 91
J-4053-10-V1;111000000000;COLEGIO ANTONIO NARIÑO (IED);COMPLEMENTARIA;PLAZA ARTESANOS;CL 82  100 A 91
J-4053-09-V3;111000000000;COLEGIO ANTONIO NARIÑO (IED);COMPLEMENTARIA;PLAZA ARTESANOS;CL 82  100 A 91
J-4053-09-V2;111000000000;COLEGIO ANTONIO NARIÑO (IED);COMPLEMENTARIA;PLAZA ARTESANOS;CL 82  100 A 91
J-4053-09-V1;111000000000;COLEGIO ANTONIO NARIÑO (IED);COMPLEMENTARIA;PLAZA ARTESANOS;CL 82  100 A 91
U-964;111000000000;COLEGIO FERNANDO SOTO APARICIO (IED);URBANO;NA;NA
U-970;111000000000;COLEGIO INEM FRANCISCO DE PAULA SANTANDER (IED);URBANO;NA;NA
U-971;111000000000;COLEGIO INEM FRANCISCO DE PAULA SANTANDER (IED);URBANO;NA;NA
U-987;111000000000;COLEGIO JOHN F. KENNEDY (IED);URBANO;NA;NA
U-988;111000000000;COLEGIO JOHN F. KENNEDY (IED);URBANO;NA;NA
U-991;111000000000;COLEGIO LAS AMERICAS (IED);URBANO;NA;NA
U-992;111000000000;COLEGIO LAS AMERICAS (IED);URBANO;NA;NA
J-4055-15-V1;111000000000;COLEGIO INSTITUTO TECNICO LAUREANO GOMEZ (IED);COMPLEMENTARIA;UNIDAD DEPORTIVA EL SALITRE;CL 63 68 45
J-4063-09-V1;111000000000;COLEGIO LUIS ANGEL ARANGO (IED);COMPLEMENTARIA;PARQUE SAUZALITO;Cl. 22 #68d-43
J-4063-09-V2;111000000000;COLEGIO LUIS ANGEL ARANGO (IED);COMPLEMENTARIA;PARQUE SAUZALITO;Cl. 22 #68d-43
J-4063-10-V1;111000000000;COLEGIO LUIS ANGEL ARANGO (IED);COMPLEMENTARIA;PARQUE SAUZALITO;Cl. 22 #68d-43
J-4063-10-V2;111000000000;COLEGIO LUIS ANGEL ARANGO (IED);COMPLEMENTARIA;PARQUE SAUZALITO;Cl. 22 #68d-43
J-4063-10-V3;111000000000;COLEGIO LUIS ANGEL ARANGO (IED);COMPLEMENTARIA;PARQUE SAUZALITO;Cl. 22 #68d-43
J-4063-11-V1;111000000000;COLEGIO LUIS ANGEL ARANGO (IED);COMPLEMENTARIA;PARQUE SAUZALITO;Cl. 22 #68d-43
J-4063-11-V2;111000000000;COLEGIO LUIS ANGEL ARANGO (IED);COMPLEMENTARIA;PARQUE SAUZALITO;Cl. 22 #68d-43
J-4063-11-V3;111000000000;COLEGIO LUIS ANGEL ARANGO (IED);COMPLEMENTARIA;PARQUE SAUZALITO;Cl. 22 #68d-43
J-4063-12-V1;111000000000;COLEGIO LUIS ANGEL ARANGO (IED);COMPLEMENTARIA;PARQUE SAUZALITO;Cl. 22 #68d-43
J-4063-12-V2;111000000000;COLEGIO LUIS ANGEL ARANGO (IED);COMPLEMENTARIA;PARQUE SAUZALITO;Cl. 22 #68d-43
J-4055-19-V1;111000000000;COLEGIO INSTITUTO TECNICO LAUREANO GOMEZ (IED);COMPLEMENTARIA;CEFE COMETAS;DG  127A 82 26
J-4055-18-V1;111000000000;COLEGIO INSTITUTO TECNICO LAUREANO GOMEZ (IED);COMPLEMENTARIA;CEFE COMETAS;DG  127A 82 26
J-4055-04-V1;111000000000;COLEGIO INSTITUTO TECNICO LAUREANO GOMEZ (IED);COMPLEMENTARIA;CEFE COMETAS;DG  127A 82 26
J-4055-03-V1;111000000000;COLEGIO INSTITUTO TECNICO LAUREANO GOMEZ (IED);COMPLEMENTARIA;CEFE COMETAS;DG  127A 82 26
J-4055-20-V2;111000000000;COLEGIO INSTITUTO TECNICO LAUREANO GOMEZ (IED);COMPLEMENTARIA;PARQUE SAN ANDRÉS;CL 82 100A 91
J-4055-20-V1;111000000000;COLEGIO INSTITUTO TECNICO LAUREANO GOMEZ (IED);COMPLEMENTARIA;PARQUE SAN ANDRÉS;CL 82 100A 91
J-4055-13-V6;111000000000;COLEGIO INSTITUTO TECNICO LAUREANO GOMEZ (IED);COMPLEMENTARIA;PARQUE SAN ANDRÉS;CL 82 100A 91
J-4055-13-V5;111000000000;COLEGIO INSTITUTO TECNICO LAUREANO GOMEZ (IED);COMPLEMENTARIA;PARQUE SAN ANDRÉS;CL 82 100A 91
J-4055-13-V4;111000000000;COLEGIO INSTITUTO TECNICO LAUREANO GOMEZ (IED);COMPLEMENTARIA;PARQUE SAN ANDRÉS;CL 82 100A 91
J-4055-13-V3;111000000000;COLEGIO INSTITUTO TECNICO LAUREANO GOMEZ (IED);COMPLEMENTARIA;PARQUE SAN ANDRÉS;CL 82 100A 91
J-4055-13-V2;111000000000;COLEGIO INSTITUTO TECNICO LAUREANO GOMEZ (IED);COMPLEMENTARIA;PARQUE SAN ANDRÉS;CL 82 100A 91
J-4055-13-V1;111000000000;COLEGIO INSTITUTO TECNICO LAUREANO GOMEZ (IED);COMPLEMENTARIA;PARQUE SAN ANDRÉS;CL 82 100A 91
J-4055-12-V6;111000000000;COLEGIO INSTITUTO TECNICO LAUREANO GOMEZ (IED);COMPLEMENTARIA;PARQUE SAN ANDRÉS;CL 82 100A 91
J-4055-12-V5;111000000000;COLEGIO INSTITUTO TECNICO LAUREANO GOMEZ (IED);COMPLEMENTARIA;PARQUE SAN ANDRÉS;CL 82 100A 91
J-4055-12-V4;111000000000;COLEGIO INSTITUTO TECNICO LAUREANO GOMEZ (IED);COMPLEMENTARIA;PARQUE SAN ANDRÉS;CL 82 100A 91
J-4055-12-V3;111000000000;COLEGIO INSTITUTO TECNICO LAUREANO GOMEZ (IED);COMPLEMENTARIA;PARQUE SAN ANDRÉS;CL 82 100A 91
J-4055-12-V2;111000000000;COLEGIO INSTITUTO TECNICO LAUREANO GOMEZ (IED);COMPLEMENTARIA;PARQUE SAN ANDRÉS;CL 82 100A 91
J-4055-12-V1;111000000000;COLEGIO INSTITUTO TECNICO LAUREANO GOMEZ (IED);COMPLEMENTARIA;PARQUE SAN ANDRÉS;CL 82 100A 91
J-4055-06-V7;111000000000;COLEGIO INSTITUTO TECNICO LAUREANO GOMEZ (IED);COMPLEMENTARIA;PARQUE SAN ANDRÉS;CL 82 100A 91
J-4055-06-V6;111000000000;COLEGIO INSTITUTO TECNICO LAUREANO GOMEZ (IED);COMPLEMENTARIA;PARQUE SAN ANDRÉS;CL 82 100A 91
J-4055-06-V5;111000000000;COLEGIO INSTITUTO TECNICO LAUREANO GOMEZ (IED);COMPLEMENTARIA;PARQUE SAN ANDRÉS;CL 82 100A 91
J-4055-06-V4;111000000000;COLEGIO INSTITUTO TECNICO LAUREANO GOMEZ (IED);COMPLEMENTARIA;PARQUE SAN ANDRÉS;CL 82 100A 91
J-4055-06-V3;111000000000;COLEGIO INSTITUTO TECNICO LAUREANO GOMEZ (IED);COMPLEMENTARIA;PARQUE SAN ANDRÉS;CL 82 100A 91
J-4055-06-V2;111000000000;COLEGIO INSTITUTO TECNICO LAUREANO GOMEZ (IED);COMPLEMENTARIA;PARQUE SAN ANDRÉS;CL 82 100A 91
J-4055-06-V1;111000000000;COLEGIO INSTITUTO TECNICO LAUREANO GOMEZ (IED);COMPLEMENTARIA;PARQUE SAN ANDRÉS;CL 82 100A 91
J-4055-05-V7;111000000000;COLEGIO INSTITUTO TECNICO LAUREANO GOMEZ (IED);COMPLEMENTARIA;PARQUE SAN ANDRÉS;CL 82 100A 91
J-4055-05-V6;111000000000;COLEGIO INSTITUTO TECNICO LAUREANO GOMEZ (IED);COMPLEMENTARIA;PARQUE SAN ANDRÉS;CL 82 100A 91
J-4055-05-V5;111000000000;COLEGIO INSTITUTO TECNICO LAUREANO GOMEZ (IED);COMPLEMENTARIA;PARQUE SAN ANDRÉS;CL 82 100A 91
J-4055-05-V4;111000000000;COLEGIO INSTITUTO TECNICO LAUREANO GOMEZ (IED);COMPLEMENTARIA;PARQUE SAN ANDRÉS;CL 82 100A 91
J-4055-05-V3;111000000000;COLEGIO INSTITUTO TECNICO LAUREANO GOMEZ (IED);COMPLEMENTARIA;PARQUE SAN ANDRÉS;CL 82 100A 91
J-4055-05-V2;111000000000;COLEGIO INSTITUTO TECNICO LAUREANO GOMEZ (IED);COMPLEMENTARIA;PARQUE SAN ANDRÉS;CL 82 100A 91
J-4055-05-V1;111000000000;COLEGIO INSTITUTO TECNICO LAUREANO GOMEZ (IED);COMPLEMENTARIA;PARQUE SAN ANDRÉS;CL 82 100A 91
J-4055-24-V4;111000000000;COLEGIO INSTITUTO TECNICO LAUREANO GOMEZ (IED);COMPLEMENTARIA;CREA VILLAS DEL DORADO;KR 105 70 58
J-4055-24-V3;111000000000;COLEGIO INSTITUTO TECNICO LAUREANO GOMEZ (IED);COMPLEMENTARIA;CREA VILLAS DEL DORADO;KR 105 70 58
J-4055-24-V2;111000000000;COLEGIO INSTITUTO TECNICO LAUREANO GOMEZ (IED);COMPLEMENTARIA;CREA VILLAS DEL DORADO;KR 105 70 58
J-4055-24-V1;111000000000;COLEGIO INSTITUTO TECNICO LAUREANO GOMEZ (IED);COMPLEMENTARIA;CREA VILLAS DEL DORADO;KR 105 70 58
J-4055-16-V4;111000000000;COLEGIO INSTITUTO TECNICO LAUREANO GOMEZ (IED);COMPLEMENTARIA;CREA VILLAS DEL DORADO;KR 105 70 58
J-4055-16-V3;111000000000;COLEGIO INSTITUTO TECNICO LAUREANO GOMEZ (IED);COMPLEMENTARIA;CREA VILLAS DEL DORADO;KR 105 70 58
J-4055-16-V2;111000000000;COLEGIO INSTITUTO TECNICO LAUREANO GOMEZ (IED);COMPLEMENTARIA;CREA VILLAS DEL DORADO;KR 105 70 58
J-4055-16-V1;111000000000;COLEGIO INSTITUTO TECNICO LAUREANO GOMEZ (IED);COMPLEMENTARIA;CREA VILLAS DEL DORADO;KR 105 70 58
J-4055-08-V3;111000000000;COLEGIO INSTITUTO TECNICO LAUREANO GOMEZ (IED);COMPLEMENTARIA;CREA VILLAS DEL DORADO;KR 105 70 58
J-4055-08-V2;111000000000;COLEGIO INSTITUTO TECNICO LAUREANO GOMEZ (IED);COMPLEMENTARIA;CREA VILLAS DEL DORADO;KR 105 70 58
J-4055-08-V1;111000000000;COLEGIO INSTITUTO TECNICO LAUREANO GOMEZ (IED);COMPLEMENTARIA;CREA VILLAS DEL DORADO;KR 105 70 58
J-4055-07-V4;111000000000;COLEGIO INSTITUTO TECNICO LAUREANO GOMEZ (IED);COMPLEMENTARIA;CREA VILLAS DEL DORADO;KR 105 70 58
J-4055-07-V3;111000000000;COLEGIO INSTITUTO TECNICO LAUREANO GOMEZ (IED);COMPLEMENTARIA;CREA VILLAS DEL DORADO;KR 105 70 58
J-4055-07-V2;111000000000;COLEGIO INSTITUTO TECNICO LAUREANO GOMEZ (IED);COMPLEMENTARIA;CREA VILLAS DEL DORADO;KR 105 70 58
J-4055-07-V1;111000000000;COLEGIO INSTITUTO TECNICO LAUREANO GOMEZ (IED);COMPLEMENTARIA;CREA VILLAS DEL DORADO;KR 105 70 58
J-4055-23-V2;111000000000;COLEGIO INSTITUTO TECNICO LAUREANO GOMEZ (IED);COMPLEMENTARIA;SEDE MÚSICA;DG 74B  87 40
J-4055-23-V1;111000000000;COLEGIO INSTITUTO TECNICO LAUREANO GOMEZ (IED);COMPLEMENTARIA;SEDE MÚSICA;DG 74B  87 40
J-4055-22-V3;111000000000;COLEGIO INSTITUTO TECNICO LAUREANO GOMEZ (IED);COMPLEMENTARIA;SEDE MÚSICA;DG 74B  87 40
J-4055-22-V2;111000000000;COLEGIO INSTITUTO TECNICO LAUREANO GOMEZ (IED);COMPLEMENTARIA;SEDE MÚSICA;DG 74B  87 40
J-4055-22-V1;111000000000;COLEGIO INSTITUTO TECNICO LAUREANO GOMEZ (IED);COMPLEMENTARIA;SEDE MÚSICA;DG 74B  87 40
J-4055-21-V1;111000000000;COLEGIO INSTITUTO TECNICO LAUREANO GOMEZ (IED);COMPLEMENTARIA;SEDE MÚSICA;DG 74B  87 40
J-4055-11-V1;111000000000;COLEGIO INSTITUTO TECNICO LAUREANO GOMEZ (IED);COMPLEMENTARIA;SEDE MÚSICA;DG 74B  87 40
J-4055-10-V3;111000000000;COLEGIO INSTITUTO TECNICO LAUREANO GOMEZ (IED);COMPLEMENTARIA;SEDE MÚSICA;DG 74B  87 40
J-4055-10-V2;111000000000;COLEGIO INSTITUTO TECNICO LAUREANO GOMEZ (IED);COMPLEMENTARIA;SEDE MÚSICA;DG 74B  87 40
J-4055-10-V1;111000000000;COLEGIO INSTITUTO TECNICO LAUREANO GOMEZ (IED);COMPLEMENTARIA;SEDE MÚSICA;DG 74B  87 40
J-4055-09-V3;111000000000;COLEGIO INSTITUTO TECNICO LAUREANO GOMEZ (IED);COMPLEMENTARIA;SEDE MÚSICA;DG 74B  87 40
J-4055-09-V2;111000000000;COLEGIO INSTITUTO TECNICO LAUREANO GOMEZ (IED);COMPLEMENTARIA;SEDE MÚSICA;DG 74B  87 40
J-4055-09-V1;111000000000;COLEGIO INSTITUTO TECNICO LAUREANO GOMEZ (IED);COMPLEMENTARIA;SEDE MÚSICA;DG 74B  87 40
J-4056-02-V1;111000000000;COLEGIO JOSE ASUNCION SILVA (IED);COMPLEMENTARIA;PARQUE LA SERENA;CL 90A 85 70
J-4056-01-V1;111000000000;COLEGIO JOSE ASUNCION SILVA (IED);COMPLEMENTARIA;PARQUE LA SERENA;CL 90A 85 70
J-4056-06-V1;111000000000;COLEGIO JOSE ASUNCION SILVA (IED);COMPLEMENTARIA;PARQUE LA SERENA;CL 90A 85 70
J-4056-05-V1;111000000000;COLEGIO JOSE ASUNCION SILVA (IED);COMPLEMENTARIA;PARQUE LA SERENA;CL 90A 85 70
J-4056-04-V1;111000000000;COLEGIO JOSE ASUNCION SILVA (IED);COMPLEMENTARIA;PARQUE LA SERENA;CL 90A 85 70
J-4056-03-V1;111000000000;COLEGIO JOSE ASUNCION SILVA (IED);COMPLEMENTARIA;PARQUE LA SERENA;CL 90A 85 70
J-4063-12-V3;111000000000;COLEGIO LUIS ANGEL ARANGO (IED);COMPLEMENTARIA;PARQUE SAUZALITO;Cl. 22 #68d-43
J-4063-14-V1;111000000000;COLEGIO LUIS ANGEL ARANGO (IED);COMPLEMENTARIA;PARQUE SAUZALITO;Cl. 22 #68d-43
J-4067-01-V1;111000000000;COLEGIO HERNANDO DURAN DUSSAN (IED);COMPLEMENTARIA;COMPENSAR AV 68;KR 69 49A 73
J-4067-01-V10;111000000000;COLEGIO HERNANDO DURAN DUSSAN (IED);COMPLEMENTARIA;COMPENSAR AV 68;KR 69 49A 73
J-4067-01-V2;111000000000;COLEGIO HERNANDO DURAN DUSSAN (IED);COMPLEMENTARIA;COMPENSAR AV 68;KR 69 49A 73
J-4067-01-V3;111000000000;COLEGIO HERNANDO DURAN DUSSAN (IED);COMPLEMENTARIA;COMPENSAR AV 68;KR 69 49A 73
J-4067-01-V4;111000000000;COLEGIO HERNANDO DURAN DUSSAN (IED);COMPLEMENTARIA;COMPENSAR AV 68;KR 69 49A 73
J-4067-01-V5;111000000000;COLEGIO HERNANDO DURAN DUSSAN (IED);COMPLEMENTARIA;COMPENSAR AV 68;KR 69 49A 73
J-4067-01-V6;111000000000;COLEGIO HERNANDO DURAN DUSSAN (IED);COMPLEMENTARIA;COMPENSAR AV 68;KR 69 49A 73
J-4067-01-V7;111000000000;COLEGIO HERNANDO DURAN DUSSAN (IED);COMPLEMENTARIA;COMPENSAR AV 68;KR 69 49A 73
J-4067-01-V8;111000000000;COLEGIO HERNANDO DURAN DUSSAN (IED);COMPLEMENTARIA;COMPENSAR AV 68;KR 69 49A 73
J-4067-01-V9;111000000000;COLEGIO HERNANDO DURAN DUSSAN (IED);COMPLEMENTARIA;COMPENSAR AV 68;KR 69 49A 73
J-4067-02-V1;111000000000;COLEGIO HERNANDO DURAN DUSSAN (IED);COMPLEMENTARIA;COMPENSAR AV 68;KR 69 49A 73
J-4067-02-V2;111000000000;COLEGIO HERNANDO DURAN DUSSAN (IED);COMPLEMENTARIA;COMPENSAR AV 68;KR 69 49A 73
J-4067-02-V3;111000000000;COLEGIO HERNANDO DURAN DUSSAN (IED);COMPLEMENTARIA;COMPENSAR AV 68;KR 69 49A 73
J-4067-02-V4;111000000000;COLEGIO HERNANDO DURAN DUSSAN (IED);COMPLEMENTARIA;COMPENSAR AV 68;KR 69 49A 73
J-4067-02-V5;111000000000;COLEGIO HERNANDO DURAN DUSSAN (IED);COMPLEMENTARIA;COMPENSAR AV 68;KR 69 49A 73
J-4079-01-V1;111000000000;COLEGIO ESPAÑA (IED);COMPLEMENTARIA;COMPENSAR AV 68;KR 69 49A 73
J-4079-01-V2;111000000000;COLEGIO ESPAÑA (IED);COMPLEMENTARIA;COMPENSAR AV 68;KR 69 49A 73
J-4079-02-V1;111000000000;COLEGIO ESPAÑA (IED);COMPLEMENTARIA;COMPENSAR AV 68;KR 69 49A 73
J-4079-02-V2;111000000000;COLEGIO ESPAÑA (IED);COMPLEMENTARIA;COMPENSAR AV 68;KR 69 49A 73
J-4079-03-V1;111000000000;COLEGIO ESPAÑA (IED);COMPLEMENTARIA;CENTRO DE INNOVACIÓN SABER DIGITAL REDP;KR 28A 62 46
J-4085-01-V1;111000000000;COLEGIO CLEMENCIA DE CAYCEDO (IED);COMPLEMENTARIA;COMPENSAR AV 68;KR 69 49A 73
J-4085-01-V2;111000000000;COLEGIO CLEMENCIA DE CAYCEDO (IED);COMPLEMENTARIA;COMPENSAR AV 68;KR 69 49A 73
J-4085-01-V3;111000000000;COLEGIO CLEMENCIA DE CAYCEDO (IED);COMPLEMENTARIA;COMPENSAR AV 68;KR 69 49A 73
J-4085-01-V4;111000000000;COLEGIO CLEMENCIA DE CAYCEDO (IED);COMPLEMENTARIA;COMPENSAR AV 68;KR 69 49A 73
J-4105-01-V1;111000000000;COLEGIO MANUEL ELKIN PATARROYO (IED);COMPLEMENTARIA;COMPENSAR AV 68;KR 69 49A 73
J-4067-04-V6;111000000000;COLEGIO HERNANDO DURAN DUSSAN (IED);COMPLEMENTARIA;IDARTES - CASTILLA;KR 75 8B 89
J-4067-04-V5;111000000000;COLEGIO HERNANDO DURAN DUSSAN (IED);COMPLEMENTARIA;IDARTES - CASTILLA;KR 75 8B 89
J-4067-04-V4;111000000000;COLEGIO HERNANDO DURAN DUSSAN (IED);COMPLEMENTARIA;IDARTES - CASTILLA;KR 75 8B 89
J-4067-04-V3;111000000000;COLEGIO HERNANDO DURAN DUSSAN (IED);COMPLEMENTARIA;IDARTES - CASTILLA;KR 75 8B 89
J-4067-04-V2;111000000000;COLEGIO HERNANDO DURAN DUSSAN (IED);COMPLEMENTARIA;IDARTES - CASTILLA;KR 75 8B 89
J-4067-04-V1;111000000000;COLEGIO HERNANDO DURAN DUSSAN (IED);COMPLEMENTARIA;IDARTES - CASTILLA;KR 75 8B 89
J-4067-03-V6;111000000000;COLEGIO HERNANDO DURAN DUSSAN (IED);COMPLEMENTARIA;IDARTES - CASTILLA;KR 75 8B 89
J-4067-03-V5;111000000000;COLEGIO HERNANDO DURAN DUSSAN (IED);COMPLEMENTARIA;IDARTES - CASTILLA;KR 75 8B 89
J-4067-03-V4;111000000000;COLEGIO HERNANDO DURAN DUSSAN (IED);COMPLEMENTARIA;IDARTES - CASTILLA;KR 75 8B 89
J-4067-03-V3;111000000000;COLEGIO HERNANDO DURAN DUSSAN (IED);COMPLEMENTARIA;IDARTES - CASTILLA;KR 75 8B 89
J-4067-03-V2;111000000000;COLEGIO HERNANDO DURAN DUSSAN (IED);COMPLEMENTARIA;IDARTES - CASTILLA;KR 75 8B 89
J-4067-03-V1;111000000000;COLEGIO HERNANDO DURAN DUSSAN (IED);COMPLEMENTARIA;IDARTES - CASTILLA;KR 75 8B 89
J-4105-01-V2;111000000000;COLEGIO MANUEL ELKIN PATARROYO (IED);COMPLEMENTARIA;COMPENSAR AV 68;KR 69 49A 73
J-4105-01-V3;111000000000;COLEGIO MANUEL ELKIN PATARROYO (IED);COMPLEMENTARIA;COMPENSAR AV 68;KR 69 49A 73
J-4105-01-V5;111000000000;COLEGIO MANUEL ELKIN PATARROYO (IED);COMPLEMENTARIA;COMPENSAR AV 68;KR 69 49A 73
J-4105-01-V6;111000000000;COLEGIO MANUEL ELKIN PATARROYO (IED);COMPLEMENTARIA;COMPENSAR AV 68;KR 69 49A 73
J-4124-06-V3;111000000000;COLEGIO AGUSTIN FERNANDEZ (IED);COMPLEMENTARIA;PARQUE DE LOS NIÑOS Y LAS NIÑAS ;AC 63 60 18
J-4082-03-V2;111000000000;COLEGIO ALEXANDER FLEMING (IED);COMPLEMENTARIA;SEDE C COLEGIO ALEXANDER FLEMING;CL 50A BIS SUR 12B 61
J-4082-03-V1;111000000000;COLEGIO ALEXANDER FLEMING (IED);COMPLEMENTARIA;SEDE C COLEGIO ALEXANDER FLEMING;CL 50A BIS SUR 12B 61
J-4082-02-V2;111000000000;COLEGIO ALEXANDER FLEMING (IED);COMPLEMENTARIA;SEDE C COLEGIO ALEXANDER FLEMING;CL 50A BIS SUR 12B 61
J-4082-02-V1;111000000000;COLEGIO ALEXANDER FLEMING (IED);COMPLEMENTARIA;SEDE C COLEGIO ALEXANDER FLEMING;CL 50A BIS SUR 12B 61
J-4083-04-V1;111000000000;COLEGIO ALFREDO IRIARTE (IED);COMPLEMENTARIA;CEFE TUNAL;Calle 48 C Sur # 22D -81
J-4083-03-V1;111000000000;COLEGIO ALFREDO IRIARTE (IED);COMPLEMENTARIA;CEFE TUNAL;Calle 48 C Sur # 22D -81
J-4083-02-V1;111000000000;COLEGIO ALFREDO IRIARTE (IED);COMPLEMENTARIA;CEFE TUNAL;Calle 48 C Sur # 22D -81
J-4083-01-V1;111000000000;COLEGIO ALFREDO IRIARTE (IED);COMPLEMENTARIA;CEFE TUNAL;Calle 48 C Sur # 22D -81
J-4124-06-V4;111000000000;COLEGIO AGUSTIN FERNANDEZ (IED);COMPLEMENTARIA;PARQUE DE LOS NIÑOS Y LAS NIÑAS ;AC 63 60 18
J-4124-06-V5;111000000000;COLEGIO AGUSTIN FERNANDEZ (IED);COMPLEMENTARIA;PARQUE DE LOS NIÑOS Y LAS NIÑAS ;AC 63 60 18
J-4206-01-V1;111000000000;COLEGIO MAGDALENA ORTEGA DE NARIÑO (IED);COMPLEMENTARIA;PARQUE SAUZALITO;CL 22 68 D 43
J-4206-01-V2;111000000000;COLEGIO MAGDALENA ORTEGA DE NARIÑO (IED);COMPLEMENTARIA;PARQUE SAUZALITO;CL 22 68 D 43
J-4086-08-V1;111000000000;COLEGIO COLOMBIA VIVA (IED);COMPLEMENTARIA;PARQUE BOSQUE DE SAN CARLOS;KR 12D 32 44 SUR
J-4086-06-V1;111000000000;COLEGIO COLOMBIA VIVA (IED);COMPLEMENTARIA;PARQUE BOSQUE DE SAN CARLOS;KR 12D 32 44 SUR
J-4086-02-V1;111000000000;COLEGIO COLOMBIA VIVA (IED);COMPLEMENTARIA;PARQUE BOSQUE DE SAN CARLOS;KR 12D 32 44 SUR
J-4086-01-V1;111000000000;COLEGIO COLOMBIA VIVA (IED);COMPLEMENTARIA;PARQUE BOSQUE DE SAN CARLOS;KR 12D 32 44 SUR
J-4103-07-V1;111000000000;COLEGIO AULAS COLOMBIANAS SAN LUIS (IED);COMPLEMENTARIA;CEFE SAN CRISTOBAL;KR 3 ESTE CL 18A SUR
J-4103-03-V1;111000000000;COLEGIO AULAS COLOMBIANAS SAN LUIS (IED);COMPLEMENTARIA;CEFE SAN CRISTOBAL;KR 3 ESTE CL 18A SUR
J-4103-01-V1;111000000000;COLEGIO AULAS COLOMBIANAS SAN LUIS (IED);COMPLEMENTARIA;CEFE SAN CRISTOBAL;KR 3 ESTE CL 18A SUR
J-4103-08-V1;111000000000;COLEGIO AULAS COLOMBIANAS SAN LUIS (IED);COMPLEMENTARIA;CEFE SAN CRISTOBAL;KR 3 ESTE CL 18A SUR
J-4103-06-V1;111000000000;COLEGIO AULAS COLOMBIANAS SAN LUIS (IED);COMPLEMENTARIA;CEFE SAN CRISTOBAL;KR 3 ESTE CL 18A SUR
J-4103-04-V1;111000000000;COLEGIO AULAS COLOMBIANAS SAN LUIS (IED);COMPLEMENTARIA;CEFE SAN CRISTOBAL;KR 3 ESTE CL 18A SUR
J-4103-02-V1;111000000000;COLEGIO AULAS COLOMBIANAS SAN LUIS (IED);COMPLEMENTARIA;CEFE SAN CRISTOBAL;KR 3 ESTE CL 18A SUR
J-4206-02-V1;111000000000;COLEGIO MAGDALENA ORTEGA DE NARIÑO (IED);COMPLEMENTARIA;PARQUE SAUZALITO;CL 22 68 D 43
J-4206-02-V2;111000000000;COLEGIO MAGDALENA ORTEGA DE NARIÑO (IED);COMPLEMENTARIA;PARQUE SAUZALITO;CL 22 68 D 43
J-4206-03-V1;111000000000;COLEGIO MAGDALENA ORTEGA DE NARIÑO (IED);COMPLEMENTARIA;PARQUE SAUZALITO;CL 22 68 D 43
J-4206-03-V2;111000000000;COLEGIO MAGDALENA ORTEGA DE NARIÑO (IED);COMPLEMENTARIA;PARQUE SAUZALITO;CL 22 68 D 43
J-4206-04-V1;111000000000;COLEGIO MAGDALENA ORTEGA DE NARIÑO (IED);COMPLEMENTARIA;PARQUE SAUZALITO;CL 22 68 D 43
J-4115-04-V3;112000000000;COLEGIO FILARMONICO SIMON BOLIVAR (IED);COMPLEMENTARIA;ENTRADA CEFE FONTANAR DEL RIO;AC 145 138A 10
J-4115-04-V4;112000000000;COLEGIO FILARMONICO SIMON BOLIVAR (IED);COMPLEMENTARIA;ENTRADA CEFE FONTANAR DEL RIO;AC 145 138A 10
J-4115-04-V5;112000000000;COLEGIO FILARMONICO SIMON BOLIVAR (IED);COMPLEMENTARIA;ENTRADA CEFE FONTANAR DEL RIO;AC 145 138A 10
J-4124-05-V1;111000000000;COLEGIO AGUSTIN FERNANDEZ (IED);COMPLEMENTARIA;PARQUE MIRADOR DE LOS NEVADOS ;CL 147B 86 3
J-4124-06-V1;111000000000;COLEGIO AGUSTIN FERNANDEZ (IED);COMPLEMENTARIA;HUMEDAL LA CONEJERA;KR 136 D # 153 - 14
J-4124-06-V2;111000000000;COLEGIO AGUSTIN FERNANDEZ (IED);COMPLEMENTARIA;HUMEDAL LA CONEJERA;KR 136 D # 153 - 14
J-4124-07-V2;111000000000;COLEGIO AGUSTIN FERNANDEZ (IED);COMPLEMENTARIA;PARQUE MIRADOR DE LOS NEVADOS ;CL 147B 86 3
J-4124-07-V3;111000000000;COLEGIO AGUSTIN FERNANDEZ (IED);COMPLEMENTARIA;PARQUE MIRADOR DE LOS NEVADOS ;CL 147B 86 3
J-4124-09-V1;111000000000;COLEGIO AGUSTIN FERNANDEZ (IED);COMPLEMENTARIA;HUMEDAL LA CONEJERA;KR 136 D # 153 - 14
J-4124-10-V1;111000000000;COLEGIO AGUSTIN FERNANDEZ (IED);COMPLEMENTARIA;PARQUE MIRADOR DE LOS NEVADOS ;CL 147B 86 3
J-4124-12-V1;111000000000;COLEGIO AGUSTIN FERNANDEZ (IED);COMPLEMENTARIA;BIBLIOTECA PUBLICA JULIO MARIO SANTO DOMINGO ;AC 170 67 51
J-4124-12-V2;111000000000;COLEGIO AGUSTIN FERNANDEZ (IED);COMPLEMENTARIA;BIBLIOTECA PUBLICA JULIO MARIO SANTO DOMINGO ;AC 170 67 51
J-4288-01-V1;111000000000;COLEGIO ALBERTO LLERAS CAMARGO (IED);COMPLEMENTARIA;CREA LA CAMPIÑA;CL 146A 94A 05
J-4108-21-V1;112000000000;COLEGIO GERARDO PAREDES (IED);COMPLEMENTARIA;CEFE COMETAS;CLL 127 A 87-44
J-4108-20-V1;112000000000;COLEGIO GERARDO PAREDES (IED);COMPLEMENTARIA;CEFE COMETAS;CLL 127 A 87-44
J-4108-19-V2;112000000000;COLEGIO GERARDO PAREDES (IED);COMPLEMENTARIA;CEFE COMETAS;CLL 127 A 87-44
J-4108-19-V1;112000000000;COLEGIO GERARDO PAREDES (IED);COMPLEMENTARIA;CEFE COMETAS;CLL 127 A 87-44
J-4108-18-V2;112000000000;COLEGIO GERARDO PAREDES (IED);COMPLEMENTARIA;CEFE COMETAS;CLL 127 A 87-44
J-4108-18-V1;112000000000;COLEGIO GERARDO PAREDES (IED);COMPLEMENTARIA;CEFE COMETAS;CLL 127 A 87-44
J-4108-17-V1;112000000000;COLEGIO GERARDO PAREDES (IED);COMPLEMENTARIA;CEFE COMETAS;CLL 127 A 87-44
J-4108-16-V1;112000000000;COLEGIO GERARDO PAREDES (IED);COMPLEMENTARIA;CEFE COMETAS;CLL 127 A 87-44
J-4108-15-V2;112000000000;COLEGIO GERARDO PAREDES (IED);COMPLEMENTARIA;CEFE COMETAS;CLL 127 A 87-44
J-4108-15-V1;112000000000;COLEGIO GERARDO PAREDES (IED);COMPLEMENTARIA;CEFE COMETAS;CLL 127 A 87-44
J-4108-14-V2;112000000000;COLEGIO GERARDO PAREDES (IED);COMPLEMENTARIA;CEFE COMETAS;CLL 127 A 87-44
J-4108-14-V1;112000000000;COLEGIO GERARDO PAREDES (IED);COMPLEMENTARIA;CEFE COMETAS;CLL 127 A 87-44
J-4108-71-V1;112000000000;COLEGIO GERARDO PAREDES (IED);COMPLEMENTARIA;CEFE COMETAS;CLL 127 A 87-44
J-4108-68-V1;112000000000;COLEGIO GERARDO PAREDES (IED);COMPLEMENTARIA;CEFE COMETAS;CLL 127 A 87-44
J-4108-67-V1;112000000000;COLEGIO GERARDO PAREDES (IED);COMPLEMENTARIA;CEFE COMETAS;CLL 127 A 87-44
J-4108-66-V1;112000000000;COLEGIO GERARDO PAREDES (IED);COMPLEMENTARIA;CEFE COMETAS;CLL 127 A 87-44
J-4108-62-V1;112000000000;COLEGIO GERARDO PAREDES (IED);COMPLEMENTARIA;CEFE COMETAS;CLL 127 A 87-44
J-4108-59-V1;112000000000;COLEGIO GERARDO PAREDES (IED);COMPLEMENTARIA;CEFE COMETAS;CLL 127 A 87-44
J-4108-58-V1;112000000000;COLEGIO GERARDO PAREDES (IED);COMPLEMENTARIA;CEFE COMETAS;CLL 127 A 87-44
J-4108-56-V1;112000000000;COLEGIO GERARDO PAREDES (IED);COMPLEMENTARIA;CEFE COMETAS;CLL 127 A 87-44
J-4108-54-V1;112000000000;COLEGIO GERARDO PAREDES (IED);COMPLEMENTARIA;CEFE COMETAS;CLL 127 A 87-44
J-4108-53-V1;112000000000;COLEGIO GERARDO PAREDES (IED);COMPLEMENTARIA;CEFE COMETAS;CLL 127 A 87-44
J-4108-48-V1;112000000000;COLEGIO GERARDO PAREDES (IED);COMPLEMENTARIA;CEFE COMETAS;CLL 127 A 87-44
J-4108-46-V1;112000000000;COLEGIO GERARDO PAREDES (IED);COMPLEMENTARIA;CEFE COMETAS;CLL 127 A 87-44
J-4108-45-V1;112000000000;COLEGIO GERARDO PAREDES (IED);COMPLEMENTARIA;CEFE COMETAS;CLL 127 A 87-44
J-4108-39-V1;112000000000;COLEGIO GERARDO PAREDES (IED);COMPLEMENTARIA;CEFE COMETAS;CLL 127 A 87-44
J-4108-38-V1;112000000000;COLEGIO GERARDO PAREDES (IED);COMPLEMENTARIA;CEFE COMETAS;CLL 127 A 87-44
J-4108-37-V1;112000000000;COLEGIO GERARDO PAREDES (IED);COMPLEMENTARIA;CEFE COMETAS;CLL 127 A 87-44
J-4108-36-V1;112000000000;COLEGIO GERARDO PAREDES (IED);COMPLEMENTARIA;CEFE COMETAS;CLL 127 A 87-44
J-4108-33-V1;112000000000;COLEGIO GERARDO PAREDES (IED);COMPLEMENTARIA;CEFE COMETAS;CLL 127 A 87-44
J-4108-32-V1;112000000000;COLEGIO GERARDO PAREDES (IED);COMPLEMENTARIA;CEFE COMETAS;CLL 127 A 87-44
J-4108-28-V1;112000000000;COLEGIO GERARDO PAREDES (IED);COMPLEMENTARIA;CEFE COMETAS;CLL 127 A 87-44
J-4108-27-V1;112000000000;COLEGIO GERARDO PAREDES (IED);COMPLEMENTARIA;CEFE COMETAS;CLL 127 A 87-44
J-4108-26-V1;112000000000;COLEGIO GERARDO PAREDES (IED);COMPLEMENTARIA;CEFE COMETAS;CLL 127 A 87-44
J-4108-25-V1;112000000000;COLEGIO GERARDO PAREDES (IED);COMPLEMENTARIA;CEFE COMETAS;CLL 127 A 87-44
J-4108-22-V1;112000000000;COLEGIO GERARDO PAREDES (IED);COMPLEMENTARIA;CEFE COMETAS;CLL 127 A 87-44
J-4288-01-V2;111000000000;COLEGIO ALBERTO LLERAS CAMARGO (IED);COMPLEMENTARIA;CREA LA CAMPIÑA;CL 146A 94A 05
J-4288-02-V1;111000000000;COLEGIO ALBERTO LLERAS CAMARGO (IED);COMPLEMENTARIA;CREA LA CAMPIÑA;CL 146A 94A 05
J-4288-02-V2;111000000000;COLEGIO ALBERTO LLERAS CAMARGO (IED);COMPLEMENTARIA;CREA LA CAMPIÑA;CL 146A 94A 05
J-4288-03-V1;111000000000;COLEGIO ALBERTO LLERAS CAMARGO (IED);COMPLEMENTARIA;CREA LA CAMPIÑA;CL 146A 94A 05
J-4288-03-V2;111000000000;COLEGIO ALBERTO LLERAS CAMARGO (IED);COMPLEMENTARIA;CREA LA CAMPIÑA;CL 146A 94A 05
J-4288-04-V1;111000000000;COLEGIO ALBERTO LLERAS CAMARGO (IED);COMPLEMENTARIA;CREA LA CAMPIÑA;CL 146A 94A 05
J-4288-04-V2;111000000000;COLEGIO ALBERTO LLERAS CAMARGO (IED);COMPLEMENTARIA;CREA LA CAMPIÑA;CL 146A 94A 05
R-062;111000000000;COLEGIO NICOLAS BUENAVENTURA (IED);RURAL;NA;NA
R-063;111000000000;COLEGIO NICOLAS BUENAVENTURA (IED);RURAL;NA;NA
R-064;111000000000;COLEGIO NICOLAS BUENAVENTURA (IED);RURAL;NA;NA
R-065;111000000000;COLEGIO NICOLAS BUENAVENTURA (IED);RURAL;NA;NA
R-066;111000000000;COLEGIO NICOLAS BUENAVENTURA (IED);RURAL;NA;NA
J-4108-73-V1;112000000000;COLEGIO GERARDO PAREDES (IED);COMPLEMENTARIA;CUR AV 68;AK 68 49A 47
J-4108-72-V1;112000000000;COLEGIO GERARDO PAREDES (IED);COMPLEMENTARIA;CUR AV 68;AK 68 49A 47
J-4108-70-V1;112000000000;COLEGIO GERARDO PAREDES (IED);COMPLEMENTARIA;CUR AV 68;AK 68 49A 47
J-4108-57-V1;112000000000;COLEGIO GERARDO PAREDES (IED);COMPLEMENTARIA;CUR AV 68;AK 68 49A 47
J-4108-55-V1;112000000000;COLEGIO GERARDO PAREDES (IED);COMPLEMENTARIA;CUR AV 68;AK 68 49A 47
J-4108-51-V1;112000000000;COLEGIO GERARDO PAREDES (IED);COMPLEMENTARIA;CUR AV 68;AK 68 49A 47
J-4108-47-V1;112000000000;COLEGIO GERARDO PAREDES (IED);COMPLEMENTARIA;CUR AV 68;AK 68 49A 47
J-4108-40-V1;112000000000;COLEGIO GERARDO PAREDES (IED);COMPLEMENTARIA;CUR AV 68;AK 68 49A 47
R-067;111000000000;COLEGIO NICOLAS BUENAVENTURA (IED);RURAL;NA;NA
R-068;111000000000;COLEGIO NICOLAS BUENAVENTURA (IED);RURAL;NA;NA
R-069;111000000000;COLEGIO NICOLAS BUENAVENTURA (IED);RURAL;NA;NA
U-1054;111000000000;COLEGIO NICOLAS BUENAVENTURA (IED);URBANO;NA;NA
U-1460;111000000000;COLEGIO LA TOSCANA - LISBOA (IED);URBANO;NA;NA
U-1463;111000000000;COLEGIO LA TOSCANA - LISBOA (IED);URBANO;NA;NA
U-1544;112000000000;COLEGIO FILARMONICO SIMON BOLIVAR (IED);URBANO;NA;NA
U-1552;111000000000;COLEGIO TIBABUYES UNIVERSAL (IED);URBANO;NA;NA
J-4110-05-V5;112000000000;COLEGIO HUNZA (IED);COMPLEMENTARIA;CENTRO DE LA FELICIDAD LAS COMETAS;CLL 127 A 87-44
J-4110-05-V4;112000000000;COLEGIO HUNZA (IED);COMPLEMENTARIA;CENTRO DE LA FELICIDAD LAS COMETAS;CLL 127 A 87-44
J-4110-05-V3;112000000000;COLEGIO HUNZA (IED);COMPLEMENTARIA;CENTRO DE LA FELICIDAD LAS COMETAS;CLL 127 A 87-44
J-4110-05-V2;112000000000;COLEGIO HUNZA (IED);COMPLEMENTARIA;CENTRO DE LA FELICIDAD LAS COMETAS;CLL 127 A 87-44
J-4110-05-V1;112000000000;COLEGIO HUNZA (IED);COMPLEMENTARIA;CENTRO DE LA FELICIDAD LAS COMETAS;CLL 127 A 87-44
J-4110-04-V1;112000000000;COLEGIO HUNZA (IED);COMPLEMENTARIA;CENTRO DE LA FELICIDAD LAS COMETAS;CLL 127 A 87-44
J-4110-03-V1;112000000000;COLEGIO HUNZA (IED);COMPLEMENTARIA;CENTRO DE LA FELICIDAD LAS COMETAS;CLL 127 A 87-44
J-4110-02-V2;112000000000;COLEGIO HUNZA (IED);COMPLEMENTARIA;CENTRO DE LA FELICIDAD LAS COMETAS;CLL 127 A 87-44
J-4110-02-V1;112000000000;COLEGIO HUNZA (IED);COMPLEMENTARIA;CENTRO DE LA FELICIDAD LAS COMETAS;CLL 127 A 87-44
J-4110-01-V1;112000000000;COLEGIO HUNZA (IED);COMPLEMENTARIA;CENTRO DE LA FELICIDAD LAS COMETAS;CLL 127 A 87-44
U-1553;111000000000;COLEGIO TIBABUYES UNIVERSAL (IED);URBANO;NA;NA
U-1554;111000000000;COLEGIO ALBERTO LLERAS CAMARGO (IED);URBANO;NA;NA
U-1555;111000000000;COLEGIO ALBERTO LLERAS CAMARGO (IED);URBANO;NA;NA
U-1556;112000000000;COLEGIO JUAN LOZANO Y LOZANO (IED);URBANO;NA;NA
U-1558;111000000000;COLEGIO VEINTIUN ANGELES (IED);URBANO;NA;NA
U-1559;111000000000;COLEGIO VEINTIUN ANGELES (IED);URBANO;NA;NA
U-1607;112000000000;COLEGIO JUAN LOZANO Y LOZANO (IED);URBANO;NA;NA
U-1608;112000000000;COLEGIO JUAN LOZANO Y LOZANO (IED);URBANO;NA;NA
U-1609;111000000000;COLEGIO TIBABUYES UNIVERSAL (IED);URBANO;NA;NA
U-1611;111000000000;COLEGIO TIBABUYES UNIVERSAL (IED);URBANO;NA;NA
U-1612;111000000000;COLEGIO TIBABUYES UNIVERSAL (IED);URBANO;NA;NA
U-1623;111000000000;COLEGIO ALBERTO LLERAS CAMARGO (IED);URBANO;NA;NA
U-1624;111000000000;COLEGIO ALBERTO LLERAS CAMARGO (IED);URBANO;NA;NA
U-1625;111000000000;COLEGIO ALBERTO LLERAS CAMARGO (IED);URBANO;NA;NA
U-1649;111000000000;COLEGIO JAIME NIÑO DIEZ (IED);URBANO;NA;NA
U-1654;111000000000;COLEGIO VISTA BELLA (IED);URBANO;NA;NA
U-460;111000000000;COLEGIO ALBERTO LLERAS CAMARGO (IED);URBANO;NA;NA
U-466;111000000000;COLEGIO NICOLAS BUENAVENTURA (IED);URBANO;NA;NA
U-467;111000000000;COLEGIO NICOLAS BUENAVENTURA (IED);URBANO;NA;NA
U-468;111000000000;COLEGIO NICOLAS BUENAVENTURA (IED);URBANO;NA;NA
U-469;111000000000;COLEGIO NICOLAS BUENAVENTURA (IED);URBANO;NA;NA
U-472;112000000000;COLEGIO EL SALITRE - SUBA (IED);URBANO;NA;NA
U-473;112000000000;COLEGIO EL SALITRE - SUBA (IED);URBANO;NA;NA
U-474;112000000000;COLEGIO EL SALITRE - SUBA (IED);URBANO;NA;NA
U-475;112000000000;COLEGIO EL SALITRE - SUBA (IED);URBANO;NA;NA
U-476;112000000000;COLEGIO EL SALITRE - SUBA (IED);URBANO;NA;NA
U-477;112000000000;COLEGIO EL SALITRE - SUBA (IED);URBANO;NA;NA
U-478;112000000000;COLEGIO EL SALITRE - SUBA (IED);URBANO;NA;NA
U-479;112000000000;COLEGIO EL SALITRE - SUBA (IED);URBANO;NA;NA
U-480;112000000000;COLEGIO EL SALITRE - SUBA (IED);URBANO;NA;NA
U-481;112000000000;COLEGIO EL SALITRE - SUBA (IED);URBANO;NA;NA
U-516;112000000000;COLEGIO JUAN LOZANO Y LOZANO (IED);URBANO;NA;NA
U-517;112000000000;COLEGIO JUAN LOZANO Y LOZANO (IED);URBANO;NA;NA
U-518;112000000000;COLEGIO JUAN LOZANO Y LOZANO (IED);URBANO;NA;NA
U-519;112000000000;COLEGIO JUAN LOZANO Y LOZANO (IED);URBANO;NA;NA
U-520;112000000000;COLEGIO JUAN LOZANO Y LOZANO (IED);URBANO;NA;NA
U-521;112000000000;COLEGIO JUAN LOZANO Y LOZANO (IED);URBANO;NA;NA
U-522;112000000000;COLEGIO JUAN LOZANO Y LOZANO (IED);URBANO;NA;NA
U-523;112000000000;COLEGIO JUAN LOZANO Y LOZANO (IED);URBANO;NA;NA
U-524;112000000000;COLEGIO JUAN LOZANO Y LOZANO (IED);URBANO;NA;NA
U-525;112000000000;COLEGIO JUAN LOZANO Y LOZANO (IED);URBANO;NA;NA
U-526;112000000000;COLEGIO JUAN LOZANO Y LOZANO (IED);URBANO;NA;NA
U-527;112000000000;COLEGIO JUAN LOZANO Y LOZANO (IED);URBANO;NA;NA
U-533;112000000000;COLEGIO NUEVA ZELANDIA (IED);URBANO;NA;NA
U-535;112000000000;COLEGIO NUEVA ZELANDIA (IED);URBANO;NA;NA
U-536;112000000000;COLEGIO NUEVA ZELANDIA (IED);URBANO;NA;NA
U-537;112000000000;COLEGIO NUEVA ZELANDIA (IED);URBANO;NA;NA
U-538;112000000000;COLEGIO NUEVA ZELANDIA (IED);URBANO;NA;NA
U-539;112000000000;COLEGIO NUEVA ZELANDIA (IED);URBANO;NA;NA
U-557;111000000000;COLEGIO TIBABUYES UNIVERSAL (IED);URBANO;NA;NA
U-560;111000000000;COLEGIO TIBABUYES UNIVERSAL (IED);URBANO;NA;NA
U-561;111000000000;COLEGIO VEINTIUN ANGELES (IED);URBANO;NA;NA
J-4123-05-V3;111000000000;COLEGIO SAN CARLOS (IED);COMPLEMENTARIA;PARQUE METROPOLITANO EL TUNAL ;Av Carrera 24 Con Calle 50 A Surcostado Nor-o
J-4123-05-V2;111000000000;COLEGIO SAN CARLOS (IED);COMPLEMENTARIA;PARQUE METROPOLITANO EL TUNAL ;Av Carrera 24 Con Calle 50 A Surcostado Nor-o
J-4123-05-V1;111000000000;COLEGIO SAN CARLOS (IED);COMPLEMENTARIA;PARQUE METROPOLITANO EL TUNAL ;Av Carrera 24 Con Calle 50 A Surcostado Nor-o
J-4123-04-V4;111000000000;COLEGIO SAN CARLOS (IED);COMPLEMENTARIA;PARQUE METROPOLITANO EL TUNAL ;Av Carrera 24 Con Calle 50 A Surcostado Nor-o
J-4123-04-V3;111000000000;COLEGIO SAN CARLOS (IED);COMPLEMENTARIA;PARQUE METROPOLITANO EL TUNAL ;Av Carrera 24 Con Calle 50 A Surcostado Nor-o
J-4123-04-V2;111000000000;COLEGIO SAN CARLOS (IED);COMPLEMENTARIA;PARQUE METROPOLITANO EL TUNAL ;Av Carrera 24 Con Calle 50 A Surcostado Nor-o
J-4123-04-V1;111000000000;COLEGIO SAN CARLOS (IED);COMPLEMENTARIA;PARQUE METROPOLITANO EL TUNAL ;Av Carrera 24 Con Calle 50 A Surcostado Nor-o
J-4123-03-V4;111000000000;COLEGIO SAN CARLOS (IED);COMPLEMENTARIA;PARQUE METROPOLITANO EL TUNAL ;Av Carrera 24 Con Calle 50 A Surcostado Nor-o
J-4123-03-V3;111000000000;COLEGIO SAN CARLOS (IED);COMPLEMENTARIA;PARQUE METROPOLITANO EL TUNAL ;Av Carrera 24 Con Calle 50 A Surcostado Nor-o
J-4123-03-V2;111000000000;COLEGIO SAN CARLOS (IED);COMPLEMENTARIA;PARQUE METROPOLITANO EL TUNAL ;Av Carrera 24 Con Calle 50 A Surcostado Nor-o
J-4123-03-V1;111000000000;COLEGIO SAN CARLOS (IED);COMPLEMENTARIA;PARQUE METROPOLITANO EL TUNAL ;Av Carrera 24 Con Calle 50 A Surcostado Nor-o
J-4123-02-V3;111000000000;COLEGIO SAN CARLOS (IED);COMPLEMENTARIA;PARQUE METROPOLITANO EL TUNAL ;Av Carrera 24 Con Calle 50 A Surcostado Nor-o
J-4123-02-V2;111000000000;COLEGIO SAN CARLOS (IED);COMPLEMENTARIA;PARQUE METROPOLITANO EL TUNAL ;Av Carrera 24 Con Calle 50 A Surcostado Nor-o
J-4123-02-V1;111000000000;COLEGIO SAN CARLOS (IED);COMPLEMENTARIA;PARQUE METROPOLITANO EL TUNAL ;Av Carrera 24 Con Calle 50 A Surcostado Nor-o
J-4123-01-V3;111000000000;COLEGIO SAN CARLOS (IED);COMPLEMENTARIA;PARQUE METROPOLITANO EL TUNAL ;Av Carrera 24 Con Calle 50 A Surcostado Nor-o
J-4123-01-V2;111000000000;COLEGIO SAN CARLOS (IED);COMPLEMENTARIA;PARQUE METROPOLITANO EL TUNAL ;Av Carrera 24 Con Calle 50 A Surcostado Nor-o
J-4123-01-V1;111000000000;COLEGIO SAN CARLOS (IED);COMPLEMENTARIA;PARQUE METROPOLITANO EL TUNAL ;Av Carrera 24 Con Calle 50 A Surcostado Nor-o
J-4124-07-V1;111000000000;COLEGIO AGUSTIN FERNANDEZ (IED);COMPLEMENTARIA;CANCHA DE FUTBOL CEDRITOS ;CL 145 9 00
J-4124-04-V3;111000000000;COLEGIO AGUSTIN FERNANDEZ (IED);COMPLEMENTARIA;CANCHA DE FUTBOL CEDRITOS ;CL 145 9 00
J-4124-04-V2;111000000000;COLEGIO AGUSTIN FERNANDEZ (IED);COMPLEMENTARIA;CANCHA DE FUTBOL CEDRITOS ;CL 145 9 00
J-4124-04-V1;111000000000;COLEGIO AGUSTIN FERNANDEZ (IED);COMPLEMENTARIA;CANCHA DE FUTBOL CEDRITOS ;CL 145 9 00
J-4124-03-V1;111000000000;COLEGIO AGUSTIN FERNANDEZ (IED);COMPLEMENTARIA;CANCHA DE FUTBOL CEDRITOS ;CL 145 9 00
J-4124-02-V1;111000000000;COLEGIO AGUSTIN FERNANDEZ (IED);COMPLEMENTARIA;CANCHA DE FUTBOL CEDRITOS ;CL 145 9 00
J-4124-01-V1;111000000000;COLEGIO AGUSTIN FERNANDEZ (IED);COMPLEMENTARIA;CANCHA DE FUTBOL CEDRITOS ;CL 145 9 00
U-562;111000000000;COLEGIO VEINTIUN ANGELES (IED);URBANO;NA;NA
U-563;111000000000;COLEGIO VEINTIUN ANGELES (IED);URBANO;NA;NA
U-564;111000000000;COLEGIO VEINTIUN ANGELES (IED);URBANO;NA;NA
U-565;111000000000;COLEGIO VEINTIUN ANGELES (IED);URBANO;NA;NA
U-566;111000000000;COLEGIO VEINTIUN ANGELES (IED);URBANO;NA;NA
U-568;111000000000;COLEGIO VEINTIUN ANGELES (IED);URBANO;NA;NA
U-569;111000000000;COLEGIO VEINTIUN ANGELES (IED);URBANO;NA;NA
J-4206-04-V2;111000000000;COLEGIO MAGDALENA ORTEGA DE NARIÑO (IED);COMPLEMENTARIA;PARQUE SAUZALITO;CL 22 68 D 43
J-4206-05-V1;111000000000;COLEGIO MAGDALENA ORTEGA DE NARIÑO (IED);COMPLEMENTARIA;PARQUE SAUZALITO;CL 22 68 D 43
J-4206-05-V2;111000000000;COLEGIO MAGDALENA ORTEGA DE NARIÑO (IED);COMPLEMENTARIA;PARQUE SAUZALITO;CL 22 68 D 43
U-570;111000000000;COLEGIO VEINTIUN ANGELES (IED);URBANO;NA;NA
U-571;111000000000;COLEGIO VEINTIUN ANGELES (IED);URBANO;NA;NA
J-4125-02-V4;112000000000;COLEGIO CRISTOBAL COLON (IED);COMPLEMENTARIA;COMPENSAR SEDE 220;KR 7A  220 - 01
J-4125-02-V3;112000000000;COLEGIO CRISTOBAL COLON (IED);COMPLEMENTARIA;COMPENSAR SEDE 220;KR 7A  220 - 01
J-4125-02-V2;112000000000;COLEGIO CRISTOBAL COLON (IED);COMPLEMENTARIA;COMPENSAR SEDE 220;KR 7A  220 - 01
J-4125-02-V1;112000000000;COLEGIO CRISTOBAL COLON (IED);COMPLEMENTARIA;COMPENSAR SEDE 220;KR 7A  220 - 01
J-4125-01-V5;112000000000;COLEGIO CRISTOBAL COLON (IED);COMPLEMENTARIA;COMPENSAR SEDE 220;KR 7A  220 - 01
J-4125-01-V4;112000000000;COLEGIO CRISTOBAL COLON (IED);COMPLEMENTARIA;COMPENSAR SEDE 220;KR 7A  220 - 01
J-4125-01-V3;112000000000;COLEGIO CRISTOBAL COLON (IED);COMPLEMENTARIA;COMPENSAR SEDE 220;KR 7A  220 - 01
J-4125-01-V2;112000000000;COLEGIO CRISTOBAL COLON (IED);COMPLEMENTARIA;COMPENSAR SEDE 220;KR 7A  220 - 01
J-4125-01-V1;112000000000;COLEGIO CRISTOBAL COLON (IED);COMPLEMENTARIA;COMPENSAR SEDE 220;KR 7A  220 - 01
J-4125-04-V6;112000000000;COLEGIO CRISTOBAL COLON (IED);COMPLEMENTARIA;COMPENSAR SEDE 220;KR 7A  220 - 01
J-4127-04-V1;111000000000;COLEGIO SAN CAYETANO (IED);COMPLEMENTARIA;CREA ENTRENUBES;KR 15 ESTE 69 60 SUR
J-4127-03-V1;111000000000;COLEGIO SAN CAYETANO (IED);COMPLEMENTARIA;CREA ENTRENUBES;KR 15 ESTE 69 60 SUR
J-4127-02-V3;111000000000;COLEGIO SAN CAYETANO (IED);COMPLEMENTARIA;CREA ENTRENUBES;KR 15 ESTE 69 60 SUR
J-4127-02-V2;111000000000;COLEGIO SAN CAYETANO (IED);COMPLEMENTARIA;CREA ENTRENUBES;KR 15 ESTE 69 60 SUR
J-4127-02-V1;111000000000;COLEGIO SAN CAYETANO (IED);COMPLEMENTARIA;CREA ENTRENUBES;KR 15 ESTE 69 60 SUR
J-4127-01-V2;111000000000;COLEGIO SAN CAYETANO (IED);COMPLEMENTARIA;CREA ENTRENUBES;KR 15 ESTE 69 60 SUR
J-4127-01-V1;111000000000;COLEGIO SAN CAYETANO (IED);COMPLEMENTARIA;CREA ENTRENUBES;KR 15 ESTE 69 60 SUR
J-4129-04-V1;111000000000;COLEGIO NUEVA ESPERANZA (IED);COMPLEMENTARIA;PARQUE VALLES DE CAFAM;CL92 SUR 14 D 87
J-4129-03-V1;111000000000;COLEGIO NUEVA ESPERANZA (IED);COMPLEMENTARIA;PARQUE VALLES DE CAFAM;CL92 SUR 14 D 87
J-4129-02-V1;111000000000;COLEGIO NUEVA ESPERANZA (IED);COMPLEMENTARIA;PARQUE VALLES DE CAFAM;CL92 SUR 14 D 87
J-4129-01-V1;111000000000;COLEGIO NUEVA ESPERANZA (IED);COMPLEMENTARIA;PARQUE VALLES DE CAFAM;CL92 SUR 14 D 87
R-104;212000000000;COLEGIO RURAL PASQUILLA (IED);RURAL;NA;NA
R-105;212000000000;COLEGIO RURAL PASQUILLA (IED);RURAL;NA;NA
R-106;212000000000;COLEGIO RURAL PASQUILLA (IED);RURAL;NA;NA
R-107;212000000000;COLEGIO RURAL PASQUILLA (IED);RURAL;NA;NA
R-109;212000000000;COLEGIO RURAL PASQUILLA (IED);RURAL;NA;NA
R-110;212000000000;COLEGIO RURAL PASQUILLA (IED);RURAL;NA;NA
R-111;212000000000;COLEGIO RURAL PASQUILLA (IED);RURAL;NA;NA
R-112;212000000000;COLEGIO RURAL PASQUILLA (IED);RURAL;NA;NA
R-184;211000000000;COLEGIO GABRIEL GARCIA MARQUEZ (IED);RURAL;NA;NA
R-222;212000000000;COLEGIO EL DESTINO (IED);RURAL;NA;NA
R-361;212000000000;COLEGIO EL UVAL (IED);RURAL;NA;NA
R-474;212000000000;COLEGIO RURAL OLARTE (CED);RURAL;NA;NA
R-476;212000000000;COLEGIO EL UVAL (IED);RURAL;NA;NA
R-477;212000000000;COLEGIO EL UVAL (IED);RURAL;NA;NA
R-496;212000000000;COLEGIO RURAL OLARTE (CED);RURAL;NA;NA
R-498;211000000000;COLEGIO EL VERJON (IED);RURAL;NA;NA
R-499;212000000000;COLEGIO RURAL PASQUILLA (IED);RURAL;NA;NA
J-4130-06-V3;111000000000;COLEGIO NUEVO SAN ANDRES DE LOS ALTOS (IED);COMPLEMENTARIA;VALLES DE CAFAM;CL 73D BIS SUR 3A 1
J-4130-06-V2;111000000000;COLEGIO NUEVO SAN ANDRES DE LOS ALTOS (IED);COMPLEMENTARIA;VALLES DE CAFAM;CL 73D BIS SUR 3A 1
J-4130-06-V1;111000000000;COLEGIO NUEVO SAN ANDRES DE LOS ALTOS (IED);COMPLEMENTARIA;VALLES DE CAFAM;CL 73D BIS SUR 3A 1
J-4130-05-V2;111000000000;COLEGIO NUEVO SAN ANDRES DE LOS ALTOS (IED);COMPLEMENTARIA;VALLES DE CAFAM;CL 73D BIS SUR 3A 1
J-4130-05-V1;111000000000;COLEGIO NUEVO SAN ANDRES DE LOS ALTOS (IED);COMPLEMENTARIA;VALLES DE CAFAM;CL 73D BIS SUR 3A 1
J-4130-04-V4;111000000000;COLEGIO NUEVO SAN ANDRES DE LOS ALTOS (IED);COMPLEMENTARIA;VALLES DE CAFAM;CL 73D BIS SUR 3A 1
J-4130-04-V3;111000000000;COLEGIO NUEVO SAN ANDRES DE LOS ALTOS (IED);COMPLEMENTARIA;VALLES DE CAFAM;CL 73D BIS SUR 3A 1
J-4130-04-V2;111000000000;COLEGIO NUEVO SAN ANDRES DE LOS ALTOS (IED);COMPLEMENTARIA;VALLES DE CAFAM;CL 73D BIS SUR 3A 1
J-4130-04-V1;111000000000;COLEGIO NUEVO SAN ANDRES DE LOS ALTOS (IED);COMPLEMENTARIA;VALLES DE CAFAM;CL 73D BIS SUR 3A 1
J-4130-03-V3;111000000000;COLEGIO NUEVO SAN ANDRES DE LOS ALTOS (IED);COMPLEMENTARIA;VALLES DE CAFAM;CL 73D BIS SUR 3A 1
J-4130-03-V2;111000000000;COLEGIO NUEVO SAN ANDRES DE LOS ALTOS (IED);COMPLEMENTARIA;VALLES DE CAFAM;CL 73D BIS SUR 3A 1
J-4130-03-V1;111000000000;COLEGIO NUEVO SAN ANDRES DE LOS ALTOS (IED);COMPLEMENTARIA;VALLES DE CAFAM;CL 73D BIS SUR 3A 1
J-4161-02-V3;111000000000;COLEGIO SANTA BARBARA (IED);COMPLEMENTARIA;PARQUE METROPOLITANO EL TUNAL ;KR 24 CL 52B SUR
J-4161-02-V2;111000000000;COLEGIO SANTA BARBARA (IED);COMPLEMENTARIA;PARQUE METROPOLITANO EL TUNAL ;KR 24 CL 52B SUR
J-4161-02-V1;111000000000;COLEGIO SANTA BARBARA (IED);COMPLEMENTARIA;PARQUE METROPOLITANO EL TUNAL ;KR 24 CL 52B SUR
J-4161-01-V3;111000000000;COLEGIO SANTA BARBARA (IED);COMPLEMENTARIA;PARQUE METROPOLITANO EL TUNAL ;KR 24 CL 52B SUR
J-4161-01-V2;111000000000;COLEGIO SANTA BARBARA (IED);COMPLEMENTARIA;PARQUE METROPOLITANO EL TUNAL ;KR 24 CL 52B SUR
J-4161-01-V1;111000000000;COLEGIO SANTA BARBARA (IED);COMPLEMENTARIA;PARQUE METROPOLITANO EL TUNAL ;KR 24 CL 52B SUR
J-4161-04-V3;111000000000;COLEGIO SANTA BARBARA (IED);COMPLEMENTARIA;PARQUE METROPOLITANO EL TUNAL ;CL 48C S 22D 81
J-4161-04-V2;111000000000;COLEGIO SANTA BARBARA (IED);COMPLEMENTARIA;PARQUE METROPOLITANO EL TUNAL ;CL 48C S 22D 81
J-4161-04-V1;111000000000;COLEGIO SANTA BARBARA (IED);COMPLEMENTARIA;PARQUE METROPOLITANO EL TUNAL ;CL 48C S 22D 81
J-4161-03-V2;111000000000;COLEGIO SANTA BARBARA (IED);COMPLEMENTARIA;PARQUE METROPOLITANO EL TUNAL ;CL 48C S 22D 81
J-4161-03-V1;111000000000;COLEGIO SANTA BARBARA (IED);COMPLEMENTARIA;PARQUE METROPOLITANO EL TUNAL ;CL 48C S 22D 81
J-4163-02-V1;111000000000;COLEGIO UNION EUROPEA (IED);COMPLEMENTARIA;CREA MANITAS;CL  70 18M 87 SUR
J-4163-01-V5;111000000000;COLEGIO UNION EUROPEA (IED);COMPLEMENTARIA;CREA MANITAS;CL  70 18M 87 SUR
J-4163-01-V4;111000000000;COLEGIO UNION EUROPEA (IED);COMPLEMENTARIA;CREA MANITAS;CL  70 18M 87 SUR
J-4163-01-V3;111000000000;COLEGIO UNION EUROPEA (IED);COMPLEMENTARIA;CREA MANITAS;CL  70 18M 87 SUR
J-4163-01-V2;111000000000;COLEGIO UNION EUROPEA (IED);COMPLEMENTARIA;CREA MANITAS;CL  70 18M 87 SUR
J-4163-01-V1;111000000000;COLEGIO UNION EUROPEA (IED);COMPLEMENTARIA;CREA MANITAS;CL  70 18M 87 SUR
J-4177-02-V1;111000000000;COLEGIO JULIO GARAVITO ARMERO (IED);COMPLEMENTARIA;PARQUE METROPOLITANO EL TUNAL;CL 48C SUR 22D 81
J-4177-01-V1;111000000000;COLEGIO JULIO GARAVITO ARMERO (IED);COMPLEMENTARIA;PARQUE METROPOLITANO EL TUNAL;CL 48C SUR 22D 81
J-4177-03-V1;111000000000;COLEGIO JULIO GARAVITO ARMERO (IED);COMPLEMENTARIA;PARQUE METROPOLITANO EL TUNAL;CL 48C SUR 22D 81
J-4177-04-V1;111000000000;COLEGIO JULIO GARAVITO ARMERO (IED);COMPLEMENTARIA;PARQUE METROPOLITANO EL TUNAL;CL 48C SUR 22D 81
J-4177-08-V1;111000000000;COLEGIO JULIO GARAVITO ARMERO (IED);COMPLEMENTARIA;PARQUE EL JAZMÍN;AK 50 1D-28
J-4177-07-V1;111000000000;COLEGIO JULIO GARAVITO ARMERO (IED);COMPLEMENTARIA;PARQUE EL JAZMÍN;AK 50 1D-28
J-4177-06-V1;111000000000;COLEGIO JULIO GARAVITO ARMERO (IED);COMPLEMENTARIA;PARQUE EL JAZMÍN;AK 50 1D-28
J-4177-05-V1;111000000000;COLEGIO JULIO GARAVITO ARMERO (IED);COMPLEMENTARIA;PARQUE EL JAZMÍN;AK 50 1D-28
J-4177-10-V1;111000000000;COLEGIO JULIO GARAVITO ARMERO (IED);COMPLEMENTARIA;PARQUE EL JAZMÍN;AK 50 1D-28
J-4177-09-V1;111000000000;COLEGIO JULIO GARAVITO ARMERO (IED);COMPLEMENTARIA;PARQUE EL JAZMÍN;AK 50 1D-28
J-4177-12-V1;111000000000;COLEGIO JULIO GARAVITO ARMERO (IED);COMPLEMENTARIA;PARQUE EL JAZMÍN;AK 50 1D-28
J-4177-11-V1;111000000000;COLEGIO JULIO GARAVITO ARMERO (IED);COMPLEMENTARIA;PARQUE EL JAZMÍN;AK 50 1D-28
J-4180-03-V6;111000000000;COLEGIO FRANCISCO JAVIER MATIZ (IED);COMPLEMENTARIA;CREA GUSTAVO RESTREPO;CL 27A SUR 15 51
J-4180-03-V5;111000000000;COLEGIO FRANCISCO JAVIER MATIZ (IED);COMPLEMENTARIA;CREA GUSTAVO RESTREPO;CL 27A SUR 15 51
J-4180-03-V4;111000000000;COLEGIO FRANCISCO JAVIER MATIZ (IED);COMPLEMENTARIA;CREA GUSTAVO RESTREPO;CL 27A SUR 15 51
J-4180-03-V2;111000000000;COLEGIO FRANCISCO JAVIER MATIZ (IED);COMPLEMENTARIA;CREA GUSTAVO RESTREPO;CL 27A SUR 15 51
J-4180-03-V1;111000000000;COLEGIO FRANCISCO JAVIER MATIZ (IED);COMPLEMENTARIA;CREA GUSTAVO RESTREPO;CL 27A SUR 15 51
J-4180-02-V2;111000000000;COLEGIO FRANCISCO JAVIER MATIZ (IED);COMPLEMENTARIA;CREA GUSTAVO RESTREPO;CL 27A SUR 15 51
J-4180-02-V1;111000000000;COLEGIO FRANCISCO JAVIER MATIZ (IED);COMPLEMENTARIA;CREA GUSTAVO RESTREPO;CL 27A SUR 15 51
J-4188-06-V1;311000000000;COLEGIO LOS PINOS (IED);COMPLEMENTARIA;CREA LA PEPITA;KR 25 10 78
J-4188-05-V1;311000000000;COLEGIO LOS PINOS (IED);COMPLEMENTARIA;CREA LA PEPITA;KR 25 10 78
J-4188-04-V1;311000000000;COLEGIO LOS PINOS (IED);COMPLEMENTARIA;CREA LA PEPITA;KR 25 10 78
J-4188-03-V1;311000000000;COLEGIO LOS PINOS (IED);COMPLEMENTARIA;CREA LA PEPITA;KR 25 10 78
J-4188-02-V1;311000000000;COLEGIO LOS PINOS (IED);COMPLEMENTARIA;CREA LA PEPITA;KR 25 10 78
J-4188-01-V1;311000000000;COLEGIO LOS PINOS (IED);COMPLEMENTARIA;CREA LA PEPITA;KR 25 10 78
R-500;212000000000;COLEGIO RURAL PASQUILLA (IED);RURAL;NA;NA
R-501;212000000000;COLEGIO RURAL PASQUILLA (IED);RURAL;NA;NA
R-502;212000000000;COLEGIO RURAL PASQUILLA (IED);RURAL;NA;NA
T-1063;211850000000;COLEGIO TENERIFE - GRANADA SUR (IED);URBANO;NA;NA
T-1064;211850000000;COLEGIO TENERIFE - GRANADA SUR (IED);URBANO;NA;NA
U-085;111000000000;COLEGIO DIEGO MONTAÑA CUELLAR (IED);URBANO;NA;NA
J-4206-06-V1;111000000000;COLEGIO MAGDALENA ORTEGA DE NARIÑO (IED);COMPLEMENTARIA;PARQUE SAUZALITO;CL 22 68 D 43
T-1051;111000000000;COLEGIO MARCO TULIO FERNANDEZ (IED);TRASLADO;NA;NA
T-1052;111000000000;COLEGIO MARCO TULIO FERNANDEZ (IED);TRASLADO;NA;NA
T-1053;111000000000;COLEGIO MARCO TULIO FERNANDEZ (IED);TRASLADO;NA;NA
T-1054;111000000000;COLEGIO MARCO TULIO FERNANDEZ (IED);TRASLADO;NA;NA
T-1055;111000000000;COLEGIO MARCO TULIO FERNANDEZ (IED);TRASLADO;NA;NA
U-1007;111000000000;COLEGIO TABORA (IED);URBANO;NA;NA
U-1022;111000000000;COLEGIO TOMAS CARRASQUILLA (IED);URBANO;NA;NA
U-1024;111000000000;COLEGIO LA PALESTINA (IED);URBANO;NA;NA
U-1065;111000000000;COLEGIO ROBERT F. KENNEDY (IED);URBANO;NA;NA
U-1109;111000000000;COLEGIO JUAN FRANCISCO BERBEO (IED);URBANO;NA;NA
J-4210-04-V4;111000000000;COLEGIO LA BELLEZA LOS LIBERTADORES (IED);COMPLEMENTARIA;CREA ENTRENUBES;TV 14 ESTE 69 31
J-4210-04-V3;111000000000;COLEGIO LA BELLEZA LOS LIBERTADORES (IED);COMPLEMENTARIA;CREA ENTRENUBES;TV 14 ESTE 69 31
J-4210-04-V2;111000000000;COLEGIO LA BELLEZA LOS LIBERTADORES (IED);COMPLEMENTARIA;CREA ENTRENUBES;TV 14 ESTE 69 31
J-4210-04-V1;111000000000;COLEGIO LA BELLEZA LOS LIBERTADORES (IED);COMPLEMENTARIA;CREA ENTRENUBES;TV 14 ESTE 69 31
J-4210-02-V3;111000000000;COLEGIO LA BELLEZA LOS LIBERTADORES (IED);COMPLEMENTARIA;CREA ENTRENUBES;TV 14 ESTE 69 31
J-4210-02-V2;111000000000;COLEGIO LA BELLEZA LOS LIBERTADORES (IED);COMPLEMENTARIA;CREA ENTRENUBES;TV 14 ESTE 69 31
J-4210-02-V1;111000000000;COLEGIO LA BELLEZA LOS LIBERTADORES (IED);COMPLEMENTARIA;CREA ENTRENUBES;TV 14 ESTE 69 31
J-4210-01-V2;111000000000;COLEGIO LA BELLEZA LOS LIBERTADORES (IED);COMPLEMENTARIA;CREA ENTRENUBES;TV 14 ESTE 69 31
J-4210-01-V1;111000000000;COLEGIO LA BELLEZA LOS LIBERTADORES (IED);COMPLEMENTARIA;CREA ENTRENUBES;TV 14 ESTE 69 31
J-4229-04-V1;111000000000;COLEGIO ATANASIO GIRARDOT (IED);COMPLEMENTARIA;CREA GUSTAVO RESTREPO;CL 27 A SUR 15 51
J-4229-03-V2;111000000000;COLEGIO ATANASIO GIRARDOT (IED);COMPLEMENTARIA;CREA GUSTAVO RESTREPO;CL 27 A SUR 15 51
J-4229-03-V1;111000000000;COLEGIO ATANASIO GIRARDOT (IED);COMPLEMENTARIA;CREA GUSTAVO RESTREPO;CL 27 A SUR 15 51
J-4229-02-V2;111000000000;COLEGIO ATANASIO GIRARDOT (IED);COMPLEMENTARIA;CREA GUSTAVO RESTREPO;CL 27 A SUR 15 51
J-4229-02-V1;111000000000;COLEGIO ATANASIO GIRARDOT (IED);COMPLEMENTARIA;CREA GUSTAVO RESTREPO;CL 27 A SUR 15 51
J-4229-01-V2;111000000000;COLEGIO ATANASIO GIRARDOT (IED);COMPLEMENTARIA;CREA GUSTAVO RESTREPO;CL 27 A SUR 15 51
J-4229-01-V1;111000000000;COLEGIO ATANASIO GIRARDOT (IED);COMPLEMENTARIA;CREA GUSTAVO RESTREPO;CL 27 A SUR 15 51
J-4233-05-V3;111000000000;COLEGIO ESTRELLA DEL SUR (IED);COMPLEMENTARIA;PARQUE METROPOLITANO EL TUNAL ;CL 48C S 22D 81
J-4233-05-V2;111000000000;COLEGIO ESTRELLA DEL SUR (IED);COMPLEMENTARIA;PARQUE METROPOLITANO EL TUNAL ;CL 48C S 22D 81
J-4233-05-V1;111000000000;COLEGIO ESTRELLA DEL SUR (IED);COMPLEMENTARIA;PARQUE METROPOLITANO EL TUNAL ;CL 48C S 22D 81
J-4233-03-V2;111000000000;COLEGIO ESTRELLA DEL SUR (IED);COMPLEMENTARIA;PARQUE METROPOLITANO EL TUNAL ;CL 48C S 22D 81
J-4233-06-V3;111000000000;COLEGIO ESTRELLA DEL SUR (IED);COMPLEMENTARIA;PARQUE METROPOLITANO EL TUNAL ;CL 48C S 22D 81
J-4233-06-V2;111000000000;COLEGIO ESTRELLA DEL SUR (IED);COMPLEMENTARIA;PARQUE METROPOLITANO EL TUNAL ;CL 48C S 22D 81
J-4233-06-V1;111000000000;COLEGIO ESTRELLA DEL SUR (IED);COMPLEMENTARIA;PARQUE METROPOLITANO EL TUNAL ;CL 48C S 22D 81
J-4233-04-V3;111000000000;COLEGIO ESTRELLA DEL SUR (IED);COMPLEMENTARIA;PARQUE METROPOLITANO EL TUNAL ;CL 48C S 22D 81
J-4233-04-V2;111000000000;COLEGIO ESTRELLA DEL SUR (IED);COMPLEMENTARIA;PARQUE METROPOLITANO EL TUNAL ;CL 48C S 22D 81
J-4246-01-V5;111000000000;COLEGIO VILLEMAR EL CARMEN (IED);COMPLEMENTARIA;CREA VILLEMAR;Cll 20c # 96c-51
J-4246-01-V4;111000000000;COLEGIO VILLEMAR EL CARMEN (IED);COMPLEMENTARIA;CREA VILLEMAR;Cll 20c # 96c-51
J-4246-01-V3;111000000000;COLEGIO VILLEMAR EL CARMEN (IED);COMPLEMENTARIA;CREA VILLEMAR;Cll 20c # 96c-51
J-4246-01-V2;111000000000;COLEGIO VILLEMAR EL CARMEN (IED);COMPLEMENTARIA;CREA VILLEMAR;Cll 20c # 96c-51
J-4246-01-V1;111000000000;COLEGIO VILLEMAR EL CARMEN (IED);COMPLEMENTARIA;CREA VILLEMAR;Cll 20c # 96c-51
J-4247-04-V7;111000000000;COLEGIO CARLOS ARTURO TORRES (IED);COMPLEMENTARIA;CREA CASTILLA;KR 75 8B 89
J-4247-04-V6;111000000000;COLEGIO CARLOS ARTURO TORRES (IED);COMPLEMENTARIA;CREA CASTILLA;KR 75 8B 89
J-4247-04-V5;111000000000;COLEGIO CARLOS ARTURO TORRES (IED);COMPLEMENTARIA;CREA CASTILLA;KR 75 8B 89
J-4247-04-V4;111000000000;COLEGIO CARLOS ARTURO TORRES (IED);COMPLEMENTARIA;CREA CASTILLA;KR 75 8B 89
J-4247-04-V3;111000000000;COLEGIO CARLOS ARTURO TORRES (IED);COMPLEMENTARIA;CREA CASTILLA;KR 75 8B 89
J-4247-04-V2;111000000000;COLEGIO CARLOS ARTURO TORRES (IED);COMPLEMENTARIA;CREA CASTILLA;KR 75 8B 89
J-4247-04-V1;111000000000;COLEGIO CARLOS ARTURO TORRES (IED);COMPLEMENTARIA;CREA CASTILLA;KR 75 8B 89
J-4247-03-V1;111000000000;COLEGIO CARLOS ARTURO TORRES (IED);COMPLEMENTARIA;CREA CASTILLA;KR 75 8B 89
J-4247-02-V3;111000000000;COLEGIO CARLOS ARTURO TORRES (IED);COMPLEMENTARIA;CREA CASTILLA;KR 75 8B 89
J-4247-02-V1;111000000000;COLEGIO CARLOS ARTURO TORRES (IED);COMPLEMENTARIA;CREA CASTILLA;KR 75 8B 89
J-4247-01-V3;111000000000;COLEGIO CARLOS ARTURO TORRES (IED);COMPLEMENTARIA;CREA CASTILLA;KR 75 8B 89
J-4247-01-V2;111000000000;COLEGIO CARLOS ARTURO TORRES (IED);COMPLEMENTARIA;CREA CASTILLA;KR 75 8B 89
J-4247-01-V1;111000000000;COLEGIO CARLOS ARTURO TORRES (IED);COMPLEMENTARIA;CREA CASTILLA;KR 75 8B 89
U-086;111000000000;COLEGIO DIEGO MONTAÑA CUELLAR (IED);URBANO;NA;NA
U-089;111000000000;COLEGIO DIEGO MONTAÑA CUELLAR (IED);URBANO;NA;NA
U-090;111000000000;COLEGIO DIEGO MONTAÑA CUELLAR (IED);URBANO;NA;NA
U-095;112000000000;COLEGIO FEDERICO GARCIA LORCA (IED);URBANO;NA;NA
U-096;112000000000;COLEGIO FEDERICO GARCIA LORCA (IED);URBANO;NA;NA
U-097;112000000000;COLEGIO FRANCISCO ANTONIO ZEA DE USME (IED);URBANO;NA;NA
J-4271-03-V3;111000000000;COLEGIO SALUDCOOP SUR (IED);COMPLEMENTARIA;CREA CASTILLA;KR 75 8B 89
J-4271-03-V2;111000000000;COLEGIO SALUDCOOP SUR (IED);COMPLEMENTARIA;CREA CASTILLA;KR 75 8B 89
J-4271-03-V1;111000000000;COLEGIO SALUDCOOP SUR (IED);COMPLEMENTARIA;CREA CASTILLA;KR 75 8B 89
J-4271-02-V3;111000000000;COLEGIO SALUDCOOP SUR (IED);COMPLEMENTARIA;CREA CASTILLA;KR 75 8B 89
J-4271-02-V2;111000000000;COLEGIO SALUDCOOP SUR (IED);COMPLEMENTARIA;CREA CASTILLA;KR 75 8B 89
J-4271-02-V1;111000000000;COLEGIO SALUDCOOP SUR (IED);COMPLEMENTARIA;CREA CASTILLA;KR 75 8B 89
J-4271-01-V3;111000000000;COLEGIO SALUDCOOP SUR (IED);COMPLEMENTARIA;CREA CASTILLA;KR 75 8B 89
J-4271-01-V2;111000000000;COLEGIO SALUDCOOP SUR (IED);COMPLEMENTARIA;CREA CASTILLA;KR 75 8B 89
J-4271-01-V1;111000000000;COLEGIO SALUDCOOP SUR (IED);COMPLEMENTARIA;CREA CASTILLA;KR 75 8B 89
U-098;112000000000;COLEGIO FRANCISCO ANTONIO ZEA DE USME (IED);URBANO;NA;NA
U-099;212000000000;COLEGIO GRAN YOMASA (IED);URBANO;NA;NA
U-100;212000000000;COLEGIO GRAN YOMASA (IED);URBANO;NA;NA
U-1010;112000000000;COLEGIO FRANCISCO ANTONIO ZEA DE USME (IED);URBANO;NA;NA
U-1395;112000000000;COLEGIO FEDERICO GARCIA LORCA (IED);URBANO;NA;NA
U-1619;112000000000;COLEGIO FRANCISCO ANTONIO ZEA DE USME (IED);URBANO;NA;NA
J-4274-08-V3;111000000000;COLEGIO SANTA MARTHA (IED);COMPLEMENTARIA;PARQUE LA AURORA;KR 14L DG 70A SUR
J-4274-08-V1;111000000000;COLEGIO SANTA MARTHA (IED);COMPLEMENTARIA;PARQUE LA AURORA;KR 14L DG 70A SUR
J-4274-07-V2;111000000000;COLEGIO SANTA MARTHA (IED);COMPLEMENTARIA;PARQUE LA AURORA;KR 14L DG 70A SUR
J-4274-07-V1;111000000000;COLEGIO SANTA MARTHA (IED);COMPLEMENTARIA;PARQUE LA AURORA;KR 14L DG 70A SUR
J-4274-06-V1;111000000000;COLEGIO SANTA MARTHA (IED);COMPLEMENTARIA;PARQUE LA AURORA;KR 14L DG 70A SUR
J-4274-05-V2;111000000000;COLEGIO SANTA MARTHA (IED);COMPLEMENTARIA;PARQUE LA AURORA;KR 14L DG 70A SUR
J-4274-05-V1;111000000000;COLEGIO SANTA MARTHA (IED);COMPLEMENTARIA;PARQUE LA AURORA;KR 14L DG 70A SUR
U-572;111000000000;COLEGIO VEINTIUN ANGELES (IED);URBANO;NA;NA
U-573;111000000000;COLEGIO VEINTIUN ANGELES (IED);URBANO;NA;NA
U-574;111000000000;COLEGIO VEINTIUN ANGELES (IED);URBANO;NA;NA
U-575;111000000000;COLEGIO VEINTIUN ANGELES (IED);URBANO;NA;NA
U-576;111000000000;COLEGIO VEINTIUN ANGELES (IED);URBANO;NA;NA
U-577;111000000000;COLEGIO VEINTIUN ANGELES (IED);URBANO;NA;NA
U-578;111000000000;COLEGIO VISTA BELLA (IED);URBANO;NA;NA
U-579;111000000000;COLEGIO VISTA BELLA (IED);URBANO;NA;NA
