Código Ruta;Dane_IED2;IED
E-002;211850000981;COLEGIO EL UVAL (IED)
E-003;211850000981;COLEGIO EL UVAL (IED)
E-004;211850000981;COLEGIO EL UVAL (IED)
E-005;211850000981;COLEGIO EL UVAL (IED)
E-006;211001076346;COLEGIO CAMPESTRE JAIME GARZON (IED)
E-007;211001076346;COLEGIO CAMPESTRE JAIME GARZON (IED)
E-010;211850001473;COLEGIO GIMNASIO DEL CAMPO JUAN DE LA CRUZ VARELA (IED)
E-011;211850001473;COLEGIO GIMNASIO DEL CAMPO JUAN DE LA CRUZ VARELA (IED)
E-012;211850001473;COLEGIO GIMNASIO DEL CAMPO JUAN DE LA CRUZ VARELA (IED)
E-014;211850001473;COLEGIO GIMNASIO DEL CAMPO JUAN DE LA CRUZ VARELA (IED)
E-021;211850001317;COLEGIO RURAL JOSE CELESTINO MUTIS (IED)
E-038;211850001317;COLEGIO RURAL JOSE CELESTINO MUTIS (IED)
E-040;111001086681;COLEGIO NUEVO HORIZONTE (IED)
E-041;111001086681;COLEGIO NUEVO HORIZONTE (IED)
E-042;211850001317;COLEGIO RURAL JOSE CELESTINO MUTIS (IED)
E-043;211850001317;COLEGIO RURAL JOSE CELESTINO MUTIS (IED)
E-046;211850001121;COLEGIO RURAL PASQUILLA (IED)
E-047;211850001121;COLEGIO RURAL PASQUILLA (IED)
E-048;211850001121;COLEGIO RURAL PASQUILLA (IED)
E-049;211850001121;COLEGIO RURAL PASQUILLA (IED)
E-050;211850001121;COLEGIO RURAL PASQUILLA (IED)
E-052;211850001121;COLEGIO RURAL PASQUILLA (IED)
E-055;211850001121;COLEGIO RURAL PASQUILLA (IED)
E-056;211850001121;COLEGIO RURAL PASQUILLA (IED)
E-057;211850001171;COLEGIO RURAL QUIBA ALTA (IED)
E-058;211850001171;COLEGIO RURAL QUIBA ALTA (IED)
E-059;211850001171;COLEGIO RURAL QUIBA ALTA (IED)
E-060;211850001171;COLEGIO RURAL QUIBA ALTA (IED)
E-061;211850001171;COLEGIO RURAL QUIBA ALTA (IED)
E-062;211001076346;COLEGIO CAMPESTRE JAIME GARZON (IED)
J-4003-01-V1;111001024830;COLEGIO FRANCISCO PRIMERO S.S. (IED)
J-4004-01-V1;111001029912;COLEGIO JUAN FRANCISCO BERBEO (IED)
J-4004-01-V2;111001029912;COLEGIO JUAN FRANCISCO BERBEO (IED)
J-4004-01-V3;111001029912;COLEGIO JUAN FRANCISCO BERBEO (IED)
J-4004-01-V4;111001029912;COLEGIO JUAN FRANCISCO BERBEO (IED)
J-4004-02-V1;111001029912;COLEGIO JUAN FRANCISCO BERBEO (IED)
J-4004-02-V2;111001029912;COLEGIO JUAN FRANCISCO BERBEO (IED)
J-4004-02-V3;111001029912;COLEGIO JUAN FRANCISCO BERBEO (IED)
J-4004-03-V1;111001029912;COLEGIO JUAN FRANCISCO BERBEO (IED)
J-4004-03-V2;111001029912;COLEGIO JUAN FRANCISCO BERBEO (IED)
J-4004-03-V3;111001029912;COLEGIO JUAN FRANCISCO BERBEO (IED)
J-4004-03-V4;111001029912;COLEGIO JUAN FRANCISCO BERBEO (IED)
J-4004-04-V1;111001029912;COLEGIO JUAN FRANCISCO BERBEO (IED)
J-4004-04-V2;111001029912;COLEGIO JUAN FRANCISCO BERBEO (IED)
J-4004-04-V3;111001029912;COLEGIO JUAN FRANCISCO BERBEO (IED)
J-4029-01-V1;211001076958;COLEGIO VILLAS DEL PROGRESO (IED)
J-4029-01-V2;211001076958;COLEGIO VILLAS DEL PROGRESO (IED)
J-4029-01-V3;211001076958;COLEGIO VILLAS DEL PROGRESO (IED)
J-4029-02-V1;211001076958;COLEGIO VILLAS DEL PROGRESO (IED)
J-4029-02-V2;211001076958;COLEGIO VILLAS DEL PROGRESO (IED)
J-4029-02-V3;211001076958;COLEGIO VILLAS DEL PROGRESO (IED)
J-4029-03-V1;211001076958;COLEGIO VILLAS DEL PROGRESO (IED)
J-4029-04-V1;211001076958;COLEGIO VILLAS DEL PROGRESO (IED)
J-4029-04-V2;211001076958;COLEGIO VILLAS DEL PROGRESO (IED)
J-4029-04-V3;211001076958;COLEGIO VILLAS DEL PROGRESO (IED)
J-4029-05-V1;211001076958;COLEGIO VILLAS DEL PROGRESO (IED)
J-4029-05-V2;211001076958;COLEGIO VILLAS DEL PROGRESO (IED)
J-4029-05-V3;211001076958;COLEGIO VILLAS DEL PROGRESO (IED)
J-4029-06-V1;211001076958;COLEGIO VILLAS DEL PROGRESO (IED)
J-4029-06-V2;211001076958;COLEGIO VILLAS DEL PROGRESO (IED)
J-4029-07-V1;211001076958;COLEGIO VILLAS DEL PROGRESO (IED)
J-4029-08-V1;211001076958;COLEGIO VILLAS DEL PROGRESO (IED)
J-4029-08-V2;211001076958;COLEGIO VILLAS DEL PROGRESO (IED)
J-4029-09-V1;211001076958;COLEGIO VILLAS DEL PROGRESO (IED)
J-4029-09-V2;211001076958;COLEGIO VILLAS DEL PROGRESO (IED)
J-4029-10-V1;211001076958;COLEGIO VILLAS DEL PROGRESO (IED)
J-4029-10-V2;211001076958;COLEGIO VILLAS DEL PROGRESO (IED)
J-4029-11-V1;211001076958;COLEGIO VILLAS DEL PROGRESO (IED)
J-4029-12-V1;211001076958;COLEGIO VILLAS DEL PROGRESO (IED)
J-4029-12-V2;211001076958;COLEGIO VILLAS DEL PROGRESO (IED)
J-4029-13-V1;211001076958;COLEGIO VILLAS DEL PROGRESO (IED)
J-4029-13-V2;211001076958;COLEGIO VILLAS DEL PROGRESO (IED)
J-4029-14-V1;211001076958;COLEGIO VILLAS DEL PROGRESO (IED)
J-4029-15-V1;211001076958;COLEGIO VILLAS DEL PROGRESO (IED)
J-4029-16-V1;211001076958;COLEGIO VILLAS DEL PROGRESO (IED)
J-4029-16-V2;211001076958;COLEGIO VILLAS DEL PROGRESO (IED)
J-4029-16-V3;211001076958;COLEGIO VILLAS DEL PROGRESO (IED)
J-4029-17-V1;211001076958;COLEGIO VILLAS DEL PROGRESO (IED)
J-4029-17-V2;211001076958;COLEGIO VILLAS DEL PROGRESO (IED)
J-4029-17-V3;211001076958;COLEGIO VILLAS DEL PROGRESO (IED)
J-4029-18-V1;211001076958;COLEGIO VILLAS DEL PROGRESO (IED)
J-4029-18-V2;211001076958;COLEGIO VILLAS DEL PROGRESO (IED)
J-4029-18-V3;211001076958;COLEGIO VILLAS DEL PROGRESO (IED)
J-4029-18-V4;211001076958;COLEGIO VILLAS DEL PROGRESO (IED)
J-4029-19-V1;211001076958;COLEGIO VILLAS DEL PROGRESO (IED)
J-4029-19-V2;211001076958;COLEGIO VILLAS DEL PROGRESO (IED)
J-4029-19-V3;211001076958;COLEGIO VILLAS DEL PROGRESO (IED)
J-4029-19-V4;211001076958;COLEGIO VILLAS DEL PROGRESO (IED)
J-4029-19-V5;211001076958;COLEGIO VILLAS DEL PROGRESO (IED)
J-4029-19-V6;211001076958;COLEGIO VILLAS DEL PROGRESO (IED)
J-4029-19-V7;211001076958;COLEGIO VILLAS DEL PROGRESO (IED)
J-4029-20-V1;211001076958;COLEGIO VILLAS DEL PROGRESO (IED)
J-4029-20-V2;211001076958;COLEGIO VILLAS DEL PROGRESO (IED)
J-4029-20-V3;211001076958;COLEGIO VILLAS DEL PROGRESO (IED)
J-4029-20-V4;211001076958;COLEGIO VILLAS DEL PROGRESO (IED)
J-4029-20-V5;211001076958;COLEGIO VILLAS DEL PROGRESO (IED)
J-4029-20-V6;211001076958;COLEGIO VILLAS DEL PROGRESO (IED)
J-4029-20-V7;211001076958;COLEGIO VILLAS DEL PROGRESO (IED)
J-4029-21-V1;211001076958;COLEGIO VILLAS DEL PROGRESO (IED)
J-4029-21-V2;211001076958;COLEGIO VILLAS DEL PROGRESO (IED)
J-4029-21-V3;211001076958;COLEGIO VILLAS DEL PROGRESO (IED)
J-4029-21-V4;211001076958;COLEGIO VILLAS DEL PROGRESO (IED)
J-4029-21-V5;211001076958;COLEGIO VILLAS DEL PROGRESO (IED)
J-4029-22-V1;211001076958;COLEGIO VILLAS DEL PROGRESO (IED)
J-4029-22-V2;211001076958;COLEGIO VILLAS DEL PROGRESO (IED)
J-4029-22-V3;211001076958;COLEGIO VILLAS DEL PROGRESO (IED)
J-4029-22-V4;211001076958;COLEGIO VILLAS DEL PROGRESO (IED)
J-4029-23-V1;211001076958;COLEGIO VILLAS DEL PROGRESO (IED)
J-4029-23-V2;211001076958;COLEGIO VILLAS DEL PROGRESO (IED)
J-4029-23-V3;211001076958;COLEGIO VILLAS DEL PROGRESO (IED)
J-4029-23-V4;211001076958;COLEGIO VILLAS DEL PROGRESO (IED)
J-4029-24-V1;211001076958;COLEGIO VILLAS DEL PROGRESO (IED)
J-4029-24-V2;211001076958;COLEGIO VILLAS DEL PROGRESO (IED)
J-4029-24-V3;211001076958;COLEGIO VILLAS DEL PROGRESO (IED)
J-4029-25-V1;211001076958;COLEGIO VILLAS DEL PROGRESO (IED)
J-4029-25-V2;211001076958;COLEGIO VILLAS DEL PROGRESO (IED)
J-4029-25-V3;211001076958;COLEGIO VILLAS DEL PROGRESO (IED)
J-4029-25-V4;211001076958;COLEGIO VILLAS DEL PROGRESO (IED)
J-4029-25-V5;211001076958;COLEGIO VILLAS DEL PROGRESO (IED)
J-4029-25-V6;211001076958;COLEGIO VILLAS DEL PROGRESO (IED)
J-4029-25-V7;211001076958;COLEGIO VILLAS DEL PROGRESO (IED)
J-4029-25-V8;211001076958;COLEGIO VILLAS DEL PROGRESO (IED)
J-4029-26-V1;211001076958;COLEGIO VILLAS DEL PROGRESO (IED)
J-4029-26-V2;211001076958;COLEGIO VILLAS DEL PROGRESO (IED)
J-4029-26-V3;211001076958;COLEGIO VILLAS DEL PROGRESO (IED)
J-4029-26-V4;211001076958;COLEGIO VILLAS DEL PROGRESO (IED)
J-4029-26-V5;211001076958;COLEGIO VILLAS DEL PROGRESO (IED)
J-4029-26-V6;211001076958;COLEGIO VILLAS DEL PROGRESO (IED)
J-4029-26-V7;211001076958;COLEGIO VILLAS DEL PROGRESO (IED)
J-4029-27-V1;211001076958;COLEGIO VILLAS DEL PROGRESO (IED)
J-4029-27-V2;211001076958;COLEGIO VILLAS DEL PROGRESO (IED)
J-4029-27-V3;211001076958;COLEGIO VILLAS DEL PROGRESO (IED)
J-4029-27-V4;211001076958;COLEGIO VILLAS DEL PROGRESO (IED)
J-4029-27-V5;211001076958;COLEGIO VILLAS DEL PROGRESO (IED)
J-4029-27-V6;211001076958;COLEGIO VILLAS DEL PROGRESO (IED)
J-4029-28-V1;211001076958;COLEGIO VILLAS DEL PROGRESO (IED)
J-4029-29-V1;211001076958;COLEGIO VILLAS DEL PROGRESO (IED)
J-4029-29-V2;211001076958;COLEGIO VILLAS DEL PROGRESO (IED)
J-4029-30-V1;211001076958;COLEGIO VILLAS DEL PROGRESO (IED)
J-4029-30-V2;211001076958;COLEGIO VILLAS DEL PROGRESO (IED)
J-4029-31-V1;211001076958;COLEGIO VILLAS DEL PROGRESO (IED)
J-4029-32-V1;211001076958;COLEGIO VILLAS DEL PROGRESO (IED)
J-4029-33-V1;211001076958;COLEGIO VILLAS DEL PROGRESO (IED)
J-4029-34-V1;211001076958;COLEGIO VILLAS DEL PROGRESO (IED)
J-4029-35-V1;211001076958;COLEGIO VILLAS DEL PROGRESO (IED)
J-4029-36-V1;211001076958;COLEGIO VILLAS DEL PROGRESO (IED)
J-4029-37-V1;211001076958;COLEGIO VILLAS DEL PROGRESO (IED)
J-4029-37-V2;211001076958;COLEGIO VILLAS DEL PROGRESO (IED)
J-4029-39-V1;211001076958;COLEGIO VILLAS DEL PROGRESO (IED)
J-4029-39-V2;211001076958;COLEGIO VILLAS DEL PROGRESO (IED)
J-4029-40-V1;211001076958;COLEGIO VILLAS DEL PROGRESO (IED)
J-4029-40-V2;211001076958;COLEGIO VILLAS DEL PROGRESO (IED)
J-4029-40-V3;211001076958;COLEGIO VILLAS DEL PROGRESO (IED)
J-4029-41-V1;211001076958;COLEGIO VILLAS DEL PROGRESO (IED)
J-4029-42-V1;211001076958;COLEGIO VILLAS DEL PROGRESO (IED)
J-4029-42-V2;211001076958;COLEGIO VILLAS DEL PROGRESO (IED)
J-4029-42-V3;211001076958;COLEGIO VILLAS DEL PROGRESO (IED)
J-4029-43-V1;211001076958;COLEGIO VILLAS DEL PROGRESO (IED)
J-4029-43-V2;211001076958;COLEGIO VILLAS DEL PROGRESO (IED)
J-4029-44-V1;211001076958;COLEGIO VILLAS DEL PROGRESO (IED)
J-4029-44-V2;211001076958;COLEGIO VILLAS DEL PROGRESO (IED)
J-4029-44-V3;211001076958;COLEGIO VILLAS DEL PROGRESO (IED)
J-4029-44-V4;211001076958;COLEGIO VILLAS DEL PROGRESO (IED)
J-4029-45-V1;211001076958;COLEGIO VILLAS DEL PROGRESO (IED)
J-4029-45-V2;211001076958;COLEGIO VILLAS DEL PROGRESO (IED)
J-4029-46-V1;211001076958;COLEGIO VILLAS DEL PROGRESO (IED)
J-4029-46-V2;211001076958;COLEGIO VILLAS DEL PROGRESO (IED)
J-4029-47-V1;211001076958;COLEGIO VILLAS DEL PROGRESO (IED)
J-4029-47-V2;211001076958;COLEGIO VILLAS DEL PROGRESO (IED)
J-4029-48-V1;211001076958;COLEGIO VILLAS DEL PROGRESO (IED)
J-4029-48-V2;211001076958;COLEGIO VILLAS DEL PROGRESO (IED)
J-4029-48-V3;211001076958;COLEGIO VILLAS DEL PROGRESO (IED)
J-4029-49-V1;211001076958;COLEGIO VILLAS DEL PROGRESO (IED)
J-4029-49-V2;211001076958;COLEGIO VILLAS DEL PROGRESO (IED)
J-4029-50-V1;211001076958;COLEGIO VILLAS DEL PROGRESO (IED)
J-4029-50-V2;211001076958;COLEGIO VILLAS DEL PROGRESO (IED)
J-4029-50-V3;211001076958;COLEGIO VILLAS DEL PROGRESO (IED)
J-4029-51-V1;211001076958;COLEGIO VILLAS DEL PROGRESO (IED)
J-4029-52-V1;211001076958;COLEGIO VILLAS DEL PROGRESO (IED)
J-4029-52-V2;211001076958;COLEGIO VILLAS DEL PROGRESO (IED)
J-4029-52-V3;211001076958;COLEGIO VILLAS DEL PROGRESO (IED)
J-4029-52-V4;211001076958;COLEGIO VILLAS DEL PROGRESO (IED)
J-4029-53-V1;211001076958;COLEGIO VILLAS DEL PROGRESO (IED)
J-4029-53-V2;211001076958;COLEGIO VILLAS DEL PROGRESO (IED)
J-4029-54-V1;211001076958;COLEGIO VILLAS DEL PROGRESO (IED)
J-4029-55-V1;211001076958;COLEGIO VILLAS DEL PROGRESO (IED)
J-4029-55-V2;211001076958;COLEGIO VILLAS DEL PROGRESO (IED)
J-4029-57-V1;211001076958;COLEGIO VILLAS DEL PROGRESO (IED)
J-4029-57-V2;211001076958;COLEGIO VILLAS DEL PROGRESO (IED)
J-4030-01-V1;111001033901;COLEGIO CAMPESTRE MONTE VERDE (IED)
J-4030-01-V2;111001033901;COLEGIO CAMPESTRE MONTE VERDE (IED)
J-4030-01-V3;111001033901;COLEGIO CAMPESTRE MONTE VERDE (IED)
J-4030-02-V1;111001033901;COLEGIO CAMPESTRE MONTE VERDE (IED)
J-4030-02-V2;111001033901;COLEGIO CAMPESTRE MONTE VERDE (IED)
J-4030-02-V3;111001033901;COLEGIO CAMPESTRE MONTE VERDE (IED)
J-4030-03-V1;111001033901;COLEGIO CAMPESTRE MONTE VERDE (IED)
J-4030-03-V2;111001033901;COLEGIO CAMPESTRE MONTE VERDE (IED)
J-4030-03-V3;111001033901;COLEGIO CAMPESTRE MONTE VERDE (IED)
J-4030-04-V1;111001033901;COLEGIO CAMPESTRE MONTE VERDE (IED)
J-4030-04-V2;111001033901;COLEGIO CAMPESTRE MONTE VERDE (IED)
J-4030-04-V3;111001033901;COLEGIO CAMPESTRE MONTE VERDE (IED)
J-4031-01-V1;111001034665;COLEGIO SAN MARTIN DE PORRES (IED)
J-4031-01-V2;111001034665;COLEGIO SAN MARTIN DE PORRES (IED)
J-4031-01-V3;111001034665;COLEGIO SAN MARTIN DE PORRES (IED)
J-4031-01-V4;111001034665;COLEGIO SAN MARTIN DE PORRES (IED)
J-4032-01-V1;111001016314;COLEGIO SIMON RODRIGUEZ (IED)
J-4032-03-V1;111001016314;COLEGIO SIMON RODRIGUEZ (IED)
J-4032-03-V2;111001016314;COLEGIO SIMON RODRIGUEZ (IED)
J-4032-03-V3;111001016314;COLEGIO SIMON RODRIGUEZ (IED)
J-4032-05-V1;111001016314;COLEGIO SIMON RODRIGUEZ (IED)
J-4032-05-V2;111001016314;COLEGIO SIMON RODRIGUEZ (IED)
J-4032-05-V3;111001016314;COLEGIO SIMON RODRIGUEZ (IED)
J-4032-07-V1;111001016314;COLEGIO SIMON RODRIGUEZ (IED)
J-4032-07-V2;111001016314;COLEGIO SIMON RODRIGUEZ (IED)
J-4032-09-V2;111001016314;COLEGIO SIMON RODRIGUEZ (IED)
J-4032-10-V1;111001016314;COLEGIO SIMON RODRIGUEZ (IED)
J-4032-11-V1;111001016314;COLEGIO SIMON RODRIGUEZ (IED)
J-4032-11-V2;111001016314;COLEGIO SIMON RODRIGUEZ (IED)
J-4032-11-V3;111001016314;COLEGIO SIMON RODRIGUEZ (IED)
J-4032-13-V1;111001016314;COLEGIO SIMON RODRIGUEZ (IED)
J-4032-13-V2;111001016314;COLEGIO SIMON RODRIGUEZ (IED)
J-4033-01-V1;111001107859;COLEGIO ANTONIO GARCIA (IED)
J-4033-01-V2;111001107859;COLEGIO ANTONIO GARCIA (IED)
J-4033-01-V3;111001107859;COLEGIO ANTONIO GARCIA (IED)
J-4033-01-V4;111001107859;COLEGIO ANTONIO GARCIA (IED)
J-4033-01-V5;111001107859;COLEGIO ANTONIO GARCIA (IED)
J-4033-01-V6;111001107859;COLEGIO ANTONIO GARCIA (IED)
J-4033-02-V1;111001107859;COLEGIO ANTONIO GARCIA (IED)
J-4033-02-V2;111001107859;COLEGIO ANTONIO GARCIA (IED)
J-4033-02-V3;111001107859;COLEGIO ANTONIO GARCIA (IED)
J-4033-02-V4;111001107859;COLEGIO ANTONIO GARCIA (IED)
J-4033-02-V5;111001107859;COLEGIO ANTONIO GARCIA (IED)
J-4033-02-V6;111001107859;COLEGIO ANTONIO GARCIA (IED)
J-4033-03-V1;111001107859;COLEGIO ANTONIO GARCIA (IED)
J-4033-03-V2;111001107859;COLEGIO ANTONIO GARCIA (IED)
J-4033-03-V3;111001107859;COLEGIO ANTONIO GARCIA (IED)
J-4033-03-V4;111001107859;COLEGIO ANTONIO GARCIA (IED)
J-4033-03-V5;111001107859;COLEGIO ANTONIO GARCIA (IED)
J-4033-03-V6;111001107859;COLEGIO ANTONIO GARCIA (IED)
J-4033-04-V1;111001107859;COLEGIO ANTONIO GARCIA (IED)
J-4033-04-V2;111001107859;COLEGIO ANTONIO GARCIA (IED)
J-4033-04-V3;111001107859;COLEGIO ANTONIO GARCIA (IED)
J-4033-04-V4;111001107859;COLEGIO ANTONIO GARCIA (IED)
J-4033-04-V5;111001107859;COLEGIO ANTONIO GARCIA (IED)
J-4033-04-V6;111001107859;COLEGIO ANTONIO GARCIA (IED)
J-4035-01-V1;111001034754;COLEGIO COMPARTIR RECUERDO (IED)
J-4035-02-V1;111001034754;COLEGIO COMPARTIR RECUERDO (IED)
J-4035-03-V1;111001034754;COLEGIO COMPARTIR RECUERDO (IED)
J-4035-04-V1;111001034754;COLEGIO COMPARTIR RECUERDO (IED)
J-4035-05-V1;111001034754;COLEGIO COMPARTIR RECUERDO (IED)
J-4035-06-V1;111001034754;COLEGIO COMPARTIR RECUERDO (IED)
J-4035-07-V1;111001034754;COLEGIO COMPARTIR RECUERDO (IED)
J-4035-08-V1;111001034754;COLEGIO COMPARTIR RECUERDO (IED)
J-4035-09-V1;111001034754;COLEGIO COMPARTIR RECUERDO (IED)
J-4035-10-V1;111001034754;COLEGIO COMPARTIR RECUERDO (IED)
J-4035-11-V1;111001034754;COLEGIO COMPARTIR RECUERDO (IED)
J-4035-12-V1;111001034754;COLEGIO COMPARTIR RECUERDO (IED)
J-4035-13-V1;111001034754;COLEGIO COMPARTIR RECUERDO (IED)
J-4035-14-V1;111001034754;COLEGIO COMPARTIR RECUERDO (IED)
J-4035-15-V1;111001034754;COLEGIO COMPARTIR RECUERDO (IED)
J-4035-16-V1;111001034754;COLEGIO COMPARTIR RECUERDO (IED)
J-4035-16-V2;111001034754;COLEGIO COMPARTIR RECUERDO (IED)
J-4035-16-V3;111001034754;COLEGIO COMPARTIR RECUERDO (IED)
J-4035-16-V4;111001034754;COLEGIO COMPARTIR RECUERDO (IED)
J-4035-17-V1;111001034754;COLEGIO COMPARTIR RECUERDO (IED)
J-4035-18-V1;111001034754;COLEGIO COMPARTIR RECUERDO (IED)
J-4035-18-V2;111001034754;COLEGIO COMPARTIR RECUERDO (IED)
J-4035-18-V3;111001034754;COLEGIO COMPARTIR RECUERDO (IED)
J-4035-18-V4;111001034754;COLEGIO COMPARTIR RECUERDO (IED)
J-4035-19-V1;111001034754;COLEGIO COMPARTIR RECUERDO (IED)
J-4035-19-V2;111001034754;COLEGIO COMPARTIR RECUERDO (IED)
J-4035-20-V1;111001034754;COLEGIO COMPARTIR RECUERDO (IED)
J-4035-21-V1;111001034754;COLEGIO COMPARTIR RECUERDO (IED)
J-4035-21-V2;111001034754;COLEGIO COMPARTIR RECUERDO (IED)
J-4035-21-V3;111001034754;COLEGIO COMPARTIR RECUERDO (IED)
J-4035-22-V1;111001034754;COLEGIO COMPARTIR RECUERDO (IED)
J-4035-23-V1;111001034754;COLEGIO COMPARTIR RECUERDO (IED)
J-4035-23-V2;111001034754;COLEGIO COMPARTIR RECUERDO (IED)
J-4035-23-V3;111001034754;COLEGIO COMPARTIR RECUERDO (IED)
J-4035-23-V4;111001034754;COLEGIO COMPARTIR RECUERDO (IED)
J-4035-24-V1;111001034754;COLEGIO COMPARTIR RECUERDO (IED)
J-4035-25-V1;111001034754;COLEGIO COMPARTIR RECUERDO (IED)
J-4035-25-V2;111001034754;COLEGIO COMPARTIR RECUERDO (IED)
J-4035-25-V3;111001034754;COLEGIO COMPARTIR RECUERDO (IED)
J-4035-26-V1;111001034754;COLEGIO COMPARTIR RECUERDO (IED)
J-4035-27-V1;111001034754;COLEGIO COMPARTIR RECUERDO (IED)
J-4035-28-V1;111001034754;COLEGIO COMPARTIR RECUERDO (IED)
J-4035-28-V2;111001034754;COLEGIO COMPARTIR RECUERDO (IED)
J-4036-01-V1;111001086584;COLEGIO CONFEDERACION BRISAS DEL DIAMANTE (IED)
J-4036-02-V1;111001086584;COLEGIO CONFEDERACION BRISAS DEL DIAMANTE (IED)
J-4036-03-V1;111001086584;COLEGIO CONFEDERACION BRISAS DEL DIAMANTE (IED)
J-4036-04-V1;111001086584;COLEGIO CONFEDERACION BRISAS DEL DIAMANTE (IED)
J-4036-05-V1;111001086584;COLEGIO CONFEDERACION BRISAS DEL DIAMANTE (IED)
J-4036-06-V1;111001086584;COLEGIO CONFEDERACION BRISAS DEL DIAMANTE (IED)
J-4036-08-V1;111001086584;COLEGIO CONFEDERACION BRISAS DEL DIAMANTE (IED)
J-4036-09-V1;111001086584;COLEGIO CONFEDERACION BRISAS DEL DIAMANTE (IED)
J-4036-10-V1;111001086584;COLEGIO CONFEDERACION BRISAS DEL DIAMANTE (IED)
J-4037-01-V1;111001107816;COLEGIO CUNDINAMARCA (IED)
J-4037-01-V2;111001107816;COLEGIO CUNDINAMARCA (IED)
J-4037-01-V3;111001107816;COLEGIO CUNDINAMARCA (IED)
J-4037-02-V1;111001107816;COLEGIO CUNDINAMARCA (IED)
J-4037-02-V2;111001107816;COLEGIO CUNDINAMARCA (IED)
J-4037-03-V1;111001107816;COLEGIO CUNDINAMARCA (IED)
J-4037-03-V2;111001107816;COLEGIO CUNDINAMARCA (IED)
J-4037-03-V3;111001107816;COLEGIO CUNDINAMARCA (IED)
J-4037-04-V1;111001107816;COLEGIO CUNDINAMARCA (IED)
J-4037-05-V1;111001107816;COLEGIO CUNDINAMARCA (IED)
J-4037-05-V2;111001107816;COLEGIO CUNDINAMARCA (IED)
J-4037-06-V1;111001107816;COLEGIO CUNDINAMARCA (IED)
J-4037-06-V2;111001107816;COLEGIO CUNDINAMARCA (IED)
J-4037-07-V1;111001107816;COLEGIO CUNDINAMARCA (IED)
J-4037-07-V2;111001107816;COLEGIO CUNDINAMARCA (IED)
J-4037-08-V1;111001107816;COLEGIO CUNDINAMARCA (IED)
J-4037-08-V2;111001107816;COLEGIO CUNDINAMARCA (IED)
J-4037-08-V3;111001107816;COLEGIO CUNDINAMARCA (IED)
J-4037-09-V1;111001107816;COLEGIO CUNDINAMARCA (IED)
J-4037-09-V2;111001107816;COLEGIO CUNDINAMARCA (IED)
J-4037-10-V1;111001107816;COLEGIO CUNDINAMARCA (IED)
J-4037-10-V2;111001107816;COLEGIO CUNDINAMARCA (IED)
J-4037-11-V1;111001107816;COLEGIO CUNDINAMARCA (IED)
J-4037-11-V2;111001107816;COLEGIO CUNDINAMARCA (IED)
J-4037-12-V1;111001107816;COLEGIO CUNDINAMARCA (IED)
J-4037-12-V2;111001107816;COLEGIO CUNDINAMARCA (IED)
J-4037-13-V1;111001107816;COLEGIO CUNDINAMARCA (IED)
J-4037-13-V2;111001107816;COLEGIO CUNDINAMARCA (IED)
J-4037-13-V3;111001107816;COLEGIO CUNDINAMARCA (IED)
J-4037-14-V1;111001107816;COLEGIO CUNDINAMARCA (IED)
J-4037-15-V1;111001107816;COLEGIO CUNDINAMARCA (IED)
J-4037-15-V2;111001107816;COLEGIO CUNDINAMARCA (IED)
J-4037-16-V1;111001107816;COLEGIO CUNDINAMARCA (IED)
J-4037-16-V2;111001107816;COLEGIO CUNDINAMARCA (IED)
J-4037-17-V1;111001107816;COLEGIO CUNDINAMARCA (IED)
J-4037-17-V2;111001107816;COLEGIO CUNDINAMARCA (IED)
J-4037-18-V1;111001107816;COLEGIO CUNDINAMARCA (IED)
J-4037-18-V2;111001107816;COLEGIO CUNDINAMARCA (IED)
J-4037-18-V3;111001107816;COLEGIO CUNDINAMARCA (IED)
J-4037-19-V1;111001107816;COLEGIO CUNDINAMARCA (IED)
J-4037-19-V2;111001107816;COLEGIO CUNDINAMARCA (IED)
J-4037-20-V1;111001107816;COLEGIO CUNDINAMARCA (IED)
J-4037-20-V2;111001107816;COLEGIO CUNDINAMARCA (IED)
J-4037-21-V1;111001107816;COLEGIO CUNDINAMARCA (IED)
J-4037-21-V2;111001107816;COLEGIO CUNDINAMARCA (IED)
J-4037-22-V1;111001107816;COLEGIO CUNDINAMARCA (IED)
J-4037-23-V1;111001107816;COLEGIO CUNDINAMARCA (IED)
J-4037-23-V2;111001107816;COLEGIO CUNDINAMARCA (IED)
J-4037-24-V1;111001107816;COLEGIO CUNDINAMARCA (IED)
J-4037-24-V2;111001107816;COLEGIO CUNDINAMARCA (IED)
J-4037-25-V1;111001107816;COLEGIO CUNDINAMARCA (IED)
J-4037-26-V1;111001107816;COLEGIO CUNDINAMARCA (IED)
J-4037-26-V2;111001107816;COLEGIO CUNDINAMARCA (IED)
J-4037-27-V1;111001107816;COLEGIO CUNDINAMARCA (IED)
J-4037-27-V2;111001107816;COLEGIO CUNDINAMARCA (IED)
J-4037-28-V1;111001107816;COLEGIO CUNDINAMARCA (IED)
J-4037-28-V2;111001107816;COLEGIO CUNDINAMARCA (IED)
J-4037-29-V1;111001107816;COLEGIO CUNDINAMARCA (IED)
J-4037-30-V1;111001107816;COLEGIO CUNDINAMARCA (IED)
J-4037-31-V1;111001107816;COLEGIO CUNDINAMARCA (IED)
J-4037-32-V1;111001107816;COLEGIO CUNDINAMARCA (IED)
J-4037-33-V1;111001107816;COLEGIO CUNDINAMARCA (IED)
J-4037-33-V2;111001107816;COLEGIO CUNDINAMARCA (IED)
J-4037-34-V1;111001107816;COLEGIO CUNDINAMARCA (IED)
J-4037-34-V2;111001107816;COLEGIO CUNDINAMARCA (IED)
J-4037-35-V1;111001107816;COLEGIO CUNDINAMARCA (IED)
J-4037-35-V2;111001107816;COLEGIO CUNDINAMARCA (IED)
J-4037-36-V1;111001107816;COLEGIO CUNDINAMARCA (IED)
J-4037-36-V2;111001107816;COLEGIO CUNDINAMARCA (IED)
J-4037-36-V3;111001107816;COLEGIO CUNDINAMARCA (IED)
J-4037-37-V1;111001107816;COLEGIO CUNDINAMARCA (IED)
J-4037-37-V2;111001107816;COLEGIO CUNDINAMARCA (IED)
J-4037-37-V3;111001107816;COLEGIO CUNDINAMARCA (IED)
J-4037-37-V4;111001107816;COLEGIO CUNDINAMARCA (IED)
J-4037-38-V1;111001107816;COLEGIO CUNDINAMARCA (IED)
J-4037-38-V2;111001107816;COLEGIO CUNDINAMARCA (IED)
J-4037-39-V1;111001107816;COLEGIO CUNDINAMARCA (IED)
J-4037-39-V2;111001107816;COLEGIO CUNDINAMARCA (IED)
J-4037-40-V1;111001107816;COLEGIO CUNDINAMARCA (IED)
J-4037-40-V2;111001107816;COLEGIO CUNDINAMARCA (IED)
J-4037-41-V1;111001107816;COLEGIO CUNDINAMARCA (IED)
J-4037-41-V2;111001107816;COLEGIO CUNDINAMARCA (IED)
J-4037-41-V3;111001107816;COLEGIO CUNDINAMARCA (IED)
J-4037-42-V1;111001107816;COLEGIO CUNDINAMARCA (IED)
J-4037-42-V2;111001107816;COLEGIO CUNDINAMARCA (IED)
J-4037-42-V3;111001107816;COLEGIO CUNDINAMARCA (IED)
J-4037-42-V4;111001107816;COLEGIO CUNDINAMARCA (IED)
J-4037-42-V5;111001107816;COLEGIO CUNDINAMARCA (IED)
J-4037-46-V1;111001107816;COLEGIO CUNDINAMARCA (IED)
J-4037-46-V2;111001107816;COLEGIO CUNDINAMARCA (IED)
J-4037-47-V1;111001107816;COLEGIO CUNDINAMARCA (IED)
J-4037-47-V2;111001107816;COLEGIO CUNDINAMARCA (IED)
J-4039-01-V1;111001033928;COLEGIO EL TESORO DE LA CUMBRE (IED)
J-4039-02-V1;111001033928;COLEGIO EL TESORO DE LA CUMBRE (IED)
J-4039-03-V1;111001033928;COLEGIO EL TESORO DE LA CUMBRE (IED)
J-4039-04-V1;111001033928;COLEGIO EL TESORO DE LA CUMBRE (IED)
J-4039-05-V1;111001033928;COLEGIO EL TESORO DE LA CUMBRE (IED)
J-4039-06-V1;111001033928;COLEGIO EL TESORO DE LA CUMBRE (IED)
J-4041-01-V1;111001020320;COLEGIO ISMAEL PERDOMO (IED)
J-4041-01-V2;111001020320;COLEGIO ISMAEL PERDOMO (IED)
J-4041-02-V1;111001020320;COLEGIO ISMAEL PERDOMO (IED)
J-4041-02-V2;111001020320;COLEGIO ISMAEL PERDOMO (IED)
J-4043-01-V1;111001047457;COLEGIO LA ARABIA (IED)
J-4043-01-V2;111001047457;COLEGIO LA ARABIA (IED)
J-4043-01-V3;111001047457;COLEGIO LA ARABIA (IED)
J-4043-01-V4;111001047457;COLEGIO LA ARABIA (IED)
J-4043-02-V1;111001047457;COLEGIO LA ARABIA (IED)
J-4043-02-V2;111001047457;COLEGIO LA ARABIA (IED)
J-4043-02-V3;111001047457;COLEGIO LA ARABIA (IED)
J-4043-02-V4;111001047457;COLEGIO LA ARABIA (IED)
J-4043-03-V1;111001047457;COLEGIO LA ARABIA (IED)
J-4043-03-V2;111001047457;COLEGIO LA ARABIA (IED)
J-4043-03-V3;111001047457;COLEGIO LA ARABIA (IED)
J-4043-04-V1;111001047457;COLEGIO LA ARABIA (IED)
J-4043-04-V2;111001047457;COLEGIO LA ARABIA (IED)
J-4043-04-V4;111001047457;COLEGIO LA ARABIA (IED)
J-4043-06-V1;111001047457;COLEGIO LA ARABIA (IED)
J-4043-06-V2;111001047457;COLEGIO LA ARABIA (IED)
J-4043-06-V3;111001047457;COLEGIO LA ARABIA (IED)
J-4043-06-V4;111001047457;COLEGIO LA ARABIA (IED)
J-4043-06-V5;111001047457;COLEGIO LA ARABIA (IED)
J-4043-07-V1;111001047457;COLEGIO LA ARABIA (IED)
J-4043-07-V2;111001047457;COLEGIO LA ARABIA (IED)
J-4043-07-V3;111001047457;COLEGIO LA ARABIA (IED)
J-4043-07-V5;111001047457;COLEGIO LA ARABIA (IED)
J-4043-09-V1;111001047457;COLEGIO LA ARABIA (IED)
J-4043-09-V2;111001047457;COLEGIO LA ARABIA (IED)
J-4043-09-V3;111001047457;COLEGIO LA ARABIA (IED)
J-4047-01-V1;111001036781;COLEGIO RODRIGO LARA BONILLA (IED)
J-4047-02-V1;111001036781;COLEGIO RODRIGO LARA BONILLA (IED)
J-4047-02-V2;111001036781;COLEGIO RODRIGO LARA BONILLA (IED)
J-4047-03-V1;111001036781;COLEGIO RODRIGO LARA BONILLA (IED)
J-4047-03-V2;111001036781;COLEGIO RODRIGO LARA BONILLA (IED)
J-4047-04-V1;111001036781;COLEGIO RODRIGO LARA BONILLA (IED)
J-4047-05-V1;111001036781;COLEGIO RODRIGO LARA BONILLA (IED)
J-4047-05-V2;111001036781;COLEGIO RODRIGO LARA BONILLA (IED)
J-4047-06-V1;111001036781;COLEGIO RODRIGO LARA BONILLA (IED)
J-4047-07-V1;111001036781;COLEGIO RODRIGO LARA BONILLA (IED)
J-4047-08-V1;111001036781;COLEGIO RODRIGO LARA BONILLA (IED)
J-4047-09-V1;111001036781;COLEGIO RODRIGO LARA BONILLA (IED)
J-4047-09-V2;111001036781;COLEGIO RODRIGO LARA BONILLA (IED)
J-4047-10-V1;111001036781;COLEGIO RODRIGO LARA BONILLA (IED)
J-4047-10-V2;111001036781;COLEGIO RODRIGO LARA BONILLA (IED)
J-4047-11-V1;111001036781;COLEGIO RODRIGO LARA BONILLA (IED)
J-4048-01-V1;211850001317;COLEGIO RURAL JOSE CELESTINO MUTIS (IED)
J-4048-02-V1;211850001317;COLEGIO RURAL JOSE CELESTINO MUTIS (IED)
J-4048-03-V1;211850001317;COLEGIO RURAL JOSE CELESTINO MUTIS (IED)
J-4048-04-V1;211850001317;COLEGIO RURAL JOSE CELESTINO MUTIS (IED)
J-4048-05-V1;211850001317;COLEGIO RURAL JOSE CELESTINO MUTIS (IED)
J-4048-14-V1;211850001317;COLEGIO RURAL JOSE CELESTINO MUTIS (IED)
J-4048-15-V1;211850001317;COLEGIO RURAL JOSE CELESTINO MUTIS (IED)
J-4051-01-V1;111001075752;COLEGIO SOTAVENTO (IED)
J-4051-01-V2;111001075752;COLEGIO SOTAVENTO (IED)
J-4051-01-V3;111001075752;COLEGIO SOTAVENTO (IED)
J-4051-01-V4;111001075752;COLEGIO SOTAVENTO (IED)
J-4051-02-V1;111001075752;COLEGIO SOTAVENTO (IED)
J-4051-02-V2;111001075752;COLEGIO SOTAVENTO (IED)
J-4051-02-V3;111001075752;COLEGIO SOTAVENTO (IED)
J-4051-02-V4;111001075752;COLEGIO SOTAVENTO (IED)
J-4051-02-V5;111001075752;COLEGIO SOTAVENTO (IED)
J-4051-03-V1;111001075752;COLEGIO SOTAVENTO (IED)
J-4051-03-V2;111001075752;COLEGIO SOTAVENTO (IED)
J-4051-03-V3;111001075752;COLEGIO SOTAVENTO (IED)
J-4051-03-V4;111001075752;COLEGIO SOTAVENTO (IED)
J-4051-03-V5;111001075752;COLEGIO SOTAVENTO (IED)
J-4051-04-V1;111001075752;COLEGIO SOTAVENTO (IED)
J-4051-04-V2;111001075752;COLEGIO SOTAVENTO (IED)
J-4051-05-V1;111001075752;COLEGIO SOTAVENTO (IED)
J-4051-05-V2;111001075752;COLEGIO SOTAVENTO (IED)
J-4051-05-V3;111001075752;COLEGIO SOTAVENTO (IED)
J-4051-05-V4;111001075752;COLEGIO SOTAVENTO (IED)
J-4051-06-V1;111001075752;COLEGIO SOTAVENTO (IED)
J-4051-06-V2;111001075752;COLEGIO SOTAVENTO (IED)
J-4051-06-V3;111001075752;COLEGIO SOTAVENTO (IED)
J-4051-06-V4;111001075752;COLEGIO SOTAVENTO (IED)
J-4051-06-V5;111001075752;COLEGIO SOTAVENTO (IED)
J-4051-07-V1;111001075752;COLEGIO SOTAVENTO (IED)
J-4051-07-V2;111001075752;COLEGIO SOTAVENTO (IED)
J-4051-07-V3;111001075752;COLEGIO SOTAVENTO (IED)
J-4051-07-V4;111001075752;COLEGIO SOTAVENTO (IED)
J-4051-07-V5;111001075752;COLEGIO SOTAVENTO (IED)
J-4051-08-V1;111001075752;COLEGIO SOTAVENTO (IED)
J-4051-08-V2;111001075752;COLEGIO SOTAVENTO (IED)
J-4051-08-V3;111001075752;COLEGIO SOTAVENTO (IED)
J-4053-01-V1;111001006483;COLEGIO ANTONIO NARIÑO (IED)
J-4053-01-V2;111001006483;COLEGIO ANTONIO NARIÑO (IED)
J-4053-01-V3;111001006483;COLEGIO ANTONIO NARIÑO (IED)
J-4053-01-V4;111001006483;COLEGIO ANTONIO NARIÑO (IED)
J-4053-01-V5;111001006483;COLEGIO ANTONIO NARIÑO (IED)
J-4053-02-V1;111001006483;COLEGIO ANTONIO NARIÑO (IED)
J-4053-02-V2;111001006483;COLEGIO ANTONIO NARIÑO (IED)
J-4053-02-V3;111001006483;COLEGIO ANTONIO NARIÑO (IED)
J-4053-02-V4;111001006483;COLEGIO ANTONIO NARIÑO (IED)
J-4053-02-V5;111001006483;COLEGIO ANTONIO NARIÑO (IED)
J-4053-02-V7;111001006483;COLEGIO ANTONIO NARIÑO (IED)
J-4053-03-V1;111001006483;COLEGIO ANTONIO NARIÑO (IED)
J-4053-03-V10;111001006483;COLEGIO ANTONIO NARIÑO (IED)
J-4053-03-V2;111001006483;COLEGIO ANTONIO NARIÑO (IED)
J-4053-03-V3;111001006483;COLEGIO ANTONIO NARIÑO (IED)
J-4053-03-V4;111001006483;COLEGIO ANTONIO NARIÑO (IED)
J-4053-03-V5;111001006483;COLEGIO ANTONIO NARIÑO (IED)
J-4053-03-V6;111001006483;COLEGIO ANTONIO NARIÑO (IED)
J-4053-03-V7;111001006483;COLEGIO ANTONIO NARIÑO (IED)
J-4053-03-V8;111001006483;COLEGIO ANTONIO NARIÑO (IED)
J-4053-04-V1;111001006483;COLEGIO ANTONIO NARIÑO (IED)
J-4053-04-V11;111001006483;COLEGIO ANTONIO NARIÑO (IED)
J-4053-04-V2;111001006483;COLEGIO ANTONIO NARIÑO (IED)
J-4053-04-V3;111001006483;COLEGIO ANTONIO NARIÑO (IED)
J-4053-04-V4;111001006483;COLEGIO ANTONIO NARIÑO (IED)
J-4053-04-V5;111001006483;COLEGIO ANTONIO NARIÑO (IED)
J-4053-04-V6;111001006483;COLEGIO ANTONIO NARIÑO (IED)
J-4053-04-V7;111001006483;COLEGIO ANTONIO NARIÑO (IED)
J-4053-04-V8;111001006483;COLEGIO ANTONIO NARIÑO (IED)
J-4053-04-V9;111001006483;COLEGIO ANTONIO NARIÑO (IED)
J-4053-05-V1;111001006483;COLEGIO ANTONIO NARIÑO (IED)
J-4053-05-V2;111001006483;COLEGIO ANTONIO NARIÑO (IED)
J-4053-06-V1;111001006483;COLEGIO ANTONIO NARIÑO (IED)
J-4053-06-V2;111001006483;COLEGIO ANTONIO NARIÑO (IED)
J-4053-07-V1;111001006483;COLEGIO ANTONIO NARIÑO (IED)
J-4053-07-V2;111001006483;COLEGIO ANTONIO NARIÑO (IED)
J-4053-08-V1;111001006483;COLEGIO ANTONIO NARIÑO (IED)
J-4053-08-V2;111001006483;COLEGIO ANTONIO NARIÑO (IED)
J-4053-09-V1;111001006483;COLEGIO ANTONIO NARIÑO (IED)
J-4053-09-V2;111001006483;COLEGIO ANTONIO NARIÑO (IED)
J-4053-09-V3;111001006483;COLEGIO ANTONIO NARIÑO (IED)
J-4053-10-V1;111001006483;COLEGIO ANTONIO NARIÑO (IED)
J-4053-10-V2;111001006483;COLEGIO ANTONIO NARIÑO (IED)
J-4053-10-V3;111001006483;COLEGIO ANTONIO NARIÑO (IED)
J-4053-10-V4;111001006483;COLEGIO ANTONIO NARIÑO (IED)
J-4053-11-V1;111001006483;COLEGIO ANTONIO NARIÑO (IED)
J-4053-11-V2;111001006483;COLEGIO ANTONIO NARIÑO (IED)
J-4053-12-V1;111001006483;COLEGIO ANTONIO NARIÑO (IED)
J-4053-12-V2;111001006483;COLEGIO ANTONIO NARIÑO (IED)
J-4053-12-V3;111001006483;COLEGIO ANTONIO NARIÑO (IED)
J-4053-13-V1;111001006483;COLEGIO ANTONIO NARIÑO (IED)
J-4053-13-V2;111001006483;COLEGIO ANTONIO NARIÑO (IED)
J-4053-14-V1;111001006483;COLEGIO ANTONIO NARIÑO (IED)
J-4053-14-V2;111001006483;COLEGIO ANTONIO NARIÑO (IED)
J-4053-15-V1;111001006483;COLEGIO ANTONIO NARIÑO (IED)
J-4053-15-V2;111001006483;COLEGIO ANTONIO NARIÑO (IED)
J-4053-16-V1;111001006483;COLEGIO ANTONIO NARIÑO (IED)
J-4053-17-V1;111001006483;COLEGIO ANTONIO NARIÑO (IED)
J-4053-17-V2;111001006483;COLEGIO ANTONIO NARIÑO (IED)
J-4053-18-V1;111001006483;COLEGIO ANTONIO NARIÑO (IED)
J-4053-18-V2;111001006483;COLEGIO ANTONIO NARIÑO (IED)
J-4053-19-V1;111001006483;COLEGIO ANTONIO NARIÑO (IED)
J-4053-20-V1;111001006483;COLEGIO ANTONIO NARIÑO (IED)
J-4053-20-V2;111001006483;COLEGIO ANTONIO NARIÑO (IED)
J-4055-01-V1;111001000272;COLEGIO INSTITUTO TECNICO LAUREANO GOMEZ (IED)
J-4055-02-V1;111001000272;COLEGIO INSTITUTO TECNICO LAUREANO GOMEZ (IED)
J-4055-03-V1;111001000272;COLEGIO INSTITUTO TECNICO LAUREANO GOMEZ (IED)
J-4055-04-V1;111001000272;COLEGIO INSTITUTO TECNICO LAUREANO GOMEZ (IED)
J-4055-05-V1;111001000272;COLEGIO INSTITUTO TECNICO LAUREANO GOMEZ (IED)
J-4055-05-V2;111001000272;COLEGIO INSTITUTO TECNICO LAUREANO GOMEZ (IED)
J-4055-05-V3;111001000272;COLEGIO INSTITUTO TECNICO LAUREANO GOMEZ (IED)
J-4055-05-V4;111001000272;COLEGIO INSTITUTO TECNICO LAUREANO GOMEZ (IED)
J-4055-05-V5;111001000272;COLEGIO INSTITUTO TECNICO LAUREANO GOMEZ (IED)
J-4055-05-V6;111001000272;COLEGIO INSTITUTO TECNICO LAUREANO GOMEZ (IED)
J-4055-05-V7;111001000272;COLEGIO INSTITUTO TECNICO LAUREANO GOMEZ (IED)
J-4055-06-V1;111001000272;COLEGIO INSTITUTO TECNICO LAUREANO GOMEZ (IED)
J-4055-06-V2;111001000272;COLEGIO INSTITUTO TECNICO LAUREANO GOMEZ (IED)
J-4055-06-V3;111001000272;COLEGIO INSTITUTO TECNICO LAUREANO GOMEZ (IED)
J-4055-06-V4;111001000272;COLEGIO INSTITUTO TECNICO LAUREANO GOMEZ (IED)
J-4055-06-V5;111001000272;COLEGIO INSTITUTO TECNICO LAUREANO GOMEZ (IED)
J-4055-06-V6;111001000272;COLEGIO INSTITUTO TECNICO LAUREANO GOMEZ (IED)
J-4055-06-V7;111001000272;COLEGIO INSTITUTO TECNICO LAUREANO GOMEZ (IED)
J-4055-07-V1;111001000272;COLEGIO INSTITUTO TECNICO LAUREANO GOMEZ (IED)
J-4055-07-V2;111001000272;COLEGIO INSTITUTO TECNICO LAUREANO GOMEZ (IED)
J-4055-07-V3;111001000272;COLEGIO INSTITUTO TECNICO LAUREANO GOMEZ (IED)
J-4055-07-V4;111001000272;COLEGIO INSTITUTO TECNICO LAUREANO GOMEZ (IED)
J-4055-08-V1;111001000272;COLEGIO INSTITUTO TECNICO LAUREANO GOMEZ (IED)
J-4055-08-V2;111001000272;COLEGIO INSTITUTO TECNICO LAUREANO GOMEZ (IED)
J-4055-08-V3;111001000272;COLEGIO INSTITUTO TECNICO LAUREANO GOMEZ (IED)
J-4055-09-V1;111001000272;COLEGIO INSTITUTO TECNICO LAUREANO GOMEZ (IED)
J-4055-09-V2;111001000272;COLEGIO INSTITUTO TECNICO LAUREANO GOMEZ (IED)
J-4055-09-V3;111001000272;COLEGIO INSTITUTO TECNICO LAUREANO GOMEZ (IED)
J-4055-10-V1;111001000272;COLEGIO INSTITUTO TECNICO LAUREANO GOMEZ (IED)
J-4055-10-V2;111001000272;COLEGIO INSTITUTO TECNICO LAUREANO GOMEZ (IED)
J-4055-10-V3;111001000272;COLEGIO INSTITUTO TECNICO LAUREANO GOMEZ (IED)
J-4055-11-V1;111001000272;COLEGIO INSTITUTO TECNICO LAUREANO GOMEZ (IED)
J-4055-12-V1;111001000272;COLEGIO INSTITUTO TECNICO LAUREANO GOMEZ (IED)
J-4055-12-V2;111001000272;COLEGIO INSTITUTO TECNICO LAUREANO GOMEZ (IED)
J-4055-12-V3;111001000272;COLEGIO INSTITUTO TECNICO LAUREANO GOMEZ (IED)
J-4055-12-V4;111001000272;COLEGIO INSTITUTO TECNICO LAUREANO GOMEZ (IED)
J-4055-12-V5;111001000272;COLEGIO INSTITUTO TECNICO LAUREANO GOMEZ (IED)
J-4055-12-V6;111001000272;COLEGIO INSTITUTO TECNICO LAUREANO GOMEZ (IED)
J-4055-13-V1;111001000272;COLEGIO INSTITUTO TECNICO LAUREANO GOMEZ (IED)
J-4055-13-V2;111001000272;COLEGIO INSTITUTO TECNICO LAUREANO GOMEZ (IED)
J-4055-13-V3;111001000272;COLEGIO INSTITUTO TECNICO LAUREANO GOMEZ (IED)
J-4055-13-V4;111001000272;COLEGIO INSTITUTO TECNICO LAUREANO GOMEZ (IED)
J-4055-13-V5;111001000272;COLEGIO INSTITUTO TECNICO LAUREANO GOMEZ (IED)
J-4055-13-V6;111001000272;COLEGIO INSTITUTO TECNICO LAUREANO GOMEZ (IED)
J-4055-14-V1;111001000272;COLEGIO INSTITUTO TECNICO LAUREANO GOMEZ (IED)
J-4055-15-V1;111001000272;COLEGIO INSTITUTO TECNICO LAUREANO GOMEZ (IED)
J-4055-16-V1;111001000272;COLEGIO INSTITUTO TECNICO LAUREANO GOMEZ (IED)
J-4055-16-V2;111001000272;COLEGIO INSTITUTO TECNICO LAUREANO GOMEZ (IED)
J-4055-16-V3;111001000272;COLEGIO INSTITUTO TECNICO LAUREANO GOMEZ (IED)
J-4055-16-V4;111001000272;COLEGIO INSTITUTO TECNICO LAUREANO GOMEZ (IED)
J-4055-18-V1;111001000272;COLEGIO INSTITUTO TECNICO LAUREANO GOMEZ (IED)
J-4055-19-V1;111001000272;COLEGIO INSTITUTO TECNICO LAUREANO GOMEZ (IED)
J-4055-20-V1;111001000272;COLEGIO INSTITUTO TECNICO LAUREANO GOMEZ (IED)
J-4055-20-V2;111001000272;COLEGIO INSTITUTO TECNICO LAUREANO GOMEZ (IED)
J-4055-21-V1;111001000272;COLEGIO INSTITUTO TECNICO LAUREANO GOMEZ (IED)
J-4055-22-V1;111001000272;COLEGIO INSTITUTO TECNICO LAUREANO GOMEZ (IED)
J-4055-22-V2;111001000272;COLEGIO INSTITUTO TECNICO LAUREANO GOMEZ (IED)
J-4055-22-V3;111001000272;COLEGIO INSTITUTO TECNICO LAUREANO GOMEZ (IED)
J-4055-23-V1;111001000272;COLEGIO INSTITUTO TECNICO LAUREANO GOMEZ (IED)
J-4055-23-V2;111001000272;COLEGIO INSTITUTO TECNICO LAUREANO GOMEZ (IED)
J-4055-24-V1;111001000272;COLEGIO INSTITUTO TECNICO LAUREANO GOMEZ (IED)
J-4055-24-V2;111001000272;COLEGIO INSTITUTO TECNICO LAUREANO GOMEZ (IED)
J-4055-24-V3;111001000272;COLEGIO INSTITUTO TECNICO LAUREANO GOMEZ (IED)
J-4055-24-V4;111001000272;COLEGIO INSTITUTO TECNICO LAUREANO GOMEZ (IED)
J-4056-01-V1;111001011771;COLEGIO JOSE ASUNCION SILVA (IED)
J-4056-02-V1;111001011771;COLEGIO JOSE ASUNCION SILVA (IED)
J-4056-03-V1;111001011771;COLEGIO JOSE ASUNCION SILVA (IED)
J-4056-04-V1;111001011771;COLEGIO JOSE ASUNCION SILVA (IED)
J-4056-05-V1;111001011771;COLEGIO JOSE ASUNCION SILVA (IED)
J-4056-06-V1;111001011771;COLEGIO JOSE ASUNCION SILVA (IED)
J-4063-09-V1;111279000184;COLEGIO LUIS ANGEL ARANGO (IED)
J-4063-09-V2;111279000184;COLEGIO LUIS ANGEL ARANGO (IED)
J-4063-10-V1;111279000184;COLEGIO LUIS ANGEL ARANGO (IED)
J-4063-10-V2;111279000184;COLEGIO LUIS ANGEL ARANGO (IED)
J-4063-10-V3;111279000184;COLEGIO LUIS ANGEL ARANGO (IED)
J-4063-11-V1;111279000184;COLEGIO LUIS ANGEL ARANGO (IED)
J-4063-11-V2;111279000184;COLEGIO LUIS ANGEL ARANGO (IED)
J-4063-11-V3;111279000184;COLEGIO LUIS ANGEL ARANGO (IED)
J-4063-12-V1;111279000184;COLEGIO LUIS ANGEL ARANGO (IED)
J-4063-12-V2;111279000184;COLEGIO LUIS ANGEL ARANGO (IED)
J-4063-12-V3;111279000184;COLEGIO LUIS ANGEL ARANGO (IED)
J-4063-14-V1;111279000184;COLEGIO LUIS ANGEL ARANGO (IED)
J-4067-01-V1;111001100048;COLEGIO HERNANDO DURAN DUSSAN (IED)
J-4067-01-V10;111001100048;COLEGIO HERNANDO DURAN DUSSAN (IED)
J-4067-01-V2;111001100048;COLEGIO HERNANDO DURAN DUSSAN (IED)
J-4067-01-V3;111001100048;COLEGIO HERNANDO DURAN DUSSAN (IED)
J-4067-01-V4;111001100048;COLEGIO HERNANDO DURAN DUSSAN (IED)
J-4067-01-V5;111001100048;COLEGIO HERNANDO DURAN DUSSAN (IED)
J-4067-01-V6;111001100048;COLEGIO HERNANDO DURAN DUSSAN (IED)
J-4067-01-V7;111001100048;COLEGIO HERNANDO DURAN DUSSAN (IED)
J-4067-01-V8;111001100048;COLEGIO HERNANDO DURAN DUSSAN (IED)
J-4067-01-V9;111001100048;COLEGIO HERNANDO DURAN DUSSAN (IED)
J-4067-02-V1;111001100048;COLEGIO HERNANDO DURAN DUSSAN (IED)
J-4067-02-V2;111001100048;COLEGIO HERNANDO DURAN DUSSAN (IED)
J-4067-02-V3;111001100048;COLEGIO HERNANDO DURAN DUSSAN (IED)
J-4067-02-V4;111001100048;COLEGIO HERNANDO DURAN DUSSAN (IED)
J-4067-02-V5;111001100048;COLEGIO HERNANDO DURAN DUSSAN (IED)
J-4067-03-V1;111001100048;COLEGIO HERNANDO DURAN DUSSAN (IED)
J-4067-03-V2;111001100048;COLEGIO HERNANDO DURAN DUSSAN (IED)
J-4067-03-V3;111001100048;COLEGIO HERNANDO DURAN DUSSAN (IED)
J-4067-03-V4;111001100048;COLEGIO HERNANDO DURAN DUSSAN (IED)
J-4067-03-V5;111001100048;COLEGIO HERNANDO DURAN DUSSAN (IED)
J-4067-03-V6;111001100048;COLEGIO HERNANDO DURAN DUSSAN (IED)
J-4067-04-V1;111001100048;COLEGIO HERNANDO DURAN DUSSAN (IED)
J-4067-04-V2;111001100048;COLEGIO HERNANDO DURAN DUSSAN (IED)
J-4067-04-V3;111001100048;COLEGIO HERNANDO DURAN DUSSAN (IED)
J-4067-04-V4;111001100048;COLEGIO HERNANDO DURAN DUSSAN (IED)
J-4067-04-V5;111001100048;COLEGIO HERNANDO DURAN DUSSAN (IED)
J-4067-04-V6;111001100048;COLEGIO HERNANDO DURAN DUSSAN (IED)
J-4079-01-V1;111001012556;COLEGIO ESPAÑA (IED)
J-4079-01-V2;111001012556;COLEGIO ESPAÑA (IED)
J-4079-02-V1;111001012556;COLEGIO ESPAÑA (IED)
J-4079-02-V2;111001012556;COLEGIO ESPAÑA (IED)
J-4079-03-V1;111001012556;COLEGIO ESPAÑA (IED)
J-4082-02-V1;111001018058;COLEGIO ALEXANDER FLEMING (IED)
J-4082-02-V2;111001018058;COLEGIO ALEXANDER FLEMING (IED)
J-4082-03-V1;111001018058;COLEGIO ALEXANDER FLEMING (IED)
J-4082-03-V2;111001018058;COLEGIO ALEXANDER FLEMING (IED)
J-4083-01-V1;111001027383;COLEGIO ALFREDO IRIARTE (IED)
J-4083-02-V1;111001027383;COLEGIO ALFREDO IRIARTE (IED)
J-4083-03-V1;111001027383;COLEGIO ALFREDO IRIARTE (IED)
J-4083-04-V1;111001027383;COLEGIO ALFREDO IRIARTE (IED)
J-4085-01-V1;111001034134;COLEGIO CLEMENCIA DE CAYCEDO (IED)
J-4085-01-V2;111001034134;COLEGIO CLEMENCIA DE CAYCEDO (IED)
J-4085-01-V3;111001034134;COLEGIO CLEMENCIA DE CAYCEDO (IED)
J-4085-01-V4;111001034134;COLEGIO CLEMENCIA DE CAYCEDO (IED)
J-4086-01-V1;111001102091;COLEGIO COLOMBIA VIVA (IED)
J-4086-02-V1;111001102091;COLEGIO COLOMBIA VIVA (IED)
J-4086-06-V1;111001102091;COLEGIO COLOMBIA VIVA (IED)
J-4086-08-V1;111001102091;COLEGIO COLOMBIA VIVA (IED)
J-4103-01-V1;111001013242;COLEGIO AULAS COLOMBIANAS SAN LUIS (IED)
J-4103-02-V1;111001013242;COLEGIO AULAS COLOMBIANAS SAN LUIS (IED)
J-4103-03-V1;111001013242;COLEGIO AULAS COLOMBIANAS SAN LUIS (IED)
J-4103-04-V1;111001013242;COLEGIO AULAS COLOMBIANAS SAN LUIS (IED)
J-4103-06-V1;111001013242;COLEGIO AULAS COLOMBIANAS SAN LUIS (IED)
J-4103-07-V1;111001013242;COLEGIO AULAS COLOMBIANAS SAN LUIS (IED)
J-4103-08-V1;111001013242;COLEGIO AULAS COLOMBIANAS SAN LUIS (IED)
J-4105-01-V1;111001094901;COLEGIO MANUEL ELKIN PATARROYO (IED)
J-4105-01-V2;111001094901;COLEGIO MANUEL ELKIN PATARROYO (IED)
J-4105-01-V3;111001094901;COLEGIO MANUEL ELKIN PATARROYO (IED)
J-4105-01-V5;111001094901;COLEGIO MANUEL ELKIN PATARROYO (IED)
J-4105-01-V6;111001094901;COLEGIO MANUEL ELKIN PATARROYO (IED)
J-4108-01-V1;111769003424;COLEGIO GERARDO PAREDES (IED)
J-4108-02-V1;111769003424;COLEGIO GERARDO PAREDES (IED)
J-4108-03-V1;111769003424;COLEGIO GERARDO PAREDES (IED)
J-4108-04-V1;111769003424;COLEGIO GERARDO PAREDES (IED)
J-4108-05-V1;111769003424;COLEGIO GERARDO PAREDES (IED)
J-4108-06-V1;111769003424;COLEGIO GERARDO PAREDES (IED)
J-4108-07-V1;111769003424;COLEGIO GERARDO PAREDES (IED)
J-4108-08-V1;111769003424;COLEGIO GERARDO PAREDES (IED)
J-4108-09-V1;111769003424;COLEGIO GERARDO PAREDES (IED)
J-4108-10-V1;111769003424;COLEGIO GERARDO PAREDES (IED)
J-4108-11-V1;111769003424;COLEGIO GERARDO PAREDES (IED)
J-4108-12-V1;111769003424;COLEGIO GERARDO PAREDES (IED)
J-4108-13-V1;111769003424;COLEGIO GERARDO PAREDES (IED)
J-4108-14-V1;111769003424;COLEGIO GERARDO PAREDES (IED)
J-4108-14-V2;111769003424;COLEGIO GERARDO PAREDES (IED)
J-4108-15-V1;111769003424;COLEGIO GERARDO PAREDES (IED)
J-4108-15-V2;111769003424;COLEGIO GERARDO PAREDES (IED)
J-4108-16-V1;111769003424;COLEGIO GERARDO PAREDES (IED)
J-4108-17-V1;111769003424;COLEGIO GERARDO PAREDES (IED)
J-4108-18-V1;111769003424;COLEGIO GERARDO PAREDES (IED)
J-4108-18-V2;111769003424;COLEGIO GERARDO PAREDES (IED)
J-4108-19-V1;111769003424;COLEGIO GERARDO PAREDES (IED)
J-4108-19-V2;111769003424;COLEGIO GERARDO PAREDES (IED)
J-4108-20-V1;111769003424;COLEGIO GERARDO PAREDES (IED)
J-4108-21-V1;111769003424;COLEGIO GERARDO PAREDES (IED)
J-4108-22-V1;111769003424;COLEGIO GERARDO PAREDES (IED)
J-4108-23-V1;111769003424;COLEGIO GERARDO PAREDES (IED)
J-4108-24-V1;111769003424;COLEGIO GERARDO PAREDES (IED)
J-4108-25-V1;111769003424;COLEGIO GERARDO PAREDES (IED)
J-4108-26-V1;111769003424;COLEGIO GERARDO PAREDES (IED)
J-4108-27-V1;111769003424;COLEGIO GERARDO PAREDES (IED)
J-4108-28-V1;111769003424;COLEGIO GERARDO PAREDES (IED)
J-4108-29-V1;111769003424;COLEGIO GERARDO PAREDES (IED)
J-4108-30-V1;111769003424;COLEGIO GERARDO PAREDES (IED)
J-4108-31-V1;111769003424;COLEGIO GERARDO PAREDES (IED)
J-4108-32-V1;111769003424;COLEGIO GERARDO PAREDES (IED)
J-4108-33-V1;111769003424;COLEGIO GERARDO PAREDES (IED)
J-4108-34-V1;111769003424;COLEGIO GERARDO PAREDES (IED)
J-4108-35-V1;111769003424;COLEGIO GERARDO PAREDES (IED)
J-4108-36-V1;111769003424;COLEGIO GERARDO PAREDES (IED)
J-4108-37-V1;111769003424;COLEGIO GERARDO PAREDES (IED)
J-4108-38-V1;111769003424;COLEGIO GERARDO PAREDES (IED)
J-4108-39-V1;111769003424;COLEGIO GERARDO PAREDES (IED)
J-4108-40-V1;111769003424;COLEGIO GERARDO PAREDES (IED)
J-4108-41-V1;111769003424;COLEGIO GERARDO PAREDES (IED)
J-4108-42-V1;111769003424;COLEGIO GERARDO PAREDES (IED)
J-4108-43-V1;111769003424;COLEGIO GERARDO PAREDES (IED)
J-4108-44-V1;111769003424;COLEGIO GERARDO PAREDES (IED)
J-4108-45-V1;111769003424;COLEGIO GERARDO PAREDES (IED)
J-4108-46-V1;111769003424;COLEGIO GERARDO PAREDES (IED)
J-4108-47-V1;111769003424;COLEGIO GERARDO PAREDES (IED)
J-4108-48-V1;111769003424;COLEGIO GERARDO PAREDES (IED)
J-4108-49-V1;111769003424;COLEGIO GERARDO PAREDES (IED)
J-4108-50-V1;111769003424;COLEGIO GERARDO PAREDES (IED)
J-4108-51-V1;111769003424;COLEGIO GERARDO PAREDES (IED)
J-4108-52-V1;111769003424;COLEGIO GERARDO PAREDES (IED)
J-4108-53-V1;111769003424;COLEGIO GERARDO PAREDES (IED)
J-4108-54-V1;111769003424;COLEGIO GERARDO PAREDES (IED)
J-4108-55-V1;111769003424;COLEGIO GERARDO PAREDES (IED)
J-4108-56-V1;111769003424;COLEGIO GERARDO PAREDES (IED)
J-4108-57-V1;111769003424;COLEGIO GERARDO PAREDES (IED)
J-4108-58-V1;111769003424;COLEGIO GERARDO PAREDES (IED)
J-4108-59-V1;111769003424;COLEGIO GERARDO PAREDES (IED)
J-4108-60-V1;111769003424;COLEGIO GERARDO PAREDES (IED)
J-4108-61-V1;111769003424;COLEGIO GERARDO PAREDES (IED)
J-4108-62-V1;111769003424;COLEGIO GERARDO PAREDES (IED)
J-4108-63-V1;111769003424;COLEGIO GERARDO PAREDES (IED)
J-4108-64-V1;111769003424;COLEGIO GERARDO PAREDES (IED)
J-4108-65-V1;111769003424;COLEGIO GERARDO PAREDES (IED)
J-4108-66-V1;111769003424;COLEGIO GERARDO PAREDES (IED)
J-4108-67-V1;111769003424;COLEGIO GERARDO PAREDES (IED)
J-4108-68-V1;111769003424;COLEGIO GERARDO PAREDES (IED)
J-4108-69-V1;111769003424;COLEGIO GERARDO PAREDES (IED)
J-4108-70-V1;111769003424;COLEGIO GERARDO PAREDES (IED)
J-4108-71-V1;111769003424;COLEGIO GERARDO PAREDES (IED)
J-4108-72-V1;111769003424;COLEGIO GERARDO PAREDES (IED)
J-4108-73-V1;111769003424;COLEGIO GERARDO PAREDES (IED)
J-4110-01-V1;111769004188;COLEGIO HUNZA (IED)
J-4110-02-V1;111769004188;COLEGIO HUNZA (IED)
J-4110-02-V2;111769004188;COLEGIO HUNZA (IED)
J-4110-03-V1;111769004188;COLEGIO HUNZA (IED)
J-4110-04-V1;111769004188;COLEGIO HUNZA (IED)
J-4110-05-V1;111769004188;COLEGIO HUNZA (IED)
J-4110-05-V2;111769004188;COLEGIO HUNZA (IED)
J-4110-05-V3;111769004188;COLEGIO HUNZA (IED)
J-4110-05-V4;111769004188;COLEGIO HUNZA (IED)
J-4110-05-V5;111769004188;COLEGIO HUNZA (IED)
J-4114-01-V1;111001094889;COLEGIO LA TOSCANA - LISBOA (IED)
J-4114-01-V2;111001094889;COLEGIO LA TOSCANA - LISBOA (IED)
J-4114-01-V3;111001094889;COLEGIO LA TOSCANA - LISBOA (IED)
J-4114-01-V4;111001094889;COLEGIO LA TOSCANA - LISBOA (IED)
J-4114-01-V5;111001094889;COLEGIO LA TOSCANA - LISBOA (IED)
J-4114-01-V6;111001094889;COLEGIO LA TOSCANA - LISBOA (IED)
J-4114-01-V7;111001094889;COLEGIO LA TOSCANA - LISBOA (IED)
J-4114-02-V1;111001094889;COLEGIO LA TOSCANA - LISBOA (IED)
J-4114-02-V2;111001094889;COLEGIO LA TOSCANA - LISBOA (IED)
J-4114-03-V1;111001094889;COLEGIO LA TOSCANA - LISBOA (IED)
J-4114-03-V2;111001094889;COLEGIO LA TOSCANA - LISBOA (IED)
J-4114-03-V3;111001094889;COLEGIO LA TOSCANA - LISBOA (IED)
J-4114-03-V4;111001094889;COLEGIO LA TOSCANA - LISBOA (IED)
J-4114-03-V5;111001094889;COLEGIO LA TOSCANA - LISBOA (IED)
J-4114-03-V6;111001094889;COLEGIO LA TOSCANA - LISBOA (IED)
J-4114-04-V1;111001094889;COLEGIO LA TOSCANA - LISBOA (IED)
J-4114-04-V2;111001094889;COLEGIO LA TOSCANA - LISBOA (IED)
J-4114-04-V3;111001094889;COLEGIO LA TOSCANA - LISBOA (IED)
J-4114-04-V4;111001094889;COLEGIO LA TOSCANA - LISBOA (IED)
J-4114-05-V1;111001094889;COLEGIO LA TOSCANA - LISBOA (IED)
J-4114-05-V2;111001094889;COLEGIO LA TOSCANA - LISBOA (IED)
J-4114-06-V1;111001094889;COLEGIO LA TOSCANA - LISBOA (IED)
J-4114-06-V2;111001094889;COLEGIO LA TOSCANA - LISBOA (IED)
J-4114-06-V3;111001094889;COLEGIO LA TOSCANA - LISBOA (IED)
J-4114-06-V4;111001094889;COLEGIO LA TOSCANA - LISBOA (IED)
J-4114-06-V5;111001094889;COLEGIO LA TOSCANA - LISBOA (IED)
J-4114-06-V6;111001094889;COLEGIO LA TOSCANA - LISBOA (IED)
J-4114-06-V7;111001094889;COLEGIO LA TOSCANA - LISBOA (IED)
J-4114-07-V1;111001094889;COLEGIO LA TOSCANA - LISBOA (IED)
J-4114-07-V2;111001094889;COLEGIO LA TOSCANA - LISBOA (IED)
J-4115-01-V1;111769000174;COLEGIO FILARMONICO SIMON BOLIVAR (IED)
J-4115-01-V2;111769000174;COLEGIO FILARMONICO SIMON BOLIVAR (IED)
J-4115-01-V3;111769000174;COLEGIO FILARMONICO SIMON BOLIVAR (IED)
J-4115-01-V4;111769000174;COLEGIO FILARMONICO SIMON BOLIVAR (IED)
J-4115-01-V5;111769000174;COLEGIO FILARMONICO SIMON BOLIVAR (IED)
J-4115-01-V6;111769000174;COLEGIO FILARMONICO SIMON BOLIVAR (IED)
J-4115-02-V1;111769000174;COLEGIO FILARMONICO SIMON BOLIVAR (IED)
J-4115-02-V2;111769000174;COLEGIO FILARMONICO SIMON BOLIVAR (IED)
J-4115-02-V3;111769000174;COLEGIO FILARMONICO SIMON BOLIVAR (IED)
J-4115-02-V4;111769000174;COLEGIO FILARMONICO SIMON BOLIVAR (IED)
J-4115-02-V5;111769000174;COLEGIO FILARMONICO SIMON BOLIVAR (IED)
J-4115-02-V6;111769000174;COLEGIO FILARMONICO SIMON BOLIVAR (IED)
J-4115-03-V1;111769000174;COLEGIO FILARMONICO SIMON BOLIVAR (IED)
J-4115-03-V2;111769000174;COLEGIO FILARMONICO SIMON BOLIVAR (IED)
J-4115-03-V3;111769000174;COLEGIO FILARMONICO SIMON BOLIVAR (IED)
J-4115-03-V4;111769000174;COLEGIO FILARMONICO SIMON BOLIVAR (IED)
J-4115-03-V5;111769000174;COLEGIO FILARMONICO SIMON BOLIVAR (IED)
J-4115-04-V1;111769000174;COLEGIO FILARMONICO SIMON BOLIVAR (IED)
J-4115-04-V2;111769000174;COLEGIO FILARMONICO SIMON BOLIVAR (IED)
J-4115-04-V3;111769000174;COLEGIO FILARMONICO SIMON BOLIVAR (IED)
J-4115-04-V4;111769000174;COLEGIO FILARMONICO SIMON BOLIVAR (IED)
J-4115-04-V5;111769000174;COLEGIO FILARMONICO SIMON BOLIVAR (IED)
J-4123-01-V1;111001075957;COLEGIO SAN CARLOS (IED)
J-4123-01-V2;111001075957;COLEGIO SAN CARLOS (IED)
J-4123-01-V3;111001075957;COLEGIO SAN CARLOS (IED)
J-4123-02-V1;111001075957;COLEGIO SAN CARLOS (IED)
J-4123-02-V2;111001075957;COLEGIO SAN CARLOS (IED)
J-4123-02-V3;111001075957;COLEGIO SAN CARLOS (IED)
J-4123-03-V1;111001075957;COLEGIO SAN CARLOS (IED)
J-4123-03-V2;111001075957;COLEGIO SAN CARLOS (IED)
J-4123-03-V3;111001075957;COLEGIO SAN CARLOS (IED)
J-4123-03-V4;111001075957;COLEGIO SAN CARLOS (IED)
J-4123-04-V1;111001075957;COLEGIO SAN CARLOS (IED)
J-4123-04-V2;111001075957;COLEGIO SAN CARLOS (IED)
J-4123-04-V3;111001075957;COLEGIO SAN CARLOS (IED)
J-4123-04-V4;111001075957;COLEGIO SAN CARLOS (IED)
J-4123-05-V1;111001075957;COLEGIO SAN CARLOS (IED)
J-4123-05-V2;111001075957;COLEGIO SAN CARLOS (IED)
J-4123-05-V3;111001075957;COLEGIO SAN CARLOS (IED)
J-4124-01-V1;111001029955;COLEGIO AGUSTIN FERNANDEZ (IED)
J-4124-02-V1;111001029955;COLEGIO AGUSTIN FERNANDEZ (IED)
J-4124-03-V1;111001029955;COLEGIO AGUSTIN FERNANDEZ (IED)
J-4124-04-V1;111001029955;COLEGIO AGUSTIN FERNANDEZ (IED)
J-4124-04-V2;111001029955;COLEGIO AGUSTIN FERNANDEZ (IED)
J-4124-04-V3;111001029955;COLEGIO AGUSTIN FERNANDEZ (IED)
J-4124-05-V1;111001029955;COLEGIO AGUSTIN FERNANDEZ (IED)
J-4124-06-V1;111001029955;COLEGIO AGUSTIN FERNANDEZ (IED)
J-4124-06-V2;111001029955;COLEGIO AGUSTIN FERNANDEZ (IED)
J-4124-06-V3;111001029955;COLEGIO AGUSTIN FERNANDEZ (IED)
J-4124-06-V4;111001029955;COLEGIO AGUSTIN FERNANDEZ (IED)
J-4124-06-V5;111001029955;COLEGIO AGUSTIN FERNANDEZ (IED)
J-4124-07-V1;111001029955;COLEGIO AGUSTIN FERNANDEZ (IED)
J-4124-07-V2;111001029955;COLEGIO AGUSTIN FERNANDEZ (IED)
J-4124-07-V3;111001029955;COLEGIO AGUSTIN FERNANDEZ (IED)
J-4124-09-V1;111001029955;COLEGIO AGUSTIN FERNANDEZ (IED)
J-4124-10-V1;111001029955;COLEGIO AGUSTIN FERNANDEZ (IED)
J-4124-12-V1;111001029955;COLEGIO AGUSTIN FERNANDEZ (IED)
J-4124-12-V2;111001029955;COLEGIO AGUSTIN FERNANDEZ (IED)
J-4125-01-V1;111848003031;COLEGIO CRISTOBAL COLON (IED)
J-4125-01-V2;111848003031;COLEGIO CRISTOBAL COLON (IED)
J-4125-01-V3;111848003031;COLEGIO CRISTOBAL COLON (IED)
J-4125-01-V4;111848003031;COLEGIO CRISTOBAL COLON (IED)
J-4125-01-V5;111848003031;COLEGIO CRISTOBAL COLON (IED)
J-4125-02-V1;111848003031;COLEGIO CRISTOBAL COLON (IED)
J-4125-02-V2;111848003031;COLEGIO CRISTOBAL COLON (IED)
J-4125-02-V3;111848003031;COLEGIO CRISTOBAL COLON (IED)
J-4125-02-V4;111848003031;COLEGIO CRISTOBAL COLON (IED)
J-4125-04-V6;111848003031;COLEGIO CRISTOBAL COLON (IED)
J-4127-01-V1;111001098833;COLEGIO SAN CAYETANO (IED)
J-4127-01-V2;111001098833;COLEGIO SAN CAYETANO (IED)
J-4127-02-V1;111001098833;COLEGIO SAN CAYETANO (IED)
J-4127-02-V2;111001098833;COLEGIO SAN CAYETANO (IED)
J-4127-02-V3;111001098833;COLEGIO SAN CAYETANO (IED)
J-4127-03-V1;111001098833;COLEGIO SAN CAYETANO (IED)
J-4127-04-V1;111001098833;COLEGIO SAN CAYETANO (IED)
J-4129-01-V1;111001024643;COLEGIO NUEVA ESPERANZA (IED)
J-4129-02-V1;111001024643;COLEGIO NUEVA ESPERANZA (IED)
J-4129-03-V1;111001024643;COLEGIO NUEVA ESPERANZA (IED)
J-4129-04-V1;111001024643;COLEGIO NUEVA ESPERANZA (IED)
J-4129-06-V1;111001024643;COLEGIO NUEVA ESPERANZA (IED)
J-4129-07-V1;111001024643;COLEGIO NUEVA ESPERANZA (IED)
J-4129-08-V1;111001024643;COLEGIO NUEVA ESPERANZA (IED)
J-4129-08-V2;111001024643;COLEGIO NUEVA ESPERANZA (IED)
J-4129-09-V1;111001024643;COLEGIO NUEVA ESPERANZA (IED)
J-4130-01-V1;111001046485;COLEGIO NUEVO SAN ANDRES DE LOS ALTOS (IED)
J-4130-01-V2;111001046485;COLEGIO NUEVO SAN ANDRES DE LOS ALTOS (IED)
J-4130-01-V3;111001046485;COLEGIO NUEVO SAN ANDRES DE LOS ALTOS (IED)
J-4130-01-V4;111001046485;COLEGIO NUEVO SAN ANDRES DE LOS ALTOS (IED)
J-4130-01-V5;111001046485;COLEGIO NUEVO SAN ANDRES DE LOS ALTOS (IED)
J-4130-01-V6;111001046485;COLEGIO NUEVO SAN ANDRES DE LOS ALTOS (IED)
J-4130-01-V7;111001046485;COLEGIO NUEVO SAN ANDRES DE LOS ALTOS (IED)
J-4130-01-V8;111001046485;COLEGIO NUEVO SAN ANDRES DE LOS ALTOS (IED)
J-4130-02-V1;111001046485;COLEGIO NUEVO SAN ANDRES DE LOS ALTOS (IED)
J-4130-02-V2;111001046485;COLEGIO NUEVO SAN ANDRES DE LOS ALTOS (IED)
J-4130-02-V3;111001046485;COLEGIO NUEVO SAN ANDRES DE LOS ALTOS (IED)
J-4130-02-V4;111001046485;COLEGIO NUEVO SAN ANDRES DE LOS ALTOS (IED)
J-4130-03-V1;111001046485;COLEGIO NUEVO SAN ANDRES DE LOS ALTOS (IED)
J-4130-03-V2;111001046485;COLEGIO NUEVO SAN ANDRES DE LOS ALTOS (IED)
J-4130-03-V3;111001046485;COLEGIO NUEVO SAN ANDRES DE LOS ALTOS (IED)
J-4130-04-V1;111001046485;COLEGIO NUEVO SAN ANDRES DE LOS ALTOS (IED)
J-4130-04-V2;111001046485;COLEGIO NUEVO SAN ANDRES DE LOS ALTOS (IED)
J-4130-04-V3;111001046485;COLEGIO NUEVO SAN ANDRES DE LOS ALTOS (IED)
J-4130-04-V4;111001046485;COLEGIO NUEVO SAN ANDRES DE LOS ALTOS (IED)
J-4130-05-V1;111001046485;COLEGIO NUEVO SAN ANDRES DE LOS ALTOS (IED)
J-4130-05-V2;111001046485;COLEGIO NUEVO SAN ANDRES DE LOS ALTOS (IED)
J-4130-06-V1;111001046485;COLEGIO NUEVO SAN ANDRES DE LOS ALTOS (IED)
J-4130-06-V2;111001046485;COLEGIO NUEVO SAN ANDRES DE LOS ALTOS (IED)
J-4130-06-V3;111001046485;COLEGIO NUEVO SAN ANDRES DE LOS ALTOS (IED)
J-4161-01-V1;111001030821;COLEGIO SANTA BARBARA (IED)
J-4161-01-V2;111001030821;COLEGIO SANTA BARBARA (IED)
J-4161-01-V3;111001030821;COLEGIO SANTA BARBARA (IED)
J-4161-02-V1;111001030821;COLEGIO SANTA BARBARA (IED)
J-4161-02-V2;111001030821;COLEGIO SANTA BARBARA (IED)
J-4161-02-V3;111001030821;COLEGIO SANTA BARBARA (IED)
J-4161-03-V1;111001030821;COLEGIO SANTA BARBARA (IED)
J-4161-03-V2;111001030821;COLEGIO SANTA BARBARA (IED)
J-4161-04-V1;111001030821;COLEGIO SANTA BARBARA (IED)
J-4161-04-V2;111001030821;COLEGIO SANTA BARBARA (IED)
J-4161-04-V3;111001030821;COLEGIO SANTA BARBARA (IED)
J-4163-01-V1;111001030830;COLEGIO UNION EUROPEA (IED)
J-4163-01-V2;111001030830;COLEGIO UNION EUROPEA (IED)
J-4163-01-V3;111001030830;COLEGIO UNION EUROPEA (IED)
J-4163-01-V4;111001030830;COLEGIO UNION EUROPEA (IED)
J-4163-01-V5;111001030830;COLEGIO UNION EUROPEA (IED)
J-4163-02-V1;111001030830;COLEGIO UNION EUROPEA (IED)
J-4177-01-V1;111001014885;COLEGIO JULIO GARAVITO ARMERO (IED)
J-4177-02-V1;111001014885;COLEGIO JULIO GARAVITO ARMERO (IED)
J-4177-03-V1;111001014885;COLEGIO JULIO GARAVITO ARMERO (IED)
J-4177-04-V1;111001014885;COLEGIO JULIO GARAVITO ARMERO (IED)
J-4177-05-V1;111001014885;COLEGIO JULIO GARAVITO ARMERO (IED)
J-4177-06-V1;111001014885;COLEGIO JULIO GARAVITO ARMERO (IED)
J-4177-07-V1;111001014885;COLEGIO JULIO GARAVITO ARMERO (IED)
J-4177-08-V1;111001014885;COLEGIO JULIO GARAVITO ARMERO (IED)
J-4177-09-V1;111001014885;COLEGIO JULIO GARAVITO ARMERO (IED)
J-4177-10-V1;111001014885;COLEGIO JULIO GARAVITO ARMERO (IED)
J-4177-11-V1;111001014885;COLEGIO JULIO GARAVITO ARMERO (IED)
J-4177-12-V1;111001014885;COLEGIO JULIO GARAVITO ARMERO (IED)
J-4180-02-V1;111001018341;COLEGIO FRANCISCO JAVIER MATIZ (IED)
J-4180-02-V2;111001018341;COLEGIO FRANCISCO JAVIER MATIZ (IED)
J-4180-03-V1;111001018341;COLEGIO FRANCISCO JAVIER MATIZ (IED)
J-4180-03-V2;111001018341;COLEGIO FRANCISCO JAVIER MATIZ (IED)
J-4180-03-V4;111001018341;COLEGIO FRANCISCO JAVIER MATIZ (IED)
J-4180-03-V5;111001018341;COLEGIO FRANCISCO JAVIER MATIZ (IED)
J-4180-03-V6;111001018341;COLEGIO FRANCISCO JAVIER MATIZ (IED)
J-4188-01-V1;311001026441;COLEGIO LOS PINOS (IED)
J-4188-02-V1;311001026441;COLEGIO LOS PINOS (IED)
J-4188-03-V1;311001026441;COLEGIO LOS PINOS (IED)
J-4188-04-V1;311001026441;COLEGIO LOS PINOS (IED)
J-4188-05-V1;311001026441;COLEGIO LOS PINOS (IED)
J-4188-06-V1;311001026441;COLEGIO LOS PINOS (IED)
J-4200-02-V1;111001044270;COLEGIO LOS COMUNEROS - OSWALDO GUAYASAMIN (IED)
J-4200-03-V1;111001044270;COLEGIO LOS COMUNEROS - OSWALDO GUAYASAMIN (IED)
J-4200-04-V1;111001044270;COLEGIO LOS COMUNEROS - OSWALDO GUAYASAMIN (IED)
J-4200-10-V2;111001044270;COLEGIO LOS COMUNEROS - OSWALDO GUAYASAMIN (IED)
J-4200-11-V1;111001044270;COLEGIO LOS COMUNEROS - OSWALDO GUAYASAMIN (IED)
J-4200-11-V2;111001044270;COLEGIO LOS COMUNEROS - OSWALDO GUAYASAMIN (IED)
J-4206-01-V1;111001017795;COLEGIO MAGDALENA ORTEGA DE NARIÑO (IED)
J-4206-01-V2;111001017795;COLEGIO MAGDALENA ORTEGA DE NARIÑO (IED)
J-4206-02-V1;111001017795;COLEGIO MAGDALENA ORTEGA DE NARIÑO (IED)
J-4206-02-V2;111001017795;COLEGIO MAGDALENA ORTEGA DE NARIÑO (IED)
J-4206-03-V1;111001017795;COLEGIO MAGDALENA ORTEGA DE NARIÑO (IED)
J-4206-03-V2;111001017795;COLEGIO MAGDALENA ORTEGA DE NARIÑO (IED)
J-4206-04-V1;111001017795;COLEGIO MAGDALENA ORTEGA DE NARIÑO (IED)
J-4206-04-V2;111001017795;COLEGIO MAGDALENA ORTEGA DE NARIÑO (IED)
J-4206-05-V1;111001017795;COLEGIO MAGDALENA ORTEGA DE NARIÑO (IED)
J-4206-05-V2;111001017795;COLEGIO MAGDALENA ORTEGA DE NARIÑO (IED)
J-4206-06-V1;111001017795;COLEGIO MAGDALENA ORTEGA DE NARIÑO (IED)
J-4210-01-V1;111001016004;COLEGIO LA BELLEZA LOS LIBERTADORES (IED)
J-4210-01-V2;111001016004;COLEGIO LA BELLEZA LOS LIBERTADORES (IED)
J-4210-02-V1;111001016004;COLEGIO LA BELLEZA LOS LIBERTADORES (IED)
J-4210-02-V2;111001016004;COLEGIO LA BELLEZA LOS LIBERTADORES (IED)
J-4210-02-V3;111001016004;COLEGIO LA BELLEZA LOS LIBERTADORES (IED)
J-4210-04-V1;111001016004;COLEGIO LA BELLEZA LOS LIBERTADORES (IED)
J-4210-04-V2;111001016004;COLEGIO LA BELLEZA LOS LIBERTADORES (IED)
J-4210-04-V3;111001016004;COLEGIO LA BELLEZA LOS LIBERTADORES (IED)
J-4210-04-V4;111001016004;COLEGIO LA BELLEZA LOS LIBERTADORES (IED)
J-4229-01-V1;111001012602;COLEGIO ATANASIO GIRARDOT (IED)
J-4229-01-V2;111001012602;COLEGIO ATANASIO GIRARDOT (IED)
J-4229-02-V1;111001012602;COLEGIO ATANASIO GIRARDOT (IED)
J-4229-02-V2;111001012602;COLEGIO ATANASIO GIRARDOT (IED)
J-4229-03-V1;111001012602;COLEGIO ATANASIO GIRARDOT (IED)
J-4229-03-V2;111001012602;COLEGIO ATANASIO GIRARDOT (IED)
J-4229-04-V1;111001012602;COLEGIO ATANASIO GIRARDOT (IED)
J-4233-03-V2;111001075663;COLEGIO ESTRELLA DEL SUR (IED)
J-4233-04-V2;111001075663;COLEGIO ESTRELLA DEL SUR (IED)
J-4233-04-V3;111001075663;COLEGIO ESTRELLA DEL SUR (IED)
J-4233-05-V1;111001075663;COLEGIO ESTRELLA DEL SUR (IED)
J-4233-05-V2;111001075663;COLEGIO ESTRELLA DEL SUR (IED)
J-4233-05-V3;111001075663;COLEGIO ESTRELLA DEL SUR (IED)
J-4233-06-V1;111001075663;COLEGIO ESTRELLA DEL SUR (IED)
J-4233-06-V2;111001075663;COLEGIO ESTRELLA DEL SUR (IED)
J-4233-06-V3;111001075663;COLEGIO ESTRELLA DEL SUR (IED)
J-4246-01-V1;111279000125;COLEGIO VILLEMAR EL CARMEN (IED)
J-4246-01-V2;111279000125;COLEGIO VILLEMAR EL CARMEN (IED)
J-4246-01-V3;111279000125;COLEGIO VILLEMAR EL CARMEN (IED)
J-4246-01-V4;111279000125;COLEGIO VILLEMAR EL CARMEN (IED)
J-4246-01-V5;111279000125;COLEGIO VILLEMAR EL CARMEN (IED)
J-4247-01-V1;111001011321;COLEGIO CARLOS ARTURO TORRES (IED)
J-4247-01-V2;111001011321;COLEGIO CARLOS ARTURO TORRES (IED)
J-4247-01-V3;111001011321;COLEGIO CARLOS ARTURO TORRES (IED)
J-4247-02-V1;111001011321;COLEGIO CARLOS ARTURO TORRES (IED)
J-4247-02-V3;111001011321;COLEGIO CARLOS ARTURO TORRES (IED)
J-4247-03-V1;111001011321;COLEGIO CARLOS ARTURO TORRES (IED)
J-4247-04-V1;111001011321;COLEGIO CARLOS ARTURO TORRES (IED)
J-4247-04-V2;111001011321;COLEGIO CARLOS ARTURO TORRES (IED)
J-4247-04-V3;111001011321;COLEGIO CARLOS ARTURO TORRES (IED)
J-4247-04-V4;111001011321;COLEGIO CARLOS ARTURO TORRES (IED)
J-4247-04-V5;111001011321;COLEGIO CARLOS ARTURO TORRES (IED)
J-4247-04-V6;111001011321;COLEGIO CARLOS ARTURO TORRES (IED)
J-4247-04-V7;111001011321;COLEGIO CARLOS ARTURO TORRES (IED)
J-4260-01-V1;111001078638;COLEGIO EL VIRREY JOSE SOLIS (IED)
J-4260-01-V2;111001078638;COLEGIO EL VIRREY JOSE SOLIS (IED)
J-4260-02-V1;111001078638;COLEGIO EL VIRREY JOSE SOLIS (IED)
J-4260-02-V2;111001078638;COLEGIO EL VIRREY JOSE SOLIS (IED)
J-4260-02-V3;111001078638;COLEGIO EL VIRREY JOSE SOLIS (IED)
J-4260-02-V4;111001078638;COLEGIO EL VIRREY JOSE SOLIS (IED)
J-4271-01-V1;111001107778;COLEGIO SALUDCOOP SUR (IED)
J-4271-01-V2;111001107778;COLEGIO SALUDCOOP SUR (IED)
J-4271-01-V3;111001107778;COLEGIO SALUDCOOP SUR (IED)
J-4271-02-V1;111001107778;COLEGIO SALUDCOOP SUR (IED)
J-4271-02-V2;111001107778;COLEGIO SALUDCOOP SUR (IED)
J-4271-02-V3;111001107778;COLEGIO SALUDCOOP SUR (IED)
J-4271-03-V1;111001107778;COLEGIO SALUDCOOP SUR (IED)
J-4271-03-V2;111001107778;COLEGIO SALUDCOOP SUR (IED)
J-4271-03-V3;111001107778;COLEGIO SALUDCOOP SUR (IED)
J-4274-01-V1;111001013935;COLEGIO SANTA MARTHA (IED)
J-4274-01-V2;111001013935;COLEGIO SANTA MARTHA (IED)
J-4274-02-V1;111001013935;COLEGIO SANTA MARTHA (IED)
J-4274-02-V2;111001013935;COLEGIO SANTA MARTHA (IED)
J-4274-03-V1;111001013935;COLEGIO SANTA MARTHA (IED)
J-4274-03-V2;111001013935;COLEGIO SANTA MARTHA (IED)
J-4274-05-V1;111001013935;COLEGIO SANTA MARTHA (IED)
J-4274-05-V2;111001013935;COLEGIO SANTA MARTHA (IED)
J-4274-06-V1;111001013935;COLEGIO SANTA MARTHA (IED)
J-4274-07-V1;111001013935;COLEGIO SANTA MARTHA (IED)
J-4274-07-V2;111001013935;COLEGIO SANTA MARTHA (IED)
J-4274-08-V1;111001013935;COLEGIO SANTA MARTHA (IED)
J-4274-08-V3;111001013935;COLEGIO SANTA MARTHA (IED)
J-4288-01-V1;111001025020;COLEGIO ALBERTO LLERAS CAMARGO (IED)
J-4288-01-V2;111001025020;COLEGIO ALBERTO LLERAS CAMARGO (IED)
J-4288-02-V1;111001025020;COLEGIO ALBERTO LLERAS CAMARGO (IED)
J-4288-02-V2;111001025020;COLEGIO ALBERTO LLERAS CAMARGO (IED)
J-4288-03-V1;111001025020;COLEGIO ALBERTO LLERAS CAMARGO (IED)
J-4288-03-V2;111001025020;COLEGIO ALBERTO LLERAS CAMARGO (IED)
J-4288-04-V1;111001025020;COLEGIO ALBERTO LLERAS CAMARGO (IED)
J-4288-04-V2;111001025020;COLEGIO ALBERTO LLERAS CAMARGO (IED)
R-001;211001027485;COLEGIO EL VERJON (IED)
R-002;211001027485;COLEGIO EL VERJON (IED)
R-003;211001027485;COLEGIO EL VERJON (IED)
R-004;211001027485;COLEGIO EL VERJON (IED)
R-005;211001027485;COLEGIO EL VERJON (IED)
R-008;211001027485;COLEGIO EL VERJON (IED)
R-009;211001027485;COLEGIO EL VERJON (IED)
R-010;211850000876;COLEGIO EL DESTINO (IED)
R-011;211850000876;COLEGIO EL DESTINO (IED)
R-012;211850000876;COLEGIO EL DESTINO (IED)
R-013;211850000876;COLEGIO EL DESTINO (IED)
R-014;211850000876;COLEGIO EL DESTINO (IED)
R-015;211850000876;COLEGIO EL DESTINO (IED)
R-016;211850000876;COLEGIO EL DESTINO (IED)
R-017;211850000876;COLEGIO EL DESTINO (IED)
R-018;211850000876;COLEGIO EL DESTINO (IED)
R-019;211850000876;COLEGIO EL DESTINO (IED)
R-020;211850000876;COLEGIO EL DESTINO (IED)
R-021;211850000876;COLEGIO EL DESTINO (IED)
R-022;211850000876;COLEGIO EL DESTINO (IED)
R-023;211850000876;COLEGIO EL DESTINO (IED)
R-024;211850000876;COLEGIO EL DESTINO (IED)
R-025;211850000876;COLEGIO EL DESTINO (IED)
R-026;211850000981;COLEGIO EL UVAL (IED)
R-027;211850000981;COLEGIO EL UVAL (IED)
R-029;211850000981;COLEGIO EL UVAL (IED)
R-030;211850000981;COLEGIO EL UVAL (IED)
R-031;211850000981;COLEGIO EL UVAL (IED)
R-032;211850000981;COLEGIO EL UVAL (IED)
R-033;211850000981;COLEGIO EL UVAL (IED)
R-034;211850000981;COLEGIO EL UVAL (IED)
R-035;211850000981;COLEGIO EL UVAL (IED)
R-037;211850000981;COLEGIO EL UVAL (IED)
R-038;211850000981;COLEGIO EL UVAL (IED)
R-039;211850000981;COLEGIO EL UVAL (IED)
R-041;211850000981;COLEGIO EL UVAL (IED)
R-042;211850000981;COLEGIO EL UVAL (IED)
R-046;211850000981;COLEGIO EL UVAL (IED)
R-047;211850000981;COLEGIO EL UVAL (IED)
R-048;211850000981;COLEGIO EL UVAL (IED)
R-050;211850000981;COLEGIO EL UVAL (IED)
R-051;211850000981;COLEGIO EL UVAL (IED)
R-052;211850000981;COLEGIO EL UVAL (IED)
R-054;211850000736;COLEGIO RURAL LA ARGENTINA (CED)
R-055;211850000884;COLEGIO RURAL EL HATO (CED)
R-056;211850000710;COLEGIO RURAL LOS ARRAYANES (CED)
R-057;211850000108;COLEGIO RURAL OLARTE (CED)
R-058;211850000108;COLEGIO RURAL OLARTE (CED)
R-059;211850000108;COLEGIO RURAL OLARTE (CED)
R-060;211850000108;COLEGIO RURAL OLARTE (CED)
R-061;211850000868;COLEGIO RURAL EL CURUBITAL (CED)
R-062;111001107786;COLEGIO NICOLAS BUENAVENTURA (IED)
R-063;111001107786;COLEGIO NICOLAS BUENAVENTURA (IED)
R-064;111001107786;COLEGIO NICOLAS BUENAVENTURA (IED)
R-065;111001107786;COLEGIO NICOLAS BUENAVENTURA (IED)
R-066;111001107786;COLEGIO NICOLAS BUENAVENTURA (IED)
R-067;111001107786;COLEGIO NICOLAS BUENAVENTURA (IED)
R-068;111001107786;COLEGIO NICOLAS BUENAVENTURA (IED)
R-069;111001107786;COLEGIO NICOLAS BUENAVENTURA (IED)
R-070;211850001180;COLEGIO MOCHUELO ALTO (CED)
R-071;211850001180;COLEGIO MOCHUELO ALTO (CED)
R-072;211850001180;COLEGIO MOCHUELO ALTO (CED)
R-073;211850001180;COLEGIO MOCHUELO ALTO (CED)
R-074;211850001180;COLEGIO MOCHUELO ALTO (CED)
R-075;211850001180;COLEGIO MOCHUELO ALTO (CED)
R-076;211850001180;COLEGIO MOCHUELO ALTO (CED)
R-077;211850001180;COLEGIO MOCHUELO ALTO (CED)
R-078;211850001180;COLEGIO MOCHUELO ALTO (CED)
R-079;211850001121;COLEGIO RURAL PASQUILLA (IED)
R-080;211850001121;COLEGIO RURAL PASQUILLA (IED)
R-081;211850001121;COLEGIO RURAL PASQUILLA (IED)
R-082;211850001121;COLEGIO RURAL PASQUILLA (IED)
R-083;211850001121;COLEGIO RURAL PASQUILLA (IED)
R-084;211850001121;COLEGIO RURAL PASQUILLA (IED)
R-085;211850001121;COLEGIO RURAL PASQUILLA (IED)
R-086;211850001121;COLEGIO RURAL PASQUILLA (IED)
R-087;211850001121;COLEGIO RURAL PASQUILLA (IED)
R-088;211850001121;COLEGIO RURAL PASQUILLA (IED)
R-089;211850001121;COLEGIO RURAL PASQUILLA (IED)
R-090;211850001121;COLEGIO RURAL PASQUILLA (IED)
R-092;211850001121;COLEGIO RURAL PASQUILLA (IED)
R-093;211850001121;COLEGIO RURAL PASQUILLA (IED)
R-094;211850001121;COLEGIO RURAL PASQUILLA (IED)
R-095;211850001121;COLEGIO RURAL PASQUILLA (IED)
R-097;211850001121;COLEGIO RURAL PASQUILLA (IED)
R-098;211850001121;COLEGIO RURAL PASQUILLA (IED)
R-099;211850001121;COLEGIO RURAL PASQUILLA (IED)
R-100;211850001121;COLEGIO RURAL PASQUILLA (IED)
R-102;211850001121;COLEGIO RURAL PASQUILLA (IED)
R-104;211850001121;COLEGIO RURAL PASQUILLA (IED)
R-105;211850001121;COLEGIO RURAL PASQUILLA (IED)
R-106;211850001121;COLEGIO RURAL PASQUILLA (IED)
R-107;211850001121;COLEGIO RURAL PASQUILLA (IED)
R-109;211850001121;COLEGIO RURAL PASQUILLA (IED)
R-110;211850001121;COLEGIO RURAL PASQUILLA (IED)
R-111;211850001121;COLEGIO RURAL PASQUILLA (IED)
R-112;211850001121;COLEGIO RURAL PASQUILLA (IED)
R-113;211850001121;COLEGIO RURAL PASQUILLA (IED)
R-114;211850001171;COLEGIO RURAL QUIBA ALTA (IED)
R-115;211850001171;COLEGIO RURAL QUIBA ALTA (IED)
R-116;211850001171;COLEGIO RURAL QUIBA ALTA (IED)
R-117;211850001171;COLEGIO RURAL QUIBA ALTA (IED)
R-118;211850001171;COLEGIO RURAL QUIBA ALTA (IED)
R-119;211850001171;COLEGIO RURAL QUIBA ALTA (IED)
R-120;211850001171;COLEGIO RURAL QUIBA ALTA (IED)
R-121;211850001171;COLEGIO RURAL QUIBA ALTA (IED)
R-122;211850001171;COLEGIO RURAL QUIBA ALTA (IED)
R-123;211850001171;COLEGIO RURAL QUIBA ALTA (IED)
R-124;211850001171;COLEGIO RURAL QUIBA ALTA (IED)
R-125;211850001171;COLEGIO RURAL QUIBA ALTA (IED)
R-126;211850001171;COLEGIO RURAL QUIBA ALTA (IED)
R-127;211850001171;COLEGIO RURAL QUIBA ALTA (IED)
R-128;211850001171;COLEGIO RURAL QUIBA ALTA (IED)
R-129;211850001171;COLEGIO RURAL QUIBA ALTA (IED)
R-130;211850001171;COLEGIO RURAL QUIBA ALTA (IED)
R-131;211850001171;COLEGIO RURAL QUIBA ALTA (IED)
R-132;211850001171;COLEGIO RURAL QUIBA ALTA (IED)
R-133;211850001171;COLEGIO RURAL QUIBA ALTA (IED)
R-134;211850001171;COLEGIO RURAL QUIBA ALTA (IED)
R-135;211850001171;COLEGIO RURAL QUIBA ALTA (IED)
R-136;211850001171;COLEGIO RURAL QUIBA ALTA (IED)
R-137;211850001171;COLEGIO RURAL QUIBA ALTA (IED)
R-138;211850001171;COLEGIO RURAL QUIBA ALTA (IED)
R-139;211850001171;COLEGIO RURAL QUIBA ALTA (IED)
R-140;211850001171;COLEGIO RURAL QUIBA ALTA (IED)
R-141;211850001171;COLEGIO RURAL QUIBA ALTA (IED)
R-142;211850001171;COLEGIO RURAL QUIBA ALTA (IED)
R-143;211850001171;COLEGIO RURAL QUIBA ALTA (IED)
R-145;211850001171;COLEGIO RURAL QUIBA ALTA (IED)
R-146;211850001171;COLEGIO RURAL QUIBA ALTA (IED)
R-147;211850001171;COLEGIO RURAL QUIBA ALTA (IED)
R-148;211850001171;COLEGIO RURAL QUIBA ALTA (IED)
R-149;211850001171;COLEGIO RURAL QUIBA ALTA (IED)
R-150;211850001171;COLEGIO RURAL QUIBA ALTA (IED)
R-151;211850001171;COLEGIO RURAL QUIBA ALTA (IED)
R-152;211850001171;COLEGIO RURAL QUIBA ALTA (IED)
R-153;211850001317;COLEGIO RURAL JOSE CELESTINO MUTIS (IED)
R-154;211850001317;COLEGIO RURAL JOSE CELESTINO MUTIS (IED)
R-155;211850001317;COLEGIO RURAL JOSE CELESTINO MUTIS (IED)
R-156;211850001317;COLEGIO RURAL JOSE CELESTINO MUTIS (IED)
R-157;211850001317;COLEGIO RURAL JOSE CELESTINO MUTIS (IED)
R-158;211850001317;COLEGIO RURAL JOSE CELESTINO MUTIS (IED)
R-159;211850001317;COLEGIO RURAL JOSE CELESTINO MUTIS (IED)
R-160;211850001317;COLEGIO RURAL JOSE CELESTINO MUTIS (IED)
R-161;211850001317;COLEGIO RURAL JOSE CELESTINO MUTIS (IED)
R-163;211850001317;COLEGIO RURAL JOSE CELESTINO MUTIS (IED)
R-164;211850001317;COLEGIO RURAL JOSE CELESTINO MUTIS (IED)
R-165;211850001317;COLEGIO RURAL JOSE CELESTINO MUTIS (IED)
R-166;211850001317;COLEGIO RURAL JOSE CELESTINO MUTIS (IED)
R-167;211850001317;COLEGIO RURAL JOSE CELESTINO MUTIS (IED)
R-168;211850001317;COLEGIO RURAL JOSE CELESTINO MUTIS (IED)
R-169;211850001317;COLEGIO RURAL JOSE CELESTINO MUTIS (IED)
R-170;211850001317;COLEGIO RURAL JOSE CELESTINO MUTIS (IED)
R-171;211850001317;COLEGIO RURAL JOSE CELESTINO MUTIS (IED)
R-172;211850001317;COLEGIO RURAL JOSE CELESTINO MUTIS (IED)
R-173;211850001317;COLEGIO RURAL JOSE CELESTINO MUTIS (IED)
R-174;211850001317;COLEGIO RURAL JOSE CELESTINO MUTIS (IED)
R-175;211850001317;COLEGIO RURAL JOSE CELESTINO MUTIS (IED)
R-176;211850001317;COLEGIO RURAL JOSE CELESTINO MUTIS (IED)
R-177;211850001317;COLEGIO RURAL JOSE CELESTINO MUTIS (IED)
R-178;211850001317;COLEGIO RURAL JOSE CELESTINO MUTIS (IED)
R-179;211850001007;COLEGIO RURAL LA MAYORIA (CED)
R-182;211001032501;COLEGIO GABRIEL GARCIA MARQUEZ (IED)
R-183;211001032501;COLEGIO GABRIEL GARCIA MARQUEZ (IED)
R-184;211001032501;COLEGIO GABRIEL GARCIA MARQUEZ (IED)
R-185;211850000736;COLEGIO RURAL LA ARGENTINA (CED)
R-186;211850001121;COLEGIO RURAL PASQUILLA (IED)
R-188;111001107867;COLEGIO KIMI PERNIA DOMICO (IED)
R-189;111001107867;COLEGIO KIMI PERNIA DOMICO (IED)
R-190;111001107867;COLEGIO KIMI PERNIA DOMICO (IED)
R-191;111001107867;COLEGIO KIMI PERNIA DOMICO (IED)
R-192;111001107867;COLEGIO KIMI PERNIA DOMICO (IED)
R-193;111001107867;COLEGIO KIMI PERNIA DOMICO (IED)
R-194;111001107867;COLEGIO KIMI PERNIA DOMICO (IED)
R-196;111001107867;COLEGIO KIMI PERNIA DOMICO (IED)
R-197;111001107867;COLEGIO KIMI PERNIA DOMICO (IED)
R-198;111001107867;COLEGIO KIMI PERNIA DOMICO (IED)
R-199;111001107867;COLEGIO KIMI PERNIA DOMICO (IED)
R-200;111001107867;COLEGIO KIMI PERNIA DOMICO (IED)
R-204;111001107867;COLEGIO KIMI PERNIA DOMICO (IED)
R-205;111001107867;COLEGIO KIMI PERNIA DOMICO (IED)
R-206;111001033901;COLEGIO CAMPESTRE MONTE VERDE (IED)
R-207;111001033901;COLEGIO CAMPESTRE MONTE VERDE (IED)
R-208;111001033901;COLEGIO CAMPESTRE MONTE VERDE (IED)
R-209;111001033901;COLEGIO CAMPESTRE MONTE VERDE (IED)
R-210;111001033901;COLEGIO CAMPESTRE MONTE VERDE (IED)
R-211;111001033901;COLEGIO CAMPESTRE MONTE VERDE (IED)
R-212;111001033901;COLEGIO CAMPESTRE MONTE VERDE (IED)
R-213;111001033901;COLEGIO CAMPESTRE MONTE VERDE (IED)
R-215;111001033901;COLEGIO CAMPESTRE MONTE VERDE (IED)
R-216;111001033901;COLEGIO CAMPESTRE MONTE VERDE (IED)
R-217;111001033901;COLEGIO CAMPESTRE MONTE VERDE (IED)
R-218;111001033901;COLEGIO CAMPESTRE MONTE VERDE (IED)
R-219;111001033901;COLEGIO CAMPESTRE MONTE VERDE (IED)
R-220;111001033901;COLEGIO CAMPESTRE MONTE VERDE (IED)
R-222;211850000876;COLEGIO EL DESTINO (IED)
R-223;111001107867;COLEGIO KIMI PERNIA DOMICO (IED)
R-224;111001107867;COLEGIO KIMI PERNIA DOMICO (IED)
R-338;211850001007;COLEGIO RURAL LA MAYORIA (CED)
R-339;211850001171;COLEGIO RURAL QUIBA ALTA (IED)
R-340;111001086681;COLEGIO NUEVO HORIZONTE (IED)
R-341;111001086681;COLEGIO NUEVO HORIZONTE (IED)
R-342;111001086681;COLEGIO NUEVO HORIZONTE (IED)
R-343;111001086681;COLEGIO NUEVO HORIZONTE (IED)
R-344;111001086681;COLEGIO NUEVO HORIZONTE (IED)
R-345;111001086681;COLEGIO NUEVO HORIZONTE (IED)
R-346;111001086681;COLEGIO NUEVO HORIZONTE (IED)
R-347;111001086681;COLEGIO NUEVO HORIZONTE (IED)
R-348;111001086681;COLEGIO NUEVO HORIZONTE (IED)
R-349;111001086681;COLEGIO NUEVO HORIZONTE (IED)
R-361;211850000981;COLEGIO EL UVAL (IED)
R-362;111001098833;COLEGIO SAN CAYETANO (IED)
R-363;111001098833;COLEGIO SAN CAYETANO (IED)
R-364;211850000043;COLEGIO RURAL LA UNION USME (CED)
R-365;211850000841;COLEGIO RURAL CHIZACA (CED)
R-367;111001098833;COLEGIO SAN CAYETANO (IED)
R-368;111001098833;COLEGIO SAN CAYETANO (IED)
R-369;111001098833;COLEGIO SAN CAYETANO (IED)
R-370;111001098833;COLEGIO SAN CAYETANO (IED)
R-371;111001098833;COLEGIO SAN CAYETANO (IED)
R-372;111001098833;COLEGIO SAN CAYETANO (IED)
R-373;111001098833;COLEGIO SAN CAYETANO (IED)
R-374;111001098833;COLEGIO SAN CAYETANO (IED)
R-375;111001098833;COLEGIO SAN CAYETANO (IED)
R-376;111001098833;COLEGIO SAN CAYETANO (IED)
R-377;111001098833;COLEGIO SAN CAYETANO (IED)
R-378;111001098833;COLEGIO SAN CAYETANO (IED)
R-379;211850001074;COLEGIO RURAL LAS MERCEDES (CED)
R-380;111001086681;COLEGIO NUEVO HORIZONTE (IED)
R-381;111001033901;COLEGIO CAMPESTRE MONTE VERDE (IED)
R-382;211850001074;COLEGIO RURAL LAS MERCEDES (CED)
R-383;211001032501;COLEGIO GABRIEL GARCIA MARQUEZ (IED)
R-384;111001033901;COLEGIO CAMPESTRE MONTE VERDE (IED)
R-385;111001033901;COLEGIO CAMPESTRE MONTE VERDE (IED)
R-470;211001027485;COLEGIO EL VERJON (IED)
R-474;211850000108;COLEGIO RURAL OLARTE (CED)
R-475;111001033901;COLEGIO CAMPESTRE MONTE VERDE (IED)
R-476;211850000981;COLEGIO EL UVAL (IED)
R-477;211850000981;COLEGIO EL UVAL (IED)
R-478;111001098833;COLEGIO SAN CAYETANO (IED)
R-479;111001098833;COLEGIO SAN CAYETANO (IED)
R-480;111001098833;COLEGIO SAN CAYETANO (IED)
R-481;211001027485;COLEGIO EL VERJON (IED)
R-482;111001098833;COLEGIO SAN CAYETANO (IED)
R-483;211850000698;COLEGIO RURAL LOS ANDES (CED)
R-484;211001032501;COLEGIO GABRIEL GARCIA MARQUEZ (IED)
R-485;211001032501;COLEGIO GABRIEL GARCIA MARQUEZ (IED)
R-486;211001032501;COLEGIO GABRIEL GARCIA MARQUEZ (IED)
R-493;211850001121;COLEGIO RURAL PASQUILLA (IED)
R-494;111001098833;COLEGIO SAN CAYETANO (IED)
R-495;111001098833;COLEGIO SAN CAYETANO (IED)
R-496;211850000108;COLEGIO RURAL OLARTE (CED)
R-497;211001032501;COLEGIO GABRIEL GARCIA MARQUEZ (IED)
R-498;211001027485;COLEGIO EL VERJON (IED)
S-001;211001076346;COLEGIO CAMPESTRE JAIME GARZON (IED)
S-002;211001076346;COLEGIO CAMPESTRE JAIME GARZON (IED)
S-003;211001076346;COLEGIO CAMPESTRE JAIME GARZON (IED)
S-005;211001076346;COLEGIO CAMPESTRE JAIME GARZON (IED)
S-006;211001076346;COLEGIO CAMPESTRE JAIME GARZON (IED)
S-007;211001076346;COLEGIO CAMPESTRE JAIME GARZON (IED)
S-008;211001076346;COLEGIO CAMPESTRE JAIME GARZON (IED)
S-009;211001076346;COLEGIO CAMPESTRE JAIME GARZON (IED)
S-010;211001076346;COLEGIO CAMPESTRE JAIME GARZON (IED)
S-011;211001076346;COLEGIO CAMPESTRE JAIME GARZON (IED)
S-012;211001076346;COLEGIO CAMPESTRE JAIME GARZON (IED)
S-014;211001076346;COLEGIO CAMPESTRE JAIME GARZON (IED)
S-015;211850001473;COLEGIO GIMNASIO DEL CAMPO JUAN DE LA CRUZ VARELA (IED)
S-016;211850001473;COLEGIO GIMNASIO DEL CAMPO JUAN DE LA CRUZ VARELA (IED)
S-017;211850001473;COLEGIO GIMNASIO DEL CAMPO JUAN DE LA CRUZ VARELA (IED)
S-018;211850001473;COLEGIO GIMNASIO DEL CAMPO JUAN DE LA CRUZ VARELA (IED)
S-019;211850001473;COLEGIO GIMNASIO DEL CAMPO JUAN DE LA CRUZ VARELA (IED)
S-020;211850001473;COLEGIO GIMNASIO DEL CAMPO JUAN DE LA CRUZ VARELA (IED)
S-021;211850001473;COLEGIO GIMNASIO DEL CAMPO JUAN DE LA CRUZ VARELA (IED)
S-022;211850001473;COLEGIO GIMNASIO DEL CAMPO JUAN DE LA CRUZ VARELA (IED)
S-023;211850001473;COLEGIO GIMNASIO DEL CAMPO JUAN DE LA CRUZ VARELA (IED)
S-024;211850001473;COLEGIO GIMNASIO DEL CAMPO JUAN DE LA CRUZ VARELA (IED)
S-025;211850001473;COLEGIO GIMNASIO DEL CAMPO JUAN DE LA CRUZ VARELA (IED)
S-026;211850001473;COLEGIO GIMNASIO DEL CAMPO JUAN DE LA CRUZ VARELA (IED)
S-027;211850001473;COLEGIO GIMNASIO DEL CAMPO JUAN DE LA CRUZ VARELA (IED)
S-028;211850001473;COLEGIO GIMNASIO DEL CAMPO JUAN DE LA CRUZ VARELA (IED)
S-029;211850001473;COLEGIO GIMNASIO DEL CAMPO JUAN DE LA CRUZ VARELA (IED)
S-032;211001076346;COLEGIO CAMPESTRE JAIME GARZON (IED)
S-042;211850001473;COLEGIO GIMNASIO DEL CAMPO JUAN DE LA CRUZ VARELA (IED)
S-043;211850001473;COLEGIO GIMNASIO DEL CAMPO JUAN DE LA CRUZ VARELA (IED)
S-044;211001076346;COLEGIO CAMPESTRE JAIME GARZON (IED)
S-045;211850001473;COLEGIO GIMNASIO DEL CAMPO JUAN DE LA CRUZ VARELA (IED)
S-046;211001076346;COLEGIO CAMPESTRE JAIME GARZON (IED)
S-050;211850001473;COLEGIO GIMNASIO DEL CAMPO JUAN DE LA CRUZ VARELA (IED)
S-052;211850001473;COLEGIO GIMNASIO DEL CAMPO JUAN DE LA CRUZ VARELA (IED)
S-053;211850001473;COLEGIO GIMNASIO DEL CAMPO JUAN DE LA CRUZ VARELA (IED)
S-057;211001076346;COLEGIO CAMPESTRE JAIME GARZON (IED)
S-058;211001076346;COLEGIO CAMPESTRE JAIME GARZON (IED)
S-061;211001076346;COLEGIO CAMPESTRE JAIME GARZON (IED)
S-062;211001076346;COLEGIO CAMPESTRE JAIME GARZON (IED)
T-061;111001086754;COLEGIO LA CONCEPCION (IED)
T-062;111001086754;COLEGIO LA CONCEPCION (IED)
T-063;111001086754;COLEGIO LA CONCEPCION (IED)
T-064;111001086754;COLEGIO LA CONCEPCION (IED)
T-065;111001086754;COLEGIO LA CONCEPCION (IED)
T-068;111001086754;COLEGIO LA CONCEPCION (IED)
T-074;111001086754;COLEGIO LA CONCEPCION (IED)
T-076;111001086754;COLEGIO LA CONCEPCION (IED)
T-077;111001086754;COLEGIO LA CONCEPCION (IED)
T-079;111001086754;COLEGIO LA CONCEPCION (IED)
T-080;111001086754;COLEGIO LA CONCEPCION (IED)
T-1021;111265000025;COLEGIO GENERAL SANTANDER (IED)
T-1024;111265000025;COLEGIO GENERAL SANTANDER (IED)
T-1025;111848003910;COLEGIO GENERAL SANTANDER (IED)
T-1026;111848003910;COLEGIO GENERAL SANTANDER (IED)
T-1027;111848003910;COLEGIO GENERAL SANTANDER (IED)
T-1028;111848003910;COLEGIO GENERAL SANTANDER (IED)
T-1029;111848003910;COLEGIO GENERAL SANTANDER (IED)
T-1030;111848003910;COLEGIO GENERAL SANTANDER (IED)
T-1031;111001025313;COLEGIO LICEO NACIONAL AGUSTIN NIETO CABALLERO (IED)
T-1032;111001025313;COLEGIO LICEO NACIONAL AGUSTIN NIETO CABALLERO (IED)
T-1033;111001025313;COLEGIO LICEO NACIONAL AGUSTIN NIETO CABALLERO (IED)
T-1034;111001025313;COLEGIO LICEO NACIONAL AGUSTIN NIETO CABALLERO (IED)
T-1035;111001025313;COLEGIO LICEO NACIONAL AGUSTIN NIETO CABALLERO (IED)
T-1036;111001025313;COLEGIO LICEO NACIONAL AGUSTIN NIETO CABALLERO (IED)
T-1037;111001025313;COLEGIO LICEO NACIONAL AGUSTIN NIETO CABALLERO (IED)
T-1038;111001025313;COLEGIO LICEO NACIONAL AGUSTIN NIETO CABALLERO (IED)
T-1039;111001025313;COLEGIO LICEO NACIONAL AGUSTIN NIETO CABALLERO (IED)
T-1040;111001025313;COLEGIO LICEO NACIONAL AGUSTIN NIETO CABALLERO (IED)
T-1041;111001025313;COLEGIO LICEO NACIONAL AGUSTIN NIETO CABALLERO (IED)
T-1042;111001025313;COLEGIO LICEO NACIONAL AGUSTIN NIETO CABALLERO (IED)
T-1043;111001025313;COLEGIO LICEO NACIONAL AGUSTIN NIETO CABALLERO (IED)
T-1044;111001025313;COLEGIO LICEO NACIONAL AGUSTIN NIETO CABALLERO (IED)
T-1045;111001025313;COLEGIO LICEO NACIONAL AGUSTIN NIETO CABALLERO (IED)
T-1046;111001025313;COLEGIO LICEO NACIONAL AGUSTIN NIETO CABALLERO (IED)
T-1047;111001025313;COLEGIO LICEO NACIONAL AGUSTIN NIETO CABALLERO (IED)
T-1048;111001025313;COLEGIO LICEO NACIONAL AGUSTIN NIETO CABALLERO (IED)
T-1049;111001025313;COLEGIO LICEO NACIONAL AGUSTIN NIETO CABALLERO (IED)
T-1051;111001001121;COLEGIO MARCO TULIO FERNANDEZ (IED)
T-1052;111001001121;COLEGIO MARCO TULIO FERNANDEZ (IED)
T-1053;111001001121;COLEGIO MARCO TULIO FERNANDEZ (IED)
T-1054;111001001121;COLEGIO MARCO TULIO FERNANDEZ (IED)
T-1055;111001001121;COLEGIO MARCO TULIO FERNANDEZ (IED)
T-263;111001086754;COLEGIO LA CONCEPCION (IED)
T-264;111001086754;COLEGIO LA CONCEPCION (IED)
T-265;111001086754;COLEGIO LA CONCEPCION (IED)
T-266;111001086754;COLEGIO LA CONCEPCION (IED)
T-779;111001086754;COLEGIO LA CONCEPCION (IED)
T-780;111001086754;COLEGIO LA CONCEPCION (IED)
T-782;111001086584;COLEGIO CONFEDERACION BRISAS DEL DIAMANTE (IED)
T-783;111001086584;COLEGIO CONFEDERACION BRISAS DEL DIAMANTE (IED)
T-784;111001086584;COLEGIO CONFEDERACION BRISAS DEL DIAMANTE (IED)
T-785;111001086584;COLEGIO CONFEDERACION BRISAS DEL DIAMANTE (IED)
T-786;111001086584;COLEGIO CONFEDERACION BRISAS DEL DIAMANTE (IED)
T-787;111001086584;COLEGIO CONFEDERACION BRISAS DEL DIAMANTE (IED)
T-788;111001086584;COLEGIO CONFEDERACION BRISAS DEL DIAMANTE (IED)
T-791;111001086584;COLEGIO CONFEDERACION BRISAS DEL DIAMANTE (IED)
T-792;111001086584;COLEGIO CONFEDERACION BRISAS DEL DIAMANTE (IED)
T-793;111001086584;COLEGIO CONFEDERACION BRISAS DEL DIAMANTE (IED)
T-794;111001086584;COLEGIO CONFEDERACION BRISAS DEL DIAMANTE (IED)
T-795;111001086584;COLEGIO CONFEDERACION BRISAS DEL DIAMANTE (IED)
T-796;111001086584;COLEGIO CONFEDERACION BRISAS DEL DIAMANTE (IED)
T-797;111001086584;COLEGIO CONFEDERACION BRISAS DEL DIAMANTE (IED)
T-809;111001086584;COLEGIO CONFEDERACION BRISAS DEL DIAMANTE (IED)
T-810;111001086584;COLEGIO CONFEDERACION BRISAS DEL DIAMANTE (IED)
T-811;111001086584;COLEGIO CONFEDERACION BRISAS DEL DIAMANTE (IED)
T-812;111001086584;COLEGIO CONFEDERACION BRISAS DEL DIAMANTE (IED)
T-813;111001086584;COLEGIO CONFEDERACION BRISAS DEL DIAMANTE (IED)
T-814;111001086584;COLEGIO CONFEDERACION BRISAS DEL DIAMANTE (IED)
T-888;111265000025;COLEGIO GENERAL SANTANDER (IED)
T-889;111265000025;COLEGIO GENERAL SANTANDER (IED)
T-890;111265000025;COLEGIO GENERAL SANTANDER (IED)
T-891;111265000025;COLEGIO GENERAL SANTANDER (IED)
T-892;111265000025;COLEGIO GENERAL SANTANDER (IED)
T-893;111265000025;COLEGIO GENERAL SANTANDER (IED)
T-894;111265000025;COLEGIO GENERAL SANTANDER (IED)
T-895;111265000025;COLEGIO GENERAL SANTANDER (IED)
T-896;111265000025;COLEGIO GENERAL SANTANDER (IED)
T-897;111265000025;COLEGIO GENERAL SANTANDER (IED)
T-898;111265000025;COLEGIO GENERAL SANTANDER (IED)
T-899;111265000025;COLEGIO GENERAL SANTANDER (IED)
T-900;111265000025;COLEGIO GENERAL SANTANDER (IED)
T-901;111265000025;COLEGIO GENERAL SANTANDER (IED)
T-902;111265000025;COLEGIO GENERAL SANTANDER (IED)
T-903;111265000025;COLEGIO GENERAL SANTANDER (IED)
T-904;111265000025;COLEGIO GENERAL SANTANDER (IED)
T-905;111265000025;COLEGIO GENERAL SANTANDER (IED)
T-906;111265000025;COLEGIO GENERAL SANTANDER (IED)
T-907;111265000025;COLEGIO GENERAL SANTANDER (IED)
T-908;111265000025;COLEGIO GENERAL SANTANDER (IED)
T-909;111265000025;COLEGIO GENERAL SANTANDER (IED)
T-910;111265000025;COLEGIO GENERAL SANTANDER (IED)
T-911;111265000025;COLEGIO GENERAL SANTANDER (IED)
T-913;111265000025;COLEGIO GENERAL SANTANDER (IED)
T-914;111265000025;COLEGIO GENERAL SANTANDER (IED)
T-915;111265000025;COLEGIO GENERAL SANTANDER (IED)
T-918;111265000025;COLEGIO GENERAL SANTANDER (IED)
T-922;111265000025;COLEGIO GENERAL SANTANDER (IED)
T-923;111265000025;COLEGIO GENERAL SANTANDER (IED)
T-924;111265000025;COLEGIO GENERAL SANTANDER (IED)
T-925;111265000025;COLEGIO GENERAL SANTANDER (IED)
T-926;111265000025;COLEGIO GENERAL SANTANDER (IED)
T-927;111265000025;COLEGIO GENERAL SANTANDER (IED)
T-928;111265000025;COLEGIO GENERAL SANTANDER (IED)
T-929;111265000025;COLEGIO GENERAL SANTANDER (IED)
T-930;111265000025;COLEGIO GENERAL SANTANDER (IED)
T-931;111265000025;COLEGIO GENERAL SANTANDER (IED)
T-932;111265000025;COLEGIO GENERAL SANTANDER (IED)
T-933;111265000025;COLEGIO GENERAL SANTANDER (IED)
T-934;111265000025;COLEGIO GENERAL SANTANDER (IED)
T-935;111265000025;COLEGIO GENERAL SANTANDER (IED)
T-936;111265000025;COLEGIO GENERAL SANTANDER (IED)
T-937;111265000025;COLEGIO GENERAL SANTANDER (IED)
T-938;111265000025;COLEGIO GENERAL SANTANDER (IED)
T-939;111265000025;COLEGIO GENERAL SANTANDER (IED)
T-943;111848003910;COLEGIO GENERAL SANTANDER (IED)
T-944;111848003910;COLEGIO GENERAL SANTANDER (IED)
T-945;111848003910;COLEGIO GENERAL SANTANDER (IED)
T-946;111848003910;COLEGIO GENERAL SANTANDER (IED)
T-947;111848003910;COLEGIO GENERAL SANTANDER (IED)
T-948;111848003910;COLEGIO GENERAL SANTANDER (IED)
T-949;111848003910;COLEGIO GENERAL SANTANDER (IED)
T-950;111848003910;COLEGIO GENERAL SANTANDER (IED)
T-951;111848003910;COLEGIO GENERAL SANTANDER (IED)
T-952;111848003910;COLEGIO GENERAL SANTANDER (IED)
T-953;111848003910;COLEGIO GENERAL SANTANDER (IED)
T-954;111848003910;COLEGIO GENERAL SANTANDER (IED)
T-955;111848003910;COLEGIO GENERAL SANTANDER (IED)
T-956;111848003910;COLEGIO GENERAL SANTANDER (IED)
T-957;111848003910;COLEGIO GENERAL SANTANDER (IED)
T-958;111848003910;COLEGIO GENERAL SANTANDER (IED)
T-960;111848003910;COLEGIO GENERAL SANTANDER (IED)
T-961;111848003910;COLEGIO GENERAL SANTANDER (IED)
T-962;111848003910;COLEGIO GENERAL SANTANDER (IED)
T-963;111848003910;COLEGIO GENERAL SANTANDER (IED)
T-964;111848003910;COLEGIO GENERAL SANTANDER (IED)
T-965;111848003910;COLEGIO GENERAL SANTANDER (IED)
T-966;111848003910;COLEGIO GENERAL SANTANDER (IED)
T-967;111848003910;COLEGIO GENERAL SANTANDER (IED)
T-968;111848003910;COLEGIO GENERAL SANTANDER (IED)
T-969;111848003910;COLEGIO GENERAL SANTANDER (IED)
T-992;111001086754;COLEGIO LA CONCEPCION (IED)
T-993;111001086754;COLEGIO LA CONCEPCION (IED)
T-994;111001086754;COLEGIO LA CONCEPCION (IED)
U-001;111001044806;COLEGIO FRIEDRICH NAUMANN (IED)
U-003;111848003910;COLEGIO GENERAL SANTANDER (IED)
U-005;111848003910;COLEGIO GENERAL SANTANDER (IED)
U-006;111848003910;COLEGIO GENERAL SANTANDER (IED)
U-018;111001086681;COLEGIO NUEVO HORIZONTE (IED)
U-022;111848002662;COLEGIO USAQUEN (IED)
U-023;111848002662;COLEGIO USAQUEN (IED)
U-024;111848002662;COLEGIO USAQUEN (IED)
U-045;111001010839;COLEGIO EXTERNADO NACIONAL CAMILO TORRES (IED)
U-046;111001010839;COLEGIO EXTERNADO NACIONAL CAMILO TORRES (IED)
U-056;111001012335;COLEGIO JUANA ESCOBAR (IED)
U-057;111001012335;COLEGIO JUANA ESCOBAR (IED)
U-058;111001012335;COLEGIO JUANA ESCOBAR (IED)
U-059;111001012335;COLEGIO JUANA ESCOBAR (IED)
U-062;111001015911;COLEGIO LOS ALPES (IED)
U-063;111001015911;COLEGIO LOS ALPES (IED)
U-064;111001030066;COLEGIO MANUELITA SAENZ (IED)
U-065;111001030066;COLEGIO MANUELITA SAENZ (IED)
U-066;111001030066;COLEGIO MANUELITA SAENZ (IED)
U-067;111001030066;COLEGIO MANUELITA SAENZ (IED)
U-068;111001030066;COLEGIO MANUELITA SAENZ (IED)
U-071;111001030066;COLEGIO MANUELITA SAENZ (IED)
U-072;111001086789;COLEGIO RAFAEL NUÑEZ (IED)
U-073;111001086789;COLEGIO RAFAEL NUÑEZ (IED)
U-075;111001086789;COLEGIO RAFAEL NUÑEZ (IED)
U-078;111001086789;COLEGIO RAFAEL NUÑEZ (IED)
U-079;111001086789;COLEGIO RAFAEL NUÑEZ (IED)
U-080;111001086789;COLEGIO RAFAEL NUÑEZ (IED)
U-082;111001086789;COLEGIO RAFAEL NUÑEZ (IED)
U-085;111001104345;COLEGIO DIEGO MONTAÑA CUELLAR (IED)
U-086;111001104345;COLEGIO DIEGO MONTAÑA CUELLAR (IED)
U-089;111001104345;COLEGIO DIEGO MONTAÑA CUELLAR (IED)
U-090;111001104345;COLEGIO DIEGO MONTAÑA CUELLAR (IED)
U-091;211850001481;COLEGIO FABIO LOZANO SIMONELLI (IED)
U-092;211850001481;COLEGIO FABIO LOZANO SIMONELLI (IED)
U-093;211850001481;COLEGIO FABIO LOZANO SIMONELLI (IED)
U-094;211850001481;COLEGIO FABIO LOZANO SIMONELLI (IED)
U-095;111850001576;COLEGIO FEDERICO GARCIA LORCA (IED)
U-096;111850001576;COLEGIO FEDERICO GARCIA LORCA (IED)
U-097;111850000740;COLEGIO FRANCISCO ANTONIO ZEA DE USME (IED)
U-098;111850000740;COLEGIO FRANCISCO ANTONIO ZEA DE USME (IED)
U-099;211850000051;COLEGIO GRAN YOMASA (IED)
U-100;211850000051;COLEGIO GRAN YOMASA (IED)
U-1000;111001107794;COLEGIO MARIA CANO (IED)
U-1007;111001012483;COLEGIO TABORA (IED)
U-1010;111850000740;COLEGIO FRANCISCO ANTONIO ZEA DE USME (IED)
U-1013;111001015598;COLEGIO LAS AMERICAS (IED)
U-1014;111001015598;COLEGIO LAS AMERICAS (IED)
U-1018;111001034754;COLEGIO COMPARTIR RECUERDO (IED)
U-1022;111001032255;COLEGIO TOMAS CARRASQUILLA (IED)
U-1024;111265000017;COLEGIO LA PALESTINA (IED)
U-1032;111001013676;COLEGIO NUEVO CHILE (IED)
U-1035;111001098612;COLEGIO LA ESTRELLITA (IED)
U-1036;111001098612;COLEGIO LA ESTRELLITA (IED)
U-1037;111001002909;COLEGIO CARLOS ALBAN HOLGUIN (IED)
U-1038;111001002909;COLEGIO CARLOS ALBAN HOLGUIN (IED)
U-1039;111001002909;COLEGIO CARLOS ALBAN HOLGUIN (IED)
U-104;111001009652;COLEGIO CENTRO INTEGRAL JOSE MARIA CORDOBA (IED)
U-1041;111001002909;COLEGIO CARLOS ALBAN HOLGUIN (IED)
U-1042;111001015814;COLEGIO REPUBLICA DE CHINA (IED)
U-1046;111001107794;COLEGIO MARIA CANO (IED)
U-1047;111001026964;COLEGIO JOHN F. KENNEDY (IED)
U-1048;111001026964;COLEGIO JOHN F. KENNEDY (IED)
U-1049;111001019411;COLEGIO INEM SANTIAGO PEREZ (IED)
U-105;111001009652;COLEGIO CENTRO INTEGRAL JOSE MARIA CORDOBA (IED)
U-1050;111001012033;COLEGIO VEINTE DE JULIO (IED)
U-1051;111001012033;COLEGIO VEINTE DE JULIO (IED)
U-1054;111001107786;COLEGIO NICOLAS BUENAVENTURA (IED)
U-1056;111001025313;COLEGIO LICEO NACIONAL AGUSTIN NIETO CABALLERO (IED)
U-106;111001009652;COLEGIO CENTRO INTEGRAL JOSE MARIA CORDOBA (IED)
U-1063;111001014214;COLEGIO CIUDAD DE BOGOTA (IED)
U-1065;111001009521;COLEGIO ROBERT F. KENNEDY (IED)
U-107;111001009652;COLEGIO CENTRO INTEGRAL JOSE MARIA CORDOBA (IED)
U-1071;111001012530;COLEGIO EL JAZMIN (IED)
U-1073;111769003424;COLEGIO GERARDO PAREDES (IED)
U-1074;111001034754;COLEGIO COMPARTIR RECUERDO (IED)
U-1075;111001034754;COLEGIO COMPARTIR RECUERDO (IED)
U-1076;111848003910;COLEGIO GENERAL SANTANDER (IED)
U-1077;111001024660;COLEGIO FERNANDO SOTO APARICIO (IED)
U-1078;111001024660;COLEGIO FERNANDO SOTO APARICIO (IED)
U-1079;111001024660;COLEGIO FERNANDO SOTO APARICIO (IED)
U-108;111001009652;COLEGIO CENTRO INTEGRAL JOSE MARIA CORDOBA (IED)
U-1080;111001024660;COLEGIO FERNANDO SOTO APARICIO (IED)
U-1082;111001011690;COLEGIO LA AMISTAD (IED)
U-1083;111001011690;COLEGIO LA AMISTAD (IED)
U-1086;111279000362;COLEGIO COSTA RICA (IED)
U-1089;111279000362;COLEGIO COSTA RICA (IED)
U-109;111001009652;COLEGIO CENTRO INTEGRAL JOSE MARIA CORDOBA (IED)
U-1096;111001015806;COLEGIO JORGE GAITAN CORTES (IED)
U-1097;111001016250;COLEGIO REPUBLICA BOLIVARIANA DE VENEZUELA (IED)
U-110;111001009652;COLEGIO CENTRO INTEGRAL JOSE MARIA CORDOBA (IED)
U-1104;111001107883;COLEGIO DEBORA ARANGO PEREZ (IED)
U-1109;111001029912;COLEGIO JUAN FRANCISCO BERBEO (IED)
U-111;111001009652;COLEGIO CENTRO INTEGRAL JOSE MARIA CORDOBA (IED)
U-1110;111001029912;COLEGIO JUAN FRANCISCO BERBEO (IED)
U-1115;111001028258;COLEGIO RAFAEL BERNAL JIMENEZ (IED)
U-1116;111001032255;COLEGIO TOMAS CARRASQUILLA (IED)
U-1117;111001010421;COLEGIO JORGE ELIECER GAITAN (IED)
U-1118;111001024830;COLEGIO FRANCISCO PRIMERO S.S. (IED)
U-112;111001009652;COLEGIO CENTRO INTEGRAL JOSE MARIA CORDOBA (IED)
U-1121;111001014290;COLEGIO MARSELLA (IED)
U-1122;111001014290;COLEGIO MARSELLA (IED)
U-1125;111001075663;COLEGIO ESTRELLA DEL SUR (IED)
U-1127;111001107859;COLEGIO ANTONIO GARCIA (IED)
U-113;111001014214;COLEGIO CIUDAD DE BOGOTA (IED)
U-114;111001014214;COLEGIO CIUDAD DE BOGOTA (IED)
U-1147;111001010928;COLEGIO RESTREPO MILLAN (IED)
U-1148;111001010928;COLEGIO RESTREPO MILLAN (IED)
U-1149;111001010928;COLEGIO RESTREPO MILLAN (IED)
U-115;111001014214;COLEGIO CIUDAD DE BOGOTA (IED)
U-116;111001014214;COLEGIO CIUDAD DE BOGOTA (IED)
U-117;111001014214;COLEGIO CIUDAD DE BOGOTA (IED)
U-118;111001014214;COLEGIO CIUDAD DE BOGOTA (IED)
U-120;111001019411;COLEGIO INEM SANTIAGO PEREZ (IED)
U-121;111001019411;COLEGIO INEM SANTIAGO PEREZ (IED)
U-122;111001019411;COLEGIO INEM SANTIAGO PEREZ (IED)
U-123;111001019411;COLEGIO INEM SANTIAGO PEREZ (IED)
U-124;111001019411;COLEGIO INEM SANTIAGO PEREZ (IED)
U-125;111001019411;COLEGIO INEM SANTIAGO PEREZ (IED)
U-126;111001019411;COLEGIO INEM SANTIAGO PEREZ (IED)
U-127;111001019411;COLEGIO INEM SANTIAGO PEREZ (IED)
U-128;111001019411;COLEGIO INEM SANTIAGO PEREZ (IED)
U-129;111001019411;COLEGIO INEM SANTIAGO PEREZ (IED)
U-130;111001019411;COLEGIO INEM SANTIAGO PEREZ (IED)
U-131;111001019411;COLEGIO INEM SANTIAGO PEREZ (IED)
U-132;111001019411;COLEGIO INEM SANTIAGO PEREZ (IED)
U-133;111001019411;COLEGIO INEM SANTIAGO PEREZ (IED)
U-1330;111001014591;COLEGIO MANUEL DEL SOCORRO RODRIGUEZ (IED)
U-134;111001019411;COLEGIO INEM SANTIAGO PEREZ (IED)
U-135;111001019411;COLEGIO INEM SANTIAGO PEREZ (IED)
U-136;111001019411;COLEGIO INEM SANTIAGO PEREZ (IED)
U-137;111001019411;COLEGIO INEM SANTIAGO PEREZ (IED)
U-138;111001019411;COLEGIO INEM SANTIAGO PEREZ (IED)
U-1386;111001102016;COLEGIO TECNICO ALDEMAR ROJAS PLAZAS (IED)
U-1388;111001102016;COLEGIO TECNICO ALDEMAR ROJAS PLAZAS (IED)
U-139;111001019411;COLEGIO INEM SANTIAGO PEREZ (IED)
U-1390;111001083011;COLEGIO MIGUEL DE CERVANTES SAAVEDRA (IED)
U-1392;111001015601;COLEGIO O.E.A. (IED)
U-1395;111850001576;COLEGIO FEDERICO GARCIA LORCA (IED)
U-1396;111001107115;COLEGIO JOSE MARIA VARGAS VILA (IED)
U-1397;111001107115;COLEGIO JOSE MARIA VARGAS VILA (IED)
U-1398;111001030856;COLEGIO PANAMERICANO (IED)
U-1399;111001030856;COLEGIO PANAMERICANO (IED)
U-140;111001019411;COLEGIO INEM SANTIAGO PEREZ (IED)
U-1400;111001013102;COLEGIO SAN PEDRO CLAVER (IED)
U-1401;111001013102;COLEGIO SAN PEDRO CLAVER (IED)
U-1402;111001013102;COLEGIO SAN PEDRO CLAVER (IED)
U-1403;111001011321;COLEGIO CARLOS ARTURO TORRES (IED)
U-1404;111001012271;COLEGIO RAFAEL URIBE URIBE (IED)
U-1405;111001029912;COLEGIO JUAN FRANCISCO BERBEO (IED)
U-1406;111001086801;COLEGIO CEDID CIUDAD BOLIVAR (IED)
U-1407;111001102016;COLEGIO TECNICO ALDEMAR ROJAS PLAZAS (IED)
U-1408;111001102016;COLEGIO TECNICO ALDEMAR ROJAS PLAZAS (IED)
U-141;111001019411;COLEGIO INEM SANTIAGO PEREZ (IED)
U-1410;111001029912;COLEGIO JUAN FRANCISCO BERBEO (IED)
U-1412;111001024830;COLEGIO FRANCISCO PRIMERO S.S. (IED)
U-1415;111001029912;COLEGIO JUAN FRANCISCO BERBEO (IED)
U-1417;111001002909;COLEGIO CARLOS ALBAN HOLGUIN (IED)
U-1418;111001014290;COLEGIO MARSELLA (IED)
U-1419;111001014290;COLEGIO MARSELLA (IED)
U-142;111001019411;COLEGIO INEM SANTIAGO PEREZ (IED)
U-1420;111001012971;COLEGIO RAFAEL DELGADO SALGUERO (IED)
U-1421;111001801080;COLEGIO ESMERALDA ARBOLEDA CADAVID (IED)
U-1422;111001801080;COLEGIO ESMERALDA ARBOLEDA CADAVID (IED)
U-1423;111001801080;COLEGIO ESMERALDA ARBOLEDA CADAVID (IED)
U-1424;111001801080;COLEGIO ESMERALDA ARBOLEDA CADAVID (IED)
U-1425;111001801080;COLEGIO ESMERALDA ARBOLEDA CADAVID (IED)
U-1426;111001801080;COLEGIO ESMERALDA ARBOLEDA CADAVID (IED)
U-1427;111001801080;COLEGIO ESMERALDA ARBOLEDA CADAVID (IED)
U-1428;111001801080;COLEGIO ESMERALDA ARBOLEDA CADAVID (IED)
U-1429;111001801080;COLEGIO ESMERALDA ARBOLEDA CADAVID (IED)
U-143;111001019411;COLEGIO INEM SANTIAGO PEREZ (IED)
U-1430;111001801080;COLEGIO ESMERALDA ARBOLEDA CADAVID (IED)
U-1431;111001801080;COLEGIO ESMERALDA ARBOLEDA CADAVID (IED)
U-1432;111001801080;COLEGIO ESMERALDA ARBOLEDA CADAVID (IED)
U-1433;111001801080;COLEGIO ESMERALDA ARBOLEDA CADAVID (IED)
U-1434;111001801080;COLEGIO ESMERALDA ARBOLEDA CADAVID (IED)
U-1437;111001098612;COLEGIO LA ESTRELLITA (IED)
U-1438;111001034754;COLEGIO COMPARTIR RECUERDO (IED)
U-144;111001019411;COLEGIO INEM SANTIAGO PEREZ (IED)
U-1441;111769003360;COLEGIO REPUBLICA DOMINICANA (IED)
U-1442;111769003360;COLEGIO REPUBLICA DOMINICANA (IED)
U-1445;111001010928;COLEGIO RESTREPO MILLAN (IED)
U-1447;111001076937;COLEGIO SAN FRANCISCO (IED)
U-1449;111001009971;COLEGIO REPUBLICA DE COLOMBIA (IED)
U-145;111001011011;COLEGIO INSTITUTO TECNICO INDUSTRIAL PILOTO (IED)
U-1450;111001009971;COLEGIO REPUBLICA DE COLOMBIA (IED)
U-1451;111001036625;COLEGIO INSTITUTO TECNICO DISTRITAL REPUBLICA DE GUATEMALA (IED)
U-1453;111001102016;COLEGIO TECNICO ALDEMAR ROJAS PLAZAS (IED)
U-1455;111001104299;COLEGIO ALFONSO REYES ECHANDIA (IED)
U-1460;111001094889;COLEGIO LA TOSCANA - LISBOA (IED)
U-1463;111001094889;COLEGIO LA TOSCANA - LISBOA (IED)
U-1466;111001011088;COLEGIO REPUBLICA DE PANAMA (IED)
U-147;111001014206;COLEGIO MARCO FIDEL SUAREZ (IED)
U-1470;111001013323;COLEGIO INTEGRADA LA CANDELARIA (IED)
U-1471;111001013323;COLEGIO INTEGRADA LA CANDELARIA (IED)
U-1472;111001016250;COLEGIO REPUBLICA BOLIVARIANA DE VENEZUELA (IED)
U-1473;111001016250;COLEGIO REPUBLICA BOLIVARIANA DE VENEZUELA (IED)
U-1474;111001016250;COLEGIO REPUBLICA BOLIVARIANA DE VENEZUELA (IED)
U-1475;111001016250;COLEGIO REPUBLICA BOLIVARIANA DE VENEZUELA (IED)
U-1476;111001016250;COLEGIO REPUBLICA BOLIVARIANA DE VENEZUELA (IED)
U-1477;111001016250;COLEGIO REPUBLICA BOLIVARIANA DE VENEZUELA (IED)
U-1478;111001016250;COLEGIO REPUBLICA BOLIVARIANA DE VENEZUELA (IED)
U-1479;111001016250;COLEGIO REPUBLICA BOLIVARIANA DE VENEZUELA (IED)
U-148;111001014206;COLEGIO MARCO FIDEL SUAREZ (IED)
U-1480;111001016250;COLEGIO REPUBLICA BOLIVARIANA DE VENEZUELA (IED)
U-1481;111001016250;COLEGIO REPUBLICA BOLIVARIANA DE VENEZUELA (IED)
U-1482;111001016250;COLEGIO REPUBLICA BOLIVARIANA DE VENEZUELA (IED)
U-1485;111001109304;COLEGIO FANNY MIKEY (IED)
U-1486;111001109304;COLEGIO FANNY MIKEY (IED)
U-1487;111001109304;COLEGIO FANNY MIKEY (IED)
U-149;111001014206;COLEGIO MARCO FIDEL SUAREZ (IED)
U-1492;111001013242;COLEGIO AULAS COLOMBIANAS SAN LUIS (IED)
U-1493;111001013153;COLEGIO PAULO VI (IED)
U-1495;111001013242;COLEGIO AULAS COLOMBIANAS SAN LUIS (IED)
U-1496;111001013242;COLEGIO AULAS COLOMBIANAS SAN LUIS (IED)
U-150;111001014206;COLEGIO MARCO FIDEL SUAREZ (IED)
U-1500;111001013242;COLEGIO AULAS COLOMBIANAS SAN LUIS (IED)
U-1504;111001012556;COLEGIO ESPAÑA (IED)
U-1505;111001012556;COLEGIO ESPAÑA (IED)
U-1506;111001014214;COLEGIO CIUDAD DE BOGOTA (IED)
U-1507;111001014214;COLEGIO CIUDAD DE BOGOTA (IED)
U-1508;111001019411;COLEGIO INEM SANTIAGO PEREZ (IED)
U-1509;111001015776;COLEGIO INSTITUTO TECNICO DISTRITAL JULIO FLOREZ (IED)
U-1510;111001801349;COLEGIO ELISA MUJICA VELASQUEZ (IED)
U-1511;111001801349;COLEGIO ELISA MUJICA VELASQUEZ (IED)
U-1512;111001801349;COLEGIO ELISA MUJICA VELASQUEZ (IED)
U-1513;111001020443;COLEGIO ENTRE NUBES SUR ORIENTAL (IED)
U-1514;111001109304;COLEGIO FANNY MIKEY (IED)
U-1516;111001013242;COLEGIO AULAS COLOMBIANAS SAN LUIS (IED)
U-1517;111001013242;COLEGIO AULAS COLOMBIANAS SAN LUIS (IED)
U-1518;111001024732;COLEGIO INEM FRANCISCO DE PAULA SANTANDER (IED)
U-1519;111001102016;COLEGIO TECNICO ALDEMAR ROJAS PLAZAS (IED)
U-152;111001014206;COLEGIO MARCO FIDEL SUAREZ (IED)
U-1520;111001015814;COLEGIO REPUBLICA DE CHINA (IED)
U-1521;111279000125;COLEGIO VILLEMAR EL CARMEN (IED)
U-1522;111279000125;COLEGIO VILLEMAR EL CARMEN (IED)
U-1523;111001026964;COLEGIO JOHN F. KENNEDY (IED)
U-1524;111001027391;COLEGIO MANUEL CEPEDA VARGAS (IED)
U-1525;111001027391;COLEGIO MANUEL CEPEDA VARGAS (IED)
U-1526;111001027391;COLEGIO MANUEL CEPEDA VARGAS (IED)
U-1527;111279000125;COLEGIO VILLEMAR EL CARMEN (IED)
U-1528;111001014206;COLEGIO MARCO FIDEL SUAREZ (IED)
U-1529;111001014206;COLEGIO MARCO FIDEL SUAREZ (IED)
U-1530;111001014206;COLEGIO MARCO FIDEL SUAREZ (IED)
U-1531;111001014206;COLEGIO MARCO FIDEL SUAREZ (IED)
U-1532;111001019411;COLEGIO INEM SANTIAGO PEREZ (IED)
U-1533;111001035521;COLEGIO NESTOR FORERO ALCALA (IED)
U-1534;111001009971;COLEGIO REPUBLICA DE COLOMBIA (IED)
U-1535;111001009971;COLEGIO REPUBLICA DE COLOMBIA (IED)
U-1536;111265000394;COLEGIO SIMON BOLIVAR (IED)
U-1537;111265000394;COLEGIO SIMON BOLIVAR (IED)
U-1538;111001035521;COLEGIO NESTOR FORERO ALCALA (IED)
U-1539;111001009971;COLEGIO REPUBLICA DE COLOMBIA (IED)
U-154;111001014206;COLEGIO MARCO FIDEL SUAREZ (IED)
U-1540;111265000394;COLEGIO SIMON BOLIVAR (IED)
U-1541;111001108901;COLEGIO CHARRY (IED)
U-1542;111848003910;COLEGIO GENERAL SANTANDER (IED)
U-1544;111769000174;COLEGIO FILARMONICO SIMON BOLIVAR (IED)
U-1545;111001041475;COLEGIO SAN JOSE DE CASTILLA (IED)
U-1546;111001008389;COLEGIO TECNICO DOMINGO FAUSTINO SARMIENTO (IED)
U-1547;111001028258;COLEGIO RAFAEL BERNAL JIMENEZ (IED)
U-1548;111001010421;COLEGIO JORGE ELIECER GAITAN (IED)
U-1549;111001024830;COLEGIO FRANCISCO PRIMERO S.S. (IED)
U-1550;111001024830;COLEGIO FRANCISCO PRIMERO S.S. (IED)
U-1551;111001094897;COLEGIO TECNICO PALERMO (IED)
U-1552;111001045225;COLEGIO TIBABUYES UNIVERSAL (IED)
U-1553;111001045225;COLEGIO TIBABUYES UNIVERSAL (IED)
U-1554;111001025020;COLEGIO ALBERTO LLERAS CAMARGO (IED)
U-1555;111001025020;COLEGIO ALBERTO LLERAS CAMARGO (IED)
U-1556;111769003416;COLEGIO JUAN LOZANO Y LOZANO (IED)
U-1557;111769003360;COLEGIO REPUBLICA DOMINICANA (IED)
U-1558;111001107077;COLEGIO VEINTIUN ANGELES (IED)
U-1559;111001107077;COLEGIO VEINTIUN ANGELES (IED)
U-1560;111001024732;COLEGIO INEM FRANCISCO DE PAULA SANTANDER (IED)
U-1561;111001024732;COLEGIO INEM FRANCISCO DE PAULA SANTANDER (IED)
U-1562;111001024732;COLEGIO INEM FRANCISCO DE PAULA SANTANDER (IED)
U-1563;111001024732;COLEGIO INEM FRANCISCO DE PAULA SANTANDER (IED)
U-1564;111001024732;COLEGIO INEM FRANCISCO DE PAULA SANTANDER (IED)
U-1565;111001024732;COLEGIO INEM FRANCISCO DE PAULA SANTANDER (IED)
U-1566;111001076767;COLEGIO CASTILLA (IED)
U-1567;111001076767;COLEGIO CASTILLA (IED)
U-1568;111001026964;COLEGIO JOHN F. KENNEDY (IED)
U-1570;111001011690;COLEGIO LA AMISTAD (IED)
U-1571;111001011690;COLEGIO LA AMISTAD (IED)
U-1572;111001041475;COLEGIO SAN JOSE DE CASTILLA (IED)
U-1573;111001013323;COLEGIO INTEGRADA LA CANDELARIA (IED)
U-1574;111001013323;COLEGIO INTEGRADA LA CANDELARIA (IED)
U-1575;111001024732;COLEGIO INEM FRANCISCO DE PAULA SANTANDER (IED)
U-1576;111001076767;COLEGIO CASTILLA (IED)
U-1577;111001076767;COLEGIO CASTILLA (IED)
U-1578;111001076767;COLEGIO CASTILLA (IED)
U-1579;111001076767;COLEGIO CASTILLA (IED)
U-1580;111001026964;COLEGIO JOHN F. KENNEDY (IED)
U-1581;111001026964;COLEGIO JOHN F. KENNEDY (IED)
U-1582;111001024732;COLEGIO INEM FRANCISCO DE PAULA SANTANDER (IED)
U-1583;111001024732;COLEGIO INEM FRANCISCO DE PAULA SANTANDER (IED)
U-1584;111001012343;COLEGIO TOM ADAMS (IED)
U-1585;111001012343;COLEGIO TOM ADAMS (IED)
U-1586;111001016292;COLEGIO KENNEDY (IED)
U-1587;111001011690;COLEGIO LA AMISTAD (IED)
U-1588;111001024660;COLEGIO FERNANDO SOTO APARICIO (IED)
U-1589;111001024660;COLEGIO FERNANDO SOTO APARICIO (IED)
U-1590;111001024660;COLEGIO FERNANDO SOTO APARICIO (IED)
U-1591;111001024732;COLEGIO INEM FRANCISCO DE PAULA SANTANDER (IED)
U-1592;111001024732;COLEGIO INEM FRANCISCO DE PAULA SANTANDER (IED)
U-1593;111001024732;COLEGIO INEM FRANCISCO DE PAULA SANTANDER (IED)
U-1594;111001107115;COLEGIO JOSE MARIA VARGAS VILA (IED)
U-1595;111001107115;COLEGIO JOSE MARIA VARGAS VILA (IED)
U-1596;111001011321;COLEGIO CARLOS ARTURO TORRES (IED)
U-1597;111001011321;COLEGIO CARLOS ARTURO TORRES (IED)
U-1598;111001029912;COLEGIO JUAN FRANCISCO BERBEO (IED)
U-1599;111001009971;COLEGIO REPUBLICA DE COLOMBIA (IED)
U-1600;111001026964;COLEGIO JOHN F. KENNEDY (IED)
U-1601;111848002662;COLEGIO USAQUEN (IED)
U-1602;111001011011;COLEGIO INSTITUTO TECNICO INDUSTRIAL PILOTO (IED)
U-1603;111001011011;COLEGIO INSTITUTO TECNICO INDUSTRIAL PILOTO (IED)
U-1604;111001014885;COLEGIO JULIO GARAVITO ARMERO (IED)
U-1605;111769003360;COLEGIO REPUBLICA DOMINICANA (IED)
U-1606;111769003360;COLEGIO REPUBLICA DOMINICANA (IED)
U-1607;111769003416;COLEGIO JUAN LOZANO Y LOZANO (IED)
U-1608;111769003416;COLEGIO JUAN LOZANO Y LOZANO (IED)
U-1609;111001045225;COLEGIO TIBABUYES UNIVERSAL (IED)
U-161;111001012271;COLEGIO RAFAEL URIBE URIBE (IED)
U-1610;111001045225;COLEGIO TIBABUYES UNIVERSAL (IED)
U-1611;111001045225;COLEGIO TIBABUYES UNIVERSAL (IED)
U-1612;111001045225;COLEGIO TIBABUYES UNIVERSAL (IED)
U-1613;111265000017;COLEGIO LA PALESTINA (IED)
U-1614;111001010740;COLEGIO INSTITUTO TECNICO INDUSTRIAL FRANCISCO JOSE DE CALDAS (IED)
U-1615;111001010740;COLEGIO INSTITUTO TECNICO INDUSTRIAL FRANCISCO JOSE DE CALDAS (IED)
U-1616;111001010740;COLEGIO INSTITUTO TECNICO INDUSTRIAL FRANCISCO JOSE DE CALDAS (IED)
U-1617;111001010740;COLEGIO INSTITUTO TECNICO INDUSTRIAL FRANCISCO JOSE DE CALDAS (IED)
U-1618;111001010740;COLEGIO INSTITUTO TECNICO INDUSTRIAL FRANCISCO JOSE DE CALDAS (IED)
U-1619;111850000740;COLEGIO FRANCISCO ANTONIO ZEA DE USME (IED)
U-1620;111001106984;COLEGIO GENERAL GUSTAVO ROJAS PINILLA (IED)
U-1622;111001029912;COLEGIO JUAN FRANCISCO BERBEO (IED)
U-1623;111001025020;COLEGIO ALBERTO LLERAS CAMARGO (IED)
U-1624;111001025020;COLEGIO ALBERTO LLERAS CAMARGO (IED)
U-1625;111001025020;COLEGIO ALBERTO LLERAS CAMARGO (IED)
U-1626;111001006122;COLEGIO LA MERCED (IED)
U-1627;111001029912;COLEGIO JUAN FRANCISCO BERBEO (IED)
U-1628;111001014885;COLEGIO JULIO GARAVITO ARMERO (IED)
U-1629;111001036544;COLEGIO ANTONIO JOSE URIBE (IED)
U-163;111001012271;COLEGIO RAFAEL URIBE URIBE (IED)
U-1630;111001015814;COLEGIO REPUBLICA DE CHINA (IED)
U-1631;111001015814;COLEGIO REPUBLICA DE CHINA (IED)
U-1632;111001027391;COLEGIO MANUEL CEPEDA VARGAS (IED)
U-1633;111001009652;COLEGIO CENTRO INTEGRAL JOSE MARIA CORDOBA (IED)
U-1634;111001009652;COLEGIO CENTRO INTEGRAL JOSE MARIA CORDOBA (IED)
U-1635;111001009652;COLEGIO CENTRO INTEGRAL JOSE MARIA CORDOBA (IED)
U-1636;111001009652;COLEGIO CENTRO INTEGRAL JOSE MARIA CORDOBA (IED)
U-1637;111001009652;COLEGIO CENTRO INTEGRAL JOSE MARIA CORDOBA (IED)
U-1638;111001008389;COLEGIO TECNICO DOMINGO FAUSTINO SARMIENTO (IED)
U-164;111001012271;COLEGIO RAFAEL URIBE URIBE (IED)
U-1640;111001024830;COLEGIO FRANCISCO PRIMERO S.S. (IED)
U-1642;111265000017;COLEGIO LA PALESTINA (IED)
U-1643;111265000017;COLEGIO LA PALESTINA (IED)
U-1644;111001016292;COLEGIO KENNEDY (IED)
U-1645;111001801349;COLEGIO ELISA MUJICA VELASQUEZ (IED)
U-1648;111001012556;COLEGIO ESPAÑA (IED)
U-1649;111001801250;COLEGIO JAIME NIÑO DIEZ (IED)
U-165;111001012271;COLEGIO RAFAEL URIBE URIBE (IED)
U-1650;111001006122;COLEGIO LA MERCED (IED)
U-1651;111001086681;COLEGIO NUEVO HORIZONTE (IED)
U-1652;111001086681;COLEGIO NUEVO HORIZONTE (IED)
U-1653;111001094897;COLEGIO TECNICO PALERMO (IED)
U-1654;111001092983;COLEGIO VISTA BELLA (IED)
U-1655;111001033928;COLEGIO EL TESORO DE LA CUMBRE (IED)
U-1656;111001014214;COLEGIO CIUDAD DE BOGOTA (IED)
U-1657;111001014214;COLEGIO CIUDAD DE BOGOTA (IED)
U-1658;111001014214;COLEGIO CIUDAD DE BOGOTA (IED)
U-1659;111001024660;COLEGIO FERNANDO SOTO APARICIO (IED)
U-166;111001012271;COLEGIO RAFAEL URIBE URIBE (IED)
U-1660;111001016101;COLEGIO LOS PERIODISTAS (IED)
U-1661;111848002662;COLEGIO USAQUEN (IED)
U-1662;111848002662;COLEGIO USAQUEN (IED)
U-1663;111848002662;COLEGIO USAQUEN (IED)
U-1664;111848002662;COLEGIO USAQUEN (IED)
U-1665;111848002662;COLEGIO USAQUEN (IED)
U-1666;111848002662;COLEGIO USAQUEN (IED)
U-1667;111848002662;COLEGIO USAQUEN (IED)
U-168;111001012271;COLEGIO RAFAEL URIBE URIBE (IED)
U-169;111001012271;COLEGIO RAFAEL URIBE URIBE (IED)
U-172;111001018201;COLEGIO RUFINO JOSE CUERVO (IED)
U-173;111001086631;COLEGIO SAN BENITO ABAD (IED)
U-174;111001086631;COLEGIO SAN BENITO ABAD (IED)
U-175;111001086631;COLEGIO SAN BENITO ABAD (IED)
U-176;111001086631;COLEGIO SAN BENITO ABAD (IED)
U-177;111001075957;COLEGIO SAN CARLOS (IED)
U-178;111001075957;COLEGIO SAN CARLOS (IED)
U-179;111001075957;COLEGIO SAN CARLOS (IED)
U-181;111001075957;COLEGIO SAN CARLOS (IED)
U-182;111001010251;COLEGIO VENECIA (IED)
U-183;111001010251;COLEGIO VENECIA (IED)
U-184;111001010251;COLEGIO VENECIA (IED)
U-185;111001010251;COLEGIO VENECIA (IED)
U-186;111001104299;COLEGIO ALFONSO REYES ECHANDIA (IED)
U-187;111001104299;COLEGIO ALFONSO REYES ECHANDIA (IED)
U-188;111001104299;COLEGIO ALFONSO REYES ECHANDIA (IED)
U-189;111001104299;COLEGIO ALFONSO REYES ECHANDIA (IED)
U-190;111001104299;COLEGIO ALFONSO REYES ECHANDIA (IED)
U-191;111001104299;COLEGIO ALFONSO REYES ECHANDIA (IED)
U-192;111001104299;COLEGIO ALFONSO REYES ECHANDIA (IED)
U-193;111001104299;COLEGIO ALFONSO REYES ECHANDIA (IED)
U-194;111001104299;COLEGIO ALFONSO REYES ECHANDIA (IED)
U-195;111001104299;COLEGIO ALFONSO REYES ECHANDIA (IED)
U-196;111001104299;COLEGIO ALFONSO REYES ECHANDIA (IED)
U-197;111001104299;COLEGIO ALFONSO REYES ECHANDIA (IED)
U-198;111001104299;COLEGIO ALFONSO REYES ECHANDIA (IED)
U-203;111001107875;COLEGIO CIUDADELA EDUCATIVA DE BOSA (IED)
U-204;111001107875;COLEGIO CIUDADELA EDUCATIVA DE BOSA (IED)
U-205;111001107875;COLEGIO CIUDADELA EDUCATIVA DE BOSA (IED)
U-206;111001107875;COLEGIO CIUDADELA EDUCATIVA DE BOSA (IED)
U-207;111001107875;COLEGIO CIUDADELA EDUCATIVA DE BOSA (IED)
U-208;111001107875;COLEGIO CIUDADELA EDUCATIVA DE BOSA (IED)
U-209;111001107875;COLEGIO CIUDADELA EDUCATIVA DE BOSA (IED)
U-210;111001107875;COLEGIO CIUDADELA EDUCATIVA DE BOSA (IED)
U-211;111001107875;COLEGIO CIUDADELA EDUCATIVA DE BOSA (IED)
U-216;111001107883;COLEGIO DEBORA ARANGO PEREZ (IED)
U-217;111001107883;COLEGIO DEBORA ARANGO PEREZ (IED)
U-218;111001107883;COLEGIO DEBORA ARANGO PEREZ (IED)
U-219;111001107883;COLEGIO DEBORA ARANGO PEREZ (IED)
U-220;111001107883;COLEGIO DEBORA ARANGO PEREZ (IED)
U-222;111001107832;COLEGIO GERMAN ARCINIEGAS (IED)
U-223;111001107832;COLEGIO GERMAN ARCINIEGAS (IED)
U-250;111001000124;COLEGIO CARLOS ARANGO VELEZ (IED)
U-251;111001000124;COLEGIO CARLOS ARANGO VELEZ (IED)
U-252;111001011321;COLEGIO CARLOS ARTURO TORRES (IED)
U-253;111001011321;COLEGIO CARLOS ARTURO TORRES (IED)
U-254;111001011321;COLEGIO CARLOS ARTURO TORRES (IED)
U-255;111001011321;COLEGIO CARLOS ARTURO TORRES (IED)
U-256;111001011321;COLEGIO CARLOS ARTURO TORRES (IED)
U-257;111001011321;COLEGIO CARLOS ARTURO TORRES (IED)
U-258;111001076767;COLEGIO CASTILLA (IED)
U-259;111001076767;COLEGIO CASTILLA (IED)
U-260;111001076767;COLEGIO CASTILLA (IED)
U-261;111001076767;COLEGIO CASTILLA (IED)
U-262;111001076767;COLEGIO CASTILLA (IED)
U-263;111001024660;COLEGIO FERNANDO SOTO APARICIO (IED)
U-264;111001024660;COLEGIO FERNANDO SOTO APARICIO (IED)
U-265;111001024660;COLEGIO FERNANDO SOTO APARICIO (IED)
U-266;111001024660;COLEGIO FERNANDO SOTO APARICIO (IED)
U-267;111001024660;COLEGIO FERNANDO SOTO APARICIO (IED)
U-268;111001106984;COLEGIO GENERAL GUSTAVO ROJAS PINILLA (IED)
U-269;111001106984;COLEGIO GENERAL GUSTAVO ROJAS PINILLA (IED)
U-271;111001106984;COLEGIO GENERAL GUSTAVO ROJAS PINILLA (IED)
U-272;111001106984;COLEGIO GENERAL GUSTAVO ROJAS PINILLA (IED)
U-274;111001024732;COLEGIO INEM FRANCISCO DE PAULA SANTANDER (IED)
U-275;111001024732;COLEGIO INEM FRANCISCO DE PAULA SANTANDER (IED)
U-276;111001024732;COLEGIO INEM FRANCISCO DE PAULA SANTANDER (IED)
U-278;111001024732;COLEGIO INEM FRANCISCO DE PAULA SANTANDER (IED)
U-279;111001024732;COLEGIO INEM FRANCISCO DE PAULA SANTANDER (IED)
U-280;111001024732;COLEGIO INEM FRANCISCO DE PAULA SANTANDER (IED)
U-281;111001024732;COLEGIO INEM FRANCISCO DE PAULA SANTANDER (IED)
U-282;111001016071;COLEGIO ISABEL II (IED)
U-283;111001016071;COLEGIO ISABEL II (IED)
U-284;111001016071;COLEGIO ISABEL II (IED)
U-285;111001016071;COLEGIO ISABEL II (IED)
U-286;111001016071;COLEGIO ISABEL II (IED)
U-287;111001026964;COLEGIO JOHN F. KENNEDY (IED)
U-288;111001026964;COLEGIO JOHN F. KENNEDY (IED)
U-289;111001026964;COLEGIO JOHN F. KENNEDY (IED)
U-290;111001026964;COLEGIO JOHN F. KENNEDY (IED)
U-291;111001026964;COLEGIO JOHN F. KENNEDY (IED)
U-292;111001016292;COLEGIO KENNEDY (IED)
U-293;111001016292;COLEGIO KENNEDY (IED)
U-294;111001016292;COLEGIO KENNEDY (IED)
U-298;111001011690;COLEGIO LA AMISTAD (IED)
U-299;111001011690;COLEGIO LA AMISTAD (IED)
U-300;111001011690;COLEGIO LA AMISTAD (IED)
U-301;111001011690;COLEGIO LA AMISTAD (IED)
U-302;111001015598;COLEGIO LAS AMERICAS (IED)
U-303;111001015598;COLEGIO LAS AMERICAS (IED)
U-304;111001015598;COLEGIO LAS AMERICAS (IED)
U-305;111001015598;COLEGIO LAS AMERICAS (IED)
U-306;111001016101;COLEGIO LOS PERIODISTAS (IED)
U-307;111001016101;COLEGIO LOS PERIODISTAS (IED)
U-308;111001016101;COLEGIO LOS PERIODISTAS (IED)
U-309;111001027391;COLEGIO MANUEL CEPEDA VARGAS (IED)
U-310;111001027391;COLEGIO MANUEL CEPEDA VARGAS (IED)
U-311;111001027391;COLEGIO MANUEL CEPEDA VARGAS (IED)
U-312;111001013153;COLEGIO PAULO VI (IED)
U-313;111001013153;COLEGIO PAULO VI (IED)
U-314;111001013153;COLEGIO PAULO VI (IED)
U-315;111001013153;COLEGIO PAULO VI (IED)
U-318;111001027308;COLEGIO PROSPERO PINZON (IED)
U-321;111001027308;COLEGIO PROSPERO PINZON (IED)
U-324;111001027308;COLEGIO PROSPERO PINZON (IED)
U-325;111001041475;COLEGIO SAN JOSE DE CASTILLA (IED)
U-326;111001041475;COLEGIO SAN JOSE DE CASTILLA (IED)
U-327;111001041475;COLEGIO SAN JOSE DE CASTILLA (IED)
U-328;111001041475;COLEGIO SAN JOSE DE CASTILLA (IED)
U-329;111001041475;COLEGIO SAN JOSE DE CASTILLA (IED)
U-331;111001013102;COLEGIO SAN PEDRO CLAVER (IED)
U-332;111001013102;COLEGIO SAN PEDRO CLAVER (IED)
U-333;111001012343;COLEGIO TOM ADAMS (IED)
U-334;111001012343;COLEGIO TOM ADAMS (IED)
U-335;111001012343;COLEGIO TOM ADAMS (IED)
U-336;111279000362;COLEGIO COSTA RICA (IED)
U-338;111279000362;COLEGIO COSTA RICA (IED)
U-339;111279000362;COLEGIO COSTA RICA (IED)
U-341;111279000362;COLEGIO COSTA RICA (IED)
U-342;111279000362;COLEGIO COSTA RICA (IED)
U-343;111279000362;COLEGIO COSTA RICA (IED)
U-350;111279000125;COLEGIO VILLEMAR EL CARMEN (IED)
U-352;111279000125;COLEGIO VILLEMAR EL CARMEN (IED)
U-353;111279000125;COLEGIO VILLEMAR EL CARMEN (IED)
U-354;111279000125;COLEGIO VILLEMAR EL CARMEN (IED)
U-355;111279000125;COLEGIO VILLEMAR EL CARMEN (IED)
U-356;111279000125;COLEGIO VILLEMAR EL CARMEN (IED)
U-357;111279000125;COLEGIO VILLEMAR EL CARMEN (IED)
U-358;111001015776;COLEGIO INSTITUTO TECNICO DISTRITAL JULIO FLOREZ (IED)
U-359;111001036625;COLEGIO INSTITUTO TECNICO DISTRITAL REPUBLICA DE GUATEMALA (IED)
U-361;111001036625;COLEGIO INSTITUTO TECNICO DISTRITAL REPUBLICA DE GUATEMALA (IED)
U-363;111001036625;COLEGIO INSTITUTO TECNICO DISTRITAL REPUBLICA DE GUATEMALA (IED)
U-364;111001036625;COLEGIO INSTITUTO TECNICO DISTRITAL REPUBLICA DE GUATEMALA (IED)
U-365;111001010740;COLEGIO INSTITUTO TECNICO INDUSTRIAL FRANCISCO JOSE DE CALDAS (IED)
U-366;111001010740;COLEGIO INSTITUTO TECNICO INDUSTRIAL FRANCISCO JOSE DE CALDAS (IED)
U-367;111001010740;COLEGIO INSTITUTO TECNICO INDUSTRIAL FRANCISCO JOSE DE CALDAS (IED)
U-368;111001009580;COLEGIO INSTITUTO TECNICO JUAN DEL CORRAL (IED)
U-369;111001009580;COLEGIO INSTITUTO TECNICO JUAN DEL CORRAL (IED)
U-370;111001009580;COLEGIO INSTITUTO TECNICO JUAN DEL CORRAL (IED)
U-371;111001009580;COLEGIO INSTITUTO TECNICO JUAN DEL CORRAL (IED)
U-373;111001009580;COLEGIO INSTITUTO TECNICO JUAN DEL CORRAL (IED)
U-376;111001015806;COLEGIO JORGE GAITAN CORTES (IED)
U-377;111001015806;COLEGIO JORGE GAITAN CORTES (IED)
U-378;111001015806;COLEGIO JORGE GAITAN CORTES (IED)
U-379;111001011771;COLEGIO JOSE ASUNCION SILVA (IED)
U-380;111001011771;COLEGIO JOSE ASUNCION SILVA (IED)
U-381;111001011771;COLEGIO JOSE ASUNCION SILVA (IED)
U-383;111001011771;COLEGIO JOSE ASUNCION SILVA (IED)
U-384;111265000017;COLEGIO LA PALESTINA (IED)
U-385;111265000017;COLEGIO LA PALESTINA (IED)
U-386;111265000017;COLEGIO LA PALESTINA (IED)
U-387;111265000017;COLEGIO LA PALESTINA (IED)
U-388;111265000017;COLEGIO LA PALESTINA (IED)
U-389;111265000017;COLEGIO LA PALESTINA (IED)
U-390;111001011070;COLEGIO MIGUEL ANTONIO CARO (IED)
U-391;111001011070;COLEGIO MIGUEL ANTONIO CARO (IED)
U-392;111001011070;COLEGIO MIGUEL ANTONIO CARO (IED)
U-393;111001011070;COLEGIO MIGUEL ANTONIO CARO (IED)
U-394;111001011070;COLEGIO MIGUEL ANTONIO CARO (IED)
U-395;111001011070;COLEGIO MIGUEL ANTONIO CARO (IED)
U-396;111001012441;COLEGIO MORISCO (IED)
U-397;111001012441;COLEGIO MORISCO (IED)
U-398;111001012441;COLEGIO MORISCO (IED)
U-400;111001012441;COLEGIO MORISCO (IED)
U-401;111001012441;COLEGIO MORISCO (IED)
U-402;111001013293;COLEGIO NACIONES UNIDAS (IED)
U-404;111001013293;COLEGIO NACIONES UNIDAS (IED)
U-406;111001013293;COLEGIO NACIONES UNIDAS (IED)
U-407;111001035521;COLEGIO NESTOR FORERO ALCALA (IED)
U-409;111001035521;COLEGIO NESTOR FORERO ALCALA (IED)
U-410;111001104035;COLEGIO BOLIVIA (IED)
U-411;111001104035;COLEGIO BOLIVIA (IED)
U-412;111001104035;COLEGIO BOLIVIA (IED)
U-413;111001104035;COLEGIO BOLIVIA (IED)
U-414;111001104035;COLEGIO BOLIVIA (IED)
U-415;111001104035;COLEGIO BOLIVIA (IED)
U-416;111001104035;COLEGIO BOLIVIA (IED)
U-417;111001104035;COLEGIO BOLIVIA (IED)
U-418;111001015814;COLEGIO REPUBLICA DE CHINA (IED)
U-419;111001015814;COLEGIO REPUBLICA DE CHINA (IED)
U-421;111001009971;COLEGIO REPUBLICA DE COLOMBIA (IED)
U-424;111001009971;COLEGIO REPUBLICA DE COLOMBIA (IED)
U-426;111001009971;COLEGIO REPUBLICA DE COLOMBIA (IED)
U-428;111001009971;COLEGIO REPUBLICA DE COLOMBIA (IED)
U-431;111001009971;COLEGIO REPUBLICA DE COLOMBIA (IED)
U-434;111001009971;COLEGIO REPUBLICA DE COLOMBIA (IED)
U-435;111001009521;COLEGIO ROBERT F. KENNEDY (IED)
U-436;111001009521;COLEGIO ROBERT F. KENNEDY (IED)
U-437;111001009521;COLEGIO ROBERT F. KENNEDY (IED)
U-439;111001009521;COLEGIO ROBERT F. KENNEDY (IED)
U-440;111001009521;COLEGIO ROBERT F. KENNEDY (IED)
U-444;111001012483;COLEGIO TABORA (IED)
U-446;111001012483;COLEGIO TABORA (IED)
U-460;111001025020;COLEGIO ALBERTO LLERAS CAMARGO (IED)
U-463;111769001502;COLEGIO ANIBAL FERNANDEZ DE SOTO (IED)
U-464;111769001502;COLEGIO ANIBAL FERNANDEZ DE SOTO (IED)
U-465;111769001502;COLEGIO ANIBAL FERNANDEZ DE SOTO (IED)
U-466;111001107786;COLEGIO NICOLAS BUENAVENTURA (IED)
U-467;111001107786;COLEGIO NICOLAS BUENAVENTURA (IED)
U-468;111001107786;COLEGIO NICOLAS BUENAVENTURA (IED)
U-469;111001107786;COLEGIO NICOLAS BUENAVENTURA (IED)
U-472;111769000247;COLEGIO EL SALITRE - SUBA (IED)
U-473;111769000247;COLEGIO EL SALITRE - SUBA (IED)
U-474;111769000247;COLEGIO EL SALITRE - SUBA (IED)
U-475;111769000247;COLEGIO EL SALITRE - SUBA (IED)
U-476;111769000247;COLEGIO EL SALITRE - SUBA (IED)
U-477;111769000247;COLEGIO EL SALITRE - SUBA (IED)
U-478;111769000247;COLEGIO EL SALITRE - SUBA (IED)
U-479;111769000247;COLEGIO EL SALITRE - SUBA (IED)
U-480;111769000247;COLEGIO EL SALITRE - SUBA (IED)
U-481;111769000247;COLEGIO EL SALITRE - SUBA (IED)
U-482;111001075515;COLEGIO GUSTAVO MORALES MORALES (IED)
U-484;111001075515;COLEGIO GUSTAVO MORALES MORALES (IED)
U-486;111001075515;COLEGIO GUSTAVO MORALES MORALES (IED)
U-487;111001075515;COLEGIO GUSTAVO MORALES MORALES (IED)
U-488;111001075515;COLEGIO GUSTAVO MORALES MORALES (IED)
U-489;111001075515;COLEGIO GUSTAVO MORALES MORALES (IED)
U-490;111001075515;COLEGIO GUSTAVO MORALES MORALES (IED)
U-491;111001075515;COLEGIO GUSTAVO MORALES MORALES (IED)
U-492;111001075515;COLEGIO GUSTAVO MORALES MORALES (IED)
U-493;111001075515;COLEGIO GUSTAVO MORALES MORALES (IED)
U-496;111001075515;COLEGIO GUSTAVO MORALES MORALES (IED)
U-498;111001075515;COLEGIO GUSTAVO MORALES MORALES (IED)
U-499;111001015776;COLEGIO INSTITUTO TECNICO DISTRITAL JULIO FLOREZ (IED)
U-500;111001015776;COLEGIO INSTITUTO TECNICO DISTRITAL JULIO FLOREZ (IED)
U-501;111001015776;COLEGIO INSTITUTO TECNICO DISTRITAL JULIO FLOREZ (IED)
U-502;111001015776;COLEGIO INSTITUTO TECNICO DISTRITAL JULIO FLOREZ (IED)
U-503;111001015776;COLEGIO INSTITUTO TECNICO DISTRITAL JULIO FLOREZ (IED)
U-504;111001015776;COLEGIO INSTITUTO TECNICO DISTRITAL JULIO FLOREZ (IED)
U-505;111001015776;COLEGIO INSTITUTO TECNICO DISTRITAL JULIO FLOREZ (IED)
U-506;111001015776;COLEGIO INSTITUTO TECNICO DISTRITAL JULIO FLOREZ (IED)
U-507;111001015776;COLEGIO INSTITUTO TECNICO DISTRITAL JULIO FLOREZ (IED)
U-508;111001015776;COLEGIO INSTITUTO TECNICO DISTRITAL JULIO FLOREZ (IED)
U-509;111001015776;COLEGIO INSTITUTO TECNICO DISTRITAL JULIO FLOREZ (IED)
U-510;111001015776;COLEGIO INSTITUTO TECNICO DISTRITAL JULIO FLOREZ (IED)
U-511;111001015776;COLEGIO INSTITUTO TECNICO DISTRITAL JULIO FLOREZ (IED)
U-512;111001015776;COLEGIO INSTITUTO TECNICO DISTRITAL JULIO FLOREZ (IED)
U-513;111001015776;COLEGIO INSTITUTO TECNICO DISTRITAL JULIO FLOREZ (IED)
U-514;111001015776;COLEGIO INSTITUTO TECNICO DISTRITAL JULIO FLOREZ (IED)
U-515;111001015776;COLEGIO INSTITUTO TECNICO DISTRITAL JULIO FLOREZ (IED)
U-516;111769003416;COLEGIO JUAN LOZANO Y LOZANO (IED)
U-517;111769003416;COLEGIO JUAN LOZANO Y LOZANO (IED)
U-518;111769003416;COLEGIO JUAN LOZANO Y LOZANO (IED)
U-519;111769003416;COLEGIO JUAN LOZANO Y LOZANO (IED)
U-520;111769003416;COLEGIO JUAN LOZANO Y LOZANO (IED)
U-521;111769003416;COLEGIO JUAN LOZANO Y LOZANO (IED)
U-522;111769003416;COLEGIO JUAN LOZANO Y LOZANO (IED)
U-523;111769003416;COLEGIO JUAN LOZANO Y LOZANO (IED)
U-524;111769003416;COLEGIO JUAN LOZANO Y LOZANO (IED)
U-525;111769003416;COLEGIO JUAN LOZANO Y LOZANO (IED)
U-526;111769003416;COLEGIO JUAN LOZANO Y LOZANO (IED)
U-527;111769003416;COLEGIO JUAN LOZANO Y LOZANO (IED)
U-530;111001002330;COLEGIO LA GAITANA (IED)
U-531;111001011070;COLEGIO MIGUEL ANTONIO CARO (IED)
U-532;111001011070;COLEGIO MIGUEL ANTONIO CARO (IED)
U-533;111769001871;COLEGIO NUEVA ZELANDIA (IED)
U-535;111769001871;COLEGIO NUEVA ZELANDIA (IED)
U-536;111769001871;COLEGIO NUEVA ZELANDIA (IED)
U-537;111769001871;COLEGIO NUEVA ZELANDIA (IED)
U-538;111769001871;COLEGIO NUEVA ZELANDIA (IED)
U-539;111769001871;COLEGIO NUEVA ZELANDIA (IED)
U-540;111001086665;COLEGIO RAMON DE ZUBIRIA (IED)
U-541;111001086665;COLEGIO RAMON DE ZUBIRIA (IED)
U-543;111001086665;COLEGIO RAMON DE ZUBIRIA (IED)
U-544;111001086665;COLEGIO RAMON DE ZUBIRIA (IED)
U-545;111001086665;COLEGIO RAMON DE ZUBIRIA (IED)
U-547;111001086665;COLEGIO RAMON DE ZUBIRIA (IED)
U-548;111001086665;COLEGIO RAMON DE ZUBIRIA (IED)
U-549;111769003360;COLEGIO REPUBLICA DOMINICANA (IED)
U-550;111769003360;COLEGIO REPUBLICA DOMINICANA (IED)
U-551;111769003360;COLEGIO REPUBLICA DOMINICANA (IED)
U-552;111769003360;COLEGIO REPUBLICA DOMINICANA (IED)
U-553;111769003360;COLEGIO REPUBLICA DOMINICANA (IED)
U-557;111001045225;COLEGIO TIBABUYES UNIVERSAL (IED)
U-560;111001045225;COLEGIO TIBABUYES UNIVERSAL (IED)
U-561;111001107077;COLEGIO VEINTIUN ANGELES (IED)
U-562;111001107077;COLEGIO VEINTIUN ANGELES (IED)
U-563;111001107077;COLEGIO VEINTIUN ANGELES (IED)
U-564;111001107077;COLEGIO VEINTIUN ANGELES (IED)
U-565;111001107077;COLEGIO VEINTIUN ANGELES (IED)
U-566;111001107077;COLEGIO VEINTIUN ANGELES (IED)
U-568;111001107077;COLEGIO VEINTIUN ANGELES (IED)
U-569;111001107077;COLEGIO VEINTIUN ANGELES (IED)
U-570;111001107077;COLEGIO VEINTIUN ANGELES (IED)
U-571;111001107077;COLEGIO VEINTIUN ANGELES (IED)
U-572;111001107077;COLEGIO VEINTIUN ANGELES (IED)
U-573;111001107077;COLEGIO VEINTIUN ANGELES (IED)
U-574;111001107077;COLEGIO VEINTIUN ANGELES (IED)
U-575;111001107077;COLEGIO VEINTIUN ANGELES (IED)
U-576;111001107077;COLEGIO VEINTIUN ANGELES (IED)
U-577;111001107077;COLEGIO VEINTIUN ANGELES (IED)
U-578;111001092983;COLEGIO VISTA BELLA (IED)
U-579;111001092983;COLEGIO VISTA BELLA (IED)
U-585;111001024830;COLEGIO FRANCISCO PRIMERO S.S. (IED)
U-589;111001024830;COLEGIO FRANCISCO PRIMERO S.S. (IED)
U-593;111001024830;COLEGIO FRANCISCO PRIMERO S.S. (IED)
U-594;111001024830;COLEGIO FRANCISCO PRIMERO S.S. (IED)
U-595;111001024830;COLEGIO FRANCISCO PRIMERO S.S. (IED)
U-597;111001024830;COLEGIO FRANCISCO PRIMERO S.S. (IED)
U-601;111001010421;COLEGIO JORGE ELIECER GAITAN (IED)
U-602;111001010421;COLEGIO JORGE ELIECER GAITAN (IED)
U-603;111001010421;COLEGIO JORGE ELIECER GAITAN (IED)
U-605;111001010421;COLEGIO JORGE ELIECER GAITAN (IED)
U-606;111001010421;COLEGIO JORGE ELIECER GAITAN (IED)
U-607;111001010421;COLEGIO JORGE ELIECER GAITAN (IED)
U-608;111001010421;COLEGIO JORGE ELIECER GAITAN (IED)
U-611;111001029912;COLEGIO JUAN FRANCISCO BERBEO (IED)
U-612;111001029912;COLEGIO JUAN FRANCISCO BERBEO (IED)
U-613;111001029912;COLEGIO JUAN FRANCISCO BERBEO (IED)
U-614;111001029912;COLEGIO JUAN FRANCISCO BERBEO (IED)
U-616;111001029912;COLEGIO JUAN FRANCISCO BERBEO (IED)
U-617;111001029912;COLEGIO JUAN FRANCISCO BERBEO (IED)
U-618;111001029912;COLEGIO JUAN FRANCISCO BERBEO (IED)
U-620;111001029912;COLEGIO JUAN FRANCISCO BERBEO (IED)
U-621;111001029912;COLEGIO JUAN FRANCISCO BERBEO (IED)
U-622;111001029912;COLEGIO JUAN FRANCISCO BERBEO (IED)
U-623;111001029912;COLEGIO JUAN FRANCISCO BERBEO (IED)
U-625;111001029912;COLEGIO JUAN FRANCISCO BERBEO (IED)
U-627;111001028258;COLEGIO RAFAEL BERNAL JIMENEZ (IED)
U-628;111001028258;COLEGIO RAFAEL BERNAL JIMENEZ (IED)
U-630;111001028258;COLEGIO RAFAEL BERNAL JIMENEZ (IED)
U-631;111001011088;COLEGIO REPUBLICA DE PANAMA (IED)
U-632;111001011088;COLEGIO REPUBLICA DE PANAMA (IED)
U-635;111001011088;COLEGIO REPUBLICA DE PANAMA (IED)
U-636;111001011088;COLEGIO REPUBLICA DE PANAMA (IED)
U-637;111001008389;COLEGIO TECNICO DOMINGO FAUSTINO SARMIENTO (IED)
U-638;111001008389;COLEGIO TECNICO DOMINGO FAUSTINO SARMIENTO (IED)
U-639;111001008389;COLEGIO TECNICO DOMINGO FAUSTINO SARMIENTO (IED)
U-640;111001008389;COLEGIO TECNICO DOMINGO FAUSTINO SARMIENTO (IED)
U-643;111001008389;COLEGIO TECNICO DOMINGO FAUSTINO SARMIENTO (IED)
U-645;111001008389;COLEGIO TECNICO DOMINGO FAUSTINO SARMIENTO (IED)
U-646;111001008389;COLEGIO TECNICO DOMINGO FAUSTINO SARMIENTO (IED)
U-647;111001008389;COLEGIO TECNICO DOMINGO FAUSTINO SARMIENTO (IED)
U-648;111001008389;COLEGIO TECNICO DOMINGO FAUSTINO SARMIENTO (IED)
U-649;111001008389;COLEGIO TECNICO DOMINGO FAUSTINO SARMIENTO (IED)
U-650;111001008389;COLEGIO TECNICO DOMINGO FAUSTINO SARMIENTO (IED)
U-652;111001032255;COLEGIO TOMAS CARRASQUILLA (IED)
U-653;111001032255;COLEGIO TOMAS CARRASQUILLA (IED)
U-654;111001032255;COLEGIO TOMAS CARRASQUILLA (IED)
U-656;111001032255;COLEGIO TOMAS CARRASQUILLA (IED)
U-657;111001032255;COLEGIO TOMAS CARRASQUILLA (IED)
U-658;111001032255;COLEGIO TOMAS CARRASQUILLA (IED)
U-659;111001032255;COLEGIO TOMAS CARRASQUILLA (IED)
U-660;111001032255;COLEGIO TOMAS CARRASQUILLA (IED)
U-661;111001032255;COLEGIO TOMAS CARRASQUILLA (IED)
U-662;111001032255;COLEGIO TOMAS CARRASQUILLA (IED)
U-663;111001032255;COLEGIO TOMAS CARRASQUILLA (IED)
U-670;111001032255;COLEGIO TOMAS CARRASQUILLA (IED)
U-671;111001032255;COLEGIO TOMAS CARRASQUILLA (IED)
U-672;111001010731;COLEGIO MANUELA BELTRAN (IED)
U-675;111001010731;COLEGIO MANUELA BELTRAN (IED)
U-676;111001010731;COLEGIO MANUELA BELTRAN (IED)
U-677;111001010731;COLEGIO MANUELA BELTRAN (IED)
U-681;111001016250;COLEGIO REPUBLICA BOLIVARIANA DE VENEZUELA (IED)
U-684;111001016250;COLEGIO REPUBLICA BOLIVARIANA DE VENEZUELA (IED)
U-685;111001016250;COLEGIO REPUBLICA BOLIVARIANA DE VENEZUELA (IED)
U-696;111001016250;COLEGIO REPUBLICA BOLIVARIANA DE VENEZUELA (IED)
U-697;111001016250;COLEGIO REPUBLICA BOLIVARIANA DE VENEZUELA (IED)
U-698;111001016250;COLEGIO REPUBLICA BOLIVARIANA DE VENEZUELA (IED)
U-699;111001016250;COLEGIO REPUBLICA BOLIVARIANA DE VENEZUELA (IED)
U-704;111001011053;COLEGIO GUILLERMO LEON VALENCIA (IED)
U-705;111001011053;COLEGIO GUILLERMO LEON VALENCIA (IED)
U-706;111001011274;COLEGIO ANDRES BELLO (IED)
U-707;111001011274;COLEGIO ANDRES BELLO (IED)
U-708;111001011274;COLEGIO ANDRES BELLO (IED)
U-709;111001014745;COLEGIO ANTONIO JOSE DE SUCRE (IED)
U-710;111001014745;COLEGIO ANTONIO JOSE DE SUCRE (IED)
U-719;111001011045;COLEGIO SILVERIA ESPINOSA DE RENDON (IED)
U-722;111001014001;COLEGIO EDUARDO SANTOS (IED)
U-724;111001015733;COLEGIO ANTONIO BARAYA (IED)
U-725;111001015733;COLEGIO ANTONIO BARAYA (IED)
U-726;111001015733;COLEGIO ANTONIO BARAYA (IED)
U-728;111001012963;COLEGIO TECNICO BENJAMIN HERRERA (IED)
U-730;111001012611;COLEGIO BRAVO PAEZ (IED)
U-731;111001012611;COLEGIO BRAVO PAEZ (IED)
U-732;111001012611;COLEGIO BRAVO PAEZ (IED)
U-734;111001012611;COLEGIO BRAVO PAEZ (IED)
U-735;111001012611;COLEGIO BRAVO PAEZ (IED)
U-736;111001012611;COLEGIO BRAVO PAEZ (IED)
U-737;111001012611;COLEGIO BRAVO PAEZ (IED)
U-738;111001012611;COLEGIO BRAVO PAEZ (IED)
U-740;111001014958;COLEGIO CLEMENCIA HOLGUIN DE URDANETA (IED)
U-741;111001014958;COLEGIO CLEMENCIA HOLGUIN DE URDANETA (IED)
U-742;111001014958;COLEGIO CLEMENCIA HOLGUIN DE URDANETA (IED)
U-749;111001014664;COLEGIO EL LIBERTADOR (IED)
U-750;111001014664;COLEGIO EL LIBERTADOR (IED)
U-752;111001014664;COLEGIO EL LIBERTADOR (IED)
U-754;111001014664;COLEGIO EL LIBERTADOR (IED)
U-757;111001014664;COLEGIO EL LIBERTADOR (IED)
U-759;111001014664;COLEGIO EL LIBERTADOR (IED)
U-760;111001030015;COLEGIO ENRIQUE OLAYA HERRERA (IED)
U-761;111001030015;COLEGIO ENRIQUE OLAYA HERRERA (IED)
U-762;111001030015;COLEGIO ENRIQUE OLAYA HERRERA (IED)
U-763;111001030015;COLEGIO ENRIQUE OLAYA HERRERA (IED)
U-764;111001030015;COLEGIO ENRIQUE OLAYA HERRERA (IED)
U-765;111001030015;COLEGIO ENRIQUE OLAYA HERRERA (IED)
U-769;111001030015;COLEGIO ENRIQUE OLAYA HERRERA (IED)
U-770;111001030015;COLEGIO ENRIQUE OLAYA HERRERA (IED)
U-771;111001030015;COLEGIO ENRIQUE OLAYA HERRERA (IED)
U-772;111001030015;COLEGIO ENRIQUE OLAYA HERRERA (IED)
U-773;111001027332;COLEGIO GUSTAVO RESTREPO (IED)
U-774;111001027332;COLEGIO GUSTAVO RESTREPO (IED)
U-775;111001027332;COLEGIO GUSTAVO RESTREPO (IED)
U-776;111001027332;COLEGIO GUSTAVO RESTREPO (IED)
U-777;111001027332;COLEGIO GUSTAVO RESTREPO (IED)
U-778;111001027332;COLEGIO GUSTAVO RESTREPO (IED)
U-779;111001027332;COLEGIO GUSTAVO RESTREPO (IED)
U-780;111001027332;COLEGIO GUSTAVO RESTREPO (IED)
U-781;111001027332;COLEGIO GUSTAVO RESTREPO (IED)
U-782;111001027332;COLEGIO GUSTAVO RESTREPO (IED)
U-783;111001027332;COLEGIO GUSTAVO RESTREPO (IED)
U-784;111001027332;COLEGIO GUSTAVO RESTREPO (IED)
U-785;111001027332;COLEGIO GUSTAVO RESTREPO (IED)
U-786;111001027332;COLEGIO GUSTAVO RESTREPO (IED)
U-787;111001027332;COLEGIO GUSTAVO RESTREPO (IED)
U-788;111001027332;COLEGIO GUSTAVO RESTREPO (IED)
U-789;111001027332;COLEGIO GUSTAVO RESTREPO (IED)
U-790;111001027332;COLEGIO GUSTAVO RESTREPO (IED)
U-791;111001027332;COLEGIO GUSTAVO RESTREPO (IED)
U-792;111001027332;COLEGIO GUSTAVO RESTREPO (IED)
U-793;111001027332;COLEGIO GUSTAVO RESTREPO (IED)
U-794;111001027332;COLEGIO GUSTAVO RESTREPO (IED)
U-795;111001036765;COLEGIO JOSE MARTI (IED)
U-796;111001036765;COLEGIO JOSE MARTI (IED)
U-797;111001036765;COLEGIO JOSE MARTI (IED)
U-798;111001036765;COLEGIO JOSE MARTI (IED)
U-799;111001036765;COLEGIO JOSE MARTI (IED)
U-800;111001036765;COLEGIO JOSE MARTI (IED)
U-801;111001036765;COLEGIO JOSE MARTI (IED)
U-802;111001036765;COLEGIO JOSE MARTI (IED)
U-803;111001036765;COLEGIO JOSE MARTI (IED)
U-805;111001036765;COLEGIO JOSE MARTI (IED)
U-806;111001036765;COLEGIO JOSE MARTI (IED)
U-807;111001036765;COLEGIO JOSE MARTI (IED)
U-808;111001036765;COLEGIO JOSE MARTI (IED)
U-810;111001036765;COLEGIO JOSE MARTI (IED)
U-812;111001036765;COLEGIO JOSE MARTI (IED)
U-813;111001036765;COLEGIO JOSE MARTI (IED)
U-815;111001011819;COLEGIO LICEO FEMENINO DE CUNDINAMARCA MERCEDES NARIÑO (IED)
U-816;111001011819;COLEGIO LICEO FEMENINO DE CUNDINAMARCA MERCEDES NARIÑO (IED)
U-818;111001014591;COLEGIO MANUEL DEL SOCORRO RODRIGUEZ (IED)
U-819;111001014591;COLEGIO MANUEL DEL SOCORRO RODRIGUEZ (IED)
U-822;111001014591;COLEGIO MANUEL DEL SOCORRO RODRIGUEZ (IED)
U-823;111001014591;COLEGIO MANUEL DEL SOCORRO RODRIGUEZ (IED)
U-826;111001014591;COLEGIO MANUEL DEL SOCORRO RODRIGUEZ (IED)
U-827;111001014591;COLEGIO MANUEL DEL SOCORRO RODRIGUEZ (IED)
U-833;111001020095;COLEGIO MISAEL PASTRANA BORRERO (IED)
U-834;111001020095;COLEGIO MISAEL PASTRANA BORRERO (IED)
U-837;111001012815;COLEGIO QUIROGA ALIANZA (IED)
U-839;111001012815;COLEGIO QUIROGA ALIANZA (IED)
U-840;111001012815;COLEGIO QUIROGA ALIANZA (IED)
U-843;111001012971;COLEGIO RAFAEL DELGADO SALGUERO (IED)
U-844;111001012971;COLEGIO RAFAEL DELGADO SALGUERO (IED)
U-845;111001012971;COLEGIO RAFAEL DELGADO SALGUERO (IED)
U-846;111001012971;COLEGIO RAFAEL DELGADO SALGUERO (IED)
U-847;111001012971;COLEGIO RAFAEL DELGADO SALGUERO (IED)
U-848;111001012971;COLEGIO RAFAEL DELGADO SALGUERO (IED)
U-854;111001014028;COLEGIO REPUBLICA FEDERAL DE ALEMANIA (IED)
U-855;111001014028;COLEGIO REPUBLICA FEDERAL DE ALEMANIA (IED)
U-858;111001014028;COLEGIO REPUBLICA FEDERAL DE ALEMANIA (IED)
U-859;111001014028;COLEGIO REPUBLICA FEDERAL DE ALEMANIA (IED)
U-860;111001014028;COLEGIO REPUBLICA FEDERAL DE ALEMANIA (IED)
U-867;111001010928;COLEGIO RESTREPO MILLAN (IED)
U-868;111001010928;COLEGIO RESTREPO MILLAN (IED)
U-869;111001010928;COLEGIO RESTREPO MILLAN (IED)
U-872;111001010928;COLEGIO RESTREPO MILLAN (IED)
U-873;111001010928;COLEGIO RESTREPO MILLAN (IED)
U-875;111001010928;COLEGIO RESTREPO MILLAN (IED)
U-877;111001010928;COLEGIO RESTREPO MILLAN (IED)
U-879;111001010928;COLEGIO RESTREPO MILLAN (IED)
U-880;111001010928;COLEGIO RESTREPO MILLAN (IED)
U-882;111001010928;COLEGIO RESTREPO MILLAN (IED)
U-887;111001107115;COLEGIO JOSE MARIA VARGAS VILA (IED)
U-888;111001107115;COLEGIO JOSE MARIA VARGAS VILA (IED)
U-889;111001107115;COLEGIO JOSE MARIA VARGAS VILA (IED)
U-890;111001107115;COLEGIO JOSE MARIA VARGAS VILA (IED)
U-891;111001107115;COLEGIO JOSE MARIA VARGAS VILA (IED)
U-892;111001107115;COLEGIO JOSE MARIA VARGAS VILA (IED)
U-893;111001107115;COLEGIO JOSE MARIA VARGAS VILA (IED)
U-894;111001107115;COLEGIO JOSE MARIA VARGAS VILA (IED)
U-895;111001107115;COLEGIO JOSE MARIA VARGAS VILA (IED)
U-896;111001107115;COLEGIO JOSE MARIA VARGAS VILA (IED)
U-897;111001076937;COLEGIO SAN FRANCISCO (IED)
U-898;111001076937;COLEGIO SAN FRANCISCO (IED)
U-899;111001044806;COLEGIO FRIEDRICH NAUMANN (IED)
U-907;111769003424;COLEGIO GERARDO PAREDES (IED)
U-908;111769003424;COLEGIO GERARDO PAREDES (IED)
U-909;111769003424;COLEGIO GERARDO PAREDES (IED)
U-910;111769003424;COLEGIO GERARDO PAREDES (IED)
U-912;111769003424;COLEGIO GERARDO PAREDES (IED)
U-915;111001027332;COLEGIO GUSTAVO RESTREPO (IED)
U-916;111001034754;COLEGIO COMPARTIR RECUERDO (IED)
U-917;111001011690;COLEGIO LA AMISTAD (IED)
U-918;111001011690;COLEGIO LA AMISTAD (IED)
U-919;111001011690;COLEGIO LA AMISTAD (IED)
U-920;111001011690;COLEGIO LA AMISTAD (IED)
U-923;111001011321;COLEGIO CARLOS ARTURO TORRES (IED)
U-926;111001006122;COLEGIO LA MERCED (IED)
U-927;111001006122;COLEGIO LA MERCED (IED)
U-930;111001024732;COLEGIO INEM FRANCISCO DE PAULA SANTANDER (IED)
U-931;111001024732;COLEGIO INEM FRANCISCO DE PAULA SANTANDER (IED)
U-942;111001011690;COLEGIO LA AMISTAD (IED)
U-944;111001086649;COLEGIO ALFONSO LOPEZ PUMAREJO (IED)
U-945;111001086649;COLEGIO ALFONSO LOPEZ PUMAREJO (IED)
U-948;111001013153;COLEGIO PAULO VI (IED)
U-950;111001013153;COLEGIO PAULO VI (IED)
U-951;111001013153;COLEGIO PAULO VI (IED)
U-952;111001013153;COLEGIO PAULO VI (IED)
U-954;111001012343;COLEGIO TOM ADAMS (IED)
U-955;111001012343;COLEGIO TOM ADAMS (IED)
U-956;111001012343;COLEGIO TOM ADAMS (IED)
U-957;111001012611;COLEGIO BRAVO PAEZ (IED)
U-958;111001027308;COLEGIO PROSPERO PINZON (IED)
U-960;111001012343;COLEGIO TOM ADAMS (IED)
U-963;111001024660;COLEGIO FERNANDO SOTO APARICIO (IED)
U-964;111001024660;COLEGIO FERNANDO SOTO APARICIO (IED)
U-970;111001024732;COLEGIO INEM FRANCISCO DE PAULA SANTANDER (IED)
U-971;111001024732;COLEGIO INEM FRANCISCO DE PAULA SANTANDER (IED)
U-976;111001107794;COLEGIO MARIA CANO (IED)
U-977;111001107794;COLEGIO MARIA CANO (IED)
U-987;111001026964;COLEGIO JOHN F. KENNEDY (IED)
U-988;111001026964;COLEGIO JOHN F. KENNEDY (IED)
U-991;111001015598;COLEGIO LAS AMERICAS (IED)
U-992;111001015598;COLEGIO LAS AMERICAS (IED)
U-998;111001107794;COLEGIO MARIA CANO (IED)
U-999;111001107794;COLEGIO MARIA CANO (IED)
R-499;211850001121;COLEGIO RURAL PASQUILLA (IED)
R-500;211850001121;COLEGIO RURAL PASQUILLA (IED)
R-501;211850001121;COLEGIO RURAL PASQUILLA (IED)
R-502;211850001121;COLEGIO RURAL PASQUILLA (IED)
T-1062;111001086754;COLEGIO LA CONCEPCION (IED)
T-1063;211850000787;COLEGIO TENERIFE - GRANADA SUR (IED)
T-1064;211850000787;COLEGIO TENERIFE - GRANADA SUR (IED)
