CodigoRuta;DANE IED;IED;Tipo;Destino;Direccion
E-002;2,12E+11;COLEGIO EL UVAL (IED);ESPECIAL;NA;NA
E-003;2,12E+11;COLEGIO EL UVAL (IED);ESPECIAL;NA;NA
E-004;2,12E+11;COLEGIO EL UVAL (IED);ESPECIAL;NA;NA
E-005;2,12E+11;COLEGIO EL UVAL (IED);ESPECIAL;NA;NA
E-006;2,11E+11;COLEGIO CAMPESTRE JAIME GARZON (IED);ESPECIAL;NA;NA
E-007;2,11E+11;COLEGIO CAMPESTRE JAIME GARZON (IED);ESPECIAL;NA;NA
E-010;2,12E+11;COLEGIO GIMNASIO DEL CAMPO JUAN DE LA CRUZ VARELA (IED);ESPECIAL;NA;NA
E-011;2,12E+11;COLEGIO GIMNASIO DEL CAMPO JUAN DE LA CRUZ VARELA (IED);ESPECIAL;NA;NA
E-012;2,12E+11;COLEGIO GIMNASIO DEL CAMPO JUAN DE LA CRUZ VARELA (IED);ESPECIAL;NA;NA
E-014;2,12E+11;COLEGIO GIMNASIO DEL CAMPO JUAN DE LA CRUZ VARELA (IED);ESPECIAL;NA;NA
E-021;2,12E+11;COLEGIO RURAL JOSE CELESTINO MUTIS (IED);ESPECIAL;NA;NA
E-038;2,12E+11;COLEGIO RURAL JOSE CELESTINO MUTIS (IED);ESPECIAL;NA;NA
E-040;1,11E+11;COLEGIO NUEVO HORIZONTE (IED);ESPECIAL;NA;NA
E-041;1,11E+11;COLEGIO NUEVO HORIZONTE (IED);ESPECIAL;NA;NA
E-042;2,12E+11;COLEGIO RURAL JOSE CELESTINO MUTIS (IED);ESPECIAL;NA;NA
E-043;2,12E+11;COLEGIO RURAL JOSE CELESTINO MUTIS (IED);ESPECIAL;NA;NA
E-046;2,12E+11;COLEGIO RURAL PASQUILLA (IED);ESPECIAL;NA;NA
E-047;2,12E+11;COLEGIO RURAL PASQUILLA (IED);ESPECIAL;NA;NA
E-048;2,12E+11;COLEGIO RURAL PASQUILLA (IED);ESPECIAL;NA;NA
E-049;2,12E+11;COLEGIO RURAL PASQUILLA (IED);ESPECIAL;NA;NA
E-050;2,12E+11;COLEGIO RURAL PASQUILLA (IED);ESPECIAL;NA;NA
E-052;2,12E+11;COLEGIO RURAL PASQUILLA (IED);ESPECIAL;NA;NA
E-055;2,12E+11;COLEGIO RURAL PASQUILLA (IED);ESPECIAL;NA;NA
E-056;2,12E+11;COLEGIO RURAL PASQUILLA (IED);ESPECIAL;NA;NA
E-057;2,12E+11;COLEGIO RURAL QUIBA ALTA (IED);ESPECIAL;NA;NA
E-058;2,12E+11;COLEGIO RURAL QUIBA ALTA (IED);ESPECIAL;NA;NA
E-060;2,12E+11;COLEGIO RURAL QUIBA ALTA (IED);ESPECIAL;NA;NA
E-061;2,12E+11;COLEGIO RURAL QUIBA ALTA (IED);ESPECIAL;NA;NA
E-062;2,11E+11;COLEGIO CAMPESTRE JAIME GARZON (IED);ESPECIAL;NA;NA
R-001;2,11E+11;COLEGIO EL VERJON (IED);RURAL;NA;NA
R-002;2,11E+11;COLEGIO EL VERJON (IED);RURAL;NA;NA
R-003;2,11E+11;COLEGIO EL VERJON (IED);RURAL;NA;NA
R-004;2,11E+11;COLEGIO EL VERJON (IED);RURAL;NA;NA
R-005;2,11E+11;COLEGIO EL VERJON (IED);RURAL;NA;NA
R-008;2,11E+11;COLEGIO EL VERJON (IED);RURAL;NA;NA
R-009;2,11E+11;COLEGIO EL VERJON (IED);RURAL;NA;NA
R-011;2,12E+11;COLEGIO EL DESTINO (IED);RURAL;NA;NA
J-4129-06-V1;1,11E+11;COLEGIO NUEVA ESPERANZA (IED);COMPLEMENTARIA;PARQUE VILLA ALEMANA;CL 100 BIS SUR 1 17
R-013;2,12E+11;COLEGIO EL DESTINO (IED);RURAL;NA;NA
R-016;2,12E+11;COLEGIO EL DESTINO (IED);RURAL;NA;NA
R-017;2,12E+11;COLEGIO EL DESTINO (IED);RURAL;NA;NA
R-019;2,12E+11;COLEGIO EL DESTINO (IED);RURAL;NA;NA
R-020;2,12E+11;COLEGIO EL DESTINO (IED);RURAL;NA;NA
R-023;2,12E+11;COLEGIO EL DESTINO (IED);RURAL;NA;NA
R-025;2,12E+11;COLEGIO EL DESTINO (IED);RURAL;NA;NA
J-4129-07-V1;1,11E+11;COLEGIO NUEVA ESPERANZA (IED);COMPLEMENTARIA;PARQUE VILLA ALEMANA;CL 100 BIS SUR 1 17
J-4129-08-V1;1,11E+11;COLEGIO NUEVA ESPERANZA (IED);COMPLEMENTARIA;PARQUE VILLA ALEMANA;CL 100 BIS SUR 1 17
J-4129-08-V2;1,11E+11;COLEGIO NUEVA ESPERANZA (IED);COMPLEMENTARIA;PARQUE VILLA ALEMANA;CL 100 BIS SUR 1 17
J-4129-09-V1;1,11E+11;COLEGIO NUEVA ESPERANZA (IED);COMPLEMENTARIA;PARQUE VILLA ALEMANA;CL 100 BIS SUR 1 17
J-4130-01-V1;1,11E+11;COLEGIO NUEVO SAN ANDRES DE LOS ALTOS (IED);COMPLEMENTARIA;CREA CANTARRANA USME  IDARTES;AK 1A 100 45
J-4130-01-V2;1,11E+11;COLEGIO NUEVO SAN ANDRES DE LOS ALTOS (IED);COMPLEMENTARIA;CREA CANTARRANA USME  IDARTES;AK 1A 100 45
J-4130-01-V3;1,11E+11;COLEGIO NUEVO SAN ANDRES DE LOS ALTOS (IED);COMPLEMENTARIA;CREA CANTARRANA USME  IDARTES;AK 1A 100 45
J-4130-01-V4;1,11E+11;COLEGIO NUEVO SAN ANDRES DE LOS ALTOS (IED);COMPLEMENTARIA;CREA CANTARRANA USME  IDARTES;AK 1A 100 45
J-4130-01-V5;1,11E+11;COLEGIO NUEVO SAN ANDRES DE LOS ALTOS (IED);COMPLEMENTARIA;CREA CANTARRANA USME  IDARTES;AK 1A 100 45
J-4130-01-V6;1,11E+11;COLEGIO NUEVO SAN ANDRES DE LOS ALTOS (IED);COMPLEMENTARIA;CREA CANTARRANA USME  IDARTES;AK 1A 100 45
J-4130-01-V7;1,11E+11;COLEGIO NUEVO SAN ANDRES DE LOS ALTOS (IED);COMPLEMENTARIA;CREA CANTARRANA USME  IDARTES;AK 1A 100 45
J-4130-01-V8;1,11E+11;COLEGIO NUEVO SAN ANDRES DE LOS ALTOS (IED);COMPLEMENTARIA;CREA CANTARRANA USME  IDARTES;AK 1A 100 45
J-4130-02-V1;1,11E+11;COLEGIO NUEVO SAN ANDRES DE LOS ALTOS (IED);COMPLEMENTARIA;CREA CANTARRANA USME IDARTES;AK 1A 100 45
J-4130-02-V2;1,11E+11;COLEGIO NUEVO SAN ANDRES DE LOS ALTOS (IED);COMPLEMENTARIA;CREA CANTARRANA USME IDARTES;AK 1A 100 45
J-4130-02-V3;1,11E+11;COLEGIO NUEVO SAN ANDRES DE LOS ALTOS (IED);COMPLEMENTARIA;CREA CANTARRANA USME IDARTES;AK 1A 100 45
J-4130-02-V4;1,11E+11;COLEGIO NUEVO SAN ANDRES DE LOS ALTOS (IED);COMPLEMENTARIA;CREA CANTARRANA USME IDARTES;AK 1A 100 45
J-4200-02-V1;1,11E+11;COLEGIO LOS COMUNEROS - OSWALDO GUAYASAMIN (IED);COMPLEMENTARIA;CREA CANTARRANA;TV 13 100 55 SUR
J-4200-03-V1;1,11E+11;COLEGIO LOS COMUNEROS - OSWALDO GUAYASAMIN (IED);COMPLEMENTARIA;CREA CANTARRANA;TV 13 100 55 SUR
J-4200-04-V1;1,11E+11;COLEGIO LOS COMUNEROS - OSWALDO GUAYASAMIN (IED);COMPLEMENTARIA;CREA CANTARRANA;TV 13 100 55 SUR
R-056;2,12E+11;COLEGIO RURAL LOS ARRAYANES (CED);RURAL;NA;NA
J-4200-10-V2;1,11E+11;COLEGIO LOS COMUNEROS - OSWALDO GUAYASAMIN (IED);COMPLEMENTARIA;CREA CANTARRANA;TV 13 100 55 SUR
J-4200-11-V1;1,11E+11;COLEGIO LOS COMUNEROS - OSWALDO GUAYASAMIN (IED);COMPLEMENTARIA;CREA CANTARRANA;TV 13 100 55 SUR
J-4200-11-V2;1,11E+11;COLEGIO LOS COMUNEROS - OSWALDO GUAYASAMIN (IED);COMPLEMENTARIA;CREA CANTARRANA;TV 13 100 55 SUR
R-061;2,12E+11;COLEGIO RURAL EL CURUBITAL (CED);RURAL;NA;NA
J-4108-01-V1;1,12E+11;COLEGIO GERARDO PAREDES (IED);COMPLEMENTARIA;PARQUE FONTANAR ;DG 147 141A 42
J-4108-02-V1;1,12E+11;COLEGIO GERARDO PAREDES (IED);COMPLEMENTARIA;PARQUE FONTANAR ;DG 147 141A 42
J-4108-03-V1;1,12E+11;COLEGIO GERARDO PAREDES (IED);COMPLEMENTARIA;PARQUE FONTANAR ;DG 147 141A 42
J-4108-04-V1;1,12E+11;COLEGIO GERARDO PAREDES (IED);COMPLEMENTARIA;PARQUE FONTANAR ;DG 147 141A 42
J-4108-05-V1;1,12E+11;COLEGIO GERARDO PAREDES (IED);COMPLEMENTARIA;PARQUE FONTANAR ;DG 147 141A 42
J-4108-06-V1;1,12E+11;COLEGIO GERARDO PAREDES (IED);COMPLEMENTARIA;PARQUE FONTANAR ;DG 147 141A 42
J-4108-07-V1;1,12E+11;COLEGIO GERARDO PAREDES (IED);COMPLEMENTARIA;COMPENSAR SUBA ;CL 139 94 55
J-4108-08-V1;1,12E+11;COLEGIO GERARDO PAREDES (IED);COMPLEMENTARIA;PARQUE FONTANAR ;DG 147 141A 42
J-4260-01-V1;1,11E+11;COLEGIO EL VIRREY JOSE SOLIS (IED);COMPLEMENTARIA;CREA CANTARRANA USME IDARTES;AK 1A 100 45
J-4260-01-V2;1,11E+11;COLEGIO EL VIRREY JOSE SOLIS (IED);COMPLEMENTARIA;CREA CANTARRANA USME IDARTES;AK 1A 100 45
J-4260-02-V1;1,11E+11;COLEGIO EL VIRREY JOSE SOLIS (IED);COMPLEMENTARIA;CREA CANTARRANA USME IDARTES;AK 1A 100 45
J-4260-02-V2;1,11E+11;COLEGIO EL VIRREY JOSE SOLIS (IED);COMPLEMENTARIA;CREA CANTARRANA USME IDARTES;AK 1A 100 45
J-4260-02-V3;1,11E+11;COLEGIO EL VIRREY JOSE SOLIS (IED);COMPLEMENTARIA;CREA CANTARRANA USME IDARTES;AK 1A 100 45
J-4260-02-V4;1,11E+11;COLEGIO EL VIRREY JOSE SOLIS (IED);COMPLEMENTARIA;CREA CANTARRANA USME IDARTES;AK 1A 100 45
J-4274-01-V1;1,11E+11;COLEGIO SANTA MARTHA (IED);COMPLEMENTARIA;CREA CANTARRANA;TV 1 BIS ESTE CL 100B BIS SUR
J-4274-01-V2;1,11E+11;COLEGIO SANTA MARTHA (IED);COMPLEMENTARIA;CREA CANTARRANA;TV 1 BIS ESTE CL 100B BIS SUR
R-078;2,12E+11;COLEGIO MOCHUELO ALTO (CED);RURAL;NA;NA
J-4274-02-V1;1,11E+11;COLEGIO SANTA MARTHA (IED);COMPLEMENTARIA;CREA CANTARRANA;TV 1 BIS ESTE CL 100B BIS SUR
J-4274-02-V2;1,11E+11;COLEGIO SANTA MARTHA (IED);COMPLEMENTARIA;CREA CANTARRANA;TV 1 BIS ESTE CL 100B BIS SUR
J-4274-03-V1;1,11E+11;COLEGIO SANTA MARTHA (IED);COMPLEMENTARIA;CREA CANTARRANA;TV 1 BIS ESTE CL 100B BIS SUR
J-4274-03-V2;1,11E+11;COLEGIO SANTA MARTHA (IED);COMPLEMENTARIA;CREA CANTARRANA;TV 1 BIS ESTE CL 100B BIS SUR
R-012;2,12E+11;COLEGIO EL DESTINO (IED);RURAL;NA;NA
R-014;2,12E+11;COLEGIO EL DESTINO (IED);RURAL;NA;NA
R-024;2,12E+11;COLEGIO EL DESTINO (IED);RURAL;NA;NA
R-026;2,12E+11;COLEGIO EL UVAL (IED);RURAL;NA;NA
R-087;2,12E+11;COLEGIO RURAL PASQUILLA (IED);RURAL;NA;NA
R-027;2,12E+11;COLEGIO EL UVAL (IED);RURAL;NA;NA
R-029;2,12E+11;COLEGIO EL UVAL (IED);RURAL;NA;NA
R-030;2,12E+11;COLEGIO EL UVAL (IED);RURAL;NA;NA
R-092;2,12E+11;COLEGIO RURAL PASQUILLA (IED);RURAL;NA;NA
R-031;2,12E+11;COLEGIO EL UVAL (IED);RURAL;NA;NA
R-032;2,12E+11;COLEGIO EL UVAL (IED);RURAL;NA;NA
R-033;2,12E+11;COLEGIO EL UVAL (IED);RURAL;NA;NA
R-034;2,12E+11;COLEGIO EL UVAL (IED);RURAL;NA;NA
R-035;2,12E+11;COLEGIO EL UVAL (IED);RURAL;NA;NA
R-037;2,12E+11;COLEGIO EL UVAL (IED);RURAL;NA;NA
R-038;2,12E+11;COLEGIO EL UVAL (IED);RURAL;NA;NA
R-039;2,12E+11;COLEGIO EL UVAL (IED);RURAL;NA;NA
R-041;2,12E+11;COLEGIO EL UVAL (IED);RURAL;NA;NA
R-042;2,12E+11;COLEGIO EL UVAL (IED);RURAL;NA;NA
R-046;2,12E+11;COLEGIO EL UVAL (IED);RURAL;NA;NA
R-047;2,12E+11;COLEGIO EL UVAL (IED);RURAL;NA;NA
R-048;2,12E+11;COLEGIO EL UVAL (IED);RURAL;NA;NA
R-050;2,12E+11;COLEGIO EL UVAL (IED);RURAL;NA;NA
R-051;2,12E+11;COLEGIO EL UVAL (IED);RURAL;NA;NA
R-052;2,12E+11;COLEGIO EL UVAL (IED);RURAL;NA;NA
R-113;2,12E+11;COLEGIO RURAL PASQUILLA (IED);RURAL;NA;NA
R-114;2,12E+11;COLEGIO RURAL QUIBA ALTA (IED);RURAL;NA;NA
R-115;2,12E+11;COLEGIO RURAL QUIBA ALTA (IED);RURAL;NA;NA
R-116;2,12E+11;COLEGIO RURAL QUIBA ALTA (IED);RURAL;NA;NA
R-117;2,12E+11;COLEGIO RURAL QUIBA ALTA (IED);RURAL;NA;NA
R-118;2,12E+11;COLEGIO RURAL QUIBA ALTA (IED);RURAL;NA;NA
R-119;2,12E+11;COLEGIO RURAL QUIBA ALTA (IED);RURAL;NA;NA
R-120;2,12E+11;COLEGIO RURAL QUIBA ALTA (IED);RURAL;NA;NA
R-121;2,12E+11;COLEGIO RURAL QUIBA ALTA (IED);RURAL;NA;NA
R-122;2,12E+11;COLEGIO RURAL QUIBA ALTA (IED);RURAL;NA;NA
R-123;2,12E+11;COLEGIO RURAL QUIBA ALTA (IED);RURAL;NA;NA
R-124;2,12E+11;COLEGIO RURAL QUIBA ALTA (IED);RURAL;NA;NA
R-125;2,12E+11;COLEGIO RURAL QUIBA ALTA (IED);RURAL;NA;NA
R-126;2,12E+11;COLEGIO RURAL QUIBA ALTA (IED);RURAL;NA;NA
R-127;2,12E+11;COLEGIO RURAL QUIBA ALTA (IED);RURAL;NA;NA
R-128;2,12E+11;COLEGIO RURAL QUIBA ALTA (IED);RURAL;NA;NA
R-129;2,12E+11;COLEGIO RURAL QUIBA ALTA (IED);RURAL;NA;NA
R-130;2,12E+11;COLEGIO RURAL QUIBA ALTA (IED);RURAL;NA;NA
R-131;2,12E+11;COLEGIO RURAL QUIBA ALTA (IED);RURAL;NA;NA
R-132;2,12E+11;COLEGIO RURAL QUIBA ALTA (IED);RURAL;NA;NA
R-133;2,12E+11;COLEGIO RURAL QUIBA ALTA (IED);RURAL;NA;NA
R-134;2,12E+11;COLEGIO RURAL QUIBA ALTA (IED);RURAL;NA;NA
R-135;2,12E+11;COLEGIO RURAL QUIBA ALTA (IED);RURAL;NA;NA
R-136;2,12E+11;COLEGIO RURAL QUIBA ALTA (IED);RURAL;NA;NA
R-137;2,12E+11;COLEGIO RURAL QUIBA ALTA (IED);RURAL;NA;NA
R-138;2,12E+11;COLEGIO RURAL QUIBA ALTA (IED);RURAL;NA;NA
R-139;2,12E+11;COLEGIO RURAL QUIBA ALTA (IED);RURAL;NA;NA
R-140;2,12E+11;COLEGIO RURAL QUIBA ALTA (IED);RURAL;NA;NA
R-141;2,12E+11;COLEGIO RURAL QUIBA ALTA (IED);RURAL;NA;NA
R-142;2,12E+11;COLEGIO RURAL QUIBA ALTA (IED);RURAL;NA;NA
R-143;2,12E+11;COLEGIO RURAL QUIBA ALTA (IED);RURAL;NA;NA
R-145;2,12E+11;COLEGIO RURAL QUIBA ALTA (IED);RURAL;NA;NA
R-146;2,12E+11;COLEGIO RURAL QUIBA ALTA (IED);RURAL;NA;NA
R-147;2,12E+11;COLEGIO RURAL QUIBA ALTA (IED);RURAL;NA;NA
R-148;2,12E+11;COLEGIO RURAL QUIBA ALTA (IED);RURAL;NA;NA
R-149;2,12E+11;COLEGIO RURAL QUIBA ALTA (IED);RURAL;NA;NA
R-150;2,12E+11;COLEGIO RURAL QUIBA ALTA (IED);RURAL;NA;NA
R-151;2,12E+11;COLEGIO RURAL QUIBA ALTA (IED);RURAL;NA;NA
R-152;2,12E+11;COLEGIO RURAL QUIBA ALTA (IED);RURAL;NA;NA
R-153;2,12E+11;COLEGIO RURAL JOSE CELESTINO MUTIS (IED);RURAL;NA;NA
R-154;2,12E+11;COLEGIO RURAL JOSE CELESTINO MUTIS (IED);RURAL;NA;NA
R-155;2,12E+11;COLEGIO RURAL JOSE CELESTINO MUTIS (IED);RURAL;NA;NA
R-156;2,12E+11;COLEGIO RURAL JOSE CELESTINO MUTIS (IED);RURAL;NA;NA
R-157;2,12E+11;COLEGIO RURAL JOSE CELESTINO MUTIS (IED);RURAL;NA;NA
R-158;2,12E+11;COLEGIO RURAL JOSE CELESTINO MUTIS (IED);RURAL;NA;NA
R-159;2,12E+11;COLEGIO RURAL JOSE CELESTINO MUTIS (IED);RURAL;NA;NA
R-160;2,12E+11;COLEGIO RURAL JOSE CELESTINO MUTIS (IED);RURAL;NA;NA
R-161;2,12E+11;COLEGIO RURAL JOSE CELESTINO MUTIS (IED);RURAL;NA;NA
R-163;2,12E+11;COLEGIO RURAL JOSE CELESTINO MUTIS (IED);RURAL;NA;NA
R-164;2,12E+11;COLEGIO RURAL JOSE CELESTINO MUTIS (IED);RURAL;NA;NA
R-165;2,12E+11;COLEGIO RURAL JOSE CELESTINO MUTIS (IED);RURAL;NA;NA
R-166;2,12E+11;COLEGIO RURAL JOSE CELESTINO MUTIS (IED);RURAL;NA;NA
R-167;2,12E+11;COLEGIO RURAL JOSE CELESTINO MUTIS (IED);RURAL;NA;NA
R-168;2,12E+11;COLEGIO RURAL JOSE CELESTINO MUTIS (IED);RURAL;NA;NA
R-169;2,12E+11;COLEGIO RURAL JOSE CELESTINO MUTIS (IED);RURAL;NA;NA
R-170;2,12E+11;COLEGIO RURAL JOSE CELESTINO MUTIS (IED);RURAL;NA;NA
R-172;2,12E+11;COLEGIO RURAL JOSE CELESTINO MUTIS (IED);RURAL;NA;NA
R-173;2,12E+11;COLEGIO RURAL JOSE CELESTINO MUTIS (IED);RURAL;NA;NA
R-174;2,12E+11;COLEGIO RURAL JOSE CELESTINO MUTIS (IED);RURAL;NA;NA
R-175;2,12E+11;COLEGIO RURAL JOSE CELESTINO MUTIS (IED);RURAL;NA;NA
R-176;2,12E+11;COLEGIO RURAL JOSE CELESTINO MUTIS (IED);RURAL;NA;NA
R-177;2,12E+11;COLEGIO RURAL JOSE CELESTINO MUTIS (IED);RURAL;NA;NA
R-178;2,12E+11;COLEGIO RURAL JOSE CELESTINO MUTIS (IED);RURAL;NA;NA
R-179;2,12E+11;COLEGIO RURAL LA MAYORIA (CED);RURAL;NA;NA
R-182;2,11E+11;COLEGIO GABRIEL GARCIA MARQUEZ (IED);RURAL;NA;NA
R-183;2,11E+11;COLEGIO GABRIEL GARCIA MARQUEZ (IED);RURAL;NA;NA
R-057;2,12E+11;COLEGIO RURAL OLARTE (CED);RURAL;NA;NA
R-185;2,12E+11;COLEGIO RURAL LA ARGENTINA (CED);RURAL;NA;NA
R-186;2,12E+11;COLEGIO RURAL PASQUILLA (IED);RURAL;NA;NA
R-188;1,11E+11;COLEGIO KIMI PERNIA DOMICO (IED);RURAL;NA;NA
R-189;1,11E+11;COLEGIO KIMI PERNIA DOMICO (IED);RURAL;NA;NA
R-190;1,11E+11;COLEGIO KIMI PERNIA DOMICO (IED);RURAL;NA;NA
R-191;1,11E+11;COLEGIO KIMI PERNIA DOMICO (IED);RURAL;NA;NA
R-192;1,11E+11;COLEGIO KIMI PERNIA DOMICO (IED);RURAL;NA;NA
R-193;1,11E+11;COLEGIO KIMI PERNIA DOMICO (IED);RURAL;NA;NA
R-194;1,11E+11;COLEGIO KIMI PERNIA DOMICO (IED);RURAL;NA;NA
R-196;1,11E+11;COLEGIO KIMI PERNIA DOMICO (IED);RURAL;NA;NA
R-197;1,11E+11;COLEGIO KIMI PERNIA DOMICO (IED);RURAL;NA;NA
R-198;1,11E+11;COLEGIO KIMI PERNIA DOMICO (IED);RURAL;NA;NA
R-199;1,11E+11;COLEGIO KIMI PERNIA DOMICO (IED);RURAL;NA;NA
R-200;1,11E+11;COLEGIO KIMI PERNIA DOMICO (IED);RURAL;NA;NA
R-204;1,11E+11;COLEGIO KIMI PERNIA DOMICO (IED);RURAL;NA;NA
R-205;1,11E+11;COLEGIO KIMI PERNIA DOMICO (IED);RURAL;NA;NA
R-206;1,11E+11;COLEGIO CAMPESTRE MONTE VERDE (IED);RURAL;NA;NA
R-207;1,11E+11;COLEGIO CAMPESTRE MONTE VERDE (IED);RURAL;NA;NA
R-208;1,11E+11;COLEGIO CAMPESTRE MONTE VERDE (IED);RURAL;NA;NA
R-209;1,11E+11;COLEGIO CAMPESTRE MONTE VERDE (IED);RURAL;NA;NA
R-210;1,11E+11;COLEGIO CAMPESTRE MONTE VERDE (IED);RURAL;NA;NA
R-211;1,11E+11;COLEGIO CAMPESTRE MONTE VERDE (IED);RURAL;NA;NA
R-212;1,11E+11;COLEGIO CAMPESTRE MONTE VERDE (IED);RURAL;NA;NA
R-213;1,11E+11;COLEGIO CAMPESTRE MONTE VERDE (IED);RURAL;NA;NA
R-215;1,11E+11;COLEGIO CAMPESTRE MONTE VERDE (IED);RURAL;NA;NA
R-216;1,11E+11;COLEGIO CAMPESTRE MONTE VERDE (IED);RURAL;NA;NA
R-217;1,11E+11;COLEGIO CAMPESTRE MONTE VERDE (IED);RURAL;NA;NA
R-218;1,11E+11;COLEGIO CAMPESTRE MONTE VERDE (IED);RURAL;NA;NA
R-219;1,11E+11;COLEGIO CAMPESTRE MONTE VERDE (IED);RURAL;NA;NA
R-220;1,11E+11;COLEGIO CAMPESTRE MONTE VERDE (IED);RURAL;NA;NA
R-058;2,12E+11;COLEGIO RURAL OLARTE (CED);RURAL;NA;NA
R-223;1,11E+11;COLEGIO KIMI PERNIA DOMICO (IED);RURAL;NA;NA
R-224;1,11E+11;COLEGIO KIMI PERNIA DOMICO (IED);RURAL;NA;NA
R-338;2,12E+11;COLEGIO RURAL LA MAYORIA (CED);RURAL;NA;NA
R-339;2,12E+11;COLEGIO RURAL QUIBA ALTA (IED);RURAL;NA;NA
R-340;1,11E+11;COLEGIO NUEVO HORIZONTE (IED);RURAL;NA;NA
R-341;1,11E+11;COLEGIO NUEVO HORIZONTE (IED);RURAL;NA;NA
R-342;1,11E+11;COLEGIO NUEVO HORIZONTE (IED);RURAL;NA;NA
R-343;1,11E+11;COLEGIO NUEVO HORIZONTE (IED);RURAL;NA;NA
R-344;1,11E+11;COLEGIO NUEVO HORIZONTE (IED);RURAL;NA;NA
R-345;1,11E+11;COLEGIO NUEVO HORIZONTE (IED);RURAL;NA;NA
R-346;1,11E+11;COLEGIO NUEVO HORIZONTE (IED);RURAL;NA;NA
R-347;1,11E+11;COLEGIO NUEVO HORIZONTE (IED);RURAL;NA;NA
R-348;1,11E+11;COLEGIO NUEVO HORIZONTE (IED);RURAL;NA;NA
R-349;1,11E+11;COLEGIO NUEVO HORIZONTE (IED);RURAL;NA;NA
R-362;1,11E+11;COLEGIO SAN CAYETANO (IED);RURAL;NA;NA
R-363;1,11E+11;COLEGIO SAN CAYETANO (IED);RURAL;NA;NA
R-364;2,12E+11;COLEGIO RURAL LA UNION USME (CED);RURAL;NA;NA
R-365;2,12E+11;COLEGIO RURAL CHIZACA (CED);RURAL;NA;NA
R-367;1,11E+11;COLEGIO SAN CAYETANO (IED);RURAL;NA;NA
R-368;1,11E+11;COLEGIO SAN CAYETANO (IED);RURAL;NA;NA
R-369;1,11E+11;COLEGIO SAN CAYETANO (IED);RURAL;NA;NA
R-370;1,11E+11;COLEGIO SAN CAYETANO (IED);RURAL;NA;NA
R-371;1,11E+11;COLEGIO SAN CAYETANO (IED);RURAL;NA;NA
R-372;1,11E+11;COLEGIO SAN CAYETANO (IED);RURAL;NA;NA
R-373;1,11E+11;COLEGIO SAN CAYETANO (IED);RURAL;NA;NA
R-374;1,11E+11;COLEGIO SAN CAYETANO (IED);RURAL;NA;NA
R-375;1,11E+11;COLEGIO SAN CAYETANO (IED);RURAL;NA;NA
R-376;1,11E+11;COLEGIO SAN CAYETANO (IED);RURAL;NA;NA
R-377;1,11E+11;COLEGIO SAN CAYETANO (IED);RURAL;NA;NA
R-378;1,11E+11;COLEGIO SAN CAYETANO (IED);RURAL;NA;NA
R-380;1,11E+11;COLEGIO NUEVO HORIZONTE (IED);RURAL;NA;NA
R-381;1,11E+11;COLEGIO CAMPESTRE MONTE VERDE (IED);RURAL;NA;NA
R-382;2,12E+11;COLEGIO RURAL LAS MERCEDES (CED);RURAL;NA;NA
R-383;2,11E+11;COLEGIO GABRIEL GARCIA MARQUEZ (IED);RURAL;NA;NA
R-384;1,11E+11;COLEGIO CAMPESTRE MONTE VERDE (IED);RURAL;NA;NA
R-385;1,11E+11;COLEGIO CAMPESTRE MONTE VERDE (IED);RURAL;NA;NA
R-470;2,11E+11;COLEGIO EL VERJON (IED);RURAL;NA;NA
R-059;2,12E+11;COLEGIO RURAL OLARTE (CED);RURAL;NA;NA
R-475;1,11E+11;COLEGIO CAMPESTRE MONTE VERDE (IED);RURAL;NA;NA
R-478;1,11E+11;COLEGIO SAN CAYETANO (IED);RURAL;NA;NA
R-479;1,11E+11;COLEGIO SAN CAYETANO (IED);RURAL;NA;NA
R-480;1,11E+11;COLEGIO SAN CAYETANO (IED);RURAL;NA;NA
R-481;2,11E+11;COLEGIO EL VERJON (IED);RURAL;NA;NA
R-482;1,11E+11;COLEGIO SAN CAYETANO (IED);RURAL;NA;NA
R-483;2,12E+11;COLEGIO RURAL LOS ANDES (CED);RURAL;NA;NA
R-484;2,11E+11;COLEGIO GABRIEL GARCIA MARQUEZ (IED);RURAL;NA;NA
R-485;2,11E+11;COLEGIO GABRIEL GARCIA MARQUEZ (IED);RURAL;NA;NA
R-486;2,11E+11;COLEGIO GABRIEL GARCIA MARQUEZ (IED);RURAL;NA;NA
R-493;2,12E+11;COLEGIO RURAL PASQUILLA (IED);RURAL;NA;NA
R-494;1,11E+11;COLEGIO SAN CAYETANO (IED);RURAL;NA;NA
R-495;1,11E+11;COLEGIO SAN CAYETANO (IED);RURAL;NA;NA
R-060;2,12E+11;COLEGIO RURAL OLARTE (CED);RURAL;NA;NA
R-497;2,11E+11;COLEGIO GABRIEL GARCIA MARQUEZ (IED);RURAL;NA;NA
R-070;2,12E+11;COLEGIO MOCHUELO ALTO (CED);RURAL;NA;NA
R-071;2,12E+11;COLEGIO MOCHUELO ALTO (CED);RURAL;NA;NA
R-072;2,12E+11;COLEGIO MOCHUELO ALTO (CED);RURAL;NA;NA
R-073;2,12E+11;COLEGIO MOCHUELO ALTO (CED);RURAL;NA;NA
R-074;2,12E+11;COLEGIO MOCHUELO ALTO (CED);RURAL;NA;NA
S-001;2,11E+11;COLEGIO CAMPESTRE JAIME GARZON (IED);SUMAPAZ;NA;NA
S-003;2,11E+11;COLEGIO CAMPESTRE JAIME GARZON (IED);SUMAPAZ;NA;NA
S-005;2,11E+11;COLEGIO CAMPESTRE JAIME GARZON (IED);SUMAPAZ;NA;NA
S-006;2,11E+11;COLEGIO CAMPESTRE JAIME GARZON (IED);SUMAPAZ;NA;NA
S-007;2,11E+11;COLEGIO CAMPESTRE JAIME GARZON (IED);SUMAPAZ;NA;NA
S-008;2,11E+11;COLEGIO CAMPESTRE JAIME GARZON (IED);SUMAPAZ;NA;NA
S-010;2,11E+11;COLEGIO CAMPESTRE JAIME GARZON (IED);SUMAPAZ;NA;NA
S-011;2,11E+11;COLEGIO CAMPESTRE JAIME GARZON (IED);SUMAPAZ;NA;NA
S-012;2,11E+11;COLEGIO CAMPESTRE JAIME GARZON (IED);SUMAPAZ;NA;NA
S-014;2,11E+11;COLEGIO CAMPESTRE JAIME GARZON (IED);SUMAPAZ;NA;NA
S-015;2,12E+11;COLEGIO GIMNASIO DEL CAMPO JUAN DE LA CRUZ VARELA (IED);SUMAPAZ;NA;NA
S-016;2,12E+11;COLEGIO GIMNASIO DEL CAMPO JUAN DE LA CRUZ VARELA (IED);SUMAPAZ;NA;NA
S-017;2,12E+11;COLEGIO GIMNASIO DEL CAMPO JUAN DE LA CRUZ VARELA (IED);SUMAPAZ;NA;NA
S-018;2,12E+11;COLEGIO GIMNASIO DEL CAMPO JUAN DE LA CRUZ VARELA (IED);SUMAPAZ;NA;NA
S-019;2,12E+11;COLEGIO GIMNASIO DEL CAMPO JUAN DE LA CRUZ VARELA (IED);SUMAPAZ;NA;NA
S-020;2,12E+11;COLEGIO GIMNASIO DEL CAMPO JUAN DE LA CRUZ VARELA (IED);SUMAPAZ;NA;NA
S-021;2,12E+11;COLEGIO GIMNASIO DEL CAMPO JUAN DE LA CRUZ VARELA (IED);SUMAPAZ;NA;NA
S-022;2,12E+11;COLEGIO GIMNASIO DEL CAMPO JUAN DE LA CRUZ VARELA (IED);SUMAPAZ;NA;NA
S-023;2,12E+11;COLEGIO GIMNASIO DEL CAMPO JUAN DE LA CRUZ VARELA (IED);SUMAPAZ;NA;NA
S-024;2,12E+11;COLEGIO GIMNASIO DEL CAMPO JUAN DE LA CRUZ VARELA (IED);SUMAPAZ;NA;NA
S-025;2,12E+11;COLEGIO GIMNASIO DEL CAMPO JUAN DE LA CRUZ VARELA (IED);SUMAPAZ;NA;NA
S-026;2,12E+11;COLEGIO GIMNASIO DEL CAMPO JUAN DE LA CRUZ VARELA (IED);SUMAPAZ;NA;NA
S-027;2,12E+11;COLEGIO GIMNASIO DEL CAMPO JUAN DE LA CRUZ VARELA (IED);SUMAPAZ;NA;NA
S-028;2,12E+11;COLEGIO GIMNASIO DEL CAMPO JUAN DE LA CRUZ VARELA (IED);SUMAPAZ;NA;NA
S-029;2,12E+11;COLEGIO GIMNASIO DEL CAMPO JUAN DE LA CRUZ VARELA (IED);SUMAPAZ;NA;NA
S-032;2,11E+11;COLEGIO CAMPESTRE JAIME GARZON (IED);SUMAPAZ;NA;NA
S-042;2,12E+11;COLEGIO GIMNASIO DEL CAMPO JUAN DE LA CRUZ VARELA (IED);SUMAPAZ;NA;NA
S-043;2,12E+11;COLEGIO GIMNASIO DEL CAMPO JUAN DE LA CRUZ VARELA (IED);SUMAPAZ;NA;NA
S-044;2,11E+11;COLEGIO CAMPESTRE JAIME GARZON (IED);SUMAPAZ;NA;NA
S-045;2,12E+11;COLEGIO GIMNASIO DEL CAMPO JUAN DE LA CRUZ VARELA (IED);SUMAPAZ;NA;NA
S-046;2,11E+11;COLEGIO CAMPESTRE JAIME GARZON (IED);SUMAPAZ;NA;NA
S-050;2,12E+11;COLEGIO GIMNASIO DEL CAMPO JUAN DE LA CRUZ VARELA (IED);SUMAPAZ;NA;NA
S-052;2,12E+11;COLEGIO GIMNASIO DEL CAMPO JUAN DE LA CRUZ VARELA (IED);SUMAPAZ;NA;NA
S-053;2,12E+11;COLEGIO GIMNASIO DEL CAMPO JUAN DE LA CRUZ VARELA (IED);SUMAPAZ;NA;NA
S-057;2,11E+11;COLEGIO CAMPESTRE JAIME GARZON (IED);SUMAPAZ;NA;NA
S-058;2,11E+11;COLEGIO CAMPESTRE JAIME GARZON (IED);SUMAPAZ;NA;NA
S-061;2,11E+11;COLEGIO CAMPESTRE JAIME GARZON (IED);SUMAPAZ;NA;NA
S-062;2,11E+11;COLEGIO CAMPESTRE JAIME GARZON (IED);SUMAPAZ;NA;NA
J-4029-01-V1;2,11E+11;COLEGIO VILLAS DEL PROGRESO (IED);COMPLEMENTARIA;AUTOPISTA SUR;AUTOPISTA SUR 73I 45
J-4029-01-V2;2,11E+11;COLEGIO VILLAS DEL PROGRESO (IED);COMPLEMENTARIA;AUTOPISTA SUR;AUTOPISTA SUR 73I 45
J-4029-01-V3;2,11E+11;COLEGIO VILLAS DEL PROGRESO (IED);COMPLEMENTARIA;AUTOPISTA SUR;AUTOPISTA SUR 73I 45
J-4029-02-V1;2,11E+11;COLEGIO VILLAS DEL PROGRESO (IED);COMPLEMENTARIA;AUTOPISTA SUR;AUTOPISTA SUR 73I 45
J-4029-02-V2;2,11E+11;COLEGIO VILLAS DEL PROGRESO (IED);COMPLEMENTARIA;AUTOPISTA SUR;AUTOPISTA SUR 73I 45
J-4029-02-V3;2,11E+11;COLEGIO VILLAS DEL PROGRESO (IED);COMPLEMENTARIA;AUTOPISTA SUR;AUTOPISTA SUR 73I 45
J-4029-03-V1;2,11E+11;COLEGIO VILLAS DEL PROGRESO (IED);COMPLEMENTARIA;AUTOPISTA SUR;AUTOPISTA SUR 73I 45
J-4029-04-V1;2,11E+11;COLEGIO VILLAS DEL PROGRESO (IED);COMPLEMENTARIA;AUTOPISTA SUR;AUTOPISTA SUR 73I 45
J-4029-04-V2;2,11E+11;COLEGIO VILLAS DEL PROGRESO (IED);COMPLEMENTARIA;AUTOPISTA SUR;AUTOPISTA SUR 73I 45
J-4029-04-V3;2,11E+11;COLEGIO VILLAS DEL PROGRESO (IED);COMPLEMENTARIA;AUTOPISTA SUR;AUTOPISTA SUR 73I 45
J-4029-05-V1;2,11E+11;COLEGIO VILLAS DEL PROGRESO (IED);COMPLEMENTARIA;AUTOPISTA SUR;AUTOPISTA SUR 73I 45
T-1021;1,11E+11;COLEGIO GENERAL SANTANDER (IED);TRASLADO;NA;NA
T-1024;1,11E+11;COLEGIO GENERAL SANTANDER (IED);TRASLADO;NA;NA
T-1025;1,12E+11;COLEGIO GENERAL SANTANDER (IED);TRASLADO;NA;NA
T-1026;1,12E+11;COLEGIO GENERAL SANTANDER (IED);TRASLADO;NA;NA
T-1027;1,12E+11;COLEGIO GENERAL SANTANDER (IED);TRASLADO;NA;NA
T-1028;1,12E+11;COLEGIO GENERAL SANTANDER (IED);TRASLADO;NA;NA
T-1029;1,12E+11;COLEGIO GENERAL SANTANDER (IED);TRASLADO;NA;NA
T-1030;1,12E+11;COLEGIO GENERAL SANTANDER (IED);TRASLADO;NA;NA
T-1031;1,11E+11;COLEGIO LICEO NACIONAL AGUSTIN NIETO CABALLERO (IED);TRASLADO;UNIVERSIDAD ANTONIO NARIÑO;KR 12D 24 69 SUR
T-1032;1,11E+11;COLEGIO LICEO NACIONAL AGUSTIN NIETO CABALLERO (IED);TRASLADO;UNIVERSIDAD ANTONIO NARIÑO;KR 12D 24 69 SUR
T-1033;1,11E+11;COLEGIO LICEO NACIONAL AGUSTIN NIETO CABALLERO (IED);TRASLADO;UNIVERSIDAD ANTONIO NARIÑO;KR 12D 24 69 SUR
T-1034;1,11E+11;COLEGIO LICEO NACIONAL AGUSTIN NIETO CABALLERO (IED);TRASLADO;UNIVERSIDAD ANTONIO NARIÑO;KR 12D 24 69 SUR
T-1035;1,11E+11;COLEGIO LICEO NACIONAL AGUSTIN NIETO CABALLERO (IED);TRASLADO;UNIVERSIDAD ANTONIO NARIÑO;KR 12D 24 69 SUR
T-1036;1,11E+11;COLEGIO LICEO NACIONAL AGUSTIN NIETO CABALLERO (IED);TRASLADO;UNIVERSIDAD ANTONIO NARIÑO;KR 12D 24 69 SUR
T-1037;1,11E+11;COLEGIO LICEO NACIONAL AGUSTIN NIETO CABALLERO (IED);TRASLADO;UNIVERSIDAD ANTONIO NARIÑO;KR 12D 24 69 SUR
T-1038;1,11E+11;COLEGIO LICEO NACIONAL AGUSTIN NIETO CABALLERO (IED);TRASLADO;UNIVERSIDAD ANTONIO NARIÑO;KR 12D 24 69 SUR
T-1039;1,11E+11;COLEGIO LICEO NACIONAL AGUSTIN NIETO CABALLERO (IED);TRASLADO;UNIVERSIDAD ANTONIO NARIÑO;KR 12D 24 69 SUR
T-1040;1,11E+11;COLEGIO LICEO NACIONAL AGUSTIN NIETO CABALLERO (IED);TRASLADO;UNIVERSIDAD ANTONIO NARIÑO;KR 12D 24 69 SUR
T-1041;1,11E+11;COLEGIO LICEO NACIONAL AGUSTIN NIETO CABALLERO (IED);TRASLADO;UNIVERSIDAD ANTONIO NARIÑO;KR 12D 24 69 SUR
T-1042;1,11E+11;COLEGIO LICEO NACIONAL AGUSTIN NIETO CABALLERO (IED);TRASLADO;SEDE B UNIVERSIDAD ANTONIO NARIÑO - OTRA SEDE / CENTRO FORJAR RAFAEL URIBE URIBE;KR 12G 22B 29 SUR
T-1043;1,11E+11;COLEGIO LICEO NACIONAL AGUSTIN NIETO CABALLERO (IED);TRASLADO;UNIVERSIDAD ANTONIO NARIÑO - OTRA SEDE;KR 12G 22B 29 SUR
T-1044;1,11E+11;COLEGIO LICEO NACIONAL AGUSTIN NIETO CABALLERO (IED);TRASLADO;UNIVERSIDAD ANTONIO NARIÑO - OTRA SEDE;KR 12G 22B 29 SUR
T-1045;1,11E+11;COLEGIO LICEO NACIONAL AGUSTIN NIETO CABALLERO (IED);TRASLADO;UNIVERSIDAD ANTONIO NARIÑO - OTRA SEDE;KR 12G 22B 29 SUR
T-1046;1,11E+11;COLEGIO LICEO NACIONAL AGUSTIN NIETO CABALLERO (IED);TRASLADO;UNIVERSIDAD ANTONIO NARIÑO - OTRA SEDE;KR 12G 22B 29 SUR
T-1047;1,11E+11;COLEGIO LICEO NACIONAL AGUSTIN NIETO CABALLERO (IED);TRASLADO;SEDE B UNIVERSIDAD ANTONIO NARIÑO - OTRA SEDE / CENTRO FORJAR RAFAEL URIBE URIBE;KR 12G 22B 29 SUR
T-1048;1,11E+11;COLEGIO LICEO NACIONAL AGUSTIN NIETO CABALLERO (IED);TRASLADO;SEDE B UNIVERSIDAD ANTONIO NARIÑO - OTRA SEDE / CENTRO FORJAR RAFAEL URIBE URIBE;KR 12G 22B 29 SUR
T-1049;1,11E+11;COLEGIO LICEO NACIONAL AGUSTIN NIETO CABALLERO (IED);TRASLADO;SEDE B UNIVERSIDAD ANTONIO NARIÑO - OTRA SEDE / CENTRO FORJAR RAFAEL URIBE URIBE;KR 12G 22B 29 SUR
U-1410;1,11E+11;COLEGIO JUAN FRANCISCO BERBEO (IED);URBANO;NA;NA
U-1405;1,11E+11;COLEGIO JUAN FRANCISCO BERBEO (IED);URBANO;NA;NA
U-1118;1,11E+11;COLEGIO FRANCISCO PRIMERO S.S. (IED);URBANO;NA;NA
U-1117;1,11E+11;COLEGIO JORGE ELIECER GAITAN (IED);URBANO;NA;NA
U-1116;1,11E+11;COLEGIO TOMAS CARRASQUILLA (IED);URBANO;NA;NA
J-4029-05-V2;2,11E+11;COLEGIO VILLAS DEL PROGRESO (IED);COMPLEMENTARIA;AUTOPISTA SUR;AUTOPISTA SUR 73I 45
R-075;2,12E+11;COLEGIO MOCHUELO ALTO (CED);RURAL;NA;NA
R-076;2,12E+11;COLEGIO MOCHUELO ALTO (CED);RURAL;NA;NA
J-4029-05-V3;2,11E+11;COLEGIO VILLAS DEL PROGRESO (IED);COMPLEMENTARIA;AUTOPISTA SUR;AUTOPISTA SUR 73I 45
J-4029-06-V1;2,11E+11;COLEGIO VILLAS DEL PROGRESO (IED);COMPLEMENTARIA;AUTOPISTA SUR;AUTOPISTA SUR 73I 45
J-4029-06-V2;2,11E+11;COLEGIO VILLAS DEL PROGRESO (IED);COMPLEMENTARIA;AUTOPISTA SUR;AUTOPISTA SUR 73I 45
J-4029-07-V1;2,11E+11;COLEGIO VILLAS DEL PROGRESO (IED);COMPLEMENTARIA;AUTOPISTA SUR;AUTOPISTA SUR 73I 45
J-4029-08-V1;2,11E+11;COLEGIO VILLAS DEL PROGRESO (IED);COMPLEMENTARIA;AUTOPISTA SUR;AUTOPISTA SUR 73I 45
J-4029-08-V2;2,11E+11;COLEGIO VILLAS DEL PROGRESO (IED);COMPLEMENTARIA;AUTOPISTA SUR;AUTOPISTA SUR 73I 45
T-782;1,11E+11;COLEGIO CONFEDERACION BRISAS DEL DIAMANTE (IED);TRASLADO;NA;NA
T-783;1,11E+11;COLEGIO CONFEDERACION BRISAS DEL DIAMANTE (IED);TRASLADO;NA;NA
T-784;1,11E+11;COLEGIO CONFEDERACION BRISAS DEL DIAMANTE (IED);TRASLADO;NA;NA
T-785;1,11E+11;COLEGIO CONFEDERACION BRISAS DEL DIAMANTE (IED);TRASLADO;NA;NA
T-786;1,11E+11;COLEGIO CONFEDERACION BRISAS DEL DIAMANTE (IED);TRASLADO;NA;NA
T-787;1,11E+11;COLEGIO CONFEDERACION BRISAS DEL DIAMANTE (IED);TRASLADO;NA;NA
T-788;1,11E+11;COLEGIO CONFEDERACION BRISAS DEL DIAMANTE (IED);TRASLADO;NA;NA
T-791;1,11E+11;COLEGIO CONFEDERACION BRISAS DEL DIAMANTE (IED);TRASLADO;NA;NA
T-792;1,11E+11;COLEGIO CONFEDERACION BRISAS DEL DIAMANTE (IED);TRASLADO;NA;NA
T-793;1,11E+11;COLEGIO CONFEDERACION BRISAS DEL DIAMANTE (IED);TRASLADO;NA;NA
T-794;1,11E+11;COLEGIO CONFEDERACION BRISAS DEL DIAMANTE (IED);TRASLADO;NA;NA
T-795;1,11E+11;COLEGIO CONFEDERACION BRISAS DEL DIAMANTE (IED);TRASLADO;NA;NA
T-796;1,11E+11;COLEGIO CONFEDERACION BRISAS DEL DIAMANTE (IED);TRASLADO;NA;NA
T-797;1,11E+11;COLEGIO CONFEDERACION BRISAS DEL DIAMANTE (IED);TRASLADO;NA;NA
T-809;1,11E+11;COLEGIO CONFEDERACION BRISAS DEL DIAMANTE (IED);TRASLADO;NA;NA
T-810;1,11E+11;COLEGIO CONFEDERACION BRISAS DEL DIAMANTE (IED);TRASLADO;NA;NA
T-811;1,11E+11;COLEGIO CONFEDERACION BRISAS DEL DIAMANTE (IED);TRASLADO;NA;NA
T-812;1,11E+11;COLEGIO CONFEDERACION BRISAS DEL DIAMANTE (IED);TRASLADO;NA;NA
T-813;1,11E+11;COLEGIO CONFEDERACION BRISAS DEL DIAMANTE (IED);TRASLADO;NA;NA
T-814;1,11E+11;COLEGIO CONFEDERACION BRISAS DEL DIAMANTE (IED);TRASLADO;NA;NA
T-888;1,11E+11;COLEGIO GENERAL SANTANDER (IED);TRASLADO;NA;NA
T-889;1,11E+11;COLEGIO GENERAL SANTANDER (IED);TRASLADO;NA;NA
T-890;1,11E+11;COLEGIO GENERAL SANTANDER (IED);TRASLADO;NA;NA
T-891;1,11E+11;COLEGIO GENERAL SANTANDER (IED);TRASLADO;NA;NA
T-892;1,11E+11;COLEGIO GENERAL SANTANDER (IED);TRASLADO;NA;NA
T-893;1,11E+11;COLEGIO GENERAL SANTANDER (IED);TRASLADO;NA;NA
T-894;1,11E+11;COLEGIO GENERAL SANTANDER (IED);TRASLADO;NA;NA
T-895;1,11E+11;COLEGIO GENERAL SANTANDER (IED);TRASLADO;NA;NA
T-896;1,11E+11;COLEGIO GENERAL SANTANDER (IED);TRASLADO;NA;NA
T-897;1,11E+11;COLEGIO GENERAL SANTANDER (IED);TRASLADO;NA;NA
T-898;1,11E+11;COLEGIO GENERAL SANTANDER (IED);TRASLADO;NA;NA
T-899;1,11E+11;COLEGIO GENERAL SANTANDER (IED);TRASLADO;NA;NA
T-900;1,11E+11;COLEGIO GENERAL SANTANDER (IED);TRASLADO;NA;NA
T-901;1,11E+11;COLEGIO GENERAL SANTANDER (IED);TRASLADO;NA;NA
T-902;1,11E+11;COLEGIO GENERAL SANTANDER (IED);TRASLADO;NA;NA
T-903;1,11E+11;COLEGIO GENERAL SANTANDER (IED);TRASLADO;NA;NA
T-904;1,11E+11;COLEGIO GENERAL SANTANDER (IED);TRASLADO;NA;NA
T-905;1,11E+11;COLEGIO GENERAL SANTANDER (IED);TRASLADO;NA;NA
T-906;1,11E+11;COLEGIO GENERAL SANTANDER (IED);TRASLADO;NA;NA
T-907;1,11E+11;COLEGIO GENERAL SANTANDER (IED);TRASLADO;NA;NA
T-908;1,11E+11;COLEGIO GENERAL SANTANDER (IED);TRASLADO;NA;NA
T-909;1,11E+11;COLEGIO GENERAL SANTANDER (IED);TRASLADO;NA;NA
T-910;1,11E+11;COLEGIO GENERAL SANTANDER (IED);TRASLADO;NA;NA
T-911;1,11E+11;COLEGIO GENERAL SANTANDER (IED);TRASLADO;NA;NA
T-913;1,11E+11;COLEGIO GENERAL SANTANDER (IED);TRASLADO;NA;NA
T-914;1,11E+11;COLEGIO GENERAL SANTANDER (IED);TRASLADO;NA;NA
T-915;1,11E+11;COLEGIO GENERAL SANTANDER (IED);TRASLADO;NA;NA
T-918;1,11E+11;COLEGIO GENERAL SANTANDER (IED);TRASLADO;NA;NA
T-922;1,11E+11;COLEGIO GENERAL SANTANDER (IED);TRASLADO;NA;NA
T-923;1,11E+11;COLEGIO GENERAL SANTANDER (IED);TRASLADO;NA;NA
T-924;1,11E+11;COLEGIO GENERAL SANTANDER (IED);TRASLADO;NA;NA
T-925;1,11E+11;COLEGIO GENERAL SANTANDER (IED);TRASLADO;NA;NA
T-926;1,11E+11;COLEGIO GENERAL SANTANDER (IED);TRASLADO;NA;NA
T-927;1,11E+11;COLEGIO GENERAL SANTANDER (IED);TRASLADO;NA;NA
T-928;1,11E+11;COLEGIO GENERAL SANTANDER (IED);TRASLADO;NA;NA
T-929;1,11E+11;COLEGIO GENERAL SANTANDER (IED);TRASLADO;NA;NA
T-930;1,11E+11;COLEGIO GENERAL SANTANDER (IED);TRASLADO;NA;NA
T-931;1,11E+11;COLEGIO GENERAL SANTANDER (IED);TRASLADO;NA;NA
T-932;1,11E+11;COLEGIO GENERAL SANTANDER (IED);TRASLADO;NA;NA
T-933;1,11E+11;COLEGIO GENERAL SANTANDER (IED);TRASLADO;NA;NA
T-934;1,11E+11;COLEGIO GENERAL SANTANDER (IED);TRASLADO;NA;NA
T-935;1,11E+11;COLEGIO GENERAL SANTANDER (IED);TRASLADO;NA;NA
T-936;1,11E+11;COLEGIO GENERAL SANTANDER (IED);TRASLADO;NA;NA
T-937;1,11E+11;COLEGIO GENERAL SANTANDER (IED);TRASLADO;NA;NA
T-938;1,11E+11;COLEGIO GENERAL SANTANDER (IED);TRASLADO;NA;NA
T-939;1,11E+11;COLEGIO GENERAL SANTANDER (IED);TRASLADO;NA;NA
T-943;1,12E+11;COLEGIO GENERAL SANTANDER (IED);TRASLADO;NA;NA
T-944;1,12E+11;COLEGIO GENERAL SANTANDER (IED);TRASLADO;NA;NA
T-945;1,12E+11;COLEGIO GENERAL SANTANDER (IED);TRASLADO;NA;NA
T-946;1,12E+11;COLEGIO GENERAL SANTANDER (IED);TRASLADO;NA;NA
T-947;1,12E+11;COLEGIO GENERAL SANTANDER (IED);TRASLADO;NA;NA
T-948;1,12E+11;COLEGIO GENERAL SANTANDER (IED);TRASLADO;NA;NA
T-949;1,12E+11;COLEGIO GENERAL SANTANDER (IED);TRASLADO;NA;NA
T-950;1,12E+11;COLEGIO GENERAL SANTANDER (IED);TRASLADO;NA;NA
T-951;1,12E+11;COLEGIO GENERAL SANTANDER (IED);TRASLADO;NA;NA
T-952;1,12E+11;COLEGIO GENERAL SANTANDER (IED);TRASLADO;NA;NA
T-953;1,12E+11;COLEGIO GENERAL SANTANDER (IED);TRASLADO;NA;NA
T-954;1,12E+11;COLEGIO GENERAL SANTANDER (IED);TRASLADO;NA;NA
T-955;1,12E+11;COLEGIO GENERAL SANTANDER (IED);TRASLADO;NA;NA
T-956;1,12E+11;COLEGIO GENERAL SANTANDER (IED);TRASLADO;NA;NA
T-957;1,12E+11;COLEGIO GENERAL SANTANDER (IED);TRASLADO;NA;NA
T-958;1,12E+11;COLEGIO GENERAL SANTANDER (IED);TRASLADO;NA;NA
T-960;1,12E+11;COLEGIO GENERAL SANTANDER (IED);TRASLADO;NA;NA
T-961;1,12E+11;COLEGIO GENERAL SANTANDER (IED);TRASLADO;NA;NA
T-962;1,12E+11;COLEGIO GENERAL SANTANDER (IED);TRASLADO;NA;NA
T-963;1,12E+11;COLEGIO GENERAL SANTANDER (IED);TRASLADO;NA;NA
T-964;1,12E+11;COLEGIO GENERAL SANTANDER (IED);TRASLADO;NA;NA
T-965;1,12E+11;COLEGIO GENERAL SANTANDER (IED);TRASLADO;NA;NA
T-966;1,12E+11;COLEGIO GENERAL SANTANDER (IED);TRASLADO;NA;NA
T-967;1,12E+11;COLEGIO GENERAL SANTANDER (IED);TRASLADO;NA;NA
T-968;1,12E+11;COLEGIO GENERAL SANTANDER (IED);TRASLADO;NA;NA
T-969;1,12E+11;COLEGIO GENERAL SANTANDER (IED);TRASLADO;NA;NA
J-4029-09-V1;2,11E+11;COLEGIO VILLAS DEL PROGRESO (IED);COMPLEMENTARIA;AUTOPISTA SUR;AUTOPISTA SUR 73I 45
J-4029-09-V2;2,11E+11;COLEGIO VILLAS DEL PROGRESO (IED);COMPLEMENTARIA;AUTOPISTA SUR;AUTOPISTA SUR 73I 45
J-4029-16-V1;2,11E+11;COLEGIO VILLAS DEL PROGRESO (IED);COMPLEMENTARIA;CREA SAN PABLO ;CL 68 SUR 78H 37
U-001;1,11E+11;COLEGIO FRIEDRICH NAUMANN (IED);URBANO;NA;NA
U-003;1,12E+11;COLEGIO GENERAL SANTANDER (IED);URBANO;NA;NA
U-005;1,12E+11;COLEGIO GENERAL SANTANDER (IED);URBANO;NA;NA
U-006;1,12E+11;COLEGIO GENERAL SANTANDER (IED);URBANO;NA;NA
U-018;1,11E+11;COLEGIO NUEVO HORIZONTE (IED);URBANO;NA;NA
U-022;1,12E+11;COLEGIO USAQUEN (IED);URBANO;NA;NA
U-023;1,12E+11;COLEGIO USAQUEN (IED);URBANO;NA;NA
U-024;1,12E+11;COLEGIO USAQUEN (IED);URBANO;NA;NA
U-045;1,11E+11;COLEGIO EXTERNADO NACIONAL CAMILO TORRES (IED);URBANO;NA;NA
U-046;1,11E+11;COLEGIO EXTERNADO NACIONAL CAMILO TORRES (IED);URBANO;NA;NA
U-056;1,11E+11;COLEGIO JUANA ESCOBAR (IED);URBANO;NA;NA
U-057;1,11E+11;COLEGIO JUANA ESCOBAR (IED);URBANO;NA;NA
U-058;1,11E+11;COLEGIO JUANA ESCOBAR (IED);URBANO;NA;NA
U-059;1,11E+11;COLEGIO JUANA ESCOBAR (IED);URBANO;NA;NA
U-062;1,11E+11;COLEGIO LOS ALPES (IED);URBANO;NA;NA
U-063;1,11E+11;COLEGIO LOS ALPES (IED);URBANO;NA;NA
U-064;1,11E+11;COLEGIO MANUELITA SAENZ (IED);URBANO;NA;NA
U-065;1,11E+11;COLEGIO MANUELITA SAENZ (IED);URBANO;NA;NA
U-066;1,11E+11;COLEGIO MANUELITA SAENZ (IED);URBANO;NA;NA
U-067;1,11E+11;COLEGIO MANUELITA SAENZ (IED);URBANO;NA;NA
U-068;1,11E+11;COLEGIO MANUELITA SAENZ (IED);URBANO;NA;NA
U-071;1,11E+11;COLEGIO MANUELITA SAENZ (IED);URBANO;NA;NA
U-072;1,11E+11;COLEGIO RAFAEL NUÑEZ (IED);URBANO;NA;NA
U-073;1,11E+11;COLEGIO RAFAEL NUÑEZ (IED);URBANO;NA;NA
U-075;1,11E+11;COLEGIO RAFAEL NUÑEZ (IED);URBANO;NA;NA
U-078;1,11E+11;COLEGIO RAFAEL NUÑEZ (IED);URBANO;NA;NA
U-079;1,11E+11;COLEGIO RAFAEL NUÑEZ (IED);URBANO;NA;NA
U-080;1,11E+11;COLEGIO RAFAEL NUÑEZ (IED);URBANO;NA;NA
U-082;1,11E+11;COLEGIO RAFAEL NUÑEZ (IED);URBANO;NA;NA
R-077;2,12E+11;COLEGIO MOCHUELO ALTO (CED);RURAL;NA;NA
R-079;2,12E+11;COLEGIO RURAL PASQUILLA (IED);RURAL;NA;NA
R-080;2,12E+11;COLEGIO RURAL PASQUILLA (IED);RURAL;NA;NA
R-081;2,12E+11;COLEGIO RURAL PASQUILLA (IED);RURAL;NA;NA
U-091;2,12E+11;COLEGIO FABIO LOZANO SIMONELLI (IED);URBANO;NA;NA
U-092;2,12E+11;COLEGIO FABIO LOZANO SIMONELLI (IED);URBANO;NA;NA
U-093;2,12E+11;COLEGIO FABIO LOZANO SIMONELLI (IED);URBANO;NA;NA
U-094;2,12E+11;COLEGIO FABIO LOZANO SIMONELLI (IED);URBANO;NA;NA
R-082;2,12E+11;COLEGIO RURAL PASQUILLA (IED);RURAL;NA;NA
R-083;2,12E+11;COLEGIO RURAL PASQUILLA (IED);RURAL;NA;NA
R-084;2,12E+11;COLEGIO RURAL PASQUILLA (IED);RURAL;NA;NA
R-085;2,12E+11;COLEGIO RURAL PASQUILLA (IED);RURAL;NA;NA
R-086;2,12E+11;COLEGIO RURAL PASQUILLA (IED);RURAL;NA;NA
R-088;2,12E+11;COLEGIO RURAL PASQUILLA (IED);RURAL;NA;NA
U-1000;1,11E+11;COLEGIO MARIA CANO (IED);URBANO;NA;NA
U-1115;1,11E+11;COLEGIO RAFAEL BERNAL JIMENEZ (IED);URBANO;NA;NA
U-1013;1,11E+11;COLEGIO LAS AMERICAS (IED);URBANO;NA;NA
U-1014;1,11E+11;COLEGIO LAS AMERICAS (IED);URBANO;NA;NA
U-1018;1,11E+11;COLEGIO COMPARTIR RECUERDO (IED);URBANO;NA;NA
U-1110;1,11E+11;COLEGIO JUAN FRANCISCO BERBEO (IED);URBANO;NA;NA
U-1509;1,11E+11;COLEGIO INSTITUTO TECNICO DISTRITAL JULIO FLOREZ (IED);URBANO;NA;NA
J-4029-16-V2;2,11E+11;COLEGIO VILLAS DEL PROGRESO (IED);COMPLEMENTARIA;CREA SAN PABLO ;CL 68 SUR 78H 37
U-1035;1,11E+11;COLEGIO LA ESTRELLITA (IED);URBANO;NA;NA
U-1036;1,11E+11;COLEGIO LA ESTRELLITA (IED);URBANO;NA;NA
J-4029-16-V3;2,11E+11;COLEGIO VILLAS DEL PROGRESO (IED);COMPLEMENTARIA;CREA SAN PABLO ;CL 68 SUR 78H 37
J-4029-17-V1;2,11E+11;COLEGIO VILLAS DEL PROGRESO (IED);COMPLEMENTARIA;CREA SAN PABLO ;CL 68 SUR 78H 37
J-4029-17-V2;2,11E+11;COLEGIO VILLAS DEL PROGRESO (IED);COMPLEMENTARIA;CREA SAN PABLO ;CL 68 SUR 78H 37
U-104;1,11E+11;COLEGIO CENTRO INTEGRAL JOSE MARIA CORDOBA (IED);URBANO;NA;NA
J-4029-17-V3;2,11E+11;COLEGIO VILLAS DEL PROGRESO (IED);COMPLEMENTARIA;CREA SAN PABLO ;CL 68 SUR 78H 37
U-1042;1,11E+11;COLEGIO REPUBLICA DE CHINA (IED);URBANO;NA;NA
U-1046;1,11E+11;COLEGIO MARIA CANO (IED);URBANO;NA;NA
J-4029-18-V1;2,11E+11;COLEGIO VILLAS DEL PROGRESO (IED);COMPLEMENTARIA;CREA SAN PABLO ;CL 68 SUR 78H 37
J-4029-18-V2;2,11E+11;COLEGIO VILLAS DEL PROGRESO (IED);COMPLEMENTARIA;CREA SAN PABLO ;CL 68 SUR 78H 37
U-1049;1,11E+11;COLEGIO INEM SANTIAGO PEREZ (IED);URBANO;NA;NA
U-105;1,11E+11;COLEGIO CENTRO INTEGRAL JOSE MARIA CORDOBA (IED);URBANO;NA;NA
U-1050;1,11E+11;COLEGIO VEINTE DE JULIO (IED);URBANO;NA;NA
U-1051;1,11E+11;COLEGIO VEINTE DE JULIO (IED);URBANO;NA;NA
J-4108-09-V1;1,12E+11;COLEGIO GERARDO PAREDES (IED);COMPLEMENTARIA;PARQUE FONTANAR ;DG 147 141A 42
U-1056;1,11E+11;COLEGIO LICEO NACIONAL AGUSTIN NIETO CABALLERO (IED);URBANO;NA;NA
U-106;1,11E+11;COLEGIO CENTRO INTEGRAL JOSE MARIA CORDOBA (IED);URBANO;NA;NA
U-1063;1,11E+11;COLEGIO CIUDAD DE BOGOTA (IED);URBANO;NA;NA
U-1466;1,11E+11;COLEGIO REPUBLICA DE PANAMA (IED);URBANO;NA;NA
U-107;1,11E+11;COLEGIO CENTRO INTEGRAL JOSE MARIA CORDOBA (IED);URBANO;NA;NA
U-1071;1,11E+11;COLEGIO EL JAZMIN (IED);URBANO;NA;NA
U-1073;1,12E+11;COLEGIO GERARDO PAREDES (IED);URBANO;NA;NA
U-1074;1,11E+11;COLEGIO COMPARTIR RECUERDO (IED);URBANO;NA;NA
U-1075;1,11E+11;COLEGIO COMPARTIR RECUERDO (IED);URBANO;NA;NA
U-1076;1,12E+11;COLEGIO GENERAL SANTANDER (IED);URBANO;NA;NA
U-1077;1,11E+11;COLEGIO FERNANDO SOTO APARICIO (IED);URBANO;NA;NA
U-1078;1,11E+11;COLEGIO FERNANDO SOTO APARICIO (IED);URBANO;NA;NA
U-1079;1,11E+11;COLEGIO FERNANDO SOTO APARICIO (IED);URBANO;NA;NA
U-108;1,11E+11;COLEGIO CENTRO INTEGRAL JOSE MARIA CORDOBA (IED);URBANO;NA;NA
U-1080;1,11E+11;COLEGIO FERNANDO SOTO APARICIO (IED);URBANO;NA;NA
U-1082;1,11E+11;COLEGIO LA AMISTAD (IED);URBANO;NA;NA
U-1083;1,11E+11;COLEGIO LA AMISTAD (IED);URBANO;NA;NA
U-1086;1,11E+11;COLEGIO COSTA RICA (IED);URBANO;NA;NA
U-1089;1,11E+11;COLEGIO COSTA RICA (IED);URBANO;NA;NA
U-109;1,11E+11;COLEGIO CENTRO INTEGRAL JOSE MARIA CORDOBA (IED);URBANO;NA;NA
U-1096;1,11E+11;COLEGIO JORGE GAITAN CORTES (IED);URBANO;NA;NA
U-1097;1,11E+11;COLEGIO REPUBLICA BOLIVARIANA DE VENEZUELA (IED);URBANO;NA;NA
U-110;1,11E+11;COLEGIO CENTRO INTEGRAL JOSE MARIA CORDOBA (IED);URBANO;NA;NA
J-4029-18-V3;2,11E+11;COLEGIO VILLAS DEL PROGRESO (IED);COMPLEMENTARIA;CREA SAN PABLO ;CL 68 SUR 78H 37
U-1451;1,11E+11;COLEGIO INSTITUTO TECNICO DISTRITAL REPUBLICA DE GUATEMALA (IED);URBANO;NA;NA
U-111;1,11E+11;COLEGIO CENTRO INTEGRAL JOSE MARIA CORDOBA (IED);URBANO;NA;NA
U-1450;1,11E+11;COLEGIO REPUBLICA DE COLOMBIA (IED);URBANO;NA;NA
U-1449;1,11E+11;COLEGIO REPUBLICA DE COLOMBIA (IED);URBANO;NA;NA
U-1415;1,11E+11;COLEGIO JUAN FRANCISCO BERBEO (IED);URBANO;NA;NA
U-1412;1,11E+11;COLEGIO FRANCISCO PRIMERO S.S. (IED);URBANO;NA;NA
U-1599;1,11E+11;COLEGIO REPUBLICA DE COLOMBIA (IED);URBANO;NA;NA
U-112;1,11E+11;COLEGIO CENTRO INTEGRAL JOSE MARIA CORDOBA (IED);URBANO;NA;NA
U-1121;1,11E+11;COLEGIO MARSELLA (IED);URBANO;NA;NA
U-1125;1,11E+11;COLEGIO ESTRELLA DEL SUR (IED);URBANO;NA;NA
U-1127;1,11E+11;COLEGIO ANTONIO GARCIA (IED);URBANO;NA;NA
U-113;1,11E+11;COLEGIO CIUDAD DE BOGOTA (IED);URBANO;NA;NA
U-114;1,11E+11;COLEGIO CIUDAD DE BOGOTA (IED);URBANO;NA;NA
U-1147;1,11E+11;COLEGIO RESTREPO MILLAN (IED);URBANO;NA;NA
U-1148;1,11E+11;COLEGIO RESTREPO MILLAN (IED);URBANO;NA;NA
U-1149;1,11E+11;COLEGIO RESTREPO MILLAN (IED);URBANO;NA;NA
U-115;1,11E+11;COLEGIO CIUDAD DE BOGOTA (IED);URBANO;NA;NA
U-116;1,11E+11;COLEGIO CIUDAD DE BOGOTA (IED);URBANO;NA;NA
U-117;1,11E+11;COLEGIO CIUDAD DE BOGOTA (IED);URBANO;NA;NA
U-118;1,11E+11;COLEGIO CIUDAD DE BOGOTA (IED);URBANO;NA;NA
U-120;1,11E+11;COLEGIO INEM SANTIAGO PEREZ (IED);URBANO;NA;NA
U-121;1,11E+11;COLEGIO INEM SANTIAGO PEREZ (IED);URBANO;NA;NA
U-122;1,11E+11;COLEGIO INEM SANTIAGO PEREZ (IED);URBANO;NA;NA
U-123;1,11E+11;COLEGIO INEM SANTIAGO PEREZ (IED);URBANO;NA;NA
U-124;1,11E+11;COLEGIO INEM SANTIAGO PEREZ (IED);URBANO;NA;NA
U-125;1,11E+11;COLEGIO INEM SANTIAGO PEREZ (IED);URBANO;NA;NA
U-126;1,11E+11;COLEGIO INEM SANTIAGO PEREZ (IED);URBANO;NA;NA
U-127;1,11E+11;COLEGIO INEM SANTIAGO PEREZ (IED);URBANO;NA;NA
U-128;1,11E+11;COLEGIO INEM SANTIAGO PEREZ (IED);URBANO;NA;NA
U-129;1,11E+11;COLEGIO INEM SANTIAGO PEREZ (IED);URBANO;NA;NA
U-130;1,11E+11;COLEGIO INEM SANTIAGO PEREZ (IED);URBANO;NA;NA
U-131;1,11E+11;COLEGIO INEM SANTIAGO PEREZ (IED);URBANO;NA;NA
U-132;1,11E+11;COLEGIO INEM SANTIAGO PEREZ (IED);URBANO;NA;NA
U-133;1,11E+11;COLEGIO INEM SANTIAGO PEREZ (IED);URBANO;NA;NA
U-1330;1,11E+11;COLEGIO MANUEL DEL SOCORRO RODRIGUEZ (IED);URBANO;NA;NA
U-134;1,11E+11;COLEGIO INEM SANTIAGO PEREZ (IED);URBANO;NA;NA
U-135;1,11E+11;COLEGIO INEM SANTIAGO PEREZ (IED);URBANO;NA;NA
U-136;1,11E+11;COLEGIO INEM SANTIAGO PEREZ (IED);URBANO;NA;NA
U-137;1,11E+11;COLEGIO INEM SANTIAGO PEREZ (IED);URBANO;NA;NA
U-138;1,11E+11;COLEGIO INEM SANTIAGO PEREZ (IED);URBANO;NA;NA
U-1386;1,11E+11;COLEGIO TECNICO ALDEMAR ROJAS PLAZAS (IED);URBANO;NA;NA
U-1388;1,11E+11;COLEGIO TECNICO ALDEMAR ROJAS PLAZAS (IED);URBANO;NA;NA
U-139;1,11E+11;COLEGIO INEM SANTIAGO PEREZ (IED);URBANO;NA;NA
U-1390;1,11E+11;COLEGIO MIGUEL DE CERVANTES SAAVEDRA (IED);URBANO;NA;NA
U-1392;1,11E+11;COLEGIO O.E.A. (IED);URBANO;NA;NA
R-089;2,12E+11;COLEGIO RURAL PASQUILLA (IED);RURAL;NA;NA
U-1396;1,11E+11;COLEGIO JOSE MARIA VARGAS VILA (IED);URBANO;NA;NA
U-1397;1,11E+11;COLEGIO JOSE MARIA VARGAS VILA (IED);URBANO;NA;NA
U-1398;1,11E+11;COLEGIO PANAMERICANO (IED);URBANO;NA;NA
U-1399;1,11E+11;COLEGIO PANAMERICANO (IED);URBANO;NA;NA
U-140;1,11E+11;COLEGIO INEM SANTIAGO PEREZ (IED);URBANO;NA;NA
J-4029-18-V4;2,11E+11;COLEGIO VILLAS DEL PROGRESO (IED);COMPLEMENTARIA;CREA SAN PABLO ;CL 68 SUR 78H 37
J-4029-19-V1;2,11E+11;COLEGIO VILLAS DEL PROGRESO (IED);COMPLEMENTARIA;CREA ROMA ;AV 1 DE MAYO 79G  09
J-4029-19-V2;2,11E+11;COLEGIO VILLAS DEL PROGRESO (IED);COMPLEMENTARIA;CREA ROMA ;AV 1 DE MAYO 79G  09
U-1403;1,11E+11;COLEGIO CARLOS ARTURO TORRES (IED);URBANO;NA;NA
U-1404;1,11E+11;COLEGIO RAFAEL URIBE URIBE (IED);URBANO;NA;NA
U-1598;1,11E+11;COLEGIO JUAN FRANCISCO BERBEO (IED);URBANO;NA;NA
J-4029-19-V3;2,11E+11;COLEGIO VILLAS DEL PROGRESO (IED);COMPLEMENTARIA;CREA ROMA ;AV 1 DE MAYO 79G  09
U-1407;1,11E+11;COLEGIO TECNICO ALDEMAR ROJAS PLAZAS (IED);URBANO;NA;NA
U-1408;1,11E+11;COLEGIO TECNICO ALDEMAR ROJAS PLAZAS (IED);URBANO;NA;NA
U-141;1,11E+11;COLEGIO INEM SANTIAGO PEREZ (IED);URBANO;NA;NA
U-1550;1,11E+11;COLEGIO FRANCISCO PRIMERO S.S. (IED);URBANO;NA;NA
U-1549;1,11E+11;COLEGIO FRANCISCO PRIMERO S.S. (IED);URBANO;NA;NA
U-1548;1,11E+11;COLEGIO JORGE ELIECER GAITAN (IED);URBANO;NA;NA
J-4029-19-V4;2,11E+11;COLEGIO VILLAS DEL PROGRESO (IED);COMPLEMENTARIA;CREA ROMA ;AV 1 DE MAYO 79G  09
U-1419;1,11E+11;COLEGIO MARSELLA (IED);URBANO;NA;NA
U-142;1,11E+11;COLEGIO INEM SANTIAGO PEREZ (IED);URBANO;NA;NA
U-1420;1,11E+11;COLEGIO RAFAEL DELGADO SALGUERO (IED);URBANO;NA;NA
J-4029-19-V5;2,11E+11;COLEGIO VILLAS DEL PROGRESO (IED);COMPLEMENTARIA;CREA ROMA ;AV 1 DE MAYO 79G  09
J-4029-19-V6;2,11E+11;COLEGIO VILLAS DEL PROGRESO (IED);COMPLEMENTARIA;CREA ROMA ;AV 1 DE MAYO 79G  09
J-4029-19-V7;2,11E+11;COLEGIO VILLAS DEL PROGRESO (IED);COMPLEMENTARIA;CREA ROMA ;AV 1 DE MAYO 79G  09
J-4029-20-V1;2,11E+11;COLEGIO VILLAS DEL PROGRESO (IED);COMPLEMENTARIA;CREA ROMA ;AV 1 DE MAYO 79G  09
J-4029-20-V2;2,11E+11;COLEGIO VILLAS DEL PROGRESO (IED);COMPLEMENTARIA;CREA ROMA ;AV 1 DE MAYO 79G  09
J-4029-20-V3;2,11E+11;COLEGIO VILLAS DEL PROGRESO (IED);COMPLEMENTARIA;CREA ROMA ;AV 1 DE MAYO 79G  09
J-4029-20-V4;2,11E+11;COLEGIO VILLAS DEL PROGRESO (IED);COMPLEMENTARIA;CREA ROMA ;AV 1 DE MAYO 79G  09
J-4029-20-V5;2,11E+11;COLEGIO VILLAS DEL PROGRESO (IED);COMPLEMENTARIA;CREA ROMA ;AV 1 DE MAYO 79G  09
J-4029-20-V6;2,11E+11;COLEGIO VILLAS DEL PROGRESO (IED);COMPLEMENTARIA;CREA ROMA ;AV 1 DE MAYO 79G  09
U-143;1,11E+11;COLEGIO INEM SANTIAGO PEREZ (IED);URBANO;NA;NA
J-4029-20-V7;2,11E+11;COLEGIO VILLAS DEL PROGRESO (IED);COMPLEMENTARIA;CREA ROMA ;AV 1 DE MAYO 79G  09
J-4029-21-V1;2,11E+11;COLEGIO VILLAS DEL PROGRESO (IED);COMPLEMENTARIA;CREA ROMA ;AV 1 DE MAYO 79G  09
J-4029-21-V2;2,11E+11;COLEGIO VILLAS DEL PROGRESO (IED);COMPLEMENTARIA;CREA ROMA ;AV 1 DE MAYO 79G  09
J-4029-21-V3;2,11E+11;COLEGIO VILLAS DEL PROGRESO (IED);COMPLEMENTARIA;CREA ROMA ;AV 1 DE MAYO 79G  09
J-4029-21-V4;2,11E+11;COLEGIO VILLAS DEL PROGRESO (IED);COMPLEMENTARIA;CREA ROMA ;AV 1 DE MAYO 79G  09
U-1437;1,11E+11;COLEGIO LA ESTRELLITA (IED);URBANO;NA;NA
U-1438;1,11E+11;COLEGIO COMPARTIR RECUERDO (IED);URBANO;NA;NA
U-144;1,11E+11;COLEGIO INEM SANTIAGO PEREZ (IED);URBANO;NA;NA
U-1441;1,12E+11;COLEGIO REPUBLICA DOMINICANA (IED);URBANO;NA;NA
U-1442;1,12E+11;COLEGIO REPUBLICA DOMINICANA (IED);URBANO;NA;NA
U-1445;1,11E+11;COLEGIO RESTREPO MILLAN (IED);URBANO;NA;NA
U-1447;1,11E+11;COLEGIO SAN FRANCISCO (IED);URBANO;NA;NA
U-1547;1,11E+11;COLEGIO RAFAEL BERNAL JIMENEZ (IED);URBANO;NA;NA
U-145;1,11E+11;COLEGIO INSTITUTO TECNICO INDUSTRIAL PILOTO (IED);URBANO;NA;NA
U-1546;1,11E+11;COLEGIO TECNICO DOMINGO FAUSTINO SARMIENTO (IED);URBANO;NA;NA
U-1539;1,11E+11;COLEGIO REPUBLICA DE COLOMBIA (IED);URBANO;UPI LA FLORIDA;UPI LA FLORIDA
U-1453;1,11E+11;COLEGIO TECNICO ALDEMAR ROJAS PLAZAS (IED);URBANO;NA;NA
J-4029-21-V5;2,11E+11;COLEGIO VILLAS DEL PROGRESO (IED);COMPLEMENTARIA;CREA ROMA ;AV 1 DE MAYO 79G  09
J-4108-10-V1;1,12E+11;COLEGIO GERARDO PAREDES (IED);COMPLEMENTARIA;PARQUE FONTANAR ;DG 147 141A 42
J-4108-11-V1;1,12E+11;COLEGIO GERARDO PAREDES (IED);COMPLEMENTARIA;PARQUE FONTANAR ;DG 147 141A 42
U-1538;1,11E+11;COLEGIO NESTOR FORERO ALCALA (IED);URBANO;UPI LA FLORIDA;UPI LA FLORIDA
U-147;1,11E+11;COLEGIO MARCO FIDEL SUAREZ (IED);URBANO;NA;NA
U-1470;1,11E+11;COLEGIO INTEGRADA LA CANDELARIA (IED);URBANO;NA;NA
U-1471;1,11E+11;COLEGIO INTEGRADA LA CANDELARIA (IED);URBANO;NA;NA
U-1472;1,11E+11;COLEGIO REPUBLICA BOLIVARIANA DE VENEZUELA (IED);URBANO;NA;NA
U-1473;1,11E+11;COLEGIO REPUBLICA BOLIVARIANA DE VENEZUELA (IED);URBANO;NA;NA
U-1474;1,11E+11;COLEGIO REPUBLICA BOLIVARIANA DE VENEZUELA (IED);URBANO;NA;NA
U-1475;1,11E+11;COLEGIO REPUBLICA BOLIVARIANA DE VENEZUELA (IED);URBANO;NA;NA
U-1476;1,11E+11;COLEGIO REPUBLICA BOLIVARIANA DE VENEZUELA (IED);URBANO;NA;NA
U-1477;1,11E+11;COLEGIO REPUBLICA BOLIVARIANA DE VENEZUELA (IED);URBANO;NA;NA
U-1478;1,11E+11;COLEGIO REPUBLICA BOLIVARIANA DE VENEZUELA (IED);URBANO;NA;NA
U-1479;1,11E+11;COLEGIO REPUBLICA BOLIVARIANA DE VENEZUELA (IED);URBANO;NA;NA
U-148;1,11E+11;COLEGIO MARCO FIDEL SUAREZ (IED);URBANO;NA;NA
U-1480;1,11E+11;COLEGIO REPUBLICA BOLIVARIANA DE VENEZUELA (IED);URBANO;NA;NA
U-1481;1,11E+11;COLEGIO REPUBLICA BOLIVARIANA DE VENEZUELA (IED);URBANO;NA;NA
U-1482;1,11E+11;COLEGIO REPUBLICA BOLIVARIANA DE VENEZUELA (IED);URBANO;NA;NA
U-1485;1,11E+11;COLEGIO FANNY MIKEY (IED);URBANO;NA;NA
U-1486;1,11E+11;COLEGIO FANNY MIKEY (IED);URBANO;NA;NA
U-1487;1,11E+11;COLEGIO FANNY MIKEY (IED);URBANO;NA;NA
U-149;1,11E+11;COLEGIO MARCO FIDEL SUAREZ (IED);URBANO;NA;NA
U-1492;1,11E+11;COLEGIO AULAS COLOMBIANAS SAN LUIS (IED);URBANO;NA;NA
J-4029-22-V1;2,11E+11;COLEGIO VILLAS DEL PROGRESO (IED);COMPLEMENTARIA;CREA SAN PABLO ;CL 68 SUR 78H 37
U-1495;1,11E+11;COLEGIO AULAS COLOMBIANAS SAN LUIS (IED);URBANO;NA;NA
U-1496;1,11E+11;COLEGIO AULAS COLOMBIANAS SAN LUIS (IED);URBANO;NA;NA
U-150;1,11E+11;COLEGIO MARCO FIDEL SUAREZ (IED);URBANO;NA;NA
U-1500;1,11E+11;COLEGIO AULAS COLOMBIANAS SAN LUIS (IED);URBANO;NA;NA
U-1504;1,11E+11;COLEGIO ESPAÑA (IED);URBANO;NA;NA
U-1505;1,11E+11;COLEGIO ESPAÑA (IED);URBANO;NA;NA
U-1506;1,11E+11;COLEGIO CIUDAD DE BOGOTA (IED);URBANO;NA;NA
U-1507;1,11E+11;COLEGIO CIUDAD DE BOGOTA (IED);URBANO;NA;NA
U-1508;1,11E+11;COLEGIO INEM SANTIAGO PEREZ (IED);URBANO;NA;NA
U-1535;1,11E+11;COLEGIO REPUBLICA DE COLOMBIA (IED);URBANO;UPI LA FLORIDA;UPI LA FLORIDA
U-1510;1,11E+11;COLEGIO ELISA MUJICA VELASQUEZ (IED);URBANO;NA;NA
U-1511;1,11E+11;COLEGIO ELISA MUJICA VELASQUEZ (IED);URBANO;NA;NA
U-1512;1,11E+11;COLEGIO ELISA MUJICA VELASQUEZ (IED);URBANO;NA;NA
U-1513;1,11E+11;COLEGIO ENTRE NUBES SUR ORIENTAL (IED);URBANO;NA;NA
U-1514;1,11E+11;COLEGIO FANNY MIKEY (IED);URBANO;NA;NA
U-1516;1,11E+11;COLEGIO AULAS COLOMBIANAS SAN LUIS (IED);URBANO;NA;NA
U-1517;1,11E+11;COLEGIO AULAS COLOMBIANAS SAN LUIS (IED);URBANO;NA;NA
J-4029-22-V2;2,11E+11;COLEGIO VILLAS DEL PROGRESO (IED);COMPLEMENTARIA;CREA SAN PABLO ;CL 68 SUR 78H 37
U-1519;1,11E+11;COLEGIO TECNICO ALDEMAR ROJAS PLAZAS (IED);URBANO;NA;NA
U-152;1,11E+11;COLEGIO MARCO FIDEL SUAREZ (IED);URBANO;NA;NA
U-1520;1,11E+11;COLEGIO REPUBLICA DE CHINA (IED);URBANO;NA;NA
U-1521;1,11E+11;COLEGIO VILLEMAR EL CARMEN (IED);URBANO;NA;NA
U-1522;1,11E+11;COLEGIO VILLEMAR EL CARMEN (IED);URBANO;NA;NA
J-4029-22-V3;2,11E+11;COLEGIO VILLAS DEL PROGRESO (IED);COMPLEMENTARIA;CREA SAN PABLO ;CL 68 SUR 78H 37
U-1524;1,11E+11;COLEGIO MANUEL CEPEDA VARGAS (IED);URBANO;NA;NA
U-1525;1,11E+11;COLEGIO MANUEL CEPEDA VARGAS (IED);URBANO;NA;NA
U-1526;1,11E+11;COLEGIO MANUEL CEPEDA VARGAS (IED);URBANO;NA;NA
U-1527;1,11E+11;COLEGIO VILLEMAR EL CARMEN (IED);URBANO;NA;NA
U-1528;1,11E+11;COLEGIO MARCO FIDEL SUAREZ (IED);URBANO;NA;NA
U-1529;1,11E+11;COLEGIO MARCO FIDEL SUAREZ (IED);URBANO;NA;NA
U-1530;1,11E+11;COLEGIO MARCO FIDEL SUAREZ (IED);URBANO;NA;NA
U-1531;1,11E+11;COLEGIO MARCO FIDEL SUAREZ (IED);URBANO;NA;NA
U-1532;1,11E+11;COLEGIO INEM SANTIAGO PEREZ (IED);URBANO;NA;NA
U-1534;1,11E+11;COLEGIO REPUBLICA DE COLOMBIA (IED);URBANO;UPI LA FLORIDA;UPI LA FLORIDA
U-1533;1,11E+11;COLEGIO NESTOR FORERO ALCALA (IED);URBANO;UPI LA FLORIDA;UPI LA FLORIDA
U-1617;1,11E+11;COLEGIO INSTITUTO TECNICO INDUSTRIAL FRANCISCO JOSE DE CALDAS (IED);URBANO;NA;NA
U-1536;1,11E+11;COLEGIO SIMON BOLIVAR (IED);URBANO;UPI LA FLORIDA;UPI LA FLORIDA
U-1537;1,11E+11;COLEGIO SIMON BOLIVAR (IED);URBANO;UPI LA FLORIDA;UPI LA FLORIDA
U-1616;1,11E+11;COLEGIO INSTITUTO TECNICO INDUSTRIAL FRANCISCO JOSE DE CALDAS (IED);URBANO;NA;NA
U-1615;1,11E+11;COLEGIO INSTITUTO TECNICO INDUSTRIAL FRANCISCO JOSE DE CALDAS (IED);URBANO;NA;NA
U-154;1,11E+11;COLEGIO MARCO FIDEL SUAREZ (IED);URBANO;NA;NA
U-1540;1,11E+11;COLEGIO SIMON BOLIVAR (IED);URBANO;UPI LA FLORIDA;UPI LA FLORIDA
U-1541;1,11E+11;COLEGIO CHARRY (IED);URBANO;UPI LA FLORIDA;UPI LA FLORIDA
U-1542;1,12E+11;COLEGIO GENERAL SANTANDER (IED);URBANO;NA;NA
J-4108-12-V1;1,12E+11;COLEGIO GERARDO PAREDES (IED);COMPLEMENTARIA;PARQUE FONTANAR ;DG 147 141A 42
U-1545;1,11E+11;COLEGIO SAN JOSE DE CASTILLA (IED);URBANO;NA;NA
U-1627;1,11E+11;COLEGIO JUAN FRANCISCO BERBEO (IED);URBANO;NA;NA
U-1614;1,11E+11;COLEGIO INSTITUTO TECNICO INDUSTRIAL FRANCISCO JOSE DE CALDAS (IED);URBANO;NA;NA
U-1613;1,11E+11;COLEGIO LA PALESTINA (IED);URBANO;NA;NA
U-1622;1,11E+11;COLEGIO JUAN FRANCISCO BERBEO (IED);URBANO;NA;NA
U-1640;1,11E+11;COLEGIO FRANCISCO PRIMERO S.S. (IED);URBANO;NA;NA
U-1551;1,11E+11;COLEGIO TECNICO PALERMO (IED);URBANO;NA;NA
J-4108-13-V1;1,12E+11;COLEGIO GERARDO PAREDES (IED);COMPLEMENTARIA;PARQUE FONTANAR ;DG 147 141A 42
J-4108-23-V1;1,12E+11;COLEGIO GERARDO PAREDES (IED);COMPLEMENTARIA;PARQUE FONTANAR ;DG 147 141A 42
J-4108-24-V1;1,12E+11;COLEGIO GERARDO PAREDES (IED);COMPLEMENTARIA;PARQUE FONTANAR ;DG 147 141A 42
J-4108-29-V1;1,12E+11;COLEGIO GERARDO PAREDES (IED);COMPLEMENTARIA;PARQUE FONTANAR ;DG 147 141A 42
J-4108-30-V1;1,12E+11;COLEGIO GERARDO PAREDES (IED);COMPLEMENTARIA;PARQUE FONTANAR ;DG 147 141A 42
U-1557;1,12E+11;COLEGIO REPUBLICA DOMINICANA (IED);URBANO;NA;NA
J-4108-31-V1;1,12E+11;COLEGIO GERARDO PAREDES (IED);COMPLEMENTARIA;PARQUE FONTANAR ;DG 147 141A 42
J-4108-34-V1;1,12E+11;COLEGIO GERARDO PAREDES (IED);COMPLEMENTARIA;PARQUE FONTANAR ;DG 147 141A 42
J-4029-22-V4;2,11E+11;COLEGIO VILLAS DEL PROGRESO (IED);COMPLEMENTARIA;CREA SAN PABLO ;CL 68 SUR 78H 37
J-4029-23-V1;2,11E+11;COLEGIO VILLAS DEL PROGRESO (IED);COMPLEMENTARIA;CREA SAN PABLO ;CL 68 SUR 78H 37
J-4029-23-V2;2,11E+11;COLEGIO VILLAS DEL PROGRESO (IED);COMPLEMENTARIA;CREA SAN PABLO ;CL 68 SUR 78H 37
J-4029-23-V3;2,11E+11;COLEGIO VILLAS DEL PROGRESO (IED);COMPLEMENTARIA;CREA SAN PABLO ;CL 68 SUR 78H 37
J-4029-23-V4;2,11E+11;COLEGIO VILLAS DEL PROGRESO (IED);COMPLEMENTARIA;CREA SAN PABLO ;CL 68 SUR 78H 37
J-4029-24-V1;2,11E+11;COLEGIO VILLAS DEL PROGRESO (IED);COMPLEMENTARIA;CREA SAN PABLO ;CL 68 SUR 78H 37
U-1566;1,11E+11;COLEGIO CASTILLA (IED);URBANO;NA;NA
U-1567;1,11E+11;COLEGIO CASTILLA (IED);URBANO;NA;NA
J-4029-24-V2;2,11E+11;COLEGIO VILLAS DEL PROGRESO (IED);COMPLEMENTARIA;CREA SAN PABLO ;CL 68 SUR 78H 37
U-1570;1,11E+11;COLEGIO LA AMISTAD (IED);URBANO;NA;NA
U-1571;1,11E+11;COLEGIO LA AMISTAD (IED);URBANO;NA;NA
U-1572;1,11E+11;COLEGIO SAN JOSE DE CASTILLA (IED);URBANO;NA;NA
U-1573;1,11E+11;COLEGIO INTEGRADA LA CANDELARIA (IED);URBANO;NA;NA
U-1574;1,11E+11;COLEGIO INTEGRADA LA CANDELARIA (IED);URBANO;NA;NA
J-4029-24-V3;2,11E+11;COLEGIO VILLAS DEL PROGRESO (IED);COMPLEMENTARIA;CREA SAN PABLO ;CL 68 SUR 78H 37
U-1576;1,11E+11;COLEGIO CASTILLA (IED);URBANO;NA;NA
U-1577;1,11E+11;COLEGIO CASTILLA (IED);URBANO;NA;NA
U-1578;1,11E+11;COLEGIO CASTILLA (IED);URBANO;NA;NA
U-1579;1,11E+11;COLEGIO CASTILLA (IED);URBANO;NA;NA
J-4029-25-V1;2,11E+11;COLEGIO VILLAS DEL PROGRESO (IED);COMPLEMENTARIA;CREA ROMA ;AV 1 DE MAYO 79G  09
J-4029-25-V2;2,11E+11;COLEGIO VILLAS DEL PROGRESO (IED);COMPLEMENTARIA;CREA ROMA ;AV 1 DE MAYO 79G  09
J-4029-25-V3;2,11E+11;COLEGIO VILLAS DEL PROGRESO (IED);COMPLEMENTARIA;CREA ROMA ;AV 1 DE MAYO 79G  09
J-4029-25-V4;2,11E+11;COLEGIO VILLAS DEL PROGRESO (IED);COMPLEMENTARIA;CREA ROMA ;AV 1 DE MAYO 79G  09
J-4029-25-V5;2,11E+11;COLEGIO VILLAS DEL PROGRESO (IED);COMPLEMENTARIA;CREA ROMA ;AV 1 DE MAYO 79G  09
U-1586;1,11E+11;COLEGIO KENNEDY (IED);URBANO;NA;NA
U-1587;1,11E+11;COLEGIO LA AMISTAD (IED);URBANO;NA;NA
U-1588;1,11E+11;COLEGIO FERNANDO SOTO APARICIO (IED);URBANO;NA;NA
U-1589;1,11E+11;COLEGIO FERNANDO SOTO APARICIO (IED);URBANO;NA;NA
U-1590;1,11E+11;COLEGIO FERNANDO SOTO APARICIO (IED);URBANO;NA;NA
J-4029-25-V6;2,11E+11;COLEGIO VILLAS DEL PROGRESO (IED);COMPLEMENTARIA;CREA ROMA ;AV 1 DE MAYO 79G  09
J-4029-25-V7;2,11E+11;COLEGIO VILLAS DEL PROGRESO (IED);COMPLEMENTARIA;CREA ROMA ;AV 1 DE MAYO 79G  09
J-4029-25-V8;2,11E+11;COLEGIO VILLAS DEL PROGRESO (IED);COMPLEMENTARIA;CREA ROMA ;AV 1 DE MAYO 79G  09
U-1594;1,11E+11;COLEGIO JOSE MARIA VARGAS VILA (IED);URBANO;NA;NA
U-1595;1,11E+11;COLEGIO JOSE MARIA VARGAS VILA (IED);URBANO;NA;NA
U-1596;1,11E+11;COLEGIO CARLOS ARTURO TORRES (IED);URBANO;NA;NA
U-1597;1,11E+11;COLEGIO CARLOS ARTURO TORRES (IED);URBANO;NA;NA
U-1638;1,11E+11;COLEGIO TECNICO DOMINGO FAUSTINO SARMIENTO (IED);URBANO;NA;NA
U-1618;1,11E+11;COLEGIO INSTITUTO TECNICO INDUSTRIAL FRANCISCO JOSE DE CALDAS (IED);URBANO;NA;NA
J-4029-26-V1;2,11E+11;COLEGIO VILLAS DEL PROGRESO (IED);COMPLEMENTARIA;CREA ROMA ;AV 1 DE MAYO 79G  09
U-1601;1,12E+11;COLEGIO USAQUEN (IED);URBANO;NA;NA
U-1602;1,11E+11;COLEGIO INSTITUTO TECNICO INDUSTRIAL PILOTO (IED);URBANO;NA;NA
U-1603;1,11E+11;COLEGIO INSTITUTO TECNICO INDUSTRIAL PILOTO (IED);URBANO;NA;NA
U-1604;1,11E+11;COLEGIO JULIO GARAVITO ARMERO (IED);URBANO;NA;NA
U-1605;1,12E+11;COLEGIO REPUBLICA DOMINICANA (IED);URBANO;NA;NA
U-1606;1,12E+11;COLEGIO REPUBLICA DOMINICANA (IED);URBANO;NA;NA
J-4108-35-V1;1,12E+11;COLEGIO GERARDO PAREDES (IED);COMPLEMENTARIA;PARQUE FONTANAR ;DG 147 141A 42
J-4108-41-V1;1,12E+11;COLEGIO GERARDO PAREDES (IED);COMPLEMENTARIA;COMPENSAR SUBA;CL 139 94 55
J-4108-42-V1;1,12E+11;COLEGIO GERARDO PAREDES (IED);COMPLEMENTARIA;COMPENSAR SUBA;CL 139 94 55
U-161;1,11E+11;COLEGIO RAFAEL URIBE URIBE (IED);URBANO;NA;NA
U-1610;1,11E+11;COLEGIO TIBABUYES UNIVERSAL (IED);URBANO;NA;NA
J-4108-43-V1;1,12E+11;COLEGIO GERARDO PAREDES (IED);COMPLEMENTARIA;COMPENSAR SUBA;CL 139 94 55
J-4108-44-V1;1,12E+11;COLEGIO GERARDO PAREDES (IED);COMPLEMENTARIA;PARQUE FONTANAR ;DG 147 141A 42
U-1642;1,11E+11;COLEGIO LA PALESTINA (IED);URBANO;NA;NA
U-359;1,11E+11;COLEGIO INSTITUTO TECNICO DISTRITAL REPUBLICA DE GUATEMALA (IED);URBANO;NA;NA
U-1668;#N/A;#N/A;#N/A;#N/A;#N/A
U-1643;1,11E+11;COLEGIO LA PALESTINA (IED);URBANO;NA;NA
U-363;1,11E+11;COLEGIO INSTITUTO TECNICO DISTRITAL REPUBLICA DE GUATEMALA (IED);URBANO;NA;NA
U-361;1,11E+11;COLEGIO INSTITUTO TECNICO DISTRITAL REPUBLICA DE GUATEMALA (IED);URBANO;NA;NA
R-090;2,12E+11;COLEGIO RURAL PASQUILLA (IED);RURAL;NA;NA
U-1620;1,11E+11;COLEGIO GENERAL GUSTAVO ROJAS PINILLA (IED);URBANO;NA;NA
U-424;1,11E+11;COLEGIO REPUBLICA DE COLOMBIA (IED);URBANO;NA;NA
J-4108-49-V1;1,12E+11;COLEGIO GERARDO PAREDES (IED);COMPLEMENTARIA;PARQUE FONTANAR ;DG 147 141A 42
J-4108-50-V1;1,12E+11;COLEGIO GERARDO PAREDES (IED);COMPLEMENTARIA;PARQUE FONTANAR ;DG 147 141A 42
J-4108-52-V1;1,12E+11;COLEGIO GERARDO PAREDES (IED);COMPLEMENTARIA;PARQUE FONTANAR ;DG 147 141A 42
U-1626;1,11E+11;COLEGIO LA MERCED (IED);URBANO;NA;NA
U-421;1,11E+11;COLEGIO REPUBLICA DE COLOMBIA (IED);URBANO;NA;NA
U-1628;1,11E+11;COLEGIO JULIO GARAVITO ARMERO (IED);URBANO;NA;NA
U-1629;1,11E+11;COLEGIO ANTONIO JOSE URIBE (IED);URBANO;NA;NA
U-163;1,11E+11;COLEGIO RAFAEL URIBE URIBE (IED);URBANO;NA;NA
U-1630;1,11E+11;COLEGIO REPUBLICA DE CHINA (IED);URBANO;NA;NA
U-1631;1,11E+11;COLEGIO REPUBLICA DE CHINA (IED);URBANO;NA;NA
J-4029-26-V2;2,11E+11;COLEGIO VILLAS DEL PROGRESO (IED);COMPLEMENTARIA;CREA ROMA ;AV 1 DE MAYO 79G  09
U-1633;1,11E+11;COLEGIO CENTRO INTEGRAL JOSE MARIA CORDOBA (IED);URBANO;NA;NA
U-1634;1,11E+11;COLEGIO CENTRO INTEGRAL JOSE MARIA CORDOBA (IED);URBANO;NA;NA
U-1635;1,11E+11;COLEGIO CENTRO INTEGRAL JOSE MARIA CORDOBA (IED);URBANO;NA;NA
U-1636;1,11E+11;COLEGIO CENTRO INTEGRAL JOSE MARIA CORDOBA (IED);URBANO;NA;NA
U-1637;1,11E+11;COLEGIO CENTRO INTEGRAL JOSE MARIA CORDOBA (IED);URBANO;NA;NA
U-417;1,11E+11;COLEGIO BOLIVIA (IED);URBANO;NA;NA
U-164;1,11E+11;COLEGIO RAFAEL URIBE URIBE (IED);URBANO;NA;NA
U-416;1,11E+11;COLEGIO BOLIVIA (IED);URBANO;NA;NA
U-415;1,11E+11;COLEGIO BOLIVIA (IED);URBANO;NA;NA
U-414;1,11E+11;COLEGIO BOLIVIA (IED);URBANO;NA;NA
U-1644;1,11E+11;COLEGIO KENNEDY (IED);URBANO;NA;NA
U-1645;1,11E+11;COLEGIO ELISA MUJICA VELASQUEZ (IED);URBANO;NA;NA
U-1648;1,11E+11;COLEGIO ESPAÑA (IED);URBANO;NA;NA
J-4108-60-V1;1,12E+11;COLEGIO GERARDO PAREDES (IED);COMPLEMENTARIA;COMPENSAR SUBA;CL 139 94 55
U-165;1,11E+11;COLEGIO RAFAEL URIBE URIBE (IED);URBANO;NA;NA
U-1650;1,11E+11;COLEGIO LA MERCED (IED);URBANO;NA;NA
U-1651;1,11E+11;COLEGIO NUEVO HORIZONTE (IED);URBANO;NA;NA
U-1652;1,11E+11;COLEGIO NUEVO HORIZONTE (IED);URBANO;NA;NA
U-1653;1,11E+11;COLEGIO TECNICO PALERMO (IED);URBANO;NA;NA
J-4108-61-V1;1,12E+11;COLEGIO GERARDO PAREDES (IED);COMPLEMENTARIA;COMPENSAR SUBA;CL 139 94 55
U-1655;1,11E+11;COLEGIO EL TESORO DE LA CUMBRE (IED);URBANO;NA;NA
U-1656;1,11E+11;COLEGIO CIUDAD DE BOGOTA (IED);URBANO;NA;NA
U-1657;1,11E+11;COLEGIO CIUDAD DE BOGOTA (IED);URBANO;NA;NA
U-1658;1,11E+11;COLEGIO CIUDAD DE BOGOTA (IED);URBANO;NA;NA
U-1659;1,11E+11;COLEGIO FERNANDO SOTO APARICIO (IED);URBANO;NA;NA
U-166;1,11E+11;COLEGIO RAFAEL URIBE URIBE (IED);URBANO;NA;NA
J-4029-26-V3;2,11E+11;COLEGIO VILLAS DEL PROGRESO (IED);COMPLEMENTARIA;CREA ROMA ;AV 1 DE MAYO 79G  09
U-1661;1,12E+11;COLEGIO USAQUEN (IED);URBANO;NA;NA
U-1662;1,12E+11;COLEGIO USAQUEN (IED);URBANO;NA;NA
U-1663;1,12E+11;COLEGIO USAQUEN (IED);URBANO;NA;NA
U-1664;1,12E+11;COLEGIO USAQUEN (IED);URBANO;NA;NA
U-1665;1,12E+11;COLEGIO USAQUEN (IED);URBANO;NA;NA
U-1666;1,12E+11;COLEGIO USAQUEN (IED);URBANO;NA;NA
U-1667;1,12E+11;COLEGIO USAQUEN (IED);URBANO;NA;NA
U-413;1,11E+11;COLEGIO BOLIVIA (IED);URBANO;NA;NA
U-168;1,11E+11;COLEGIO RAFAEL URIBE URIBE (IED);URBANO;NA;NA
U-169;1,11E+11;COLEGIO RAFAEL URIBE URIBE (IED);URBANO;NA;NA
U-172;1,11E+11;COLEGIO RUFINO JOSE CUERVO (IED);URBANO;NA;NA
U-173;1,11E+11;COLEGIO SAN BENITO ABAD (IED);URBANO;NA;NA
U-174;1,11E+11;COLEGIO SAN BENITO ABAD (IED);URBANO;NA;NA
U-175;1,11E+11;COLEGIO SAN BENITO ABAD (IED);URBANO;NA;NA
U-176;1,11E+11;COLEGIO SAN BENITO ABAD (IED);URBANO;NA;NA
U-177;1,11E+11;COLEGIO SAN CARLOS (IED);URBANO;NA;NA
U-178;1,11E+11;COLEGIO SAN CARLOS (IED);URBANO;NA;NA
U-179;1,11E+11;COLEGIO SAN CARLOS (IED);URBANO;NA;NA
U-181;1,11E+11;COLEGIO SAN CARLOS (IED);URBANO;NA;NA
U-182;1,11E+11;COLEGIO VENECIA (IED);URBANO;NA;NA
U-183;1,11E+11;COLEGIO VENECIA (IED);URBANO;NA;NA
U-184;1,11E+11;COLEGIO VENECIA (IED);URBANO;NA;NA
J-4029-26-V4;2,11E+11;COLEGIO VILLAS DEL PROGRESO (IED);COMPLEMENTARIA;CREA ROMA ;AV 1 DE MAYO 79G  09
J-4029-26-V5;2,11E+11;COLEGIO VILLAS DEL PROGRESO (IED);COMPLEMENTARIA;CREA ROMA ;AV 1 DE MAYO 79G  09
J-4029-26-V6;2,11E+11;COLEGIO VILLAS DEL PROGRESO (IED);COMPLEMENTARIA;CREA ROMA ;AV 1 DE MAYO 79G  09
J-4029-26-V7;2,11E+11;COLEGIO VILLAS DEL PROGRESO (IED);COMPLEMENTARIA;CREA ROMA ;AV 1 DE MAYO 79G  09
J-4029-27-V1;2,11E+11;COLEGIO VILLAS DEL PROGRESO (IED);COMPLEMENTARIA;CREA ROMA ;AV 1 DE MAYO 79G  09
J-4029-27-V2;2,11E+11;COLEGIO VILLAS DEL PROGRESO (IED);COMPLEMENTARIA;CREA ROMA ;AV 1 DE MAYO 79G  09
J-4029-27-V3;2,11E+11;COLEGIO VILLAS DEL PROGRESO (IED);COMPLEMENTARIA;CREA ROMA ;AV 1 DE MAYO 79G  09
J-4029-27-V4;2,11E+11;COLEGIO VILLAS DEL PROGRESO (IED);COMPLEMENTARIA;CREA ROMA ;AV 1 DE MAYO 79G  09
J-4029-27-V5;2,11E+11;COLEGIO VILLAS DEL PROGRESO (IED);COMPLEMENTARIA;CREA ROMA ;AV 1 DE MAYO 79G  09
J-4029-27-V6;2,11E+11;COLEGIO VILLAS DEL PROGRESO (IED);COMPLEMENTARIA;CREA ROMA ;AV 1 DE MAYO 79G  09
J-4029-28-V1;2,11E+11;COLEGIO VILLAS DEL PROGRESO (IED);COMPLEMENTARIA;CREA SAN PABLO ;CL 68 SUR 78H 37
J-4029-29-V1;2,11E+11;COLEGIO VILLAS DEL PROGRESO (IED);COMPLEMENTARIA;CREA ROMA ;AV 1 DE MAYO 79G  09
J-4029-29-V2;2,11E+11;COLEGIO VILLAS DEL PROGRESO (IED);COMPLEMENTARIA;CREA ROMA ;AV 1 DE MAYO 79G  09
U-203;1,11E+11;COLEGIO CIUDADELA EDUCATIVA DE BOSA (IED);URBANO;NA;NA
U-204;1,11E+11;COLEGIO CIUDADELA EDUCATIVA DE BOSA (IED);URBANO;NA;NA
U-205;1,11E+11;COLEGIO CIUDADELA EDUCATIVA DE BOSA (IED);URBANO;NA;NA
U-206;1,11E+11;COLEGIO CIUDADELA EDUCATIVA DE BOSA (IED);URBANO;NA;NA
U-207;1,11E+11;COLEGIO CIUDADELA EDUCATIVA DE BOSA (IED);URBANO;NA;NA
U-208;1,11E+11;COLEGIO CIUDADELA EDUCATIVA DE BOSA (IED);URBANO;NA;NA
U-209;1,11E+11;COLEGIO CIUDADELA EDUCATIVA DE BOSA (IED);URBANO;NA;NA
U-210;1,11E+11;COLEGIO CIUDADELA EDUCATIVA DE BOSA (IED);URBANO;NA;NA
U-211;1,11E+11;COLEGIO CIUDADELA EDUCATIVA DE BOSA (IED);URBANO;NA;NA
J-4029-30-V1;2,11E+11;COLEGIO VILLAS DEL PROGRESO (IED);COMPLEMENTARIA;CREA SAN PABLO ;CL 68 SUR 78H 37
J-4029-30-V2;2,11E+11;COLEGIO VILLAS DEL PROGRESO (IED);COMPLEMENTARIA;PARQUE PALESTINA;CL 68 SUR N 81G 09
J-4029-31-V1;2,11E+11;COLEGIO VILLAS DEL PROGRESO (IED);COMPLEMENTARIA;CREA ROMA ;AV 1 DE MAYO 79G  09
J-4029-32-V1;2,11E+11;COLEGIO VILLAS DEL PROGRESO (IED);COMPLEMENTARIA;CREA SAN PABLO ;CL 68 SUR 78H 37
J-4029-33-V1;2,11E+11;COLEGIO VILLAS DEL PROGRESO (IED);COMPLEMENTARIA;CREA ROMA ;AV 1 DE MAYO 79G  09
U-222;1,11E+11;COLEGIO GERMAN ARCINIEGAS (IED);URBANO;NA;NA
U-223;1,11E+11;COLEGIO GERMAN ARCINIEGAS (IED);URBANO;NA;NA
U-250;1,11E+11;COLEGIO CARLOS ARANGO VELEZ (IED);URBANO;NA;NA
U-251;1,11E+11;COLEGIO CARLOS ARANGO VELEZ (IED);URBANO;NA;NA
U-252;1,11E+11;COLEGIO CARLOS ARTURO TORRES (IED);URBANO;NA;NA
U-253;1,11E+11;COLEGIO CARLOS ARTURO TORRES (IED);URBANO;NA;NA
U-254;1,11E+11;COLEGIO CARLOS ARTURO TORRES (IED);URBANO;NA;NA
U-255;1,11E+11;COLEGIO CARLOS ARTURO TORRES (IED);URBANO;NA;NA
U-256;1,11E+11;COLEGIO CARLOS ARTURO TORRES (IED);URBANO;NA;NA
U-257;1,11E+11;COLEGIO CARLOS ARTURO TORRES (IED);URBANO;NA;NA
U-258;1,11E+11;COLEGIO CASTILLA (IED);URBANO;NA;NA
U-259;1,11E+11;COLEGIO CASTILLA (IED);URBANO;NA;NA
U-260;1,11E+11;COLEGIO CASTILLA (IED);URBANO;NA;NA
U-261;1,11E+11;COLEGIO CASTILLA (IED);URBANO;NA;NA
U-262;1,11E+11;COLEGIO CASTILLA (IED);URBANO;NA;NA
U-263;1,11E+11;COLEGIO FERNANDO SOTO APARICIO (IED);URBANO;NA;NA
U-264;1,11E+11;COLEGIO FERNANDO SOTO APARICIO (IED);URBANO;NA;NA
U-265;1,11E+11;COLEGIO FERNANDO SOTO APARICIO (IED);URBANO;NA;NA
U-266;1,11E+11;COLEGIO FERNANDO SOTO APARICIO (IED);URBANO;NA;NA
U-267;1,11E+11;COLEGIO FERNANDO SOTO APARICIO (IED);URBANO;NA;NA
U-268;1,11E+11;COLEGIO GENERAL GUSTAVO ROJAS PINILLA (IED);URBANO;NA;NA
U-269;1,11E+11;COLEGIO GENERAL GUSTAVO ROJAS PINILLA (IED);URBANO;NA;NA
U-271;1,11E+11;COLEGIO GENERAL GUSTAVO ROJAS PINILLA (IED);URBANO;NA;NA
U-272;1,11E+11;COLEGIO GENERAL GUSTAVO ROJAS PINILLA (IED);URBANO;NA;NA
J-4029-34-V1;2,11E+11;COLEGIO VILLAS DEL PROGRESO (IED);COMPLEMENTARIA;CREA SAN PABLO ;CL 68 SUR 78H 37
J-4029-35-V1;2,11E+11;COLEGIO VILLAS DEL PROGRESO (IED);COMPLEMENTARIA;CREA SAN PABLO ;CL 68 SUR 78H 37
J-4029-36-V1;2,11E+11;COLEGIO VILLAS DEL PROGRESO (IED);COMPLEMENTARIA;CREA ROMA ;AV 1 DE MAYO 79G  09
J-4029-37-V1;2,11E+11;COLEGIO VILLAS DEL PROGRESO (IED);COMPLEMENTARIA;CREA SAN PABLO ;CL 68 SUR 78H 37
J-4029-37-V2;2,11E+11;COLEGIO VILLAS DEL PROGRESO (IED);COMPLEMENTARIA;CREA SAN PABLO ;CL 68 SUR 78H 37
J-4029-39-V1;2,11E+11;COLEGIO VILLAS DEL PROGRESO (IED);COMPLEMENTARIA;PARQUE PALESTINA;CL 68 SUR N 81G 09
J-4029-39-V2;2,11E+11;COLEGIO VILLAS DEL PROGRESO (IED);COMPLEMENTARIA;PARQUE PALESTINA;CL 68 SUR N 81G 09
U-282;1,11E+11;COLEGIO ISABEL II (IED);URBANO;NA;NA
U-283;1,11E+11;COLEGIO ISABEL II (IED);URBANO;NA;NA
U-284;1,11E+11;COLEGIO ISABEL II (IED);URBANO;NA;NA
U-285;1,11E+11;COLEGIO ISABEL II (IED);URBANO;NA;NA
U-286;1,11E+11;COLEGIO ISABEL II (IED);URBANO;NA;NA
J-4029-40-V1;2,11E+11;COLEGIO VILLAS DEL PROGRESO (IED);COMPLEMENTARIA;PARQUE PALESTINA;CL 68 SUR N 81G 09
J-4029-40-V2;2,11E+11;COLEGIO VILLAS DEL PROGRESO (IED);COMPLEMENTARIA;PARQUE PALESTINA;CL 68 SUR N 81G 09
J-4029-40-V3;2,11E+11;COLEGIO VILLAS DEL PROGRESO (IED);COMPLEMENTARIA;PARQUE PALESTINA;CL 68 SUR N 81G 09
J-4029-41-V1;2,11E+11;COLEGIO VILLAS DEL PROGRESO (IED);COMPLEMENTARIA;PARQUE PALESTINA;CL 68 SUR N 81G 09
J-4029-50-V1;2,11E+11;COLEGIO VILLAS DEL PROGRESO (IED);COMPLEMENTARIA;PARQUE PALESTINA;CL 68 SUR N 81G 09
U-292;1,11E+11;COLEGIO KENNEDY (IED);URBANO;NA;NA
U-293;1,11E+11;COLEGIO KENNEDY (IED);URBANO;NA;NA
U-294;1,11E+11;COLEGIO KENNEDY (IED);URBANO;NA;NA
U-298;1,11E+11;COLEGIO LA AMISTAD (IED);URBANO;NA;NA
U-299;1,11E+11;COLEGIO LA AMISTAD (IED);URBANO;NA;NA
U-300;1,11E+11;COLEGIO LA AMISTAD (IED);URBANO;NA;NA
U-301;1,11E+11;COLEGIO LA AMISTAD (IED);URBANO;NA;NA
J-4029-50-V2;2,11E+11;COLEGIO VILLAS DEL PROGRESO (IED);COMPLEMENTARIA;PARQUE PALESTINA;CL 68 SUR N 81G 09
J-4029-50-V3;2,11E+11;COLEGIO VILLAS DEL PROGRESO (IED);COMPLEMENTARIA;PARQUE PALESTINA;CL 68 SUR N 81G 09
J-4029-51-V1;2,11E+11;COLEGIO VILLAS DEL PROGRESO (IED);COMPLEMENTARIA;PARQUE PALESTINA;CL 68 SUR N 81G 09
J-4029-52-V1;2,11E+11;COLEGIO VILLAS DEL PROGRESO (IED);COMPLEMENTARIA;PARQUE PALESTINA;CL 68 SUR N 81G 09
J-4029-52-V2;2,11E+11;COLEGIO VILLAS DEL PROGRESO (IED);COMPLEMENTARIA;PARQUE PALESTINA;CL 68 SUR N 81G 09
J-4029-52-V3;2,11E+11;COLEGIO VILLAS DEL PROGRESO (IED);COMPLEMENTARIA;PARQUE PALESTINA;CL 68 SUR N 81G 09
J-4029-52-V4;2,11E+11;COLEGIO VILLAS DEL PROGRESO (IED);COMPLEMENTARIA;PARQUE PALESTINA;CL 68 SUR N 81G 09
J-4029-53-V1;2,11E+11;COLEGIO VILLAS DEL PROGRESO (IED);COMPLEMENTARIA;PARQUE PALESTINA;CL 68 SUR N 81G 09
J-4029-53-V2;2,11E+11;COLEGIO VILLAS DEL PROGRESO (IED);COMPLEMENTARIA;PARQUE PALESTINA;CL 68 SUR N 81G 09
J-4029-54-V1;2,11E+11;COLEGIO VILLAS DEL PROGRESO (IED);COMPLEMENTARIA;PARQUE PALESTINA;CL 68 SUR N 81G 09
J-4029-55-V1;2,11E+11;COLEGIO VILLAS DEL PROGRESO (IED);COMPLEMENTARIA;PARQUE PALESTINA;CL 68 SUR N 81G 09
J-4029-55-V2;2,11E+11;COLEGIO VILLAS DEL PROGRESO (IED);COMPLEMENTARIA;PARQUE PALESTINA;CL 68 SUR N 81G 09
J-4029-57-V1;2,11E+11;COLEGIO VILLAS DEL PROGRESO (IED);COMPLEMENTARIA;PARQUE PALESTINA;CL 68 SUR N 81G 09
J-4029-57-V2;2,11E+11;COLEGIO VILLAS DEL PROGRESO (IED);COMPLEMENTARIA;PARQUE PALESTINA;CL 68 SUR N 81G 09
J-4037-04-V1;1,11E+11;COLEGIO CUNDINAMARCA (IED);COMPLEMENTARIA;PARQUE POLIDEPORTIVO LA ESTANCIA;CL 59 S 74 19
J-4037-05-V1;1,11E+11;COLEGIO CUNDINAMARCA (IED);COMPLEMENTARIA;PARQUE PAVCO;AC 57R S 72 00
J-4037-05-V2;1,11E+11;COLEGIO CUNDINAMARCA (IED);COMPLEMENTARIA;PARQUE PAVCO;AC 57R S 72 00
U-326;1,11E+11;COLEGIO SAN JOSE DE CASTILLA (IED);URBANO;NA;NA
U-327;1,11E+11;COLEGIO SAN JOSE DE CASTILLA (IED);URBANO;NA;NA
U-329;1,11E+11;COLEGIO SAN JOSE DE CASTILLA (IED);URBANO;NA;NA
J-4037-06-V1;1,11E+11;COLEGIO CUNDINAMARCA (IED);COMPLEMENTARIA;PARQUE POLIDEPORTIVO LA ESTANCIA;CL 59 S 74 19
J-4037-06-V2;1,11E+11;COLEGIO CUNDINAMARCA (IED);COMPLEMENTARIA;PARQUE POLIDEPORTIVO LA ESTANCIA;CL 59 S 74 19
J-4037-09-V1;1,11E+11;COLEGIO CUNDINAMARCA (IED);COMPLEMENTARIA;PARQUE PAVCO;AC 57R S 72 00
J-4037-09-V2;1,11E+11;COLEGIO CUNDINAMARCA (IED);COMPLEMENTARIA;PARQUE PAVCO;AC 57R S 72 00
J-4037-14-V1;1,11E+11;COLEGIO CUNDINAMARCA (IED);COMPLEMENTARIA;PARQUE PAVCO ;AC 57R S 72 00
U-336;1,11E+11;COLEGIO COSTA RICA (IED);URBANO;NA;NA
U-338;1,11E+11;COLEGIO COSTA RICA (IED);URBANO;NA;NA
U-339;1,11E+11;COLEGIO COSTA RICA (IED);URBANO;NA;NA
U-341;1,11E+11;COLEGIO COSTA RICA (IED);URBANO;NA;NA
U-342;1,11E+11;COLEGIO COSTA RICA (IED);URBANO;NA;NA
U-343;1,11E+11;COLEGIO COSTA RICA (IED);URBANO;NA;NA
U-350;1,11E+11;COLEGIO VILLEMAR EL CARMEN (IED);URBANO;NA;NA
U-352;1,11E+11;COLEGIO VILLEMAR EL CARMEN (IED);URBANO;NA;NA
U-353;1,11E+11;COLEGIO VILLEMAR EL CARMEN (IED);URBANO;NA;NA
U-354;1,11E+11;COLEGIO VILLEMAR EL CARMEN (IED);URBANO;NA;NA
U-355;1,11E+11;COLEGIO VILLEMAR EL CARMEN (IED);URBANO;NA;NA
U-356;1,11E+11;COLEGIO VILLEMAR EL CARMEN (IED);URBANO;NA;NA
U-357;1,11E+11;COLEGIO VILLEMAR EL CARMEN (IED);URBANO;NA;NA
U-358;1,11E+11;COLEGIO INSTITUTO TECNICO DISTRITAL JULIO FLOREZ (IED);URBANO;NA;NA
U-412;1,11E+11;COLEGIO BOLIVIA (IED);URBANO;NA;NA
U-411;1,11E+11;COLEGIO BOLIVIA (IED);URBANO;NA;NA
U-410;1,11E+11;COLEGIO BOLIVIA (IED);URBANO;NA;NA
U-409;1,11E+11;COLEGIO NESTOR FORERO ALCALA (IED);URBANO;NA;NA
U-407;1,11E+11;COLEGIO NESTOR FORERO ALCALA (IED);URBANO;NA;NA
U-406;1,11E+11;COLEGIO NACIONES UNIDAS (IED);URBANO;NA;NA
U-404;1,11E+11;COLEGIO NACIONES UNIDAS (IED);URBANO;NA;NA
U-402;1,11E+11;COLEGIO NACIONES UNIDAS (IED);URBANO;NA;NA
U-389;1,11E+11;COLEGIO LA PALESTINA (IED);URBANO;NA;NA
U-388;1,11E+11;COLEGIO LA PALESTINA (IED);URBANO;NA;NA
U-387;1,11E+11;COLEGIO LA PALESTINA (IED);URBANO;NA;NA
U-386;1,11E+11;COLEGIO LA PALESTINA (IED);URBANO;NA;NA
U-376;1,11E+11;COLEGIO JORGE GAITAN CORTES (IED);URBANO;NA;NA
U-377;1,11E+11;COLEGIO JORGE GAITAN CORTES (IED);URBANO;NA;NA
U-378;1,11E+11;COLEGIO JORGE GAITAN CORTES (IED);URBANO;NA;NA
U-379;1,11E+11;COLEGIO JOSE ASUNCION SILVA (IED);URBANO;NA;NA
U-380;1,11E+11;COLEGIO JOSE ASUNCION SILVA (IED);URBANO;NA;NA
U-381;1,11E+11;COLEGIO JOSE ASUNCION SILVA (IED);URBANO;NA;NA
U-383;1,11E+11;COLEGIO JOSE ASUNCION SILVA (IED);URBANO;NA;NA
U-385;1,11E+11;COLEGIO LA PALESTINA (IED);URBANO;NA;NA
U-384;1,11E+11;COLEGIO LA PALESTINA (IED);URBANO;NA;NA
U-373;1,11E+11;COLEGIO INSTITUTO TECNICO JUAN DEL CORRAL (IED);URBANO;NA;NA
U-371;1,11E+11;COLEGIO INSTITUTO TECNICO JUAN DEL CORRAL (IED);URBANO;NA;NA
U-370;1,11E+11;COLEGIO INSTITUTO TECNICO JUAN DEL CORRAL (IED);URBANO;NA;NA
U-369;1,11E+11;COLEGIO INSTITUTO TECNICO JUAN DEL CORRAL (IED);URBANO;NA;NA
U-390;1,11E+11;COLEGIO MIGUEL ANTONIO CARO (IED);URBANO;NA;NA
U-391;1,11E+11;COLEGIO MIGUEL ANTONIO CARO (IED);URBANO;NA;NA
U-392;1,11E+11;COLEGIO MIGUEL ANTONIO CARO (IED);URBANO;NA;NA
U-393;1,11E+11;COLEGIO MIGUEL ANTONIO CARO (IED);URBANO;NA;NA
U-394;1,11E+11;COLEGIO MIGUEL ANTONIO CARO (IED);URBANO;NA;NA
U-395;1,11E+11;COLEGIO MIGUEL ANTONIO CARO (IED);URBANO;NA;NA
U-396;1,11E+11;COLEGIO MORISCO (IED);URBANO;NA;NA
U-397;1,11E+11;COLEGIO MORISCO (IED);URBANO;NA;NA
U-398;1,11E+11;COLEGIO MORISCO (IED);URBANO;NA;NA
U-400;1,11E+11;COLEGIO MORISCO (IED);URBANO;NA;NA
U-401;1,11E+11;COLEGIO MORISCO (IED);URBANO;NA;NA
U-368;1,11E+11;COLEGIO INSTITUTO TECNICO JUAN DEL CORRAL (IED);URBANO;NA;NA
U-367;1,11E+11;COLEGIO INSTITUTO TECNICO INDUSTRIAL FRANCISCO JOSE DE CALDAS (IED);URBANO;NA;NA
U-366;1,11E+11;COLEGIO INSTITUTO TECNICO INDUSTRIAL FRANCISCO JOSE DE CALDAS (IED);URBANO;NA;NA
U-365;1,11E+11;COLEGIO INSTITUTO TECNICO INDUSTRIAL FRANCISCO JOSE DE CALDAS (IED);URBANO;NA;NA
U-364;1,11E+11;COLEGIO INSTITUTO TECNICO DISTRITAL REPUBLICA DE GUATEMALA (IED);URBANO;NA;NA
U-439;1,11E+11;COLEGIO ROBERT F. KENNEDY (IED);URBANO;NA;NA
U-437;1,11E+11;COLEGIO ROBERT F. KENNEDY (IED);URBANO;NA;NA
U-435;1,11E+11;COLEGIO ROBERT F. KENNEDY (IED);URBANO;NA;NA
U-434;1,11E+11;COLEGIO REPUBLICA DE COLOMBIA (IED);URBANO;NA;NA
U-431;1,11E+11;COLEGIO REPUBLICA DE COLOMBIA (IED);URBANO;NA;NA
U-428;1,11E+11;COLEGIO REPUBLICA DE COLOMBIA (IED);URBANO;NA;NA
U-426;1,11E+11;COLEGIO REPUBLICA DE COLOMBIA (IED);URBANO;NA;NA
U-503;1,11E+11;COLEGIO INSTITUTO TECNICO DISTRITAL JULIO FLOREZ (IED);URBANO;NA;NA
U-418;1,11E+11;COLEGIO REPUBLICA DE CHINA (IED);URBANO;NA;NA
U-419;1,11E+11;COLEGIO REPUBLICA DE CHINA (IED);URBANO;NA;NA
U-446;1,11E+11;COLEGIO TABORA (IED);URBANO;NA;NA
U-444;1,11E+11;COLEGIO TABORA (IED);URBANO;NA;NA
U-440;1,11E+11;COLEGIO ROBERT F. KENNEDY (IED);URBANO;NA;NA
U-594;1,11E+11;COLEGIO FRANCISCO PRIMERO S.S. (IED);URBANO;NA;NA
U-601;1,11E+11;COLEGIO JORGE ELIECER GAITAN (IED);URBANO;NA;NA
U-593;1,11E+11;COLEGIO FRANCISCO PRIMERO S.S. (IED);URBANO;NA;NA
U-589;1,11E+11;COLEGIO FRANCISCO PRIMERO S.S. (IED);URBANO;NA;NA
U-436;1,11E+11;COLEGIO ROBERT F. KENNEDY (IED);URBANO;NA;NA
U-585;1,11E+11;COLEGIO FRANCISCO PRIMERO S.S. (IED);URBANO;NA;NA
U-513;1,11E+11;COLEGIO INSTITUTO TECNICO DISTRITAL JULIO FLOREZ (IED);URBANO;NA;NA
U-509;1,11E+11;COLEGIO INSTITUTO TECNICO DISTRITAL JULIO FLOREZ (IED);URBANO;NA;NA
U-507;1,11E+11;COLEGIO INSTITUTO TECNICO DISTRITAL JULIO FLOREZ (IED);URBANO;NA;NA
U-506;1,11E+11;COLEGIO INSTITUTO TECNICO DISTRITAL JULIO FLOREZ (IED);URBANO;NA;NA
J-4108-63-V1;1,12E+11;COLEGIO GERARDO PAREDES (IED);COMPLEMENTARIA;PARQUE FONTANAR ;DG 147 141A 42
U-463;1,12E+11;COLEGIO ANIBAL FERNANDEZ DE SOTO (IED);URBANO;NA;NA
U-464;1,12E+11;COLEGIO ANIBAL FERNANDEZ DE SOTO (IED);URBANO;NA;NA
U-465;1,12E+11;COLEGIO ANIBAL FERNANDEZ DE SOTO (IED);URBANO;NA;NA
J-4108-64-V1;1,12E+11;COLEGIO GERARDO PAREDES (IED);COMPLEMENTARIA;COMPENSAR SUBA;CL 139 94 55
J-4108-65-V1;1,12E+11;COLEGIO GERARDO PAREDES (IED);COMPLEMENTARIA;COMPENSAR SUBA;CL 139 94 55
J-4108-69-V1;1,12E+11;COLEGIO GERARDO PAREDES (IED);COMPLEMENTARIA;COMPENSAR SUBA;CL 139 94 55
J-4114-01-V1;1,11E+11;COLEGIO LA TOSCANA - LISBOA (IED);COMPLEMENTARIA;FONTANAR DEL RIO;CL 144C 141C
J-4114-01-V2;1,11E+11;COLEGIO LA TOSCANA - LISBOA (IED);COMPLEMENTARIA;FONTANAR DEL RIO;CL 144C 141C
J-4114-01-V3;1,11E+11;COLEGIO LA TOSCANA - LISBOA (IED);COMPLEMENTARIA;FONTANAR DEL RIO;CL 144C 141C
J-4114-01-V4;1,11E+11;COLEGIO LA TOSCANA - LISBOA (IED);COMPLEMENTARIA;FONTANAR DEL RIO;CL 144C 141C
J-4114-01-V5;1,11E+11;COLEGIO LA TOSCANA - LISBOA (IED);COMPLEMENTARIA;FONTANAR DEL RIO;CL 144C 141C
J-4114-01-V6;1,11E+11;COLEGIO LA TOSCANA - LISBOA (IED);COMPLEMENTARIA;FONTANAR DEL RIO;CL 144C 141C
J-4114-01-V7;1,11E+11;COLEGIO LA TOSCANA - LISBOA (IED);COMPLEMENTARIA;FONTANAR DEL RIO;CL 144C 141C
J-4114-02-V1;1,11E+11;COLEGIO LA TOSCANA - LISBOA (IED);COMPLEMENTARIA;COMPENSAR SUBA;CL 139 94 55
J-4114-02-V2;1,11E+11;COLEGIO LA TOSCANA - LISBOA (IED);COMPLEMENTARIA;COMPENSAR SUBA;CL 139 94 55
J-4114-03-V1;1,11E+11;COLEGIO LA TOSCANA - LISBOA (IED);COMPLEMENTARIA;CREA FONTANAR;CL 145 138A 10
J-4114-03-V2;1,11E+11;COLEGIO LA TOSCANA - LISBOA (IED);COMPLEMENTARIA;CREA FONTANAR;CL 145 138A 10
U-482;1,11E+11;COLEGIO GUSTAVO MORALES MORALES (IED);URBANO;NA;NA
U-484;1,11E+11;COLEGIO GUSTAVO MORALES MORALES (IED);URBANO;NA;NA
U-486;1,11E+11;COLEGIO GUSTAVO MORALES MORALES (IED);URBANO;NA;NA
U-487;1,11E+11;COLEGIO GUSTAVO MORALES MORALES (IED);URBANO;NA;NA
U-488;1,11E+11;COLEGIO GUSTAVO MORALES MORALES (IED);URBANO;NA;NA
U-489;1,11E+11;COLEGIO GUSTAVO MORALES MORALES (IED);URBANO;NA;NA
U-490;1,11E+11;COLEGIO GUSTAVO MORALES MORALES (IED);URBANO;NA;NA
U-491;1,11E+11;COLEGIO GUSTAVO MORALES MORALES (IED);URBANO;NA;NA
U-492;1,11E+11;COLEGIO GUSTAVO MORALES MORALES (IED);URBANO;NA;NA
U-493;1,11E+11;COLEGIO GUSTAVO MORALES MORALES (IED);URBANO;NA;NA
U-496;1,11E+11;COLEGIO GUSTAVO MORALES MORALES (IED);URBANO;NA;NA
U-498;1,11E+11;COLEGIO GUSTAVO MORALES MORALES (IED);URBANO;NA;NA
U-499;1,11E+11;COLEGIO INSTITUTO TECNICO DISTRITAL JULIO FLOREZ (IED);URBANO;NA;NA
U-500;1,11E+11;COLEGIO INSTITUTO TECNICO DISTRITAL JULIO FLOREZ (IED);URBANO;NA;NA
U-501;1,11E+11;COLEGIO INSTITUTO TECNICO DISTRITAL JULIO FLOREZ (IED);URBANO;NA;NA
U-502;1,11E+11;COLEGIO INSTITUTO TECNICO DISTRITAL JULIO FLOREZ (IED);URBANO;NA;NA
U-597;1,11E+11;COLEGIO FRANCISCO PRIMERO S.S. (IED);URBANO;NA;NA
U-504;1,11E+11;COLEGIO INSTITUTO TECNICO DISTRITAL JULIO FLOREZ (IED);URBANO;NA;NA
U-595;1,11E+11;COLEGIO FRANCISCO PRIMERO S.S. (IED);URBANO;NA;NA
U-505;1,11E+11;COLEGIO INSTITUTO TECNICO DISTRITAL JULIO FLOREZ (IED);URBANO;NA;NA
U-621;1,11E+11;COLEGIO JUAN FRANCISCO BERBEO (IED);URBANO;NA;NA
U-508;1,11E+11;COLEGIO INSTITUTO TECNICO DISTRITAL JULIO FLOREZ (IED);URBANO;NA;NA
U-620;1,11E+11;COLEGIO JUAN FRANCISCO BERBEO (IED);URBANO;NA;NA
U-510;1,11E+11;COLEGIO INSTITUTO TECNICO DISTRITAL JULIO FLOREZ (IED);URBANO;NA;NA
U-511;1,11E+11;COLEGIO INSTITUTO TECNICO DISTRITAL JULIO FLOREZ (IED);URBANO;NA;NA
U-512;1,11E+11;COLEGIO INSTITUTO TECNICO DISTRITAL JULIO FLOREZ (IED);URBANO;NA;NA
U-618;1,11E+11;COLEGIO JUAN FRANCISCO BERBEO (IED);URBANO;NA;NA
U-514;1,11E+11;COLEGIO INSTITUTO TECNICO DISTRITAL JULIO FLOREZ (IED);URBANO;NA;NA
U-515;1,11E+11;COLEGIO INSTITUTO TECNICO DISTRITAL JULIO FLOREZ (IED);URBANO;NA;NA
J-4114-03-V3;1,11E+11;COLEGIO LA TOSCANA - LISBOA (IED);COMPLEMENTARIA;CREA FONTANAR;CL 145 138A 10
J-4114-03-V4;1,11E+11;COLEGIO LA TOSCANA - LISBOA (IED);COMPLEMENTARIA;CREA FONTANAR;CL 145 138A 10
J-4114-03-V5;1,11E+11;COLEGIO LA TOSCANA - LISBOA (IED);COMPLEMENTARIA;CREA FONTANAR;CL 145 138A 10
J-4114-03-V6;1,11E+11;COLEGIO LA TOSCANA - LISBOA (IED);COMPLEMENTARIA;CREA FONTANAR;CL 145 138A 10
J-4114-04-V1;1,11E+11;COLEGIO LA TOSCANA - LISBOA (IED);COMPLEMENTARIA;CREA FONTANAR;CL 145 138A 10
J-4114-04-V2;1,11E+11;COLEGIO LA TOSCANA - LISBOA (IED);COMPLEMENTARIA;CREA FONTANAR;CL 145 138A 10
J-4114-04-V3;1,11E+11;COLEGIO LA TOSCANA - LISBOA (IED);COMPLEMENTARIA;CREA FONTANAR;CL 145 138A 10
J-4114-04-V4;1,11E+11;COLEGIO LA TOSCANA - LISBOA (IED);COMPLEMENTARIA;CREA FONTANAR;CL 145 138A 10
J-4114-05-V1;1,11E+11;COLEGIO LA TOSCANA - LISBOA (IED);COMPLEMENTARIA;COMPENSAR SUBA;CL 139 94 55
J-4114-05-V2;1,11E+11;COLEGIO LA TOSCANA - LISBOA (IED);COMPLEMENTARIA;COMPENSAR SUBA;CL 139 94 55
J-4114-06-V1;1,11E+11;COLEGIO LA TOSCANA - LISBOA (IED);COMPLEMENTARIA;FONTANAR DEL RIO;CL 144C 141C
J-4114-06-V2;1,11E+11;COLEGIO LA TOSCANA - LISBOA (IED);COMPLEMENTARIA;FONTANAR DEL RIO;CL 144C 141C
U-530;1,11E+11;COLEGIO LA GAITANA (IED);URBANO;NA;NA
U-531;1,11E+11;COLEGIO MIGUEL ANTONIO CARO (IED);URBANO;NA;NA
U-532;1,11E+11;COLEGIO MIGUEL ANTONIO CARO (IED);URBANO;NA;NA
J-4114-06-V3;1,11E+11;COLEGIO LA TOSCANA - LISBOA (IED);COMPLEMENTARIA;FONTANAR DEL RIO;CL 144C 141C
J-4114-06-V4;1,11E+11;COLEGIO LA TOSCANA - LISBOA (IED);COMPLEMENTARIA;FONTANAR DEL RIO;CL 144C 141C
J-4114-06-V5;1,11E+11;COLEGIO LA TOSCANA - LISBOA (IED);COMPLEMENTARIA;FONTANAR DEL RIO;CL 144C 141C
J-4114-06-V6;1,11E+11;COLEGIO LA TOSCANA - LISBOA (IED);COMPLEMENTARIA;FONTANAR DEL RIO;CL 144C 141C
J-4114-06-V7;1,11E+11;COLEGIO LA TOSCANA - LISBOA (IED);COMPLEMENTARIA;FONTANAR DEL RIO;CL 144C 141C
J-4114-07-V1;1,11E+11;COLEGIO LA TOSCANA - LISBOA (IED);COMPLEMENTARIA;COMPENSAR SUBA;CL 139 94 55
U-540;1,11E+11;COLEGIO RAMON DE ZUBIRIA (IED);URBANO;NA;NA
U-541;1,11E+11;COLEGIO RAMON DE ZUBIRIA (IED);URBANO;NA;NA
U-543;1,11E+11;COLEGIO RAMON DE ZUBIRIA (IED);URBANO;NA;NA
U-544;1,11E+11;COLEGIO RAMON DE ZUBIRIA (IED);URBANO;NA;NA
U-545;1,11E+11;COLEGIO RAMON DE ZUBIRIA (IED);URBANO;NA;NA
U-547;1,11E+11;COLEGIO RAMON DE ZUBIRIA (IED);URBANO;NA;NA
U-548;1,11E+11;COLEGIO RAMON DE ZUBIRIA (IED);URBANO;NA;NA
U-549;1,12E+11;COLEGIO REPUBLICA DOMINICANA (IED);URBANO;NA;NA
U-550;1,12E+11;COLEGIO REPUBLICA DOMINICANA (IED);URBANO;NA;NA
U-551;1,12E+11;COLEGIO REPUBLICA DOMINICANA (IED);URBANO;NA;NA
U-552;1,12E+11;COLEGIO REPUBLICA DOMINICANA (IED);URBANO;NA;NA
U-553;1,12E+11;COLEGIO REPUBLICA DOMINICANA (IED);URBANO;NA;NA
J-4114-07-V2;1,11E+11;COLEGIO LA TOSCANA - LISBOA (IED);COMPLEMENTARIA;COMPENSAR SUBA;CL 139 94 55
J-4115-01-V1;1,12E+11;COLEGIO FILARMONICO SIMON BOLIVAR (IED);COMPLEMENTARIA;ENTRADA CEFE FONTANAR DEL RIO;AC 145 138A 10
J-4115-01-V2;1,12E+11;COLEGIO FILARMONICO SIMON BOLIVAR (IED);COMPLEMENTARIA;ENTRADA CEFE FONTANAR DEL RIO;AC 145 138A 10
J-4115-01-V3;1,12E+11;COLEGIO FILARMONICO SIMON BOLIVAR (IED);COMPLEMENTARIA;ENTRADA CEFE FONTANAR DEL RIO;AC 145 138A 10
J-4115-01-V4;1,12E+11;COLEGIO FILARMONICO SIMON BOLIVAR (IED);COMPLEMENTARIA;ENTRADA CEFE FONTANAR DEL RIO;AC 145 138A 10
J-4115-01-V5;1,12E+11;COLEGIO FILARMONICO SIMON BOLIVAR (IED);COMPLEMENTARIA;ENTRADA CEFE FONTANAR DEL RIO;AC 145 138A 10
J-4115-01-V6;1,12E+11;COLEGIO FILARMONICO SIMON BOLIVAR (IED);COMPLEMENTARIA;ENTRADA CEFE FONTANAR DEL RIO;AC 145 138A 10
J-4115-02-V1;1,12E+11;COLEGIO FILARMONICO SIMON BOLIVAR (IED);COMPLEMENTARIA;ENTRADA CEFE FONTANAR DEL RIO;AC 145 138A 10
J-4115-02-V2;1,12E+11;COLEGIO FILARMONICO SIMON BOLIVAR (IED);COMPLEMENTARIA;ENTRADA CEFE FONTANAR DEL RIO;AC 145 138A 10
J-4115-02-V3;1,12E+11;COLEGIO FILARMONICO SIMON BOLIVAR (IED);COMPLEMENTARIA;ENTRADA CEFE FONTANAR DEL RIO;AC 145 138A 10
J-4115-02-V4;1,12E+11;COLEGIO FILARMONICO SIMON BOLIVAR (IED);COMPLEMENTARIA;ENTRADA CEFE FONTANAR DEL RIO;AC 145 138A 10
J-4115-02-V5;1,12E+11;COLEGIO FILARMONICO SIMON BOLIVAR (IED);COMPLEMENTARIA;ENTRADA CEFE FONTANAR DEL RIO;AC 145 138A 10
J-4115-02-V6;1,12E+11;COLEGIO FILARMONICO SIMON BOLIVAR (IED);COMPLEMENTARIA;ENTRADA CEFE FONTANAR DEL RIO;AC 145 138A 10
J-4115-03-V1;1,12E+11;COLEGIO FILARMONICO SIMON BOLIVAR (IED);COMPLEMENTARIA;ENTRADA CEFE FONTANAR DEL RIO;AC 145 138A 10
J-4115-03-V2;1,12E+11;COLEGIO FILARMONICO SIMON BOLIVAR (IED);COMPLEMENTARIA;ENTRADA CEFE FONTANAR DEL RIO;AC 145 138A 10
J-4115-03-V3;1,12E+11;COLEGIO FILARMONICO SIMON BOLIVAR (IED);COMPLEMENTARIA;ENTRADA CEFE FONTANAR DEL RIO;AC 145 138A 10
J-4115-03-V4;1,12E+11;COLEGIO FILARMONICO SIMON BOLIVAR (IED);COMPLEMENTARIA;ENTRADA CEFE FONTANAR DEL RIO;AC 145 138A 10
J-4115-03-V5;1,12E+11;COLEGIO FILARMONICO SIMON BOLIVAR (IED);COMPLEMENTARIA;ENTRADA CEFE FONTANAR DEL RIO;AC 145 138A 10
J-4115-04-V1;1,12E+11;COLEGIO FILARMONICO SIMON BOLIVAR (IED);COMPLEMENTARIA;ENTRADA CEFE FONTANAR DEL RIO;AC 145 138A 10
J-4115-04-V2;1,12E+11;COLEGIO FILARMONICO SIMON BOLIVAR (IED);COMPLEMENTARIA;ENTRADA CEFE FONTANAR DEL RIO;AC 145 138A 10
U-617;1,11E+11;COLEGIO JUAN FRANCISCO BERBEO (IED);URBANO;NA;NA
U-616;1,11E+11;COLEGIO JUAN FRANCISCO BERBEO (IED);URBANO;NA;NA
U-614;1,11E+11;COLEGIO JUAN FRANCISCO BERBEO (IED);URBANO;NA;NA
U-613;1,11E+11;COLEGIO JUAN FRANCISCO BERBEO (IED);URBANO;NA;NA
U-612;1,11E+11;COLEGIO JUAN FRANCISCO BERBEO (IED);URBANO;NA;NA
U-611;1,11E+11;COLEGIO JUAN FRANCISCO BERBEO (IED);URBANO;NA;NA
U-608;1,11E+11;COLEGIO JORGE ELIECER GAITAN (IED);URBANO;NA;NA
U-607;1,11E+11;COLEGIO JORGE ELIECER GAITAN (IED);URBANO;NA;NA
U-606;1,11E+11;COLEGIO JORGE ELIECER GAITAN (IED);URBANO;NA;NA
U-605;1,11E+11;COLEGIO JORGE ELIECER GAITAN (IED);URBANO;NA;NA
U-603;1,11E+11;COLEGIO JORGE ELIECER GAITAN (IED);URBANO;NA;NA
U-602;1,11E+11;COLEGIO JORGE ELIECER GAITAN (IED);URBANO;NA;NA
U-627;1,11E+11;COLEGIO RAFAEL BERNAL JIMENEZ (IED);URBANO;NA;NA
U-625;1,11E+11;COLEGIO JUAN FRANCISCO BERBEO (IED);URBANO;NA;NA
U-623;1,11E+11;COLEGIO JUAN FRANCISCO BERBEO (IED);URBANO;NA;NA
U-622;1,11E+11;COLEGIO JUAN FRANCISCO BERBEO (IED);URBANO;NA;NA
U-628;1,11E+11;COLEGIO RAFAEL BERNAL JIMENEZ (IED);URBANO;NA;NA
U-635;1,11E+11;COLEGIO REPUBLICA DE PANAMA (IED);URBANO;NA;NA
U-632;1,11E+11;COLEGIO REPUBLICA DE PANAMA (IED);URBANO;NA;NA
U-631;1,11E+11;COLEGIO REPUBLICA DE PANAMA (IED);URBANO;NA;NA
U-630;1,11E+11;COLEGIO RAFAEL BERNAL JIMENEZ (IED);URBANO;NA;NA
U-646;1,11E+11;COLEGIO TECNICO DOMINGO FAUSTINO SARMIENTO (IED);URBANO;NA;NA
U-645;1,11E+11;COLEGIO TECNICO DOMINGO FAUSTINO SARMIENTO (IED);URBANO;NA;NA
U-640;1,11E+11;COLEGIO TECNICO DOMINGO FAUSTINO SARMIENTO (IED);URBANO;NA;NA
U-637;1,11E+11;COLEGIO TECNICO DOMINGO FAUSTINO SARMIENTO (IED);URBANO;NA;NA
U-636;1,11E+11;COLEGIO REPUBLICA DE PANAMA (IED);URBANO;NA;NA
U-653;1,11E+11;COLEGIO TOMAS CARRASQUILLA (IED);URBANO;NA;NA
U-652;1,11E+11;COLEGIO TOMAS CARRASQUILLA (IED);URBANO;NA;NA
U-649;1,11E+11;COLEGIO TECNICO DOMINGO FAUSTINO SARMIENTO (IED);URBANO;NA;NA
U-671;1,11E+11;COLEGIO TOMAS CARRASQUILLA (IED);URBANO;NA;NA
U-670;1,11E+11;COLEGIO TOMAS CARRASQUILLA (IED);URBANO;NA;NA
U-663;1,11E+11;COLEGIO TOMAS CARRASQUILLA (IED);URBANO;NA;NA
U-662;1,11E+11;COLEGIO TOMAS CARRASQUILLA (IED);URBANO;NA;NA
U-638;1,11E+11;COLEGIO TECNICO DOMINGO FAUSTINO SARMIENTO (IED);URBANO;NA;NA
U-639;1,11E+11;COLEGIO TECNICO DOMINGO FAUSTINO SARMIENTO (IED);URBANO;NA;NA
U-661;1,11E+11;COLEGIO TOMAS CARRASQUILLA (IED);URBANO;NA;NA
U-643;1,11E+11;COLEGIO TECNICO DOMINGO FAUSTINO SARMIENTO (IED);URBANO;NA;NA
U-660;1,11E+11;COLEGIO TOMAS CARRASQUILLA (IED);URBANO;NA;NA
U-659;1,11E+11;COLEGIO TOMAS CARRASQUILLA (IED);URBANO;NA;NA
U-647;1,11E+11;COLEGIO TECNICO DOMINGO FAUSTINO SARMIENTO (IED);URBANO;NA;NA
U-648;1,11E+11;COLEGIO TECNICO DOMINGO FAUSTINO SARMIENTO (IED);URBANO;NA;NA
U-658;1,11E+11;COLEGIO TOMAS CARRASQUILLA (IED);URBANO;NA;NA
U-650;1,11E+11;COLEGIO TECNICO DOMINGO FAUSTINO SARMIENTO (IED);URBANO;NA;NA
U-657;1,11E+11;COLEGIO TOMAS CARRASQUILLA (IED);URBANO;NA;NA
U-656;1,11E+11;COLEGIO TOMAS CARRASQUILLA (IED);URBANO;NA;NA
U-654;1,11E+11;COLEGIO TOMAS CARRASQUILLA (IED);URBANO;NA;NA
J-4004-01-V1;1,11E+11;COLEGIO JUAN FRANCISCO BERBEO (IED);COMPLEMENTARIA;FUNDACIÓN NIÑO JESUS;KR 62 67A 80
J-4004-01-V2;1,11E+11;COLEGIO JUAN FRANCISCO BERBEO (IED);COMPLEMENTARIA;FUNDACIÓN NIÑO JESUS;KR 62 67A 80
J-4004-01-V3;1,11E+11;COLEGIO JUAN FRANCISCO BERBEO (IED);COMPLEMENTARIA;FUNDACIÓN NIÑO JESUS;KR 62 67A 80
J-4004-01-V4;1,11E+11;COLEGIO JUAN FRANCISCO BERBEO (IED);COMPLEMENTARIA;FUNDACIÓN NIÑO JESUS;KR 62 67A 80
J-4004-02-V1;1,11E+11;COLEGIO JUAN FRANCISCO BERBEO (IED);COMPLEMENTARIA;FUNDACIÓN NIÑO JESUS;KR 62 67A 80
J-4004-02-V2;1,11E+11;COLEGIO JUAN FRANCISCO BERBEO (IED);COMPLEMENTARIA;FUNDACIÓN NIÑO JESUS;KR 62 67A 80
J-4004-02-V3;1,11E+11;COLEGIO JUAN FRANCISCO BERBEO (IED);COMPLEMENTARIA;FUNDACIÓN NIÑO JESUS;KR 62 67A 80
J-4004-03-V1;1,11E+11;COLEGIO JUAN FRANCISCO BERBEO (IED);COMPLEMENTARIA;PARQUE RECREO DEPORTIVO EL SALITRE;AV LA ESMERALDA 63 69
J-4004-03-V2;1,11E+11;COLEGIO JUAN FRANCISCO BERBEO (IED);COMPLEMENTARIA;PARQUE RECREO DEPORTIVO EL SALITRE;AV LA ESMERALDA 63 69
J-4004-03-V3;1,11E+11;COLEGIO JUAN FRANCISCO BERBEO (IED);COMPLEMENTARIA;PARQUE RECREO DEPORTIVO EL SALITRE;AV LA ESMERALDA 63 69
U-672;1,11E+11;COLEGIO MANUELA BELTRAN (IED);URBANO;NA;NA
U-675;1,11E+11;COLEGIO MANUELA BELTRAN (IED);URBANO;NA;NA
U-676;1,11E+11;COLEGIO MANUELA BELTRAN (IED);URBANO;NA;NA
U-677;1,11E+11;COLEGIO MANUELA BELTRAN (IED);URBANO;NA;NA
U-681;1,11E+11;COLEGIO REPUBLICA BOLIVARIANA DE VENEZUELA (IED);URBANO;NA;NA
U-684;1,11E+11;COLEGIO REPUBLICA BOLIVARIANA DE VENEZUELA (IED);URBANO;NA;NA
U-685;1,11E+11;COLEGIO REPUBLICA BOLIVARIANA DE VENEZUELA (IED);URBANO;NA;NA
U-696;1,11E+11;COLEGIO REPUBLICA BOLIVARIANA DE VENEZUELA (IED);URBANO;NA;NA
U-697;1,11E+11;COLEGIO REPUBLICA BOLIVARIANA DE VENEZUELA (IED);URBANO;NA;NA
U-698;1,11E+11;COLEGIO REPUBLICA BOLIVARIANA DE VENEZUELA (IED);URBANO;NA;NA
U-699;1,11E+11;COLEGIO REPUBLICA BOLIVARIANA DE VENEZUELA (IED);URBANO;NA;NA
U-704;1,11E+11;COLEGIO GUILLERMO LEON VALENCIA (IED);URBANO;NA;NA
U-705;1,11E+11;COLEGIO GUILLERMO LEON VALENCIA (IED);URBANO;NA;NA
U-706;1,11E+11;COLEGIO ANDRES BELLO (IED);URBANO;NA;NA
U-707;1,11E+11;COLEGIO ANDRES BELLO (IED);URBANO;NA;NA
U-708;1,11E+11;COLEGIO ANDRES BELLO (IED);URBANO;NA;NA
U-709;1,11E+11;COLEGIO ANTONIO JOSE DE SUCRE (IED);URBANO;NA;NA
U-710;1,11E+11;COLEGIO ANTONIO JOSE DE SUCRE (IED);URBANO;NA;NA
U-719;1,11E+11;COLEGIO SILVERIA ESPINOSA DE RENDON (IED);URBANO;NA;NA
U-722;1,11E+11;COLEGIO EDUARDO SANTOS (IED);URBANO;NA;NA
U-724;1,11E+11;COLEGIO ANTONIO BARAYA (IED);URBANO;NA;NA
U-725;1,11E+11;COLEGIO ANTONIO BARAYA (IED);URBANO;NA;NA
U-726;1,11E+11;COLEGIO ANTONIO BARAYA (IED);URBANO;NA;NA
U-728;1,11E+11;COLEGIO TECNICO BENJAMIN HERRERA (IED);URBANO;NA;NA
U-730;1,11E+11;COLEGIO BRAVO PAEZ (IED);URBANO;NA;NA
U-731;1,11E+11;COLEGIO BRAVO PAEZ (IED);URBANO;NA;NA
U-732;1,11E+11;COLEGIO BRAVO PAEZ (IED);URBANO;NA;NA
U-734;1,11E+11;COLEGIO BRAVO PAEZ (IED);URBANO;NA;NA
U-735;1,11E+11;COLEGIO BRAVO PAEZ (IED);URBANO;NA;NA
U-736;1,11E+11;COLEGIO BRAVO PAEZ (IED);URBANO;NA;NA
U-737;1,11E+11;COLEGIO BRAVO PAEZ (IED);URBANO;NA;NA
U-738;1,11E+11;COLEGIO BRAVO PAEZ (IED);URBANO;NA;NA
U-740;1,11E+11;COLEGIO CLEMENCIA HOLGUIN DE URDANETA (IED);URBANO;NA;NA
U-741;1,11E+11;COLEGIO CLEMENCIA HOLGUIN DE URDANETA (IED);URBANO;NA;NA
U-742;1,11E+11;COLEGIO CLEMENCIA HOLGUIN DE URDANETA (IED);URBANO;NA;NA
U-749;1,11E+11;COLEGIO EL LIBERTADOR (IED);URBANO;NA;NA
U-750;1,11E+11;COLEGIO EL LIBERTADOR (IED);URBANO;NA;NA
U-752;1,11E+11;COLEGIO EL LIBERTADOR (IED);URBANO;NA;NA
U-754;1,11E+11;COLEGIO EL LIBERTADOR (IED);URBANO;NA;NA
U-757;1,11E+11;COLEGIO EL LIBERTADOR (IED);URBANO;NA;NA
U-759;1,11E+11;COLEGIO EL LIBERTADOR (IED);URBANO;NA;NA
U-760;1,11E+11;COLEGIO ENRIQUE OLAYA HERRERA (IED);URBANO;NA;NA
U-761;1,11E+11;COLEGIO ENRIQUE OLAYA HERRERA (IED);URBANO;NA;NA
U-762;1,11E+11;COLEGIO ENRIQUE OLAYA HERRERA (IED);URBANO;NA;NA
U-763;1,11E+11;COLEGIO ENRIQUE OLAYA HERRERA (IED);URBANO;NA;NA
U-764;1,11E+11;COLEGIO ENRIQUE OLAYA HERRERA (IED);URBANO;NA;NA
U-765;1,11E+11;COLEGIO ENRIQUE OLAYA HERRERA (IED);URBANO;NA;NA
U-769;1,11E+11;COLEGIO ENRIQUE OLAYA HERRERA (IED);URBANO;NA;NA
U-770;1,11E+11;COLEGIO ENRIQUE OLAYA HERRERA (IED);URBANO;NA;NA
U-771;1,11E+11;COLEGIO ENRIQUE OLAYA HERRERA (IED);URBANO;NA;NA
U-772;1,11E+11;COLEGIO ENRIQUE OLAYA HERRERA (IED);URBANO;NA;NA
U-773;1,11E+11;COLEGIO GUSTAVO RESTREPO (IED);URBANO;NA;NA
U-774;1,11E+11;COLEGIO GUSTAVO RESTREPO (IED);URBANO;NA;NA
U-775;1,11E+11;COLEGIO GUSTAVO RESTREPO (IED);URBANO;NA;NA
U-776;1,11E+11;COLEGIO GUSTAVO RESTREPO (IED);URBANO;NA;NA
U-777;1,11E+11;COLEGIO GUSTAVO RESTREPO (IED);URBANO;NA;NA
U-778;1,11E+11;COLEGIO GUSTAVO RESTREPO (IED);URBANO;NA;NA
U-779;1,11E+11;COLEGIO GUSTAVO RESTREPO (IED);URBANO;NA;NA
U-780;1,11E+11;COLEGIO GUSTAVO RESTREPO (IED);URBANO;NA;NA
U-781;1,11E+11;COLEGIO GUSTAVO RESTREPO (IED);URBANO;NA;NA
U-782;1,11E+11;COLEGIO GUSTAVO RESTREPO (IED);URBANO;NA;NA
U-783;1,11E+11;COLEGIO GUSTAVO RESTREPO (IED);URBANO;NA;NA
U-784;1,11E+11;COLEGIO GUSTAVO RESTREPO (IED);URBANO;NA;NA
U-785;1,11E+11;COLEGIO GUSTAVO RESTREPO (IED);URBANO;NA;NA
U-786;1,11E+11;COLEGIO GUSTAVO RESTREPO (IED);URBANO;NA;NA
U-787;1,11E+11;COLEGIO GUSTAVO RESTREPO (IED);URBANO;NA;NA
U-789;1,11E+11;COLEGIO GUSTAVO RESTREPO (IED);URBANO;NA;NA
U-790;1,11E+11;COLEGIO GUSTAVO RESTREPO (IED);URBANO;NA;NA
U-791;1,11E+11;COLEGIO GUSTAVO RESTREPO (IED);URBANO;NA;NA
U-792;1,11E+11;COLEGIO GUSTAVO RESTREPO (IED);URBANO;NA;NA
U-793;1,11E+11;COLEGIO GUSTAVO RESTREPO (IED);URBANO;NA;NA
U-794;1,11E+11;COLEGIO GUSTAVO RESTREPO (IED);URBANO;NA;NA
U-795;1,11E+11;COLEGIO JOSE MARTI (IED);URBANO;NA;NA
U-796;1,11E+11;COLEGIO JOSE MARTI (IED);URBANO;NA;NA
U-797;1,11E+11;COLEGIO JOSE MARTI (IED);URBANO;NA;NA
U-798;1,11E+11;COLEGIO JOSE MARTI (IED);URBANO;NA;NA
U-799;1,11E+11;COLEGIO JOSE MARTI (IED);URBANO;NA;NA
U-800;1,11E+11;COLEGIO JOSE MARTI (IED);URBANO;NA;NA
U-801;1,11E+11;COLEGIO JOSE MARTI (IED);URBANO;NA;NA
U-802;1,11E+11;COLEGIO JOSE MARTI (IED);URBANO;NA;NA
U-803;1,11E+11;COLEGIO JOSE MARTI (IED);URBANO;NA;NA
U-805;1,11E+11;COLEGIO JOSE MARTI (IED);URBANO;NA;NA
U-806;1,11E+11;COLEGIO JOSE MARTI (IED);URBANO;NA;NA
U-807;1,11E+11;COLEGIO JOSE MARTI (IED);URBANO;NA;NA
U-808;1,11E+11;COLEGIO JOSE MARTI (IED);URBANO;NA;NA
U-810;1,11E+11;COLEGIO JOSE MARTI (IED);URBANO;NA;NA
U-812;1,11E+11;COLEGIO JOSE MARTI (IED);URBANO;NA;NA
U-813;1,11E+11;COLEGIO JOSE MARTI (IED);URBANO;NA;NA
U-815;1,11E+11;COLEGIO LICEO FEMENINO DE CUNDINAMARCA MERCEDES NARIÑO (IED);URBANO;NA;NA
U-816;1,11E+11;COLEGIO LICEO FEMENINO DE CUNDINAMARCA MERCEDES NARIÑO (IED);URBANO;NA;NA
U-818;1,11E+11;COLEGIO MANUEL DEL SOCORRO RODRIGUEZ (IED);URBANO;NA;NA
U-819;1,11E+11;COLEGIO MANUEL DEL SOCORRO RODRIGUEZ (IED);URBANO;NA;NA
U-822;1,11E+11;COLEGIO MANUEL DEL SOCORRO RODRIGUEZ (IED);URBANO;NA;NA
U-823;1,11E+11;COLEGIO MANUEL DEL SOCORRO RODRIGUEZ (IED);URBANO;NA;NA
U-826;1,11E+11;COLEGIO MANUEL DEL SOCORRO RODRIGUEZ (IED);URBANO;NA;NA
U-827;1,11E+11;COLEGIO MANUEL DEL SOCORRO RODRIGUEZ (IED);URBANO;NA;NA
U-833;1,11E+11;COLEGIO MISAEL PASTRANA BORRERO (IED);URBANO;NA;NA
U-834;1,11E+11;COLEGIO MISAEL PASTRANA BORRERO (IED);URBANO;NA;NA
U-837;1,11E+11;COLEGIO QUIROGA ALIANZA (IED);URBANO;NA;NA
U-839;1,11E+11;COLEGIO QUIROGA ALIANZA (IED);URBANO;NA;NA
U-840;1,11E+11;COLEGIO QUIROGA ALIANZA (IED);URBANO;NA;NA
U-843;1,11E+11;COLEGIO RAFAEL DELGADO SALGUERO (IED);URBANO;NA;NA
U-844;1,11E+11;COLEGIO RAFAEL DELGADO SALGUERO (IED);URBANO;NA;NA
U-845;1,11E+11;COLEGIO RAFAEL DELGADO SALGUERO (IED);URBANO;NA;NA
U-846;1,11E+11;COLEGIO RAFAEL DELGADO SALGUERO (IED);URBANO;NA;NA
U-847;1,11E+11;COLEGIO RAFAEL DELGADO SALGUERO (IED);URBANO;NA;NA
U-848;1,11E+11;COLEGIO RAFAEL DELGADO SALGUERO (IED);URBANO;NA;NA
U-854;1,11E+11;COLEGIO REPUBLICA FEDERAL DE ALEMANIA (IED);URBANO;NA;NA
U-855;1,11E+11;COLEGIO REPUBLICA FEDERAL DE ALEMANIA (IED);URBANO;NA;NA
U-858;1,11E+11;COLEGIO REPUBLICA FEDERAL DE ALEMANIA (IED);URBANO;NA;NA
U-859;1,11E+11;COLEGIO REPUBLICA FEDERAL DE ALEMANIA (IED);URBANO;NA;NA
U-860;1,11E+11;COLEGIO REPUBLICA FEDERAL DE ALEMANIA (IED);URBANO;NA;NA
U-867;1,11E+11;COLEGIO RESTREPO MILLAN (IED);URBANO;NA;NA
U-868;1,11E+11;COLEGIO RESTREPO MILLAN (IED);URBANO;NA;NA
U-869;1,11E+11;COLEGIO RESTREPO MILLAN (IED);URBANO;NA;NA
U-872;1,11E+11;COLEGIO RESTREPO MILLAN (IED);URBANO;NA;NA
U-873;1,11E+11;COLEGIO RESTREPO MILLAN (IED);URBANO;NA;NA
U-875;1,11E+11;COLEGIO RESTREPO MILLAN (IED);URBANO;NA;NA
U-877;1,11E+11;COLEGIO RESTREPO MILLAN (IED);URBANO;NA;NA
U-879;1,11E+11;COLEGIO RESTREPO MILLAN (IED);URBANO;NA;NA
U-880;1,11E+11;COLEGIO RESTREPO MILLAN (IED);URBANO;NA;NA
U-882;1,11E+11;COLEGIO RESTREPO MILLAN (IED);URBANO;NA;NA
U-887;1,11E+11;COLEGIO JOSE MARIA VARGAS VILA (IED);URBANO;NA;NA
U-888;1,11E+11;COLEGIO JOSE MARIA VARGAS VILA (IED);URBANO;NA;NA
U-889;1,11E+11;COLEGIO JOSE MARIA VARGAS VILA (IED);URBANO;NA;NA
U-890;1,11E+11;COLEGIO JOSE MARIA VARGAS VILA (IED);URBANO;NA;NA
U-891;1,11E+11;COLEGIO JOSE MARIA VARGAS VILA (IED);URBANO;NA;NA
U-892;1,11E+11;COLEGIO JOSE MARIA VARGAS VILA (IED);URBANO;NA;NA
U-893;1,11E+11;COLEGIO JOSE MARIA VARGAS VILA (IED);URBANO;NA;NA
U-894;1,11E+11;COLEGIO JOSE MARIA VARGAS VILA (IED);URBANO;NA;NA
U-895;1,11E+11;COLEGIO JOSE MARIA VARGAS VILA (IED);URBANO;NA;NA
U-896;1,11E+11;COLEGIO JOSE MARIA VARGAS VILA (IED);URBANO;NA;NA
U-897;1,11E+11;COLEGIO SAN FRANCISCO (IED);URBANO;NA;NA
U-898;1,11E+11;COLEGIO SAN FRANCISCO (IED);URBANO;NA;NA
U-899;1,11E+11;COLEGIO FRIEDRICH NAUMANN (IED);URBANO;NA;NA
U-907;1,12E+11;COLEGIO GERARDO PAREDES (IED);URBANO;NA;NA
U-908;1,12E+11;COLEGIO GERARDO PAREDES (IED);URBANO;NA;NA
U-909;1,12E+11;COLEGIO GERARDO PAREDES (IED);URBANO;NA;NA
U-910;1,12E+11;COLEGIO GERARDO PAREDES (IED);URBANO;NA;NA
U-912;1,12E+11;COLEGIO GERARDO PAREDES (IED);URBANO;NA;NA
U-915;1,11E+11;COLEGIO GUSTAVO RESTREPO (IED);URBANO;NA;NA
U-916;1,11E+11;COLEGIO COMPARTIR RECUERDO (IED);URBANO;NA;NA
U-917;1,11E+11;COLEGIO LA AMISTAD (IED);URBANO;NA;NA
U-918;1,11E+11;COLEGIO LA AMISTAD (IED);URBANO;NA;NA
U-919;1,11E+11;COLEGIO LA AMISTAD (IED);URBANO;NA;NA
U-920;1,11E+11;COLEGIO LA AMISTAD (IED);URBANO;NA;NA
U-923;1,11E+11;COLEGIO CARLOS ARTURO TORRES (IED);URBANO;NA;NA
U-926;1,11E+11;COLEGIO LA MERCED (IED);URBANO;NA;NA
U-927;1,11E+11;COLEGIO LA MERCED (IED);URBANO;NA;NA
J-4037-15-V1;1,11E+11;COLEGIO CUNDINAMARCA (IED);COMPLEMENTARIA;PARQUE PAVCO;AC 57R S 72 00
J-4037-15-V2;1,11E+11;COLEGIO CUNDINAMARCA (IED);COMPLEMENTARIA;PARQUE PAVCO;AC 57R S 72 00
U-942;1,11E+11;COLEGIO LA AMISTAD (IED);URBANO;NA;NA
U-944;1,11E+11;COLEGIO ALFONSO LOPEZ PUMAREJO (IED);URBANO;NA;NA
U-945;1,11E+11;COLEGIO ALFONSO LOPEZ PUMAREJO (IED);URBANO;NA;NA
J-4037-16-V1;1,11E+11;COLEGIO CUNDINAMARCA (IED);COMPLEMENTARIA;PARQUE POLIDEPORTIVO LA ESTANCIA;CL 59 S 74 19
J-4037-16-V2;1,11E+11;COLEGIO CUNDINAMARCA (IED);COMPLEMENTARIA;PARQUE POLIDEPORTIVO LA ESTANCIA;CL 59 S 74 19
J-4037-19-V1;1,11E+11;COLEGIO CUNDINAMARCA (IED);COMPLEMENTARIA;PARQUE PAVCO;AC 57R S 72 00
J-4037-19-V2;1,11E+11;COLEGIO CUNDINAMARCA (IED);COMPLEMENTARIA;PARQUE PAVCO;AC 57R S 72 00
J-4037-26-V1;1,11E+11;COLEGIO CUNDINAMARCA (IED);COMPLEMENTARIA;PARQUE PAVCO ;AC 57R S 72 00
J-4037-29-V1;1,11E+11;COLEGIO CUNDINAMARCA (IED);COMPLEMENTARIA;PARQUE POLIDEPORTIVO LA ESTANCIA;CL 59 S 74 19
J-4037-30-V1;1,11E+11;COLEGIO CUNDINAMARCA (IED);COMPLEMENTARIA;PARQUE POLIDEPORTIVO LA ESTANCIA;CL 59 S 74 19
U-957;1,11E+11;COLEGIO BRAVO PAEZ (IED);URBANO;NA;NA
J-4037-32-V1;1,11E+11;COLEGIO CUNDINAMARCA (IED);COMPLEMENTARIA;PARQUE PAVCO ;AC 57R S 72 00
J-4047-01-V1;1,11E+11;COLEGIO RODRIGO LARA BONILLA (IED);COMPLEMENTARIA;EL TALLER (EL ENSUEÑO);CR 70C TV 70D BIS A
J-4047-02-V1;1,11E+11;COLEGIO RODRIGO LARA BONILLA (IED);COMPLEMENTARIA;EL TALLER (EL ENSUEÑO);CR 70C TV 70D BIS A
J-4047-02-V2;1,11E+11;COLEGIO RODRIGO LARA BONILLA (IED);COMPLEMENTARIA;EL TALLER (EL ENSUEÑO);CR 70C TV 70D BIS A
J-4047-03-V1;1,11E+11;COLEGIO RODRIGO LARA BONILLA (IED);COMPLEMENTARIA;EL TALLER (EL ENSUEÑO);CR 70C TV 70D BIS A
J-4047-03-V2;1,11E+11;COLEGIO RODRIGO LARA BONILLA (IED);COMPLEMENTARIA;POLIDEPORTIVO ARBORIZADORA ALTA;DG 73 S 40 80
U-976;1,11E+11;COLEGIO MARIA CANO (IED);URBANO;NA;NA
U-977;1,11E+11;COLEGIO MARIA CANO (IED);URBANO;NA;NA
J-4047-04-V1;1,11E+11;COLEGIO RODRIGO LARA BONILLA (IED);COMPLEMENTARIA;EL TALLER (EL ENSUEÑO);CR 70C TV 70D BIS A
J-4047-05-V1;1,11E+11;COLEGIO RODRIGO LARA BONILLA (IED);COMPLEMENTARIA;POLIDEPORTIVO ARBORIZADORA ALTA;DG 73 S 40 80
J-4047-05-V2;1,11E+11;COLEGIO RODRIGO LARA BONILLA (IED);COMPLEMENTARIA;POLIDEPORTIVO ARBORIZADORA ALTA;DG 73 S 40 80
J-4047-06-V1;1,11E+11;COLEGIO RODRIGO LARA BONILLA (IED);COMPLEMENTARIA;POLIDEPORTIVO ARBORIZADORA ALTA;DG 73 S 40 80
U-998;1,11E+11;COLEGIO MARIA CANO (IED);URBANO;NA;NA
U-999;1,11E+11;COLEGIO MARIA CANO (IED);URBANO;NA;NA
R-010;2,12E+11;COLEGIO EL DESTINO (IED);RURAL;NA;NA
R-093;2,12E+11;COLEGIO RURAL PASQUILLA (IED);RURAL;NA;NA
R-015;2,12E+11;COLEGIO EL DESTINO (IED);RURAL;NA;NA
R-094;2,12E+11;COLEGIO RURAL PASQUILLA (IED);RURAL;NA;NA
R-095;2,12E+11;COLEGIO RURAL PASQUILLA (IED);RURAL;NA;NA
R-054;2,12E+11;COLEGIO RURAL LA ARGENTINA (CED);RURAL;NA;NA
R-055;2,12E+11;COLEGIO RURAL EL HATO (CED);RURAL;NA;NA
R-097;2,12E+11;COLEGIO RURAL PASQUILLA (IED);RURAL;NA;NA
R-098;2,12E+11;COLEGIO RURAL PASQUILLA (IED);RURAL;NA;NA
R-379;2,12E+11;COLEGIO RURAL LAS MERCEDES (CED);RURAL;NA;NA
R-099;2,12E+11;COLEGIO RURAL PASQUILLA (IED);RURAL;NA;NA
R-100;2,12E+11;COLEGIO RURAL PASQUILLA (IED);RURAL;NA;NA
S-009;2,11E+11;COLEGIO CAMPESTRE JAIME GARZON (IED);SUMAPAZ;NA;NA
R-102;2,12E+11;COLEGIO RURAL PASQUILLA (IED);RURAL;NA;NA
U-1122;1,11E+11;COLEGIO MARSELLA (IED);URBANO;NA;NA
U-1418;1,11E+11;COLEGIO MARSELLA (IED);URBANO;NA;NA
U-328;1,11E+11;COLEGIO SAN JOSE DE CASTILLA (IED);URBANO;NA;NA
U-788;1,11E+11;COLEGIO GUSTAVO RESTREPO (IED);URBANO;NA;NA
J-4003-01-V1;1,11E+11;COLEGIO FRANCISCO PRIMERO S.S. (IED);COMPLEMENTARIA;BIBLIOTECA LUIS ANGEL ARANGO;CL 11 4 14
J-4004-03-V4;1,11E+11;COLEGIO JUAN FRANCISCO BERBEO (IED);COMPLEMENTARIA;PARQUE RECREO DEPORTIVO EL SALITRE;AV LA ESMERALDA 63 69
J-4004-04-V1;1,11E+11;COLEGIO JUAN FRANCISCO BERBEO (IED);COMPLEMENTARIA;PARQUE RECREO DEPORTIVO EL SALITRE;AV LA ESMERALDA 63 69
J-4004-04-V2;1,11E+11;COLEGIO JUAN FRANCISCO BERBEO (IED);COMPLEMENTARIA;PARQUE RECREO DEPORTIVO EL SALITRE;AV LA ESMERALDA 63 69
J-4004-04-V3;1,11E+11;COLEGIO JUAN FRANCISCO BERBEO (IED);COMPLEMENTARIA;PARQUE RECREO DEPORTIVO EL SALITRE;AV LA ESMERALDA 63 69
J-4030-01-V1;1,11E+11;COLEGIO CAMPESTRE MONTE VERDE (IED);COMPLEMENTARIA;COMPENSAR AV 68;KR 69 49A 73
J-4030-01-V2;1,11E+11;COLEGIO CAMPESTRE MONTE VERDE (IED);COMPLEMENTARIA;COMPENSAR AV 68;KR 69 49A 73
J-4030-01-V3;1,11E+11;COLEGIO CAMPESTRE MONTE VERDE (IED);COMPLEMENTARIA;COMPENSAR AV 68;KR 69 49A 73
J-4030-02-V1;1,11E+11;COLEGIO CAMPESTRE MONTE VERDE (IED);COMPLEMENTARIA;COMPENSAR AV 68;KR 69 49A 73
J-4030-02-V2;1,11E+11;COLEGIO CAMPESTRE MONTE VERDE (IED);COMPLEMENTARIA;COMPENSAR AV 68;KR 69 49A 73
J-4030-02-V3;1,11E+11;COLEGIO CAMPESTRE MONTE VERDE (IED);COMPLEMENTARIA;COMPENSAR AV 68;KR 69 49A 73
J-4030-03-V1;1,11E+11;COLEGIO CAMPESTRE MONTE VERDE (IED);COMPLEMENTARIA;COMPENSAR AV 68;KR 69 49A 73
J-4030-03-V2;1,11E+11;COLEGIO CAMPESTRE MONTE VERDE (IED);COMPLEMENTARIA;COMPENSAR AV 68;KR 69 49A 73
J-4030-03-V3;1,11E+11;COLEGIO CAMPESTRE MONTE VERDE (IED);COMPLEMENTARIA;COMPENSAR AV 68;KR 69 49A 73
J-4030-04-V1;1,11E+11;COLEGIO CAMPESTRE MONTE VERDE (IED);COMPLEMENTARIA;COMPENSAR AV 68;KR 69 49A 73
J-4047-07-V1;1,11E+11;COLEGIO RODRIGO LARA BONILLA (IED);COMPLEMENTARIA;POLIDEPORTIVO ARBORIZADORA ALTA;DG 73 S 40 80
J-4053-13-V1;1,11E+11;COLEGIO ANTONIO NARIÑO (IED);COMPLEMENTARIA;PRD;AC 60 63 65
J-4053-13-V2;1,11E+11;COLEGIO ANTONIO NARIÑO (IED);COMPLEMENTARIA;PRD;AC 60 63 65
J-4053-14-V1;1,11E+11;COLEGIO ANTONIO NARIÑO (IED);COMPLEMENTARIA;PRD;AC 60 63 65
J-4053-14-V2;1,11E+11;COLEGIO ANTONIO NARIÑO (IED);COMPLEMENTARIA;PRD;AC 60 63 65
J-4053-15-V1;1,11E+11;COLEGIO ANTONIO NARIÑO (IED);COMPLEMENTARIA;PRD;AC 60 63 65
J-4053-15-V2;1,11E+11;COLEGIO ANTONIO NARIÑO (IED);COMPLEMENTARIA;PRD;AC 60 63 65
J-4053-16-V1;1,11E+11;COLEGIO ANTONIO NARIÑO (IED);COMPLEMENTARIA;PRD;AC 60 63 65
T-061;1,11E+11;COLEGIO LA CONCEPCION (IED);TRASLADO;NA;NA
T-062;1,11E+11;COLEGIO LA CONCEPCION (IED);TRASLADO;NA;NA
T-063;1,11E+11;COLEGIO LA CONCEPCION (IED);TRASLADO;NA;NA
T-064;1,11E+11;COLEGIO LA CONCEPCION (IED);TRASLADO;NA;NA
T-065;1,11E+11;COLEGIO LA CONCEPCION (IED);TRASLADO;NA;NA
T-068;1,11E+11;COLEGIO LA CONCEPCION (IED);TRASLADO;NA;NA
T-074;1,11E+11;COLEGIO LA CONCEPCION (IED);TRASLADO;NA;NA
T-076;1,11E+11;COLEGIO LA CONCEPCION (IED);TRASLADO;NA;NA
T-077;1,11E+11;COLEGIO LA CONCEPCION (IED);TRASLADO;NA;NA
T-079;1,11E+11;COLEGIO LA CONCEPCION (IED);TRASLADO;NA;NA
T-080;1,11E+11;COLEGIO LA CONCEPCION (IED);TRASLADO;NA;NA
T-1062;1,11E+11;COLEGIO LA CONCEPCION (IED);TRASLADO;NA;NA
J-4029-13-V2;2,11E+11;COLEGIO VILLAS DEL PROGRESO (IED);COMPLEMENTARIA;CUR AV 68;AK 68 49A 47
J-4029-13-V1;2,11E+11;COLEGIO VILLAS DEL PROGRESO (IED);COMPLEMENTARIA;CUR AV 68;AK 68 49A 47
J-4029-12-V2;2,11E+11;COLEGIO VILLAS DEL PROGRESO (IED);COMPLEMENTARIA;CUR AV 68;AK 68 49A 47
J-4029-12-V1;2,11E+11;COLEGIO VILLAS DEL PROGRESO (IED);COMPLEMENTARIA;CUR AV 68;AK 68 49A 47
J-4029-11-V1;2,11E+11;COLEGIO VILLAS DEL PROGRESO (IED);COMPLEMENTARIA;CUR AV 68;AK 68 49A 47
J-4029-10-V2;2,11E+11;COLEGIO VILLAS DEL PROGRESO (IED);COMPLEMENTARIA;CUR AV 68;AK 68 49A 47
J-4029-10-V1;2,11E+11;COLEGIO VILLAS DEL PROGRESO (IED);COMPLEMENTARIA;CUR AV 68;AK 68 49A 47
J-4029-15-V1;2,11E+11;COLEGIO VILLAS DEL PROGRESO (IED);COMPLEMENTARIA;CUR AV 68;AK 68 49A 47
J-4029-14-V1;2,11E+11;COLEGIO VILLAS DEL PROGRESO (IED);COMPLEMENTARIA;CUR AV 68;AK 68 49A 47
T-263;1,11E+11;COLEGIO LA CONCEPCION (IED);TRASLADO;NA;NA
T-264;1,11E+11;COLEGIO LA CONCEPCION (IED);TRASLADO;NA;NA
T-265;1,11E+11;COLEGIO LA CONCEPCION (IED);TRASLADO;NA;NA
T-266;1,11E+11;COLEGIO LA CONCEPCION (IED);TRASLADO;NA;NA
T-779;1,11E+11;COLEGIO LA CONCEPCION (IED);TRASLADO;NA;NA
T-780;1,11E+11;COLEGIO LA CONCEPCION (IED);TRASLADO;NA;NA
T-992;1,11E+11;COLEGIO LA CONCEPCION (IED);TRASLADO;NA;NA
T-993;1,11E+11;COLEGIO LA CONCEPCION (IED);TRASLADO;NA;NA
T-994;1,11E+11;COLEGIO LA CONCEPCION (IED);TRASLADO;NA;NA
U-1032;1,11E+11;COLEGIO NUEVO CHILE (IED);URBANO;NA;NA
U-1037;1,11E+11;COLEGIO CARLOS ALBAN HOLGUIN (IED);URBANO;NA;NA
U-1038;1,11E+11;COLEGIO CARLOS ALBAN HOLGUIN (IED);URBANO;NA;NA
U-1039;1,11E+11;COLEGIO CARLOS ALBAN HOLGUIN (IED);URBANO;NA;NA
U-1041;1,11E+11;COLEGIO CARLOS ALBAN HOLGUIN (IED);URBANO;NA;NA
U-1047;1,11E+11;COLEGIO JOHN F. KENNEDY (IED);URBANO;NA;NA
U-1048;1,11E+11;COLEGIO JOHN F. KENNEDY (IED);URBANO;NA;NA
U-1104;1,11E+11;COLEGIO DEBORA ARANGO PEREZ (IED);URBANO;NA;NA
U-1400;1,11E+11;COLEGIO SAN PEDRO CLAVER (IED);URBANO;NA;NA
U-1401;1,11E+11;COLEGIO SAN PEDRO CLAVER (IED);URBANO;NA;NA
U-1402;1,11E+11;COLEGIO SAN PEDRO CLAVER (IED);URBANO;NA;NA
U-1406;1,11E+11;COLEGIO CEDID CIUDAD BOLIVAR (IED);URBANO;NA;NA
U-1417;1,11E+11;COLEGIO CARLOS ALBAN HOLGUIN (IED);URBANO;NA;NA
U-1421;1,11E+11;COLEGIO ESMERALDA ARBOLEDA CADAVID (IED);URBANO;NA;NA
U-1422;1,11E+11;COLEGIO ESMERALDA ARBOLEDA CADAVID (IED);URBANO;NA;NA
U-1423;1,11E+11;COLEGIO ESMERALDA ARBOLEDA CADAVID (IED);URBANO;NA;NA
U-1424;1,11E+11;COLEGIO ESMERALDA ARBOLEDA CADAVID (IED);URBANO;NA;NA
U-1425;1,11E+11;COLEGIO ESMERALDA ARBOLEDA CADAVID (IED);URBANO;NA;NA
U-1426;1,11E+11;COLEGIO ESMERALDA ARBOLEDA CADAVID (IED);URBANO;NA;NA
U-1427;1,11E+11;COLEGIO ESMERALDA ARBOLEDA CADAVID (IED);URBANO;NA;NA
U-1428;1,11E+11;COLEGIO ESMERALDA ARBOLEDA CADAVID (IED);URBANO;NA;NA
U-1429;1,11E+11;COLEGIO ESMERALDA ARBOLEDA CADAVID (IED);URBANO;NA;NA
U-1430;1,11E+11;COLEGIO ESMERALDA ARBOLEDA CADAVID (IED);URBANO;NA;NA
U-1431;1,11E+11;COLEGIO ESMERALDA ARBOLEDA CADAVID (IED);URBANO;NA;NA
U-1432;1,11E+11;COLEGIO ESMERALDA ARBOLEDA CADAVID (IED);URBANO;NA;NA
U-1433;1,11E+11;COLEGIO ESMERALDA ARBOLEDA CADAVID (IED);URBANO;NA;NA
U-1434;1,11E+11;COLEGIO ESMERALDA ARBOLEDA CADAVID (IED);URBANO;NA;NA
U-1455;1,11E+11;COLEGIO ALFONSO REYES ECHANDIA (IED);URBANO;NA;NA
U-1493;1,11E+11;COLEGIO PAULO VI (IED);URBANO;NA;NA
U-1518;1,11E+11;COLEGIO INEM FRANCISCO DE PAULA SANTANDER (IED);URBANO;NA;NA
U-1523;1,11E+11;COLEGIO JOHN F. KENNEDY (IED);URBANO;NA;NA
U-1560;1,11E+11;COLEGIO INEM FRANCISCO DE PAULA SANTANDER (IED);URBANO;NA;NA
U-1561;1,11E+11;COLEGIO INEM FRANCISCO DE PAULA SANTANDER (IED);URBANO;NA;NA
U-1562;1,11E+11;COLEGIO INEM FRANCISCO DE PAULA SANTANDER (IED);URBANO;NA;NA
U-1563;1,11E+11;COLEGIO INEM FRANCISCO DE PAULA SANTANDER (IED);URBANO;NA;NA
U-1564;1,11E+11;COLEGIO INEM FRANCISCO DE PAULA SANTANDER (IED);URBANO;NA;NA
U-1565;1,11E+11;COLEGIO INEM FRANCISCO DE PAULA SANTANDER (IED);URBANO;NA;NA
U-1568;1,11E+11;COLEGIO JOHN F. KENNEDY (IED);URBANO;NA;NA
U-1575;1,11E+11;COLEGIO INEM FRANCISCO DE PAULA SANTANDER (IED);URBANO;NA;NA
U-1580;1,11E+11;COLEGIO JOHN F. KENNEDY (IED);URBANO;NA;NA
U-1582;1,11E+11;COLEGIO INEM FRANCISCO DE PAULA SANTANDER (IED);URBANO;NA;NA
U-1583;1,11E+11;COLEGIO INEM FRANCISCO DE PAULA SANTANDER (IED);URBANO;NA;NA
U-1584;1,11E+11;COLEGIO TOM ADAMS (IED);URBANO;NA;NA
U-1585;1,11E+11;COLEGIO TOM ADAMS (IED);URBANO;NA;NA
U-1591;1,11E+11;COLEGIO INEM FRANCISCO DE PAULA SANTANDER (IED);URBANO;NA;NA
U-1592;1,11E+11;COLEGIO INEM FRANCISCO DE PAULA SANTANDER (IED);URBANO;NA;NA
U-1593;1,11E+11;COLEGIO INEM FRANCISCO DE PAULA SANTANDER (IED);URBANO;NA;NA
U-1600;1,11E+11;COLEGIO JOHN F. KENNEDY (IED);URBANO;NA;NA
U-1632;1,11E+11;COLEGIO MANUEL CEPEDA VARGAS (IED);URBANO;NA;NA
U-1660;1,11E+11;COLEGIO LOS PERIODISTAS (IED);URBANO;NA;NA
U-186;1,11E+11;COLEGIO ALFONSO REYES ECHANDIA (IED);URBANO;NA;NA
U-187;1,11E+11;COLEGIO ALFONSO REYES ECHANDIA (IED);URBANO;NA;NA
U-188;1,11E+11;COLEGIO ALFONSO REYES ECHANDIA (IED);URBANO;NA;NA
U-189;1,11E+11;COLEGIO ALFONSO REYES ECHANDIA (IED);URBANO;NA;NA
U-190;1,11E+11;COLEGIO ALFONSO REYES ECHANDIA (IED);URBANO;NA;NA
U-191;1,11E+11;COLEGIO ALFONSO REYES ECHANDIA (IED);URBANO;NA;NA
U-192;1,11E+11;COLEGIO ALFONSO REYES ECHANDIA (IED);URBANO;NA;NA
U-193;1,11E+11;COLEGIO ALFONSO REYES ECHANDIA (IED);URBANO;NA;NA
U-194;1,11E+11;COLEGIO ALFONSO REYES ECHANDIA (IED);URBANO;NA;NA
U-195;1,11E+11;COLEGIO ALFONSO REYES ECHANDIA (IED);URBANO;NA;NA
U-196;1,11E+11;COLEGIO ALFONSO REYES ECHANDIA (IED);URBANO;NA;NA
U-197;1,11E+11;COLEGIO ALFONSO REYES ECHANDIA (IED);URBANO;NA;NA
U-198;1,11E+11;COLEGIO ALFONSO REYES ECHANDIA (IED);URBANO;NA;NA
U-216;1,11E+11;COLEGIO DEBORA ARANGO PEREZ (IED);URBANO;NA;NA
U-217;1,11E+11;COLEGIO DEBORA ARANGO PEREZ (IED);URBANO;NA;NA
U-218;1,11E+11;COLEGIO DEBORA ARANGO PEREZ (IED);URBANO;NA;NA
U-219;1,11E+11;COLEGIO DEBORA ARANGO PEREZ (IED);URBANO;NA;NA
U-220;1,11E+11;COLEGIO DEBORA ARANGO PEREZ (IED);URBANO;NA;NA
U-274;1,11E+11;COLEGIO INEM FRANCISCO DE PAULA SANTANDER (IED);URBANO;NA;NA
U-275;1,11E+11;COLEGIO INEM FRANCISCO DE PAULA SANTANDER (IED);URBANO;NA;NA
U-276;1,11E+11;COLEGIO INEM FRANCISCO DE PAULA SANTANDER (IED);URBANO;NA;NA
U-278;1,11E+11;COLEGIO INEM FRANCISCO DE PAULA SANTANDER (IED);URBANO;NA;NA
U-279;1,11E+11;COLEGIO INEM FRANCISCO DE PAULA SANTANDER (IED);URBANO;NA;NA
U-280;1,11E+11;COLEGIO INEM FRANCISCO DE PAULA SANTANDER (IED);URBANO;NA;NA
U-281;1,11E+11;COLEGIO INEM FRANCISCO DE PAULA SANTANDER (IED);URBANO;NA;NA
U-287;1,11E+11;COLEGIO JOHN F. KENNEDY (IED);URBANO;NA;NA
U-288;1,11E+11;COLEGIO JOHN F. KENNEDY (IED);URBANO;NA;NA
U-289;1,11E+11;COLEGIO JOHN F. KENNEDY (IED);URBANO;NA;NA
U-290;1,11E+11;COLEGIO JOHN F. KENNEDY (IED);URBANO;NA;NA
U-291;1,11E+11;COLEGIO JOHN F. KENNEDY (IED);URBANO;NA;NA
U-302;1,11E+11;COLEGIO LAS AMERICAS (IED);URBANO;NA;NA
J-4029-49-V2;2,11E+11;COLEGIO VILLAS DEL PROGRESO (IED);COMPLEMENTARIA;PARQUE TIMIZA;KR 72N BIS CL 40H SUR
J-4029-49-V1;2,11E+11;COLEGIO VILLAS DEL PROGRESO (IED);COMPLEMENTARIA;PARQUE TIMIZA;KR 72N BIS CL 40H SUR
J-4029-48-V3;2,11E+11;COLEGIO VILLAS DEL PROGRESO (IED);COMPLEMENTARIA;PARQUE TIMIZA;KR 72N BIS CL 40H SUR
J-4029-48-V2;2,11E+11;COLEGIO VILLAS DEL PROGRESO (IED);COMPLEMENTARIA;PARQUE TIMIZA;KR 72N BIS CL 40H SUR
J-4029-48-V1;2,11E+11;COLEGIO VILLAS DEL PROGRESO (IED);COMPLEMENTARIA;PARQUE TIMIZA;KR 72N BIS CL 40H SUR
J-4029-47-V2;2,11E+11;COLEGIO VILLAS DEL PROGRESO (IED);COMPLEMENTARIA;PARQUE TIMIZA;KR 72N BIS CL 40H SUR
J-4029-47-V1;2,11E+11;COLEGIO VILLAS DEL PROGRESO (IED);COMPLEMENTARIA;PARQUE TIMIZA;KR 72N BIS CL 40H SUR
J-4029-46-V2;2,11E+11;COLEGIO VILLAS DEL PROGRESO (IED);COMPLEMENTARIA;PARQUE TIMIZA;KR 72N BIS CL 40H SUR
J-4029-46-V1;2,11E+11;COLEGIO VILLAS DEL PROGRESO (IED);COMPLEMENTARIA;PARQUE TIMIZA;KR 72N BIS CL 40H SUR
J-4029-45-V2;2,11E+11;COLEGIO VILLAS DEL PROGRESO (IED);COMPLEMENTARIA;PARQUE TIMIZA;KR 72N BIS CL 40H SUR
J-4029-45-V1;2,11E+11;COLEGIO VILLAS DEL PROGRESO (IED);COMPLEMENTARIA;PARQUE TIMIZA;KR 72N BIS CL 40H SUR
J-4029-44-V4;2,11E+11;COLEGIO VILLAS DEL PROGRESO (IED);COMPLEMENTARIA;PARQUE TIMIZA;KR 72N BIS CL 40H SUR
J-4029-44-V3;2,11E+11;COLEGIO VILLAS DEL PROGRESO (IED);COMPLEMENTARIA;PARQUE TIMIZA;KR 72N BIS CL 40H SUR
J-4029-44-V2;2,11E+11;COLEGIO VILLAS DEL PROGRESO (IED);COMPLEMENTARIA;PARQUE TIMIZA;KR 72N BIS CL 40H SUR
J-4029-44-V1;2,11E+11;COLEGIO VILLAS DEL PROGRESO (IED);COMPLEMENTARIA;PARQUE TIMIZA;KR 72N BIS CL 40H SUR
J-4029-43-V2;2,11E+11;COLEGIO VILLAS DEL PROGRESO (IED);COMPLEMENTARIA;PARQUE TIMIZA;KR 72N BIS CL 40H SUR
J-4029-43-V1;2,11E+11;COLEGIO VILLAS DEL PROGRESO (IED);COMPLEMENTARIA;PARQUE TIMIZA;KR 72N BIS CL 40H SUR
J-4029-42-V3;2,11E+11;COLEGIO VILLAS DEL PROGRESO (IED);COMPLEMENTARIA;PARQUE TIMIZA;KR 72N BIS CL 40H SUR
J-4029-42-V2;2,11E+11;COLEGIO VILLAS DEL PROGRESO (IED);COMPLEMENTARIA;PARQUE TIMIZA;KR 72N BIS CL 40H SUR
J-4029-42-V1;2,11E+11;COLEGIO VILLAS DEL PROGRESO (IED);COMPLEMENTARIA;PARQUE TIMIZA;KR 72N BIS CL 40H SUR
U-303;1,11E+11;COLEGIO LAS AMERICAS (IED);URBANO;NA;NA
U-304;1,11E+11;COLEGIO LAS AMERICAS (IED);URBANO;NA;NA
U-305;1,11E+11;COLEGIO LAS AMERICAS (IED);URBANO;NA;NA
U-306;1,11E+11;COLEGIO LOS PERIODISTAS (IED);URBANO;NA;NA
U-307;1,11E+11;COLEGIO LOS PERIODISTAS (IED);URBANO;NA;NA
J-4030-04-V2;1,11E+11;COLEGIO CAMPESTRE MONTE VERDE (IED);COMPLEMENTARIA;COMPENSAR AV 68;KR 69 49A 73
J-4030-04-V3;1,11E+11;COLEGIO CAMPESTRE MONTE VERDE (IED);COMPLEMENTARIA;COMPENSAR AV 68;KR 69 49A 73
J-4032-01-V1;1,11E+11;COLEGIO SIMON RODRIGUEZ (IED);COMPLEMENTARIA;PARQUE RECREO DEPORTIVO EL SALITRE;AK 60 63 25
J-4032-03-V1;1,11E+11;COLEGIO SIMON RODRIGUEZ (IED);COMPLEMENTARIA;PARQUE RECREO DEPORTIVO EL SALITRE;AK 60 63 25
J-4032-03-V2;1,11E+11;COLEGIO SIMON RODRIGUEZ (IED);COMPLEMENTARIA;PARQUE RECREO DEPORTIVO EL SALITRE;AK 60 63 25
J-4032-03-V3;1,11E+11;COLEGIO SIMON RODRIGUEZ (IED);COMPLEMENTARIA;ÁREA ANDINA;CRA 14A N°68-99
J-4032-05-V1;1,11E+11;COLEGIO SIMON RODRIGUEZ (IED);COMPLEMENTARIA;PARQUE RECREO DEPORTIVO EL SALITRE;AK 60 63 25
J-4032-05-V2;1,11E+11;COLEGIO SIMON RODRIGUEZ (IED);COMPLEMENTARIA;PARQUE RECREO DEPORTIVO EL SALITRE;AK 60 63 25
J-4032-05-V3;1,11E+11;COLEGIO SIMON RODRIGUEZ (IED);COMPLEMENTARIA;ÁREA ANDINA;CRA 14A N°68-99
J-4032-07-V1;1,11E+11;COLEGIO SIMON RODRIGUEZ (IED);COMPLEMENTARIA;PARQUE RECREO DEPORTIVO EL SALITRE;AK 60 63 25
J-4032-07-V2;1,11E+11;COLEGIO SIMON RODRIGUEZ (IED);COMPLEMENTARIA;PARQUE RECREO DEPORTIVO EL SALITRE;AK 60 63 25
J-4032-09-V2;1,11E+11;COLEGIO SIMON RODRIGUEZ (IED);COMPLEMENTARIA;ÁREA ANDINA;CRA 14A N°68-99
J-4031-01-V4;1,11E+11;COLEGIO SAN MARTIN DE PORRES (IED);COMPLEMENTARIA;CREA El PARQUE;Cra 5 N°36-21
J-4031-01-V3;1,11E+11;COLEGIO SAN MARTIN DE PORRES (IED);COMPLEMENTARIA;CREA El PARQUE;Cra 5 N°36-21
J-4031-01-V2;1,11E+11;COLEGIO SAN MARTIN DE PORRES (IED);COMPLEMENTARIA;CREA El PARQUE;Cra 5 N°36-21
J-4031-01-V1;1,11E+11;COLEGIO SAN MARTIN DE PORRES (IED);COMPLEMENTARIA;CREA El PARQUE;Cra 5 N°36-21
J-4032-10-V1;1,11E+11;COLEGIO SIMON RODRIGUEZ (IED);COMPLEMENTARIA;PARQUE RECREO DEPORTIVO EL SALITRE;AK 60 63 75
J-4032-11-V1;1,11E+11;COLEGIO SIMON RODRIGUEZ (IED);COMPLEMENTARIA;COMPENSAR AV 68;KR 69 49A 73
J-4032-11-V2;1,11E+11;COLEGIO SIMON RODRIGUEZ (IED);COMPLEMENTARIA;COMPENSAR AV 68;KR 69 49A 73
J-4032-11-V3;1,11E+11;COLEGIO SIMON RODRIGUEZ (IED);COMPLEMENTARIA;COMPENSAR AV 68;KR 69 49A 73
J-4032-13-V1;1,11E+11;COLEGIO SIMON RODRIGUEZ (IED);COMPLEMENTARIA;COMPENSAR AV 68;KR 69 49A 73
J-4032-13-V2;1,11E+11;COLEGIO SIMON RODRIGUEZ (IED);COMPLEMENTARIA;COMPENSAR AV 68;KR 69 49A 73
J-4053-01-V1;1,11E+11;COLEGIO ANTONIO NARIÑO (IED);COMPLEMENTARIA;CREA LA GRANJA;CL 78 KR 77B 86
J-4053-01-V2;1,11E+11;COLEGIO ANTONIO NARIÑO (IED);COMPLEMENTARIA;CREA LA GRANJA;CL 78 KR 77B 86
J-4053-01-V3;1,11E+11;COLEGIO ANTONIO NARIÑO (IED);COMPLEMENTARIA;CREA LA GRANJA;CL 78 KR 77B 86
J-4053-01-V4;1,11E+11;COLEGIO ANTONIO NARIÑO (IED);COMPLEMENTARIA;CREA LA GRANJA;CL 78 KR 77B 86
J-4053-01-V5;1,11E+11;COLEGIO ANTONIO NARIÑO (IED);COMPLEMENTARIA;CREA LA GRANJA;CL 78 KR 77B 86
J-4053-02-V1;1,11E+11;COLEGIO ANTONIO NARIÑO (IED);COMPLEMENTARIA;CREA LA GRANJA;CL 78 KR 77B 86
U-1668;#N/A;#N/A;#N/A;#N/A;#N/A
J-4053-02-V3;1,11E+11;COLEGIO ANTONIO NARIÑO (IED);COMPLEMENTARIA;CREA LA GRANJA;CL 78 KR 77B 86
J-4053-02-V4;1,11E+11;COLEGIO ANTONIO NARIÑO (IED);COMPLEMENTARIA;CREA LA GRANJA;CL 78 KR 77B 86
J-4053-02-V5;1,11E+11;COLEGIO ANTONIO NARIÑO (IED);COMPLEMENTARIA;CREA LA GRANJA;CL 78 KR 77B 86
J-4033-04-V6;1,11E+11;COLEGIO ANTONIO GARCIA (IED);COMPLEMENTARIA;PARQUE METROPOLITANO EL TUNAL ;CL 48C S 22D 81
J-4033-04-V5;1,11E+11;COLEGIO ANTONIO GARCIA (IED);COMPLEMENTARIA;PARQUE METROPOLITANO EL TUNAL ;CL 48C S 22D 81
J-4033-04-V4;1,11E+11;COLEGIO ANTONIO GARCIA (IED);COMPLEMENTARIA;PARQUE METROPOLITANO EL TUNAL ;CL 48C S 22D 81
J-4033-04-V3;1,11E+11;COLEGIO ANTONIO GARCIA (IED);COMPLEMENTARIA;PARQUE METROPOLITANO EL TUNAL ;CL 48C S 22D 81
J-4033-04-V2;1,11E+11;COLEGIO ANTONIO GARCIA (IED);COMPLEMENTARIA;PARQUE METROPOLITANO EL TUNAL ;CL 48C S 22D 81
J-4033-04-V1;1,11E+11;COLEGIO ANTONIO GARCIA (IED);COMPLEMENTARIA;PARQUE METROPOLITANO EL TUNAL ;CL 48C S 22D 81
J-4033-03-V6;1,11E+11;COLEGIO ANTONIO GARCIA (IED);COMPLEMENTARIA;PARQUE METROPOLITANO EL TUNAL ;CL 48C S 22D 81
J-4033-03-V5;1,11E+11;COLEGIO ANTONIO GARCIA (IED);COMPLEMENTARIA;PARQUE METROPOLITANO EL TUNAL ;CL 48C S 22D 81
J-4033-03-V4;1,11E+11;COLEGIO ANTONIO GARCIA (IED);COMPLEMENTARIA;PARQUE METROPOLITANO EL TUNAL ;CL 48C S 22D 81
J-4033-03-V3;1,11E+11;COLEGIO ANTONIO GARCIA (IED);COMPLEMENTARIA;PARQUE METROPOLITANO EL TUNAL ;CL 48C S 22D 81
J-4033-03-V2;1,11E+11;COLEGIO ANTONIO GARCIA (IED);COMPLEMENTARIA;PARQUE METROPOLITANO EL TUNAL ;CL 48C S 22D 81
J-4033-03-V1;1,11E+11;COLEGIO ANTONIO GARCIA (IED);COMPLEMENTARIA;PARQUE METROPOLITANO EL TUNAL ;CL 48C S 22D 81
J-4033-02-V6;1,11E+11;COLEGIO ANTONIO GARCIA (IED);COMPLEMENTARIA;PARQUE METROPOLITANO EL TUNAL ;CL 48C S 22D 81
J-4033-02-V5;1,11E+11;COLEGIO ANTONIO GARCIA (IED);COMPLEMENTARIA;PARQUE METROPOLITANO EL TUNAL ;CL 48C S 22D 81
J-4033-02-V4;1,11E+11;COLEGIO ANTONIO GARCIA (IED);COMPLEMENTARIA;PARQUE METROPOLITANO EL TUNAL ;CL 48C S 22D 81
J-4033-02-V3;1,11E+11;COLEGIO ANTONIO GARCIA (IED);COMPLEMENTARIA;PARQUE METROPOLITANO EL TUNAL ;CL 48C S 22D 81
J-4033-02-V2;1,11E+11;COLEGIO ANTONIO GARCIA (IED);COMPLEMENTARIA;PARQUE METROPOLITANO EL TUNAL ;CL 48C S 22D 81
J-4033-02-V1;1,11E+11;COLEGIO ANTONIO GARCIA (IED);COMPLEMENTARIA;PARQUE METROPOLITANO EL TUNAL ;CL 48C S 22D 81
J-4033-01-V6;1,11E+11;COLEGIO ANTONIO GARCIA (IED);COMPLEMENTARIA;PARQUE METROPOLITANO EL TUNAL ;CL 48C S 22D 81
J-4033-01-V5;1,11E+11;COLEGIO ANTONIO GARCIA (IED);COMPLEMENTARIA;PARQUE METROPOLITANO EL TUNAL ;CL 48C S 22D 81
J-4033-01-V4;1,11E+11;COLEGIO ANTONIO GARCIA (IED);COMPLEMENTARIA;PARQUE METROPOLITANO EL TUNAL ;CL 48C S 22D 81
J-4033-01-V3;1,11E+11;COLEGIO ANTONIO GARCIA (IED);COMPLEMENTARIA;PARQUE METROPOLITANO EL TUNAL ;CL 48C S 22D 81
J-4033-01-V2;1,11E+11;COLEGIO ANTONIO GARCIA (IED);COMPLEMENTARIA;PARQUE METROPOLITANO EL TUNAL ;CL 48C S 22D 81
J-4033-01-V1;1,11E+11;COLEGIO ANTONIO GARCIA (IED);COMPLEMENTARIA;PARQUE METROPOLITANO EL TUNAL ;CL 48C S 22D 81
J-4035-27-V1;1,11E+11;COLEGIO COMPARTIR RECUERDO (IED);COMPLEMENTARIA;SEDE A;CL 69 SUR # 18 B - 35
J-4035-22-V1;1,11E+11;COLEGIO COMPARTIR RECUERDO (IED);COMPLEMENTARIA;SEDE A;CL 69 SUR # 18 B - 35
J-4035-20-V1;1,11E+11;COLEGIO COMPARTIR RECUERDO (IED);COMPLEMENTARIA;SEDE A;CL 69 SUR # 18 B - 35
J-4035-15-V1;1,11E+11;COLEGIO COMPARTIR RECUERDO (IED);COMPLEMENTARIA;SEDE A;CL 69 SUR # 18 B - 35
J-4035-03-V1;1,11E+11;COLEGIO COMPARTIR RECUERDO (IED);COMPLEMENTARIA;SEDE A;CL 69 SUR # 18 B - 35
J-4035-01-V1;1,11E+11;COLEGIO COMPARTIR RECUERDO (IED);COMPLEMENTARIA;SEDE A;CL 69 SUR # 18 B - 35
J-4035-28-V2;1,11E+11;COLEGIO COMPARTIR RECUERDO (IED);COMPLEMENTARIA;PARQUE TUNAL;CL 48C S 22A 06
J-4035-28-V1;1,11E+11;COLEGIO COMPARTIR RECUERDO (IED);COMPLEMENTARIA;PARQUE TUNAL;CL 48C S 22A 06
J-4035-25-V3;1,11E+11;COLEGIO COMPARTIR RECUERDO (IED);COMPLEMENTARIA;PARQUE TUNAL;CL 48C S 22A 06
J-4035-25-V2;1,11E+11;COLEGIO COMPARTIR RECUERDO (IED);COMPLEMENTARIA;PARQUE TUNAL;CL 48C S 22A 06
J-4035-25-V1;1,11E+11;COLEGIO COMPARTIR RECUERDO (IED);COMPLEMENTARIA;PARQUE TUNAL;CL 48C S 22A 06
J-4035-23-V4;1,11E+11;COLEGIO COMPARTIR RECUERDO (IED);COMPLEMENTARIA;PARQUE TUNAL;CL 48C S 22A 06
J-4035-23-V3;1,11E+11;COLEGIO COMPARTIR RECUERDO (IED);COMPLEMENTARIA;PARQUE TUNAL;CL 48C S 22A 06
J-4035-23-V2;1,11E+11;COLEGIO COMPARTIR RECUERDO (IED);COMPLEMENTARIA;PARQUE TUNAL;CL 48C S 22A 06
J-4035-23-V1;1,11E+11;COLEGIO COMPARTIR RECUERDO (IED);COMPLEMENTARIA;PARQUE TUNAL;CL 48C S 22A 06
J-4035-21-V3;1,11E+11;COLEGIO COMPARTIR RECUERDO (IED);COMPLEMENTARIA;PARQUE TUNAL;CL 48C S 22A 06
J-4035-21-V2;1,11E+11;COLEGIO COMPARTIR RECUERDO (IED);COMPLEMENTARIA;PARQUE TUNAL;CL 48C S 22A 06
J-4035-21-V1;1,11E+11;COLEGIO COMPARTIR RECUERDO (IED);COMPLEMENTARIA;PARQUE TUNAL;CL 48C S 22A 06
J-4035-18-V4;1,11E+11;COLEGIO COMPARTIR RECUERDO (IED);COMPLEMENTARIA;PARQUE TUNAL;CL 48C S 22A 06
J-4035-18-V3;1,11E+11;COLEGIO COMPARTIR RECUERDO (IED);COMPLEMENTARIA;PARQUE TUNAL;CL 48C S 22A 06
J-4035-18-V2;1,11E+11;COLEGIO COMPARTIR RECUERDO (IED);COMPLEMENTARIA;PARQUE TUNAL;CL 48C S 22A 06
J-4035-18-V1;1,11E+11;COLEGIO COMPARTIR RECUERDO (IED);COMPLEMENTARIA;PARQUE TUNAL;CL 48C S 22A 06
J-4035-16-V4;1,11E+11;COLEGIO COMPARTIR RECUERDO (IED);COMPLEMENTARIA;PARQUE TUNAL;CL 48C S 22A 06
J-4035-16-V3;1,11E+11;COLEGIO COMPARTIR RECUERDO (IED);COMPLEMENTARIA;PARQUE TUNAL;CL 48C S 22A 06
J-4035-16-V2;1,11E+11;COLEGIO COMPARTIR RECUERDO (IED);COMPLEMENTARIA;PARQUE TUNAL;CL 48C S 22A 06
J-4035-16-V1;1,11E+11;COLEGIO COMPARTIR RECUERDO (IED);COMPLEMENTARIA;PARQUE TUNAL;CL 48C S 22A 06
J-4035-14-V1;1,11E+11;COLEGIO COMPARTIR RECUERDO (IED);COMPLEMENTARIA;PARQUE TUNAL;CL 48C S 22A 06
J-4035-13-V1;1,11E+11;COLEGIO COMPARTIR RECUERDO (IED);COMPLEMENTARIA;PARQUE TUNAL;CL 48C S 22A 06
J-4035-11-V1;1,11E+11;COLEGIO COMPARTIR RECUERDO (IED);COMPLEMENTARIA;PARQUE TUNAL;CL 48C S 22A 06
J-4035-09-V1;1,11E+11;COLEGIO COMPARTIR RECUERDO (IED);COMPLEMENTARIA;PARQUE TUNAL;CL 48C S 22A 06
J-4035-07-V1;1,11E+11;COLEGIO COMPARTIR RECUERDO (IED);COMPLEMENTARIA;PARQUE TUNAL;CL 48C S 22A 06
J-4035-05-V1;1,11E+11;COLEGIO COMPARTIR RECUERDO (IED);COMPLEMENTARIA;PARQUE TUNAL;CL 48C S 22A 06
J-4035-04-V1;1,11E+11;COLEGIO COMPARTIR RECUERDO (IED);COMPLEMENTARIA;PARQUE TUNAL;CL 48C S 22A 06
J-4035-02-V1;1,11E+11;COLEGIO COMPARTIR RECUERDO (IED);COMPLEMENTARIA;PARQUE TUNAL;CL 48C S 22A 06
J-4035-26-V1;1,11E+11;COLEGIO COMPARTIR RECUERDO (IED);COMPLEMENTARIA;PARQUE TUNAL;CL 48C S 22A 06
J-4035-24-V1;1,11E+11;COLEGIO COMPARTIR RECUERDO (IED);COMPLEMENTARIA;PARQUE TUNAL;CL 48C S 22A 06
J-4035-19-V2;1,11E+11;COLEGIO COMPARTIR RECUERDO (IED);COMPLEMENTARIA;PARQUE TUNAL;CL 48C S 22A 06
J-4035-19-V1;1,11E+11;COLEGIO COMPARTIR RECUERDO (IED);COMPLEMENTARIA;PARQUE TUNAL;CL 48C S 22A 06
J-4035-17-V1;1,11E+11;COLEGIO COMPARTIR RECUERDO (IED);COMPLEMENTARIA;PARQUE TUNAL;CL 48C S 22A 06
J-4035-12-V1;1,11E+11;COLEGIO COMPARTIR RECUERDO (IED);COMPLEMENTARIA;PARQUE TUNAL;CL 48C S 22A 06
J-4035-10-V1;1,11E+11;COLEGIO COMPARTIR RECUERDO (IED);COMPLEMENTARIA;PARQUE TUNAL;CL 48C S 22A 06
J-4035-08-V1;1,11E+11;COLEGIO COMPARTIR RECUERDO (IED);COMPLEMENTARIA;PARQUE TUNAL;CL 48C S 22A 06
J-4035-06-V1;1,11E+11;COLEGIO COMPARTIR RECUERDO (IED);COMPLEMENTARIA;PARQUE TUNAL;CL 48C S 22A 06
J-4036-04-V1;1,11E+11;COLEGIO CONFEDERACION BRISAS DEL DIAMANTE (IED);COMPLEMENTARIA;PARQUE METROPOLITANO EL TUNAL ;CL 48C S 22D 81
J-4036-03-V1;1,11E+11;COLEGIO CONFEDERACION BRISAS DEL DIAMANTE (IED);COMPLEMENTARIA;PARQUE METROPOLITANO EL TUNAL ;CL 48C S 22D 81
J-4036-02-V1;1,11E+11;COLEGIO CONFEDERACION BRISAS DEL DIAMANTE (IED);COMPLEMENTARIA;PARQUE METROPOLITANO EL TUNAL ;CL 48C S 22D 81
J-4036-01-V1;1,11E+11;COLEGIO CONFEDERACION BRISAS DEL DIAMANTE (IED);COMPLEMENTARIA;PARQUE METROPOLITANO EL TUNAL ;CL 48C S 22D 81
J-4036-05-V1;1,11E+11;COLEGIO CONFEDERACION BRISAS DEL DIAMANTE (IED);COMPLEMENTARIA;SEDE B EN ARRENDAMIENTO ROMULO GALLEGO;KR 17D 64B 31 S
J-4036-10-V1;1,11E+11;COLEGIO CONFEDERACION BRISAS DEL DIAMANTE (IED);COMPLEMENTARIA;PARQUE METROPOLITANO EL TUNAL ;CL 48C S 22D 81
J-4036-09-V1;1,11E+11;COLEGIO CONFEDERACION BRISAS DEL DIAMANTE (IED);COMPLEMENTARIA;PARQUE METROPOLITANO EL TUNAL ;CL 48C S 22D 81
J-4036-08-V1;1,11E+11;COLEGIO CONFEDERACION BRISAS DEL DIAMANTE (IED);COMPLEMENTARIA;PARQUE METROPOLITANO EL TUNAL ;CL 48C S 22D 81
J-4036-06-V1;1,11E+11;COLEGIO CONFEDERACION BRISAS DEL DIAMANTE (IED);COMPLEMENTARIA;PARQUE METROPOLITANO EL TUNAL ;CL 48C S 22D 81
J-4037-22-V1;1,11E+11;COLEGIO CUNDINAMARCA (IED);COMPLEMENTARIA;CREA TUNAL;CL 59 S 23 42
J-4037-21-V2;1,11E+11;COLEGIO CUNDINAMARCA (IED);COMPLEMENTARIA;CREA TUNAL;CL 59 S 23 42
J-4037-21-V1;1,11E+11;COLEGIO CUNDINAMARCA (IED);COMPLEMENTARIA;CREA TUNAL;CL 59 S 23 42
J-4037-20-V2;1,11E+11;COLEGIO CUNDINAMARCA (IED);COMPLEMENTARIA;CREA TUNAL;CL 59 S 23 42
J-4037-20-V1;1,11E+11;COLEGIO CUNDINAMARCA (IED);COMPLEMENTARIA;CREA TUNAL;CL 59 S 23 42
J-4037-17-V2;1,11E+11;COLEGIO CUNDINAMARCA (IED);COMPLEMENTARIA;CREA TUNAL;CL 59 S 23 42
J-4037-17-V1;1,11E+11;COLEGIO CUNDINAMARCA (IED);COMPLEMENTARIA;CREA TUNAL;CL 59 S 23 42
J-4037-12-V2;1,11E+11;COLEGIO CUNDINAMARCA (IED);COMPLEMENTARIA;CREA TUNAL;CL 59 S 23 42
J-4037-12-V1;1,11E+11;COLEGIO CUNDINAMARCA (IED);COMPLEMENTARIA;CREA TUNAL;CL 59 S 23 42
J-4037-11-V2;1,11E+11;COLEGIO CUNDINAMARCA (IED);COMPLEMENTARIA;CREA TUNAL;CL 59 S 23 42
J-4037-11-V1;1,11E+11;COLEGIO CUNDINAMARCA (IED);COMPLEMENTARIA;CREA TUNAL;CL 59 S 23 42
J-4037-10-V2;1,11E+11;COLEGIO CUNDINAMARCA (IED);COMPLEMENTARIA;CREA TUNAL;CL 59 S 23 42
J-4037-10-V1;1,11E+11;COLEGIO CUNDINAMARCA (IED);COMPLEMENTARIA;CREA TUNAL;CL 59 S 23 42
J-4037-07-V2;1,11E+11;COLEGIO CUNDINAMARCA (IED);COMPLEMENTARIA;CREA TUNAL;CL 59 S 23 42
J-4037-07-V1;1,11E+11;COLEGIO CUNDINAMARCA (IED);COMPLEMENTARIA;CREA TUNAL;CL 59 S 23 42
J-4037-02-V2;1,11E+11;COLEGIO CUNDINAMARCA (IED);COMPLEMENTARIA;CREA TUNAL;CL 59 S 23 42
J-4037-02-V1;1,11E+11;COLEGIO CUNDINAMARCA (IED);COMPLEMENTARIA;CREA TUNAL;CL 59 S 23 42
J-4037-01-V3;1,11E+11;COLEGIO CUNDINAMARCA (IED);COMPLEMENTARIA;CREA TUNAL;CL 59 S 23 42
J-4037-01-V2;1,11E+11;COLEGIO CUNDINAMARCA (IED);COMPLEMENTARIA;CREA TUNAL;CL 59 S 23 42
J-4037-01-V1;1,11E+11;COLEGIO CUNDINAMARCA (IED);COMPLEMENTARIA;CREA TUNAL;CL 59 S 23 42
J-4037-34-V2;1,11E+11;COLEGIO CUNDINAMARCA (IED);COMPLEMENTARIA;PARQUE TIMIZA;CL 40H S 72R 32
J-4037-34-V1;1,11E+11;COLEGIO CUNDINAMARCA (IED);COMPLEMENTARIA;PARQUE TIMIZA;CL 40H S 72R 32
J-4037-33-V2;1,11E+11;COLEGIO CUNDINAMARCA (IED);COMPLEMENTARIA;PARQUE TIMIZA;CL 40H S 72R 32
J-4037-33-V1;1,11E+11;COLEGIO CUNDINAMARCA (IED);COMPLEMENTARIA;PARQUE TIMIZA;CL 40H S 72R 32
J-4037-28-V2;1,11E+11;COLEGIO CUNDINAMARCA (IED);COMPLEMENTARIA;PARQUE TIMIZA;CL 40H S 72R 32
J-4037-28-V1;1,11E+11;COLEGIO CUNDINAMARCA (IED);COMPLEMENTARIA;PARQUE TIMIZA;CL 40H S 72R 32
J-4037-27-V1;1,11E+11;COLEGIO CUNDINAMARCA (IED);COMPLEMENTARIA;PARQUE TIMIZA;CL 40H S 72R 32
J-4037-26-V2;1,11E+11;COLEGIO CUNDINAMARCA (IED);COMPLEMENTARIA;PARQUE TIMIZA;CL 40H S 72R 32
J-4037-25-V1;1,11E+11;COLEGIO CUNDINAMARCA (IED);COMPLEMENTARIA;PARQUE TIMIZA;CL 40H S 72R 32
J-4037-24-V2;1,11E+11;COLEGIO CUNDINAMARCA (IED);COMPLEMENTARIA;PARQUE TIMIZA;CL 40H S 72R 32
J-4037-24-V1;1,11E+11;COLEGIO CUNDINAMARCA (IED);COMPLEMENTARIA;PARQUE TIMIZA;CL 40H S 72R 32
J-4037-23-V2;1,11E+11;COLEGIO CUNDINAMARCA (IED);COMPLEMENTARIA;PARQUE TIMIZA;CL 40H S 72R 32
J-4037-23-V1;1,11E+11;COLEGIO CUNDINAMARCA (IED);COMPLEMENTARIA;PARQUE TIMIZA;CL 40H S 72R 32
J-4037-18-V3;1,11E+11;COLEGIO CUNDINAMARCA (IED);COMPLEMENTARIA;PARQUE TIMIZA;CL 40H S 72R 32
J-4037-18-V2;1,11E+11;COLEGIO CUNDINAMARCA (IED);COMPLEMENTARIA;PARQUE TIMIZA;CL 40H S 72R 32
J-4037-18-V1;1,11E+11;COLEGIO CUNDINAMARCA (IED);COMPLEMENTARIA;PARQUE TIMIZA;CL 40H S 72R 32
J-4037-13-V3;1,11E+11;COLEGIO CUNDINAMARCA (IED);COMPLEMENTARIA;PARQUE TIMIZA;CL 40H S 72R 32
J-4037-13-V2;1,11E+11;COLEGIO CUNDINAMARCA (IED);COMPLEMENTARIA;PARQUE TIMIZA;CL 40H S 72R 32
J-4037-13-V1;1,11E+11;COLEGIO CUNDINAMARCA (IED);COMPLEMENTARIA;PARQUE TIMIZA;CL 40H S 72R 32
J-4037-08-V3;1,11E+11;COLEGIO CUNDINAMARCA (IED);COMPLEMENTARIA;PARQUE TIMIZA;CL 40H S 72R 32
J-4037-08-V2;1,11E+11;COLEGIO CUNDINAMARCA (IED);COMPLEMENTARIA;PARQUE TIMIZA;CL 40H S 72R 32
J-4037-08-V1;1,11E+11;COLEGIO CUNDINAMARCA (IED);COMPLEMENTARIA;PARQUE TIMIZA;CL 40H S 72R 32
J-4037-03-V3;1,11E+11;COLEGIO CUNDINAMARCA (IED);COMPLEMENTARIA;PARQUE TIMIZA;CL 40H S 72R 32
J-4037-03-V2;1,11E+11;COLEGIO CUNDINAMARCA (IED);COMPLEMENTARIA;PARQUE TIMIZA;CL 40H S 72R 32
J-4037-03-V1;1,11E+11;COLEGIO CUNDINAMARCA (IED);COMPLEMENTARIA;PARQUE TIMIZA;CL 40H S 72R 32
U-308;1,11E+11;COLEGIO LOS PERIODISTAS (IED);URBANO;NA;NA
U-309;1,11E+11;COLEGIO MANUEL CEPEDA VARGAS (IED);URBANO;NA;NA
U-310;1,11E+11;COLEGIO MANUEL CEPEDA VARGAS (IED);URBANO;NA;NA
U-311;1,11E+11;COLEGIO MANUEL CEPEDA VARGAS (IED);URBANO;NA;NA
U-312;1,11E+11;COLEGIO PAULO VI (IED);URBANO;NA;NA
U-313;1,11E+11;COLEGIO PAULO VI (IED);URBANO;NA;NA
U-314;1,11E+11;COLEGIO PAULO VI (IED);URBANO;NA;NA
U-315;1,11E+11;COLEGIO PAULO VI (IED);URBANO;NA;NA
U-318;1,11E+11;COLEGIO PROSPERO PINZON (IED);URBANO;NA;NA
U-321;1,11E+11;COLEGIO PROSPERO PINZON (IED);URBANO;NA;NA
U-324;1,11E+11;COLEGIO PROSPERO PINZON (IED);URBANO;NA;NA
U-331;1,11E+11;COLEGIO SAN PEDRO CLAVER (IED);URBANO;NA;NA
U-332;1,11E+11;COLEGIO SAN PEDRO CLAVER (IED);URBANO;NA;NA
U-333;1,11E+11;COLEGIO TOM ADAMS (IED);URBANO;NA;NA
U-334;1,11E+11;COLEGIO TOM ADAMS (IED);URBANO;NA;NA
U-335;1,11E+11;COLEGIO TOM ADAMS (IED);URBANO;NA;NA
U-930;1,11E+11;COLEGIO INEM FRANCISCO DE PAULA SANTANDER (IED);URBANO;NA;NA
U-931;1,11E+11;COLEGIO INEM FRANCISCO DE PAULA SANTANDER (IED);URBANO;NA;NA
J-4037-27-V2;1,11E+11;COLEGIO CUNDINAMARCA (IED);COMPLEMENTARIA;CREA TUNAL ;CL 59 S 23 42
J-4037-47-V2;1,11E+11;COLEGIO CUNDINAMARCA (IED);COMPLEMENTARIA;PARQUE TUNAL;CL 48C S 22D 81
J-4037-47-V1;1,11E+11;COLEGIO CUNDINAMARCA (IED);COMPLEMENTARIA;PARQUE TUNAL;CL 48C S 22D 81
J-4037-46-V2;1,11E+11;COLEGIO CUNDINAMARCA (IED);COMPLEMENTARIA;PARQUE TUNAL;CL 48C S 22D 81
J-4037-46-V1;1,11E+11;COLEGIO CUNDINAMARCA (IED);COMPLEMENTARIA;PARQUE TUNAL;CL 48C S 22D 81
J-4037-42-V5;1,11E+11;COLEGIO CUNDINAMARCA (IED);COMPLEMENTARIA;PARQUE TUNAL;CL 48C S 22D 81
J-4037-42-V4;1,11E+11;COLEGIO CUNDINAMARCA (IED);COMPLEMENTARIA;PARQUE TUNAL;CL 48C S 22D 81
J-4037-42-V3;1,11E+11;COLEGIO CUNDINAMARCA (IED);COMPLEMENTARIA;PARQUE TUNAL;CL 48C S 22D 81
J-4037-42-V2;1,11E+11;COLEGIO CUNDINAMARCA (IED);COMPLEMENTARIA;PARQUE TUNAL;CL 48C S 22D 81
J-4037-42-V1;1,11E+11;COLEGIO CUNDINAMARCA (IED);COMPLEMENTARIA;PARQUE TUNAL;CL 48C S 22D 81
J-4037-41-V3;1,11E+11;COLEGIO CUNDINAMARCA (IED);COMPLEMENTARIA;PARQUE TUNAL;CL 48C S 22D 81
J-4037-41-V2;1,11E+11;COLEGIO CUNDINAMARCA (IED);COMPLEMENTARIA;PARQUE TUNAL;CL 48C S 22D 81
J-4037-41-V1;1,11E+11;COLEGIO CUNDINAMARCA (IED);COMPLEMENTARIA;PARQUE TUNAL;CL 48C S 22D 81
J-4037-40-V2;1,11E+11;COLEGIO CUNDINAMARCA (IED);COMPLEMENTARIA;PARQUE TUNAL;CL 48C S 22D 81
J-4037-40-V1;1,11E+11;COLEGIO CUNDINAMARCA (IED);COMPLEMENTARIA;PARQUE TUNAL;CL 48C S 22D 81
J-4037-39-V2;1,11E+11;COLEGIO CUNDINAMARCA (IED);COMPLEMENTARIA;PARQUE TUNAL;CL 48C S 22D 81
J-4037-39-V1;1,11E+11;COLEGIO CUNDINAMARCA (IED);COMPLEMENTARIA;PARQUE TUNAL;CL 48C S 22D 81
J-4037-38-V2;1,11E+11;COLEGIO CUNDINAMARCA (IED);COMPLEMENTARIA;PARQUE TUNAL;CL 48C S 22D 81
J-4037-38-V1;1,11E+11;COLEGIO CUNDINAMARCA (IED);COMPLEMENTARIA;PARQUE TUNAL;CL 48C S 22D 81
J-4037-37-V4;1,11E+11;COLEGIO CUNDINAMARCA (IED);COMPLEMENTARIA;PARQUE TUNAL;CL 48C S 22D 81
J-4037-37-V3;1,11E+11;COLEGIO CUNDINAMARCA (IED);COMPLEMENTARIA;PARQUE TUNAL;CL 48C S 22D 81
J-4037-37-V2;1,11E+11;COLEGIO CUNDINAMARCA (IED);COMPLEMENTARIA;PARQUE TUNAL;CL 48C S 22D 81
J-4037-37-V1;1,11E+11;COLEGIO CUNDINAMARCA (IED);COMPLEMENTARIA;PARQUE TUNAL;CL 48C S 22D 81
J-4037-36-V3;1,11E+11;COLEGIO CUNDINAMARCA (IED);COMPLEMENTARIA;PARQUE TUNAL;CL 48C S 22D 81
J-4037-36-V2;1,11E+11;COLEGIO CUNDINAMARCA (IED);COMPLEMENTARIA;PARQUE TUNAL;CL 48C S 22D 81
J-4037-36-V1;1,11E+11;COLEGIO CUNDINAMARCA (IED);COMPLEMENTARIA;PARQUE TUNAL;CL 48C S 22D 81
J-4037-35-V2;1,11E+11;COLEGIO CUNDINAMARCA (IED);COMPLEMENTARIA;PARQUE TUNAL;CL 48C S 22D 81
J-4037-35-V1;1,11E+11;COLEGIO CUNDINAMARCA (IED);COMPLEMENTARIA;PARQUE TUNAL;CL 48C S 22D 81
J-4037-31-V1;1,11E+11;COLEGIO CUNDINAMARCA (IED);COMPLEMENTARIA;PARQUE TUNAL;CL 48C S 22D 81
J-4039-06-V1;1,11E+11;COLEGIO EL TESORO DE LA CUMBRE (IED);COMPLEMENTARIA;PARQUE METROPOLITANO EL TUNAL ;CL 48C S 22D 81
J-4039-05-V1;1,11E+11;COLEGIO EL TESORO DE LA CUMBRE (IED);COMPLEMENTARIA;PARQUE METROPOLITANO EL TUNAL ;CL 48C S 22D 81
J-4039-04-V1;1,11E+11;COLEGIO EL TESORO DE LA CUMBRE (IED);COMPLEMENTARIA;PARQUE METROPOLITANO EL TUNAL ;CL 48C S 22D 81
J-4039-03-V1;1,11E+11;COLEGIO EL TESORO DE LA CUMBRE (IED);COMPLEMENTARIA;PARQUE METROPOLITANO EL TUNAL ;CL 48C S 22D 81
J-4039-02-V1;1,11E+11;COLEGIO EL TESORO DE LA CUMBRE (IED);COMPLEMENTARIA;PARQUE METROPOLITANO EL TUNAL ;CL 48C S 22D 81
J-4039-01-V1;1,11E+11;COLEGIO EL TESORO DE LA CUMBRE (IED);COMPLEMENTARIA;PARQUE METROPOLITANO EL TUNAL ;CL 48C S 22D 81
J-4041-02-V2;1,11E+11;COLEGIO ISMAEL PERDOMO (IED);COMPLEMENTARIA;CBI  COMPENSAR CENTRO MAYOR;CL 38A S 34B 04
J-4041-02-V1;1,11E+11;COLEGIO ISMAEL PERDOMO (IED);COMPLEMENTARIA;CBI  COMPENSAR CENTRO MAYOR;CL 38A S 34B 04
J-4041-01-V2;1,11E+11;COLEGIO ISMAEL PERDOMO (IED);COMPLEMENTARIA;CBI  COMPENSAR CENTRO MAYOR;CL 38A S 34B 04
J-4041-01-V1;1,11E+11;COLEGIO ISMAEL PERDOMO (IED);COMPLEMENTARIA;CBI  COMPENSAR CENTRO MAYOR;CL 38A S 34B 04
J-4043-07-V5;1,11E+11;COLEGIO LA ARABIA (IED);COMPLEMENTARIA;PARQUE METROPOLITANO EL TUNAL ;CL 48C S 22D 81
J-4043-07-V3;1,11E+11;COLEGIO LA ARABIA (IED);COMPLEMENTARIA;PARQUE METROPOLITANO EL TUNAL ;CL 48C S 22D 81
J-4043-07-V2;1,11E+11;COLEGIO LA ARABIA (IED);COMPLEMENTARIA;PARQUE METROPOLITANO EL TUNAL ;CL 48C S 22D 81
J-4043-06-V3;1,11E+11;COLEGIO LA ARABIA (IED);COMPLEMENTARIA;PARQUE METROPOLITANO EL TUNAL ;CL 48C S 22D 81
J-4043-06-V2;1,11E+11;COLEGIO LA ARABIA (IED);COMPLEMENTARIA;PARQUE METROPOLITANO EL TUNAL ;CL 48C S 22D 81
J-4043-06-V1;1,11E+11;COLEGIO LA ARABIA (IED);COMPLEMENTARIA;PARQUE METROPOLITANO EL TUNAL ;CL 48C S 22D 81
J-4043-02-V4;1,11E+11;COLEGIO LA ARABIA (IED);COMPLEMENTARIA;PARQUE METROPOLITANO EL TUNAL ;CL 48C S 22D 81
J-4043-02-V2;1,11E+11;COLEGIO LA ARABIA (IED);COMPLEMENTARIA;PARQUE METROPOLITANO EL TUNAL ;CL 48C S 22D 81
J-4043-02-V1;1,11E+11;COLEGIO LA ARABIA (IED);COMPLEMENTARIA;PARQUE METROPOLITANO EL TUNAL ;CL 48C S 22D 81
J-4043-01-V3;1,11E+11;COLEGIO LA ARABIA (IED);COMPLEMENTARIA;PARQUE METROPOLITANO EL TUNAL ;CL 48C S 22D 81
J-4043-01-V2;1,11E+11;COLEGIO LA ARABIA (IED);COMPLEMENTARIA;PARQUE METROPOLITANO EL TUNAL ;CL 48C S 22D 81
J-4043-01-V1;1,11E+11;COLEGIO LA ARABIA (IED);COMPLEMENTARIA;PARQUE METROPOLITANO EL TUNAL ;CL 48C S 22D 81
J-4043-07-V1;1,11E+11;COLEGIO LA ARABIA (IED);COMPLEMENTARIA;PARQUE METROPOLITANO EL TUNAL ;CL 48C S 22D 81
J-4043-06-V5;1,11E+11;COLEGIO LA ARABIA (IED);COMPLEMENTARIA;PARQUE METROPOLITANO EL TUNAL ;CL 48C S 22D 81
J-4043-06-V4;1,11E+11;COLEGIO LA ARABIA (IED);COMPLEMENTARIA;PARQUE METROPOLITANO EL TUNAL ;CL 48C S 22D 81
J-4043-02-V3;1,11E+11;COLEGIO LA ARABIA (IED);COMPLEMENTARIA;PARQUE METROPOLITANO EL TUNAL ;CL 48C S 22D 81
J-4043-01-V4;1,11E+11;COLEGIO LA ARABIA (IED);COMPLEMENTARIA;PARQUE METROPOLITANO EL TUNAL ;CL 48C S 22D 81
J-4043-03-V2;1,11E+11;COLEGIO LA ARABIA (IED);COMPLEMENTARIA;CREA MANITAS;KR 18N CL 70A SUR
J-4043-03-V1;1,11E+11;COLEGIO LA ARABIA (IED);COMPLEMENTARIA;CREA MANITAS;KR 18N CL 70A SUR
J-4043-09-V3;1,11E+11;COLEGIO LA ARABIA (IED);COMPLEMENTARIA;CREA MANITAS;KR 18N CL 70A SUR
J-4043-09-V2;1,11E+11;COLEGIO LA ARABIA (IED);COMPLEMENTARIA;CREA MANITAS;KR 18N CL 70A SUR
J-4043-09-V1;1,11E+11;COLEGIO LA ARABIA (IED);COMPLEMENTARIA;CREA MANITAS;KR 18N CL 70A SUR
J-4043-04-V4;1,11E+11;COLEGIO LA ARABIA (IED);COMPLEMENTARIA;CREA MANITAS;KR 18N CL 70A SUR
J-4043-04-V2;1,11E+11;COLEGIO LA ARABIA (IED);COMPLEMENTARIA;CREA MANITAS;KR 18N CL 70A SUR
J-4043-04-V1;1,11E+11;COLEGIO LA ARABIA (IED);COMPLEMENTARIA;CREA MANITAS;KR 18N CL 70A SUR
J-4043-03-V3;1,11E+11;COLEGIO LA ARABIA (IED);COMPLEMENTARIA;CREA MANITAS;KR 18N CL 70A SUR
U-948;1,11E+11;COLEGIO PAULO VI (IED);URBANO;NA;NA
U-950;1,11E+11;COLEGIO PAULO VI (IED);URBANO;NA;NA
U-951;1,11E+11;COLEGIO PAULO VI (IED);URBANO;NA;NA
U-952;1,11E+11;COLEGIO PAULO VI (IED);URBANO;NA;NA
U-954;1,11E+11;COLEGIO TOM ADAMS (IED);URBANO;NA;NA
U-955;1,11E+11;COLEGIO TOM ADAMS (IED);URBANO;NA;NA
U-956;1,11E+11;COLEGIO TOM ADAMS (IED);URBANO;NA;NA
U-958;1,11E+11;COLEGIO PROSPERO PINZON (IED);URBANO;NA;NA
U-960;1,11E+11;COLEGIO TOM ADAMS (IED);URBANO;NA;NA
U-963;1,11E+11;COLEGIO FERNANDO SOTO APARICIO (IED);URBANO;NA;NA
J-4047-11-V1;1,11E+11;COLEGIO RODRIGO LARA BONILLA (IED);COMPLEMENTARIA;POLIDEPORTIVO CANDELARIA LA NUEVA;CL 62 SUR CR 23 C
J-4047-10-V2;1,11E+11;COLEGIO RODRIGO LARA BONILLA (IED);COMPLEMENTARIA;POLIDEPORTIVO CANDELARIA LA NUEVA;CL 62 SUR CR 23 C
J-4047-10-V1;1,11E+11;COLEGIO RODRIGO LARA BONILLA (IED);COMPLEMENTARIA;POLIDEPORTIVO CANDELARIA LA NUEVA;CL 62 SUR CR 23 C
J-4047-09-V2;1,11E+11;COLEGIO RODRIGO LARA BONILLA (IED);COMPLEMENTARIA;POLIDEPORTIVO CANDELARIA LA NUEVA;CL 62 SUR CR 23 C
J-4047-09-V1;1,11E+11;COLEGIO RODRIGO LARA BONILLA (IED);COMPLEMENTARIA;POLIDEPORTIVO CANDELARIA LA NUEVA;CL 62 SUR CR 23 C
J-4047-08-V1;1,11E+11;COLEGIO RODRIGO LARA BONILLA (IED);COMPLEMENTARIA;POLIDEPORTIVO CANDELARIA LA NUEVA;CL 62 SUR CR 23 C
J-4048-03-V1;2,12E+11;COLEGIO RURAL JOSE CELESTINO MUTIS (IED);COMPLEMENTARIA;ANAFALCO;KM 3 VIA A MOCHELO
J-4048-02-V1;2,12E+11;COLEGIO RURAL JOSE CELESTINO MUTIS (IED);COMPLEMENTARIA;ANAFALCO;KM 3 VIA A MOCHELO
J-4048-01-V1;2,12E+11;COLEGIO RURAL JOSE CELESTINO MUTIS (IED);COMPLEMENTARIA;ANAFALCO;KM 3 VIA A MOCHELO
J-4048-15-V1;2,12E+11;COLEGIO RURAL JOSE CELESTINO MUTIS (IED);COMPLEMENTARIA;CEFE EL TUNAL;CL 46A S 22 60
J-4048-14-V1;2,12E+11;COLEGIO RURAL JOSE CELESTINO MUTIS (IED);COMPLEMENTARIA;CEFE EL TUNAL;CL 46A S 22 60
J-4048-05-V1;2,12E+11;COLEGIO RURAL JOSE CELESTINO MUTIS (IED);COMPLEMENTARIA;CEFE EL TUNAL;CL 46A S 22 60
J-4048-04-V1;2,12E+11;COLEGIO RURAL JOSE CELESTINO MUTIS (IED);COMPLEMENTARIA;CEFE EL TUNAL;CL 46A S 22 60
J-4051-08-V3;1,11E+11;COLEGIO SOTAVENTO (IED);COMPLEMENTARIA;CREA LUCERO BAJO;KR 17DBIS 64A 05 S
J-4051-08-V2;1,11E+11;COLEGIO SOTAVENTO (IED);COMPLEMENTARIA;CREA LUCERO BAJO;KR 17DBIS 64A 05 S
J-4051-08-V1;1,11E+11;COLEGIO SOTAVENTO (IED);COMPLEMENTARIA;CREA LUCERO BAJO;KR 17DBIS 64A 05 S
J-4051-05-V4;1,11E+11;COLEGIO SOTAVENTO (IED);COMPLEMENTARIA;CREA LUCERO BAJO;KR 17DBIS 64A 05 S
J-4051-05-V3;1,11E+11;COLEGIO SOTAVENTO (IED);COMPLEMENTARIA;CREA LUCERO BAJO;KR 17DBIS 64A 05 S
J-4051-05-V2;1,11E+11;COLEGIO SOTAVENTO (IED);COMPLEMENTARIA;CREA LUCERO BAJO;KR 17DBIS 64A 05 S
J-4051-05-V1;1,11E+11;COLEGIO SOTAVENTO (IED);COMPLEMENTARIA;CREA LUCERO BAJO;KR 17DBIS 64A 05 S
J-4051-04-V2;1,11E+11;COLEGIO SOTAVENTO (IED);COMPLEMENTARIA;CREA LUCERO BAJO;KR 17DBIS 64A 05 S
J-4051-04-V1;1,11E+11;COLEGIO SOTAVENTO (IED);COMPLEMENTARIA;CREA LUCERO BAJO;KR 17DBIS 64A 05 S
J-4051-01-V4;1,11E+11;COLEGIO SOTAVENTO (IED);COMPLEMENTARIA;CREA LUCERO BAJO;KR 17DBIS 64A 05 S
J-4051-01-V3;1,11E+11;COLEGIO SOTAVENTO (IED);COMPLEMENTARIA;CREA LUCERO BAJO;KR 17DBIS 64A 05 S
J-4051-01-V2;1,11E+11;COLEGIO SOTAVENTO (IED);COMPLEMENTARIA;CREA LUCERO BAJO;KR 17DBIS 64A 05 S
J-4051-01-V1;1,11E+11;COLEGIO SOTAVENTO (IED);COMPLEMENTARIA;CREA LUCERO BAJO;KR 17DBIS 64A 05 S
J-4051-07-V3;1,11E+11;COLEGIO SOTAVENTO (IED);COMPLEMENTARIA;PARQUE VALLES DE CAFAM;KR 14I DG 92 SUR
J-4051-07-V2;1,11E+11;COLEGIO SOTAVENTO (IED);COMPLEMENTARIA;PARQUE VALLES DE CAFAM;KR 14I DG 92 SUR
J-4051-07-V1;1,11E+11;COLEGIO SOTAVENTO (IED);COMPLEMENTARIA;PARQUE VALLES DE CAFAM;KR 14I DG 92 SUR
J-4051-06-V3;1,11E+11;COLEGIO SOTAVENTO (IED);COMPLEMENTARIA;PARQUE VALLES DE CAFAM;KR 14I DG 92 SUR
J-4051-06-V2;1,11E+11;COLEGIO SOTAVENTO (IED);COMPLEMENTARIA;PARQUE VALLES DE CAFAM;KR 14I DG 92 SUR
J-4051-06-V1;1,11E+11;COLEGIO SOTAVENTO (IED);COMPLEMENTARIA;PARQUE VALLES DE CAFAM;KR 14I DG 92 SUR
J-4051-03-V3;1,11E+11;COLEGIO SOTAVENTO (IED);COMPLEMENTARIA;PARQUE VALLES DE CAFAM;KR 14I DG 92 SUR
J-4051-03-V2;1,11E+11;COLEGIO SOTAVENTO (IED);COMPLEMENTARIA;PARQUE VALLES DE CAFAM;KR 14I DG 92 SUR
J-4051-03-V1;1,11E+11;COLEGIO SOTAVENTO (IED);COMPLEMENTARIA;PARQUE VALLES DE CAFAM;KR 14I DG 92 SUR
J-4051-02-V3;1,11E+11;COLEGIO SOTAVENTO (IED);COMPLEMENTARIA;PARQUE VALLES DE CAFAM;KR 14I DG 92 SUR
J-4051-02-V2;1,11E+11;COLEGIO SOTAVENTO (IED);COMPLEMENTARIA;PARQUE VALLES DE CAFAM;KR 14I DG 92 SUR
J-4051-02-V1;1,11E+11;COLEGIO SOTAVENTO (IED);COMPLEMENTARIA;PARQUE VALLES DE CAFAM;KR 14I DG 92 SUR
J-4051-07-V5;1,11E+11;COLEGIO SOTAVENTO (IED);COMPLEMENTARIA;PARQUE VALLES DE CAFAM;CL 92 S 14D 01
J-4051-07-V4;1,11E+11;COLEGIO SOTAVENTO (IED);COMPLEMENTARIA;PARQUE VALLES DE CAFAM;CL 92 S 14D 01
J-4051-06-V5;1,11E+11;COLEGIO SOTAVENTO (IED);COMPLEMENTARIA;PARQUE VALLES DE CAFAM;CL 92 S 14D 01
J-4051-06-V4;1,11E+11;COLEGIO SOTAVENTO (IED);COMPLEMENTARIA;PARQUE VALLES DE CAFAM;CL 92 S 14D 01
J-4051-03-V5;1,11E+11;COLEGIO SOTAVENTO (IED);COMPLEMENTARIA;PARQUE VALLES DE CAFAM;CL 92 S 14D 01
J-4051-03-V4;1,11E+11;COLEGIO SOTAVENTO (IED);COMPLEMENTARIA;PARQUE VALLES DE CAFAM;CL 92 S 14D 01
J-4051-02-V5;1,11E+11;COLEGIO SOTAVENTO (IED);COMPLEMENTARIA;PARQUE VALLES DE CAFAM;CL 92 S 14D 01
J-4051-02-V4;1,11E+11;COLEGIO SOTAVENTO (IED);COMPLEMENTARIA;PARQUE VALLES DE CAFAM;CL 92 S 14D 01
J-4053-02-V7;1,11E+11;COLEGIO ANTONIO NARIÑO (IED);COMPLEMENTARIA;CREA LA GRANJA;CL 78 KR 77B 86
J-4053-03-V1;1,11E+11;COLEGIO ANTONIO NARIÑO (IED);COMPLEMENTARIA;CREA LA GRANJA;CL 78 KR 77B 86
J-4053-03-V10;1,11E+11;COLEGIO ANTONIO NARIÑO (IED);COMPLEMENTARIA;CREA LA GRANJA;CL 78 KR 77B 86
J-4053-03-V2;1,11E+11;COLEGIO ANTONIO NARIÑO (IED);COMPLEMENTARIA;CREA LA GRANJA;CL 78 KR 77B 86
J-4053-03-V3;1,11E+11;COLEGIO ANTONIO NARIÑO (IED);COMPLEMENTARIA;CREA LA GRANJA;CL 78 KR 77B 86
J-4053-03-V4;1,11E+11;COLEGIO ANTONIO NARIÑO (IED);COMPLEMENTARIA;CREA LA GRANJA;CL 78 KR 77B 86
J-4053-03-V5;1,11E+11;COLEGIO ANTONIO NARIÑO (IED);COMPLEMENTARIA;CREA LA GRANJA;CL 78 KR 77B 86
J-4053-03-V6;1,11E+11;COLEGIO ANTONIO NARIÑO (IED);COMPLEMENTARIA;CREA LA GRANJA;CL 78 KR 77B 86
J-4053-03-V7;1,11E+11;COLEGIO ANTONIO NARIÑO (IED);COMPLEMENTARIA;CREA LA GRANJA;CL 78 KR 77B 86
J-4053-03-V8;1,11E+11;COLEGIO ANTONIO NARIÑO (IED);COMPLEMENTARIA;CREA LA GRANJA;CL 78 KR 77B 86
J-4053-04-V1;1,11E+11;COLEGIO ANTONIO NARIÑO (IED);COMPLEMENTARIA;CREA LA GRANJA;CL 78 KR 77B 86
J-4053-04-V11;1,11E+11;COLEGIO ANTONIO NARIÑO (IED);COMPLEMENTARIA;CREA LA GRANJA;CL 78 KR 77B 86
J-4053-04-V2;1,11E+11;COLEGIO ANTONIO NARIÑO (IED);COMPLEMENTARIA;CREA LA GRANJA;CL 78 KR 77B 86
J-4053-04-V3;1,11E+11;COLEGIO ANTONIO NARIÑO (IED);COMPLEMENTARIA;CREA LA GRANJA;CL 78 KR 77B 86
J-4053-04-V4;1,11E+11;COLEGIO ANTONIO NARIÑO (IED);COMPLEMENTARIA;CREA LA GRANJA;CL 78 KR 77B 86
J-4053-04-V5;1,11E+11;COLEGIO ANTONIO NARIÑO (IED);COMPLEMENTARIA;CREA LA GRANJA;CL 78 KR 77B 86
J-4053-04-V6;1,11E+11;COLEGIO ANTONIO NARIÑO (IED);COMPLEMENTARIA;CREA LA GRANJA;CL 78 KR 77B 86
J-4053-04-V7;1,11E+11;COLEGIO ANTONIO NARIÑO (IED);COMPLEMENTARIA;CREA LA GRANJA;CL 78 KR 77B 86
J-4053-04-V8;1,11E+11;COLEGIO ANTONIO NARIÑO (IED);COMPLEMENTARIA;CREA LA GRANJA;CL 78 KR 77B 86
J-4053-04-V9;1,11E+11;COLEGIO ANTONIO NARIÑO (IED);COMPLEMENTARIA;CREA LA GRANJA;CL 78 KR 77B 86
J-4053-17-V1;1,11E+11;COLEGIO ANTONIO NARIÑO (IED);COMPLEMENTARIA;UDS;CL 63 69 26
J-4053-17-V2;1,11E+11;COLEGIO ANTONIO NARIÑO (IED);COMPLEMENTARIA;UDS;CL 63 69 26
J-4053-18-V1;1,11E+11;COLEGIO ANTONIO NARIÑO (IED);COMPLEMENTARIA;UDS;CL 63 69 26
J-4053-18-V2;1,11E+11;COLEGIO ANTONIO NARIÑO (IED);COMPLEMENTARIA;UDS;CL 63 69 26
J-4053-19-V1;1,11E+11;COLEGIO ANTONIO NARIÑO (IED);COMPLEMENTARIA;UDS;CL 63 69 26
J-4053-20-V1;1,11E+11;COLEGIO ANTONIO NARIÑO (IED);COMPLEMENTARIA;UDS;CL 63 69 26
J-4053-20-V2;1,11E+11;COLEGIO ANTONIO NARIÑO (IED);COMPLEMENTARIA;UDS;CL 63 69 26
J-4055-01-V1;1,11E+11;COLEGIO INSTITUTO TECNICO LAUREANO GOMEZ (IED);COMPLEMENTARIA;UNIDAD DEPORTIVA EL SALITRE;CL 63 68 45
J-4055-02-V1;1,11E+11;COLEGIO INSTITUTO TECNICO LAUREANO GOMEZ (IED);COMPLEMENTARIA;UNIDAD DEPORTIVA EL SALITRE;CL 63 68 45
J-4055-14-V1;1,11E+11;COLEGIO INSTITUTO TECNICO LAUREANO GOMEZ (IED);COMPLEMENTARIA;UNIDAD DEPORTIVA EL SALITRE;CL 63 68 45
J-4053-08-V2;1,11E+11;COLEGIO ANTONIO NARIÑO (IED);COMPLEMENTARIA;PARQUE VILLALUZ;CL 63 F BIS 77 C 25
J-4053-08-V1;1,11E+11;COLEGIO ANTONIO NARIÑO (IED);COMPLEMENTARIA;PARQUE VILLALUZ;CL 63 F BIS 77 C 25
J-4053-07-V2;1,11E+11;COLEGIO ANTONIO NARIÑO (IED);COMPLEMENTARIA;PARQUE VILLALUZ;CL 63 F BIS 77 C 25
J-4053-07-V1;1,11E+11;COLEGIO ANTONIO NARIÑO (IED);COMPLEMENTARIA;PARQUE VILLALUZ;CL 63 F BIS 77 C 25
J-4053-06-V2;1,11E+11;COLEGIO ANTONIO NARIÑO (IED);COMPLEMENTARIA;PARQUE VILLALUZ;CL 63 F BIS 77 C 25
J-4053-06-V1;1,11E+11;COLEGIO ANTONIO NARIÑO (IED);COMPLEMENTARIA;PARQUE VILLALUZ;CL 63 F BIS 77 C 25
J-4053-05-V2;1,11E+11;COLEGIO ANTONIO NARIÑO (IED);COMPLEMENTARIA;PARQUE VILLALUZ;CL 63 F BIS 77 C 25
J-4053-05-V1;1,11E+11;COLEGIO ANTONIO NARIÑO (IED);COMPLEMENTARIA;PARQUE VILLALUZ;CL 63 F BIS 77 C 25
J-4053-12-V3;1,11E+11;COLEGIO ANTONIO NARIÑO (IED);COMPLEMENTARIA;PLAZA ARTESANOS;CL 82  100 A 91
J-4053-12-V2;1,11E+11;COLEGIO ANTONIO NARIÑO (IED);COMPLEMENTARIA;PLAZA ARTESANOS;CL 82  100 A 91
J-4053-12-V1;1,11E+11;COLEGIO ANTONIO NARIÑO (IED);COMPLEMENTARIA;PLAZA ARTESANOS;CL 82  100 A 91
J-4053-11-V2;1,11E+11;COLEGIO ANTONIO NARIÑO (IED);COMPLEMENTARIA;PLAZA ARTESANOS;CL 82  100 A 91
J-4053-11-V1;1,11E+11;COLEGIO ANTONIO NARIÑO (IED);COMPLEMENTARIA;PLAZA ARTESANOS;CL 82  100 A 91
J-4053-10-V4;1,11E+11;COLEGIO ANTONIO NARIÑO (IED);COMPLEMENTARIA;PLAZA ARTESANOS;CL 82  100 A 91
J-4053-10-V3;1,11E+11;COLEGIO ANTONIO NARIÑO (IED);COMPLEMENTARIA;PLAZA ARTESANOS;CL 82  100 A 91
J-4053-10-V2;1,11E+11;COLEGIO ANTONIO NARIÑO (IED);COMPLEMENTARIA;PLAZA ARTESANOS;CL 82  100 A 91
J-4053-10-V1;1,11E+11;COLEGIO ANTONIO NARIÑO (IED);COMPLEMENTARIA;PLAZA ARTESANOS;CL 82  100 A 91
J-4053-09-V3;1,11E+11;COLEGIO ANTONIO NARIÑO (IED);COMPLEMENTARIA;PLAZA ARTESANOS;CL 82  100 A 91
J-4053-09-V2;1,11E+11;COLEGIO ANTONIO NARIÑO (IED);COMPLEMENTARIA;PLAZA ARTESANOS;CL 82  100 A 91
J-4053-09-V1;1,11E+11;COLEGIO ANTONIO NARIÑO (IED);COMPLEMENTARIA;PLAZA ARTESANOS;CL 82  100 A 91
U-964;1,11E+11;COLEGIO FERNANDO SOTO APARICIO (IED);URBANO;NA;NA
U-970;1,11E+11;COLEGIO INEM FRANCISCO DE PAULA SANTANDER (IED);URBANO;NA;NA
U-971;1,11E+11;COLEGIO INEM FRANCISCO DE PAULA SANTANDER (IED);URBANO;NA;NA
U-987;1,11E+11;COLEGIO JOHN F. KENNEDY (IED);URBANO;NA;NA
U-988;1,11E+11;COLEGIO JOHN F. KENNEDY (IED);URBANO;NA;NA
U-991;1,11E+11;COLEGIO LAS AMERICAS (IED);URBANO;NA;NA
U-992;1,11E+11;COLEGIO LAS AMERICAS (IED);URBANO;NA;NA
J-4055-15-V1;1,11E+11;COLEGIO INSTITUTO TECNICO LAUREANO GOMEZ (IED);COMPLEMENTARIA;UNIDAD DEPORTIVA EL SALITRE;CL 63 68 45
J-4063-09-V1;1,11E+11;COLEGIO LUIS ANGEL ARANGO (IED);COMPLEMENTARIA;PARQUE SAUZALITO;Cl. 22 #68d-43
J-4063-09-V2;1,11E+11;COLEGIO LUIS ANGEL ARANGO (IED);COMPLEMENTARIA;PARQUE SAUZALITO;Cl. 22 #68d-43
J-4063-10-V1;1,11E+11;COLEGIO LUIS ANGEL ARANGO (IED);COMPLEMENTARIA;PARQUE SAUZALITO;Cl. 22 #68d-43
J-4063-10-V2;1,11E+11;COLEGIO LUIS ANGEL ARANGO (IED);COMPLEMENTARIA;PARQUE SAUZALITO;Cl. 22 #68d-43
J-4063-10-V3;1,11E+11;COLEGIO LUIS ANGEL ARANGO (IED);COMPLEMENTARIA;PARQUE SAUZALITO;Cl. 22 #68d-43
J-4063-11-V1;1,11E+11;COLEGIO LUIS ANGEL ARANGO (IED);COMPLEMENTARIA;PARQUE SAUZALITO;Cl. 22 #68d-43
J-4063-11-V2;1,11E+11;COLEGIO LUIS ANGEL ARANGO (IED);COMPLEMENTARIA;PARQUE SAUZALITO;Cl. 22 #68d-43
J-4063-11-V3;1,11E+11;COLEGIO LUIS ANGEL ARANGO (IED);COMPLEMENTARIA;PARQUE SAUZALITO;Cl. 22 #68d-43
J-4063-12-V1;1,11E+11;COLEGIO LUIS ANGEL ARANGO (IED);COMPLEMENTARIA;PARQUE SAUZALITO;Cl. 22 #68d-43
J-4063-12-V2;1,11E+11;COLEGIO LUIS ANGEL ARANGO (IED);COMPLEMENTARIA;PARQUE SAUZALITO;Cl. 22 #68d-43
J-4055-19-V1;1,11E+11;COLEGIO INSTITUTO TECNICO LAUREANO GOMEZ (IED);COMPLEMENTARIA;CEFE COMETAS;DG  127A 82 26
J-4055-18-V1;1,11E+11;COLEGIO INSTITUTO TECNICO LAUREANO GOMEZ (IED);COMPLEMENTARIA;CEFE COMETAS;DG  127A 82 26
J-4055-04-V1;1,11E+11;COLEGIO INSTITUTO TECNICO LAUREANO GOMEZ (IED);COMPLEMENTARIA;CEFE COMETAS;DG  127A 82 26
J-4055-03-V1;1,11E+11;COLEGIO INSTITUTO TECNICO LAUREANO GOMEZ (IED);COMPLEMENTARIA;CEFE COMETAS;DG  127A 82 26
J-4055-20-V2;1,11E+11;COLEGIO INSTITUTO TECNICO LAUREANO GOMEZ (IED);COMPLEMENTARIA;PARQUE SAN ANDRÉS;CL 82 100A 91
J-4055-20-V1;1,11E+11;COLEGIO INSTITUTO TECNICO LAUREANO GOMEZ (IED);COMPLEMENTARIA;PARQUE SAN ANDRÉS;CL 82 100A 91
J-4055-13-V6;1,11E+11;COLEGIO INSTITUTO TECNICO LAUREANO GOMEZ (IED);COMPLEMENTARIA;PARQUE SAN ANDRÉS;CL 82 100A 91
J-4055-13-V5;1,11E+11;COLEGIO INSTITUTO TECNICO LAUREANO GOMEZ (IED);COMPLEMENTARIA;PARQUE SAN ANDRÉS;CL 82 100A 91
J-4055-13-V4;1,11E+11;COLEGIO INSTITUTO TECNICO LAUREANO GOMEZ (IED);COMPLEMENTARIA;PARQUE SAN ANDRÉS;CL 82 100A 91
J-4055-13-V3;1,11E+11;COLEGIO INSTITUTO TECNICO LAUREANO GOMEZ (IED);COMPLEMENTARIA;PARQUE SAN ANDRÉS;CL 82 100A 91
J-4055-13-V2;1,11E+11;COLEGIO INSTITUTO TECNICO LAUREANO GOMEZ (IED);COMPLEMENTARIA;PARQUE SAN ANDRÉS;CL 82 100A 91
J-4055-13-V1;1,11E+11;COLEGIO INSTITUTO TECNICO LAUREANO GOMEZ (IED);COMPLEMENTARIA;PARQUE SAN ANDRÉS;CL 82 100A 91
J-4055-12-V6;1,11E+11;COLEGIO INSTITUTO TECNICO LAUREANO GOMEZ (IED);COMPLEMENTARIA;PARQUE SAN ANDRÉS;CL 82 100A 91
J-4055-12-V5;1,11E+11;COLEGIO INSTITUTO TECNICO LAUREANO GOMEZ (IED);COMPLEMENTARIA;PARQUE SAN ANDRÉS;CL 82 100A 91
J-4055-12-V4;1,11E+11;COLEGIO INSTITUTO TECNICO LAUREANO GOMEZ (IED);COMPLEMENTARIA;PARQUE SAN ANDRÉS;CL 82 100A 91
J-4055-12-V3;1,11E+11;COLEGIO INSTITUTO TECNICO LAUREANO GOMEZ (IED);COMPLEMENTARIA;PARQUE SAN ANDRÉS;CL 82 100A 91
J-4055-12-V2;1,11E+11;COLEGIO INSTITUTO TECNICO LAUREANO GOMEZ (IED);COMPLEMENTARIA;PARQUE SAN ANDRÉS;CL 82 100A 91
J-4055-12-V1;1,11E+11;COLEGIO INSTITUTO TECNICO LAUREANO GOMEZ (IED);COMPLEMENTARIA;PARQUE SAN ANDRÉS;CL 82 100A 91
J-4055-06-V7;1,11E+11;COLEGIO INSTITUTO TECNICO LAUREANO GOMEZ (IED);COMPLEMENTARIA;PARQUE SAN ANDRÉS;CL 82 100A 91
J-4055-06-V6;1,11E+11;COLEGIO INSTITUTO TECNICO LAUREANO GOMEZ (IED);COMPLEMENTARIA;PARQUE SAN ANDRÉS;CL 82 100A 91
J-4055-06-V5;1,11E+11;COLEGIO INSTITUTO TECNICO LAUREANO GOMEZ (IED);COMPLEMENTARIA;PARQUE SAN ANDRÉS;CL 82 100A 91
J-4055-06-V4;1,11E+11;COLEGIO INSTITUTO TECNICO LAUREANO GOMEZ (IED);COMPLEMENTARIA;PARQUE SAN ANDRÉS;CL 82 100A 91
J-4055-06-V3;1,11E+11;COLEGIO INSTITUTO TECNICO LAUREANO GOMEZ (IED);COMPLEMENTARIA;PARQUE SAN ANDRÉS;CL 82 100A 91
J-4055-06-V2;1,11E+11;COLEGIO INSTITUTO TECNICO LAUREANO GOMEZ (IED);COMPLEMENTARIA;PARQUE SAN ANDRÉS;CL 82 100A 91
J-4055-06-V1;1,11E+11;COLEGIO INSTITUTO TECNICO LAUREANO GOMEZ (IED);COMPLEMENTARIA;PARQUE SAN ANDRÉS;CL 82 100A 91
J-4055-05-V7;1,11E+11;COLEGIO INSTITUTO TECNICO LAUREANO GOMEZ (IED);COMPLEMENTARIA;PARQUE SAN ANDRÉS;CL 82 100A 91
J-4055-05-V6;1,11E+11;COLEGIO INSTITUTO TECNICO LAUREANO GOMEZ (IED);COMPLEMENTARIA;PARQUE SAN ANDRÉS;CL 82 100A 91
J-4055-05-V5;1,11E+11;COLEGIO INSTITUTO TECNICO LAUREANO GOMEZ (IED);COMPLEMENTARIA;PARQUE SAN ANDRÉS;CL 82 100A 91
J-4055-05-V4;1,11E+11;COLEGIO INSTITUTO TECNICO LAUREANO GOMEZ (IED);COMPLEMENTARIA;PARQUE SAN ANDRÉS;CL 82 100A 91
J-4055-05-V3;1,11E+11;COLEGIO INSTITUTO TECNICO LAUREANO GOMEZ (IED);COMPLEMENTARIA;PARQUE SAN ANDRÉS;CL 82 100A 91
J-4055-05-V2;1,11E+11;COLEGIO INSTITUTO TECNICO LAUREANO GOMEZ (IED);COMPLEMENTARIA;PARQUE SAN ANDRÉS;CL 82 100A 91
J-4055-05-V1;1,11E+11;COLEGIO INSTITUTO TECNICO LAUREANO GOMEZ (IED);COMPLEMENTARIA;PARQUE SAN ANDRÉS;CL 82 100A 91
J-4055-24-V4;1,11E+11;COLEGIO INSTITUTO TECNICO LAUREANO GOMEZ (IED);COMPLEMENTARIA;CREA VILLAS DEL DORADO;KR 105 70 58
J-4055-24-V3;1,11E+11;COLEGIO INSTITUTO TECNICO LAUREANO GOMEZ (IED);COMPLEMENTARIA;CREA VILLAS DEL DORADO;KR 105 70 58
J-4055-24-V2;1,11E+11;COLEGIO INSTITUTO TECNICO LAUREANO GOMEZ (IED);COMPLEMENTARIA;CREA VILLAS DEL DORADO;KR 105 70 58
J-4055-24-V1;1,11E+11;COLEGIO INSTITUTO TECNICO LAUREANO GOMEZ (IED);COMPLEMENTARIA;CREA VILLAS DEL DORADO;KR 105 70 58
J-4055-16-V4;1,11E+11;COLEGIO INSTITUTO TECNICO LAUREANO GOMEZ (IED);COMPLEMENTARIA;CREA VILLAS DEL DORADO;KR 105 70 58
J-4055-16-V3;1,11E+11;COLEGIO INSTITUTO TECNICO LAUREANO GOMEZ (IED);COMPLEMENTARIA;CREA VILLAS DEL DORADO;KR 105 70 58
J-4055-16-V2;1,11E+11;COLEGIO INSTITUTO TECNICO LAUREANO GOMEZ (IED);COMPLEMENTARIA;CREA VILLAS DEL DORADO;KR 105 70 58
J-4055-16-V1;1,11E+11;COLEGIO INSTITUTO TECNICO LAUREANO GOMEZ (IED);COMPLEMENTARIA;CREA VILLAS DEL DORADO;KR 105 70 58
J-4055-08-V3;1,11E+11;COLEGIO INSTITUTO TECNICO LAUREANO GOMEZ (IED);COMPLEMENTARIA;CREA VILLAS DEL DORADO;KR 105 70 58
J-4055-08-V2;1,11E+11;COLEGIO INSTITUTO TECNICO LAUREANO GOMEZ (IED);COMPLEMENTARIA;CREA VILLAS DEL DORADO;KR 105 70 58
J-4055-08-V1;1,11E+11;COLEGIO INSTITUTO TECNICO LAUREANO GOMEZ (IED);COMPLEMENTARIA;CREA VILLAS DEL DORADO;KR 105 70 58
J-4055-07-V4;1,11E+11;COLEGIO INSTITUTO TECNICO LAUREANO GOMEZ (IED);COMPLEMENTARIA;CREA VILLAS DEL DORADO;KR 105 70 58
J-4055-07-V3;1,11E+11;COLEGIO INSTITUTO TECNICO LAUREANO GOMEZ (IED);COMPLEMENTARIA;CREA VILLAS DEL DORADO;KR 105 70 58
J-4055-07-V2;1,11E+11;COLEGIO INSTITUTO TECNICO LAUREANO GOMEZ (IED);COMPLEMENTARIA;CREA VILLAS DEL DORADO;KR 105 70 58
J-4055-07-V1;1,11E+11;COLEGIO INSTITUTO TECNICO LAUREANO GOMEZ (IED);COMPLEMENTARIA;CREA VILLAS DEL DORADO;KR 105 70 58
J-4055-23-V2;1,11E+11;COLEGIO INSTITUTO TECNICO LAUREANO GOMEZ (IED);COMPLEMENTARIA;SEDE MÚSICA;DG 74B  87 40
J-4055-23-V1;1,11E+11;COLEGIO INSTITUTO TECNICO LAUREANO GOMEZ (IED);COMPLEMENTARIA;SEDE MÚSICA;DG 74B  87 40
J-4055-22-V3;1,11E+11;COLEGIO INSTITUTO TECNICO LAUREANO GOMEZ (IED);COMPLEMENTARIA;SEDE MÚSICA;DG 74B  87 40
J-4055-22-V2;1,11E+11;COLEGIO INSTITUTO TECNICO LAUREANO GOMEZ (IED);COMPLEMENTARIA;SEDE MÚSICA;DG 74B  87 40
J-4055-22-V1;1,11E+11;COLEGIO INSTITUTO TECNICO LAUREANO GOMEZ (IED);COMPLEMENTARIA;SEDE MÚSICA;DG 74B  87 40
J-4055-21-V1;1,11E+11;COLEGIO INSTITUTO TECNICO LAUREANO GOMEZ (IED);COMPLEMENTARIA;SEDE MÚSICA;DG 74B  87 40
J-4055-11-V1;1,11E+11;COLEGIO INSTITUTO TECNICO LAUREANO GOMEZ (IED);COMPLEMENTARIA;SEDE MÚSICA;DG 74B  87 40
J-4055-10-V3;1,11E+11;COLEGIO INSTITUTO TECNICO LAUREANO GOMEZ (IED);COMPLEMENTARIA;SEDE MÚSICA;DG 74B  87 40
J-4055-10-V2;1,11E+11;COLEGIO INSTITUTO TECNICO LAUREANO GOMEZ (IED);COMPLEMENTARIA;SEDE MÚSICA;DG 74B  87 40
J-4055-10-V1;1,11E+11;COLEGIO INSTITUTO TECNICO LAUREANO GOMEZ (IED);COMPLEMENTARIA;SEDE MÚSICA;DG 74B  87 40
J-4055-09-V3;1,11E+11;COLEGIO INSTITUTO TECNICO LAUREANO GOMEZ (IED);COMPLEMENTARIA;SEDE MÚSICA;DG 74B  87 40
J-4055-09-V2;1,11E+11;COLEGIO INSTITUTO TECNICO LAUREANO GOMEZ (IED);COMPLEMENTARIA;SEDE MÚSICA;DG 74B  87 40
J-4055-09-V1;1,11E+11;COLEGIO INSTITUTO TECNICO LAUREANO GOMEZ (IED);COMPLEMENTARIA;SEDE MÚSICA;DG 74B  87 40
J-4056-02-V1;1,11E+11;COLEGIO JOSE ASUNCION SILVA (IED);COMPLEMENTARIA;PARQUE LA SERENA;CL 90A 85 70
J-4056-01-V1;1,11E+11;COLEGIO JOSE ASUNCION SILVA (IED);COMPLEMENTARIA;PARQUE LA SERENA;CL 90A 85 70
J-4056-06-V1;1,11E+11;COLEGIO JOSE ASUNCION SILVA (IED);COMPLEMENTARIA;PARQUE LA SERENA;CL 90A 85 70
J-4056-05-V1;1,11E+11;COLEGIO JOSE ASUNCION SILVA (IED);COMPLEMENTARIA;PARQUE LA SERENA;CL 90A 85 70
J-4056-04-V1;1,11E+11;COLEGIO JOSE ASUNCION SILVA (IED);COMPLEMENTARIA;PARQUE LA SERENA;CL 90A 85 70
J-4056-03-V1;1,11E+11;COLEGIO JOSE ASUNCION SILVA (IED);COMPLEMENTARIA;PARQUE LA SERENA;CL 90A 85 70
J-4063-12-V3;1,11E+11;COLEGIO LUIS ANGEL ARANGO (IED);COMPLEMENTARIA;PARQUE SAUZALITO;Cl. 22 #68d-43
J-4063-14-V1;1,11E+11;COLEGIO LUIS ANGEL ARANGO (IED);COMPLEMENTARIA;PARQUE SAUZALITO;Cl. 22 #68d-43
J-4067-01-V1;1,11E+11;COLEGIO HERNANDO DURAN DUSSAN (IED);COMPLEMENTARIA;COMPENSAR AV 68;KR 69 49A 73
J-4067-01-V10;1,11E+11;COLEGIO HERNANDO DURAN DUSSAN (IED);COMPLEMENTARIA;COMPENSAR AV 68;KR 69 49A 73
J-4067-01-V2;1,11E+11;COLEGIO HERNANDO DURAN DUSSAN (IED);COMPLEMENTARIA;COMPENSAR AV 68;KR 69 49A 73
J-4067-01-V3;1,11E+11;COLEGIO HERNANDO DURAN DUSSAN (IED);COMPLEMENTARIA;COMPENSAR AV 68;KR 69 49A 73
J-4067-01-V4;1,11E+11;COLEGIO HERNANDO DURAN DUSSAN (IED);COMPLEMENTARIA;COMPENSAR AV 68;KR 69 49A 73
J-4067-01-V5;1,11E+11;COLEGIO HERNANDO DURAN DUSSAN (IED);COMPLEMENTARIA;COMPENSAR AV 68;KR 69 49A 73
J-4067-01-V6;1,11E+11;COLEGIO HERNANDO DURAN DUSSAN (IED);COMPLEMENTARIA;COMPENSAR AV 68;KR 69 49A 73
J-4067-01-V7;1,11E+11;COLEGIO HERNANDO DURAN DUSSAN (IED);COMPLEMENTARIA;COMPENSAR AV 68;KR 69 49A 73
J-4067-01-V8;1,11E+11;COLEGIO HERNANDO DURAN DUSSAN (IED);COMPLEMENTARIA;COMPENSAR AV 68;KR 69 49A 73
J-4067-01-V9;1,11E+11;COLEGIO HERNANDO DURAN DUSSAN (IED);COMPLEMENTARIA;COMPENSAR AV 68;KR 69 49A 73
J-4067-02-V1;1,11E+11;COLEGIO HERNANDO DURAN DUSSAN (IED);COMPLEMENTARIA;COMPENSAR AV 68;KR 69 49A 73
J-4067-02-V2;1,11E+11;COLEGIO HERNANDO DURAN DUSSAN (IED);COMPLEMENTARIA;COMPENSAR AV 68;KR 69 49A 73
J-4067-02-V3;1,11E+11;COLEGIO HERNANDO DURAN DUSSAN (IED);COMPLEMENTARIA;COMPENSAR AV 68;KR 69 49A 73
J-4067-02-V4;1,11E+11;COLEGIO HERNANDO DURAN DUSSAN (IED);COMPLEMENTARIA;COMPENSAR AV 68;KR 69 49A 73
J-4067-02-V5;1,11E+11;COLEGIO HERNANDO DURAN DUSSAN (IED);COMPLEMENTARIA;COMPENSAR AV 68;KR 69 49A 73
J-4079-01-V1;1,11E+11;COLEGIO ESPAÑA (IED);COMPLEMENTARIA;COMPENSAR AV 68;KR 69 49A 73
J-4079-01-V2;1,11E+11;COLEGIO ESPAÑA (IED);COMPLEMENTARIA;COMPENSAR AV 68;KR 69 49A 73
J-4079-02-V1;1,11E+11;COLEGIO ESPAÑA (IED);COMPLEMENTARIA;COMPENSAR AV 68;KR 69 49A 73
J-4079-02-V2;1,11E+11;COLEGIO ESPAÑA (IED);COMPLEMENTARIA;COMPENSAR AV 68;KR 69 49A 73
J-4079-03-V1;1,11E+11;COLEGIO ESPAÑA (IED);COMPLEMENTARIA;CENTRO DE INNOVACIÓN SABER DIGITAL REDP;KR 28A 62 46
J-4085-01-V1;1,11E+11;COLEGIO CLEMENCIA DE CAYCEDO (IED);COMPLEMENTARIA;COMPENSAR AV 68;KR 69 49A 73
J-4085-01-V2;1,11E+11;COLEGIO CLEMENCIA DE CAYCEDO (IED);COMPLEMENTARIA;COMPENSAR AV 68;KR 69 49A 73
J-4085-01-V3;1,11E+11;COLEGIO CLEMENCIA DE CAYCEDO (IED);COMPLEMENTARIA;COMPENSAR AV 68;KR 69 49A 73
J-4085-01-V4;1,11E+11;COLEGIO CLEMENCIA DE CAYCEDO (IED);COMPLEMENTARIA;COMPENSAR AV 68;KR 69 49A 73
J-4105-01-V1;1,11E+11;COLEGIO MANUEL ELKIN PATARROYO (IED);COMPLEMENTARIA;COMPENSAR AV 68;KR 69 49A 73
J-4067-04-V6;1,11E+11;COLEGIO HERNANDO DURAN DUSSAN (IED);COMPLEMENTARIA;IDARTES - CASTILLA;KR 75 8B 89
J-4067-04-V5;1,11E+11;COLEGIO HERNANDO DURAN DUSSAN (IED);COMPLEMENTARIA;IDARTES - CASTILLA;KR 75 8B 89
J-4067-04-V4;1,11E+11;COLEGIO HERNANDO DURAN DUSSAN (IED);COMPLEMENTARIA;IDARTES - CASTILLA;KR 75 8B 89
J-4067-04-V3;1,11E+11;COLEGIO HERNANDO DURAN DUSSAN (IED);COMPLEMENTARIA;IDARTES - CASTILLA;KR 75 8B 89
J-4067-04-V2;1,11E+11;COLEGIO HERNANDO DURAN DUSSAN (IED);COMPLEMENTARIA;IDARTES - CASTILLA;KR 75 8B 89
J-4067-04-V1;1,11E+11;COLEGIO HERNANDO DURAN DUSSAN (IED);COMPLEMENTARIA;IDARTES - CASTILLA;KR 75 8B 89
J-4067-03-V6;1,11E+11;COLEGIO HERNANDO DURAN DUSSAN (IED);COMPLEMENTARIA;IDARTES - CASTILLA;KR 75 8B 89
J-4067-03-V5;1,11E+11;COLEGIO HERNANDO DURAN DUSSAN (IED);COMPLEMENTARIA;IDARTES - CASTILLA;KR 75 8B 89
J-4067-03-V4;1,11E+11;COLEGIO HERNANDO DURAN DUSSAN (IED);COMPLEMENTARIA;IDARTES - CASTILLA;KR 75 8B 89
J-4067-03-V3;1,11E+11;COLEGIO HERNANDO DURAN DUSSAN (IED);COMPLEMENTARIA;IDARTES - CASTILLA;KR 75 8B 89
J-4067-03-V2;1,11E+11;COLEGIO HERNANDO DURAN DUSSAN (IED);COMPLEMENTARIA;IDARTES - CASTILLA;KR 75 8B 89
J-4067-03-V1;1,11E+11;COLEGIO HERNANDO DURAN DUSSAN (IED);COMPLEMENTARIA;IDARTES - CASTILLA;KR 75 8B 89
J-4105-01-V2;1,11E+11;COLEGIO MANUEL ELKIN PATARROYO (IED);COMPLEMENTARIA;COMPENSAR AV 68;KR 69 49A 73
J-4105-01-V3;1,11E+11;COLEGIO MANUEL ELKIN PATARROYO (IED);COMPLEMENTARIA;COMPENSAR AV 68;KR 69 49A 73
J-4105-01-V5;1,11E+11;COLEGIO MANUEL ELKIN PATARROYO (IED);COMPLEMENTARIA;COMPENSAR AV 68;KR 69 49A 73
J-4105-01-V6;1,11E+11;COLEGIO MANUEL ELKIN PATARROYO (IED);COMPLEMENTARIA;COMPENSAR AV 68;KR 69 49A 73
J-4124-06-V3;1,11E+11;COLEGIO AGUSTIN FERNANDEZ (IED);COMPLEMENTARIA;PARQUE DE LOS NIÑOS Y LAS NIÑAS ;AC 63 60 18
J-4082-03-V2;1,11E+11;COLEGIO ALEXANDER FLEMING (IED);COMPLEMENTARIA;SEDE C COLEGIO ALEXANDER FLEMING;CL 50A BIS SUR 12B 61
J-4082-03-V1;1,11E+11;COLEGIO ALEXANDER FLEMING (IED);COMPLEMENTARIA;SEDE C COLEGIO ALEXANDER FLEMING;CL 50A BIS SUR 12B 61
J-4082-02-V2;1,11E+11;COLEGIO ALEXANDER FLEMING (IED);COMPLEMENTARIA;SEDE C COLEGIO ALEXANDER FLEMING;CL 50A BIS SUR 12B 61
J-4082-02-V1;1,11E+11;COLEGIO ALEXANDER FLEMING (IED);COMPLEMENTARIA;SEDE C COLEGIO ALEXANDER FLEMING;CL 50A BIS SUR 12B 61
J-4083-04-V1;1,11E+11;COLEGIO ALFREDO IRIARTE (IED);COMPLEMENTARIA;CEFE TUNAL;Calle 48 C Sur # 22D -81
J-4083-03-V1;1,11E+11;COLEGIO ALFREDO IRIARTE (IED);COMPLEMENTARIA;CEFE TUNAL;Calle 48 C Sur # 22D -81
J-4083-02-V1;1,11E+11;COLEGIO ALFREDO IRIARTE (IED);COMPLEMENTARIA;CEFE TUNAL;Calle 48 C Sur # 22D -81
J-4083-01-V1;1,11E+11;COLEGIO ALFREDO IRIARTE (IED);COMPLEMENTARIA;CEFE TUNAL;Calle 48 C Sur # 22D -81
J-4124-06-V4;1,11E+11;COLEGIO AGUSTIN FERNANDEZ (IED);COMPLEMENTARIA;PARQUE DE LOS NIÑOS Y LAS NIÑAS ;AC 63 60 18
J-4124-06-V5;1,11E+11;COLEGIO AGUSTIN FERNANDEZ (IED);COMPLEMENTARIA;PARQUE DE LOS NIÑOS Y LAS NIÑAS ;AC 63 60 18
J-4206-01-V1;1,11E+11;COLEGIO MAGDALENA ORTEGA DE NARIÑO (IED);COMPLEMENTARIA;PARQUE SAUZALITO;CL 22 68 D 43
J-4206-01-V2;1,11E+11;COLEGIO MAGDALENA ORTEGA DE NARIÑO (IED);COMPLEMENTARIA;PARQUE SAUZALITO;CL 22 68 D 43
J-4086-08-V1;1,11E+11;COLEGIO COLOMBIA VIVA (IED);COMPLEMENTARIA;PARQUE BOSQUE DE SAN CARLOS;KR 12D 32 44 SUR
J-4086-06-V1;1,11E+11;COLEGIO COLOMBIA VIVA (IED);COMPLEMENTARIA;PARQUE BOSQUE DE SAN CARLOS;KR 12D 32 44 SUR
J-4086-02-V1;1,11E+11;COLEGIO COLOMBIA VIVA (IED);COMPLEMENTARIA;PARQUE BOSQUE DE SAN CARLOS;KR 12D 32 44 SUR
J-4086-01-V1;1,11E+11;COLEGIO COLOMBIA VIVA (IED);COMPLEMENTARIA;PARQUE BOSQUE DE SAN CARLOS;KR 12D 32 44 SUR
J-4103-07-V1;1,11E+11;COLEGIO AULAS COLOMBIANAS SAN LUIS (IED);COMPLEMENTARIA;CEFE SAN CRISTOBAL;KR 3 ESTE CL 18A SUR
J-4103-03-V1;1,11E+11;COLEGIO AULAS COLOMBIANAS SAN LUIS (IED);COMPLEMENTARIA;CEFE SAN CRISTOBAL;KR 3 ESTE CL 18A SUR
J-4103-01-V1;1,11E+11;COLEGIO AULAS COLOMBIANAS SAN LUIS (IED);COMPLEMENTARIA;CEFE SAN CRISTOBAL;KR 3 ESTE CL 18A SUR
J-4103-08-V1;1,11E+11;COLEGIO AULAS COLOMBIANAS SAN LUIS (IED);COMPLEMENTARIA;CEFE SAN CRISTOBAL;KR 3 ESTE CL 18A SUR
J-4103-06-V1;1,11E+11;COLEGIO AULAS COLOMBIANAS SAN LUIS (IED);COMPLEMENTARIA;CEFE SAN CRISTOBAL;KR 3 ESTE CL 18A SUR
J-4103-04-V1;1,11E+11;COLEGIO AULAS COLOMBIANAS SAN LUIS (IED);COMPLEMENTARIA;CEFE SAN CRISTOBAL;KR 3 ESTE CL 18A SUR
J-4103-02-V1;1,11E+11;COLEGIO AULAS COLOMBIANAS SAN LUIS (IED);COMPLEMENTARIA;CEFE SAN CRISTOBAL;KR 3 ESTE CL 18A SUR
J-4206-02-V1;1,11E+11;COLEGIO MAGDALENA ORTEGA DE NARIÑO (IED);COMPLEMENTARIA;PARQUE SAUZALITO;CL 22 68 D 43
J-4206-02-V2;1,11E+11;COLEGIO MAGDALENA ORTEGA DE NARIÑO (IED);COMPLEMENTARIA;PARQUE SAUZALITO;CL 22 68 D 43
J-4206-03-V1;1,11E+11;COLEGIO MAGDALENA ORTEGA DE NARIÑO (IED);COMPLEMENTARIA;PARQUE SAUZALITO;CL 22 68 D 43
J-4206-03-V2;1,11E+11;COLEGIO MAGDALENA ORTEGA DE NARIÑO (IED);COMPLEMENTARIA;PARQUE SAUZALITO;CL 22 68 D 43
J-4206-04-V1;1,11E+11;COLEGIO MAGDALENA ORTEGA DE NARIÑO (IED);COMPLEMENTARIA;PARQUE SAUZALITO;CL 22 68 D 43
J-4115-04-V3;1,12E+11;COLEGIO FILARMONICO SIMON BOLIVAR (IED);COMPLEMENTARIA;ENTRADA CEFE FONTANAR DEL RIO;AC 145 138A 10
J-4115-04-V4;1,12E+11;COLEGIO FILARMONICO SIMON BOLIVAR (IED);COMPLEMENTARIA;ENTRADA CEFE FONTANAR DEL RIO;AC 145 138A 10
J-4115-04-V5;1,12E+11;COLEGIO FILARMONICO SIMON BOLIVAR (IED);COMPLEMENTARIA;ENTRADA CEFE FONTANAR DEL RIO;AC 145 138A 10
J-4124-05-V1;1,11E+11;COLEGIO AGUSTIN FERNANDEZ (IED);COMPLEMENTARIA;PARQUE MIRADOR DE LOS NEVADOS ;CL 147B 86 3
J-4124-06-V1;1,11E+11;COLEGIO AGUSTIN FERNANDEZ (IED);COMPLEMENTARIA;HUMEDAL LA CONEJERA;KR 136 D # 153 - 14
J-4124-06-V2;1,11E+11;COLEGIO AGUSTIN FERNANDEZ (IED);COMPLEMENTARIA;HUMEDAL LA CONEJERA;KR 136 D # 153 - 14
J-4124-07-V2;1,11E+11;COLEGIO AGUSTIN FERNANDEZ (IED);COMPLEMENTARIA;PARQUE MIRADOR DE LOS NEVADOS ;CL 147B 86 3
J-4124-07-V3;1,11E+11;COLEGIO AGUSTIN FERNANDEZ (IED);COMPLEMENTARIA;PARQUE MIRADOR DE LOS NEVADOS ;CL 147B 86 3
J-4124-09-V1;1,11E+11;COLEGIO AGUSTIN FERNANDEZ (IED);COMPLEMENTARIA;HUMEDAL LA CONEJERA;KR 136 D # 153 - 14
J-4124-10-V1;1,11E+11;COLEGIO AGUSTIN FERNANDEZ (IED);COMPLEMENTARIA;PARQUE MIRADOR DE LOS NEVADOS ;CL 147B 86 3
J-4124-12-V1;1,11E+11;COLEGIO AGUSTIN FERNANDEZ (IED);COMPLEMENTARIA;BIBLIOTECA PUBLICA JULIO MARIO SANTO DOMINGO ;AC 170 67 51
J-4124-12-V2;1,11E+11;COLEGIO AGUSTIN FERNANDEZ (IED);COMPLEMENTARIA;BIBLIOTECA PUBLICA JULIO MARIO SANTO DOMINGO ;AC 170 67 51
J-4288-01-V1;1,11E+11;COLEGIO ALBERTO LLERAS CAMARGO (IED);COMPLEMENTARIA;CREA LA CAMPIÑA;CL 146A 94A 05
J-4108-21-V1;1,12E+11;COLEGIO GERARDO PAREDES (IED);COMPLEMENTARIA;CEFE COMETAS;CLL 127 A 87-44
J-4108-20-V1;1,12E+11;COLEGIO GERARDO PAREDES (IED);COMPLEMENTARIA;CEFE COMETAS;CLL 127 A 87-44
J-4108-19-V2;1,12E+11;COLEGIO GERARDO PAREDES (IED);COMPLEMENTARIA;CEFE COMETAS;CLL 127 A 87-44
J-4108-19-V1;1,12E+11;COLEGIO GERARDO PAREDES (IED);COMPLEMENTARIA;CEFE COMETAS;CLL 127 A 87-44
J-4108-18-V2;1,12E+11;COLEGIO GERARDO PAREDES (IED);COMPLEMENTARIA;CEFE COMETAS;CLL 127 A 87-44
J-4108-18-V1;1,12E+11;COLEGIO GERARDO PAREDES (IED);COMPLEMENTARIA;CEFE COMETAS;CLL 127 A 87-44
J-4108-17-V1;1,12E+11;COLEGIO GERARDO PAREDES (IED);COMPLEMENTARIA;CEFE COMETAS;CLL 127 A 87-44
J-4108-16-V1;1,12E+11;COLEGIO GERARDO PAREDES (IED);COMPLEMENTARIA;CEFE COMETAS;CLL 127 A 87-44
J-4108-15-V2;1,12E+11;COLEGIO GERARDO PAREDES (IED);COMPLEMENTARIA;CEFE COMETAS;CLL 127 A 87-44
J-4108-15-V1;1,12E+11;COLEGIO GERARDO PAREDES (IED);COMPLEMENTARIA;CEFE COMETAS;CLL 127 A 87-44
J-4108-14-V2;1,12E+11;COLEGIO GERARDO PAREDES (IED);COMPLEMENTARIA;CEFE COMETAS;CLL 127 A 87-44
J-4108-14-V1;1,12E+11;COLEGIO GERARDO PAREDES (IED);COMPLEMENTARIA;CEFE COMETAS;CLL 127 A 87-44
J-4108-71-V1;1,12E+11;COLEGIO GERARDO PAREDES (IED);COMPLEMENTARIA;CEFE COMETAS;CLL 127 A 87-44
J-4108-68-V1;1,12E+11;COLEGIO GERARDO PAREDES (IED);COMPLEMENTARIA;CEFE COMETAS;CLL 127 A 87-44
J-4108-67-V1;1,12E+11;COLEGIO GERARDO PAREDES (IED);COMPLEMENTARIA;CEFE COMETAS;CLL 127 A 87-44
J-4108-66-V1;1,12E+11;COLEGIO GERARDO PAREDES (IED);COMPLEMENTARIA;CEFE COMETAS;CLL 127 A 87-44
J-4108-62-V1;1,12E+11;COLEGIO GERARDO PAREDES (IED);COMPLEMENTARIA;CEFE COMETAS;CLL 127 A 87-44
J-4108-59-V1;1,12E+11;COLEGIO GERARDO PAREDES (IED);COMPLEMENTARIA;CEFE COMETAS;CLL 127 A 87-44
J-4108-58-V1;1,12E+11;COLEGIO GERARDO PAREDES (IED);COMPLEMENTARIA;CEFE COMETAS;CLL 127 A 87-44
J-4108-56-V1;1,12E+11;COLEGIO GERARDO PAREDES (IED);COMPLEMENTARIA;CEFE COMETAS;CLL 127 A 87-44
J-4108-54-V1;1,12E+11;COLEGIO GERARDO PAREDES (IED);COMPLEMENTARIA;CEFE COMETAS;CLL 127 A 87-44
J-4108-53-V1;1,12E+11;COLEGIO GERARDO PAREDES (IED);COMPLEMENTARIA;CEFE COMETAS;CLL 127 A 87-44
J-4108-48-V1;1,12E+11;COLEGIO GERARDO PAREDES (IED);COMPLEMENTARIA;CEFE COMETAS;CLL 127 A 87-44
J-4108-46-V1;1,12E+11;COLEGIO GERARDO PAREDES (IED);COMPLEMENTARIA;CEFE COMETAS;CLL 127 A 87-44
J-4108-45-V1;1,12E+11;COLEGIO GERARDO PAREDES (IED);COMPLEMENTARIA;CEFE COMETAS;CLL 127 A 87-44
J-4108-39-V1;1,12E+11;COLEGIO GERARDO PAREDES (IED);COMPLEMENTARIA;CEFE COMETAS;CLL 127 A 87-44
J-4108-38-V1;1,12E+11;COLEGIO GERARDO PAREDES (IED);COMPLEMENTARIA;CEFE COMETAS;CLL 127 A 87-44
J-4108-37-V1;1,12E+11;COLEGIO GERARDO PAREDES (IED);COMPLEMENTARIA;CEFE COMETAS;CLL 127 A 87-44
J-4108-36-V1;1,12E+11;COLEGIO GERARDO PAREDES (IED);COMPLEMENTARIA;CEFE COMETAS;CLL 127 A 87-44
J-4108-33-V1;1,12E+11;COLEGIO GERARDO PAREDES (IED);COMPLEMENTARIA;CEFE COMETAS;CLL 127 A 87-44
J-4108-32-V1;1,12E+11;COLEGIO GERARDO PAREDES (IED);COMPLEMENTARIA;CEFE COMETAS;CLL 127 A 87-44
J-4108-28-V1;1,12E+11;COLEGIO GERARDO PAREDES (IED);COMPLEMENTARIA;CEFE COMETAS;CLL 127 A 87-44
J-4108-27-V1;1,12E+11;COLEGIO GERARDO PAREDES (IED);COMPLEMENTARIA;CEFE COMETAS;CLL 127 A 87-44
J-4108-26-V1;1,12E+11;COLEGIO GERARDO PAREDES (IED);COMPLEMENTARIA;CEFE COMETAS;CLL 127 A 87-44
J-4108-25-V1;1,12E+11;COLEGIO GERARDO PAREDES (IED);COMPLEMENTARIA;CEFE COMETAS;CLL 127 A 87-44
J-4108-22-V1;1,12E+11;COLEGIO GERARDO PAREDES (IED);COMPLEMENTARIA;CEFE COMETAS;CLL 127 A 87-44
J-4288-01-V2;1,11E+11;COLEGIO ALBERTO LLERAS CAMARGO (IED);COMPLEMENTARIA;CREA LA CAMPIÑA;CL 146A 94A 05
J-4288-02-V1;1,11E+11;COLEGIO ALBERTO LLERAS CAMARGO (IED);COMPLEMENTARIA;CREA LA CAMPIÑA;CL 146A 94A 05
J-4288-02-V2;1,11E+11;COLEGIO ALBERTO LLERAS CAMARGO (IED);COMPLEMENTARIA;CREA LA CAMPIÑA;CL 146A 94A 05
J-4288-03-V1;1,11E+11;COLEGIO ALBERTO LLERAS CAMARGO (IED);COMPLEMENTARIA;CREA LA CAMPIÑA;CL 146A 94A 05
J-4288-03-V2;1,11E+11;COLEGIO ALBERTO LLERAS CAMARGO (IED);COMPLEMENTARIA;CREA LA CAMPIÑA;CL 146A 94A 05
J-4288-04-V1;1,11E+11;COLEGIO ALBERTO LLERAS CAMARGO (IED);COMPLEMENTARIA;CREA LA CAMPIÑA;CL 146A 94A 05
J-4288-04-V2;1,11E+11;COLEGIO ALBERTO LLERAS CAMARGO (IED);COMPLEMENTARIA;CREA LA CAMPIÑA;CL 146A 94A 05
R-062;1,11E+11;COLEGIO NICOLAS BUENAVENTURA (IED);RURAL;NA;NA
R-063;1,11E+11;COLEGIO NICOLAS BUENAVENTURA (IED);RURAL;NA;NA
R-064;1,11E+11;COLEGIO NICOLAS BUENAVENTURA (IED);RURAL;NA;NA
R-065;1,11E+11;COLEGIO NICOLAS BUENAVENTURA (IED);RURAL;NA;NA
R-066;1,11E+11;COLEGIO NICOLAS BUENAVENTURA (IED);RURAL;NA;NA
J-4108-73-V1;1,12E+11;COLEGIO GERARDO PAREDES (IED);COMPLEMENTARIA;CUR AV 68;AK 68 49A 47
J-4108-72-V1;1,12E+11;COLEGIO GERARDO PAREDES (IED);COMPLEMENTARIA;CUR AV 68;AK 68 49A 47
J-4108-70-V1;1,12E+11;COLEGIO GERARDO PAREDES (IED);COMPLEMENTARIA;CUR AV 68;AK 68 49A 47
J-4108-57-V1;1,12E+11;COLEGIO GERARDO PAREDES (IED);COMPLEMENTARIA;CUR AV 68;AK 68 49A 47
J-4108-55-V1;1,12E+11;COLEGIO GERARDO PAREDES (IED);COMPLEMENTARIA;CUR AV 68;AK 68 49A 47
J-4108-51-V1;1,12E+11;COLEGIO GERARDO PAREDES (IED);COMPLEMENTARIA;CUR AV 68;AK 68 49A 47
J-4108-47-V1;1,12E+11;COLEGIO GERARDO PAREDES (IED);COMPLEMENTARIA;CUR AV 68;AK 68 49A 47
J-4108-40-V1;1,12E+11;COLEGIO GERARDO PAREDES (IED);COMPLEMENTARIA;CUR AV 68;AK 68 49A 47
R-067;1,11E+11;COLEGIO NICOLAS BUENAVENTURA (IED);RURAL;NA;NA
R-068;1,11E+11;COLEGIO NICOLAS BUENAVENTURA (IED);RURAL;NA;NA
R-069;1,11E+11;COLEGIO NICOLAS BUENAVENTURA (IED);RURAL;NA;NA
U-1054;1,11E+11;COLEGIO NICOLAS BUENAVENTURA (IED);URBANO;NA;NA
U-1460;1,11E+11;COLEGIO LA TOSCANA - LISBOA (IED);URBANO;NA;NA
U-1463;1,11E+11;COLEGIO LA TOSCANA - LISBOA (IED);URBANO;NA;NA
U-1544;1,12E+11;COLEGIO FILARMONICO SIMON BOLIVAR (IED);URBANO;NA;NA
U-1552;1,11E+11;COLEGIO TIBABUYES UNIVERSAL (IED);URBANO;NA;NA
J-4110-05-V5;1,12E+11;COLEGIO HUNZA (IED);COMPLEMENTARIA;CENTRO DE LA FELICIDAD LAS COMETAS;CLL 127 A 87-44
J-4110-05-V4;1,12E+11;COLEGIO HUNZA (IED);COMPLEMENTARIA;CENTRO DE LA FELICIDAD LAS COMETAS;CLL 127 A 87-44
J-4110-05-V3;1,12E+11;COLEGIO HUNZA (IED);COMPLEMENTARIA;CENTRO DE LA FELICIDAD LAS COMETAS;CLL 127 A 87-44
J-4110-05-V2;1,12E+11;COLEGIO HUNZA (IED);COMPLEMENTARIA;CENTRO DE LA FELICIDAD LAS COMETAS;CLL 127 A 87-44
J-4110-05-V1;1,12E+11;COLEGIO HUNZA (IED);COMPLEMENTARIA;CENTRO DE LA FELICIDAD LAS COMETAS;CLL 127 A 87-44
J-4110-04-V1;1,12E+11;COLEGIO HUNZA (IED);COMPLEMENTARIA;CENTRO DE LA FELICIDAD LAS COMETAS;CLL 127 A 87-44
J-4110-03-V1;1,12E+11;COLEGIO HUNZA (IED);COMPLEMENTARIA;CENTRO DE LA FELICIDAD LAS COMETAS;CLL 127 A 87-44
J-4110-02-V2;1,12E+11;COLEGIO HUNZA (IED);COMPLEMENTARIA;CENTRO DE LA FELICIDAD LAS COMETAS;CLL 127 A 87-44
J-4110-02-V1;1,12E+11;COLEGIO HUNZA (IED);COMPLEMENTARIA;CENTRO DE LA FELICIDAD LAS COMETAS;CLL 127 A 87-44
J-4110-01-V1;1,12E+11;COLEGIO HUNZA (IED);COMPLEMENTARIA;CENTRO DE LA FELICIDAD LAS COMETAS;CLL 127 A 87-44
U-1553;1,11E+11;COLEGIO TIBABUYES UNIVERSAL (IED);URBANO;NA;NA
U-1554;1,11E+11;COLEGIO ALBERTO LLERAS CAMARGO (IED);URBANO;NA;NA
U-1555;1,11E+11;COLEGIO ALBERTO LLERAS CAMARGO (IED);URBANO;NA;NA
U-1556;1,12E+11;COLEGIO JUAN LOZANO Y LOZANO (IED);URBANO;NA;NA
U-1558;1,11E+11;COLEGIO VEINTIUN ANGELES (IED);URBANO;NA;NA
U-1559;1,11E+11;COLEGIO VEINTIUN ANGELES (IED);URBANO;NA;NA
U-1607;1,12E+11;COLEGIO JUAN LOZANO Y LOZANO (IED);URBANO;NA;NA
U-1608;1,12E+11;COLEGIO JUAN LOZANO Y LOZANO (IED);URBANO;NA;NA
U-1609;1,11E+11;COLEGIO TIBABUYES UNIVERSAL (IED);URBANO;NA;NA
U-1611;1,11E+11;COLEGIO TIBABUYES UNIVERSAL (IED);URBANO;NA;NA
U-1612;1,11E+11;COLEGIO TIBABUYES UNIVERSAL (IED);URBANO;NA;NA
U-1623;1,11E+11;COLEGIO ALBERTO LLERAS CAMARGO (IED);URBANO;NA;NA
U-1624;1,11E+11;COLEGIO ALBERTO LLERAS CAMARGO (IED);URBANO;NA;NA
U-1625;1,11E+11;COLEGIO ALBERTO LLERAS CAMARGO (IED);URBANO;NA;NA
U-1649;1,11E+11;COLEGIO JAIME NIÑO DIEZ (IED);URBANO;NA;NA
U-1654;1,11E+11;COLEGIO VISTA BELLA (IED);URBANO;NA;NA
U-460;1,11E+11;COLEGIO ALBERTO LLERAS CAMARGO (IED);URBANO;NA;NA
U-466;1,11E+11;COLEGIO NICOLAS BUENAVENTURA (IED);URBANO;NA;NA
U-467;1,11E+11;COLEGIO NICOLAS BUENAVENTURA (IED);URBANO;NA;NA
U-468;1,11E+11;COLEGIO NICOLAS BUENAVENTURA (IED);URBANO;NA;NA
U-469;1,11E+11;COLEGIO NICOLAS BUENAVENTURA (IED);URBANO;NA;NA
U-472;1,12E+11;COLEGIO EL SALITRE - SUBA (IED);URBANO;NA;NA
U-473;1,12E+11;COLEGIO EL SALITRE - SUBA (IED);URBANO;NA;NA
U-474;1,12E+11;COLEGIO EL SALITRE - SUBA (IED);URBANO;NA;NA
U-475;1,12E+11;COLEGIO EL SALITRE - SUBA (IED);URBANO;NA;NA
U-476;1,12E+11;COLEGIO EL SALITRE - SUBA (IED);URBANO;NA;NA
U-477;1,12E+11;COLEGIO EL SALITRE - SUBA (IED);URBANO;NA;NA
U-478;1,12E+11;COLEGIO EL SALITRE - SUBA (IED);URBANO;NA;NA
U-479;1,12E+11;COLEGIO EL SALITRE - SUBA (IED);URBANO;NA;NA
U-480;1,12E+11;COLEGIO EL SALITRE - SUBA (IED);URBANO;NA;NA
U-481;1,12E+11;COLEGIO EL SALITRE - SUBA (IED);URBANO;NA;NA
U-516;1,12E+11;COLEGIO JUAN LOZANO Y LOZANO (IED);URBANO;NA;NA
U-517;1,12E+11;COLEGIO JUAN LOZANO Y LOZANO (IED);URBANO;NA;NA
U-518;1,12E+11;COLEGIO JUAN LOZANO Y LOZANO (IED);URBANO;NA;NA
U-519;1,12E+11;COLEGIO JUAN LOZANO Y LOZANO (IED);URBANO;NA;NA
U-520;1,12E+11;COLEGIO JUAN LOZANO Y LOZANO (IED);URBANO;NA;NA
U-521;1,12E+11;COLEGIO JUAN LOZANO Y LOZANO (IED);URBANO;NA;NA
U-522;1,12E+11;COLEGIO JUAN LOZANO Y LOZANO (IED);URBANO;NA;NA
U-523;1,12E+11;COLEGIO JUAN LOZANO Y LOZANO (IED);URBANO;NA;NA
U-524;1,12E+11;COLEGIO JUAN LOZANO Y LOZANO (IED);URBANO;NA;NA
U-525;1,12E+11;COLEGIO JUAN LOZANO Y LOZANO (IED);URBANO;NA;NA
U-526;1,12E+11;COLEGIO JUAN LOZANO Y LOZANO (IED);URBANO;NA;NA
U-527;1,12E+11;COLEGIO JUAN LOZANO Y LOZANO (IED);URBANO;NA;NA
U-533;1,12E+11;COLEGIO NUEVA ZELANDIA (IED);URBANO;NA;NA
U-535;1,12E+11;COLEGIO NUEVA ZELANDIA (IED);URBANO;NA;NA
U-536;1,12E+11;COLEGIO NUEVA ZELANDIA (IED);URBANO;NA;NA
U-537;1,12E+11;COLEGIO NUEVA ZELANDIA (IED);URBANO;NA;NA
U-538;1,12E+11;COLEGIO NUEVA ZELANDIA (IED);URBANO;NA;NA
U-539;1,12E+11;COLEGIO NUEVA ZELANDIA (IED);URBANO;NA;NA
U-557;1,11E+11;COLEGIO TIBABUYES UNIVERSAL (IED);URBANO;NA;NA
U-560;1,11E+11;COLEGIO TIBABUYES UNIVERSAL (IED);URBANO;NA;NA
U-561;1,11E+11;COLEGIO VEINTIUN ANGELES (IED);URBANO;NA;NA
J-4123-05-V3;1,11E+11;COLEGIO SAN CARLOS (IED);COMPLEMENTARIA;PARQUE METROPOLITANO EL TUNAL ;Av Carrera 24 Con Calle 50 A Surcostado Nor-o
J-4123-05-V2;1,11E+11;COLEGIO SAN CARLOS (IED);COMPLEMENTARIA;PARQUE METROPOLITANO EL TUNAL ;Av Carrera 24 Con Calle 50 A Surcostado Nor-o
J-4123-05-V1;1,11E+11;COLEGIO SAN CARLOS (IED);COMPLEMENTARIA;PARQUE METROPOLITANO EL TUNAL ;Av Carrera 24 Con Calle 50 A Surcostado Nor-o
J-4123-04-V4;1,11E+11;COLEGIO SAN CARLOS (IED);COMPLEMENTARIA;PARQUE METROPOLITANO EL TUNAL ;Av Carrera 24 Con Calle 50 A Surcostado Nor-o
J-4123-04-V3;1,11E+11;COLEGIO SAN CARLOS (IED);COMPLEMENTARIA;PARQUE METROPOLITANO EL TUNAL ;Av Carrera 24 Con Calle 50 A Surcostado Nor-o
J-4123-04-V2;1,11E+11;COLEGIO SAN CARLOS (IED);COMPLEMENTARIA;PARQUE METROPOLITANO EL TUNAL ;Av Carrera 24 Con Calle 50 A Surcostado Nor-o
J-4123-04-V1;1,11E+11;COLEGIO SAN CARLOS (IED);COMPLEMENTARIA;PARQUE METROPOLITANO EL TUNAL ;Av Carrera 24 Con Calle 50 A Surcostado Nor-o
J-4123-03-V4;1,11E+11;COLEGIO SAN CARLOS (IED);COMPLEMENTARIA;PARQUE METROPOLITANO EL TUNAL ;Av Carrera 24 Con Calle 50 A Surcostado Nor-o
J-4123-03-V3;1,11E+11;COLEGIO SAN CARLOS (IED);COMPLEMENTARIA;PARQUE METROPOLITANO EL TUNAL ;Av Carrera 24 Con Calle 50 A Surcostado Nor-o
J-4123-03-V2;1,11E+11;COLEGIO SAN CARLOS (IED);COMPLEMENTARIA;PARQUE METROPOLITANO EL TUNAL ;Av Carrera 24 Con Calle 50 A Surcostado Nor-o
J-4123-03-V1;1,11E+11;COLEGIO SAN CARLOS (IED);COMPLEMENTARIA;PARQUE METROPOLITANO EL TUNAL ;Av Carrera 24 Con Calle 50 A Surcostado Nor-o
J-4123-02-V3;1,11E+11;COLEGIO SAN CARLOS (IED);COMPLEMENTARIA;PARQUE METROPOLITANO EL TUNAL ;Av Carrera 24 Con Calle 50 A Surcostado Nor-o
J-4123-02-V2;1,11E+11;COLEGIO SAN CARLOS (IED);COMPLEMENTARIA;PARQUE METROPOLITANO EL TUNAL ;Av Carrera 24 Con Calle 50 A Surcostado Nor-o
J-4123-02-V1;1,11E+11;COLEGIO SAN CARLOS (IED);COMPLEMENTARIA;PARQUE METROPOLITANO EL TUNAL ;Av Carrera 24 Con Calle 50 A Surcostado Nor-o
J-4123-01-V3;1,11E+11;COLEGIO SAN CARLOS (IED);COMPLEMENTARIA;PARQUE METROPOLITANO EL TUNAL ;Av Carrera 24 Con Calle 50 A Surcostado Nor-o
J-4123-01-V2;1,11E+11;COLEGIO SAN CARLOS (IED);COMPLEMENTARIA;PARQUE METROPOLITANO EL TUNAL ;Av Carrera 24 Con Calle 50 A Surcostado Nor-o
J-4123-01-V1;1,11E+11;COLEGIO SAN CARLOS (IED);COMPLEMENTARIA;PARQUE METROPOLITANO EL TUNAL ;Av Carrera 24 Con Calle 50 A Surcostado Nor-o
J-4124-07-V1;1,11E+11;COLEGIO AGUSTIN FERNANDEZ (IED);COMPLEMENTARIA;CANCHA DE FUTBOL CEDRITOS ;CL 145 9 00
J-4124-04-V3;1,11E+11;COLEGIO AGUSTIN FERNANDEZ (IED);COMPLEMENTARIA;CANCHA DE FUTBOL CEDRITOS ;CL 145 9 00
J-4124-04-V2;1,11E+11;COLEGIO AGUSTIN FERNANDEZ (IED);COMPLEMENTARIA;CANCHA DE FUTBOL CEDRITOS ;CL 145 9 00
J-4124-04-V1;1,11E+11;COLEGIO AGUSTIN FERNANDEZ (IED);COMPLEMENTARIA;CANCHA DE FUTBOL CEDRITOS ;CL 145 9 00
J-4124-03-V1;1,11E+11;COLEGIO AGUSTIN FERNANDEZ (IED);COMPLEMENTARIA;CANCHA DE FUTBOL CEDRITOS ;CL 145 9 00
J-4124-02-V1;1,11E+11;COLEGIO AGUSTIN FERNANDEZ (IED);COMPLEMENTARIA;CANCHA DE FUTBOL CEDRITOS ;CL 145 9 00
J-4124-01-V1;1,11E+11;COLEGIO AGUSTIN FERNANDEZ (IED);COMPLEMENTARIA;CANCHA DE FUTBOL CEDRITOS ;CL 145 9 00
U-562;1,11E+11;COLEGIO VEINTIUN ANGELES (IED);URBANO;NA;NA
U-563;1,11E+11;COLEGIO VEINTIUN ANGELES (IED);URBANO;NA;NA
U-564;1,11E+11;COLEGIO VEINTIUN ANGELES (IED);URBANO;NA;NA
U-565;1,11E+11;COLEGIO VEINTIUN ANGELES (IED);URBANO;NA;NA
U-566;1,11E+11;COLEGIO VEINTIUN ANGELES (IED);URBANO;NA;NA
U-568;1,11E+11;COLEGIO VEINTIUN ANGELES (IED);URBANO;NA;NA
U-569;1,11E+11;COLEGIO VEINTIUN ANGELES (IED);URBANO;NA;NA
J-4206-04-V2;1,11E+11;COLEGIO MAGDALENA ORTEGA DE NARIÑO (IED);COMPLEMENTARIA;PARQUE SAUZALITO;CL 22 68 D 43
J-4206-05-V1;1,11E+11;COLEGIO MAGDALENA ORTEGA DE NARIÑO (IED);COMPLEMENTARIA;PARQUE SAUZALITO;CL 22 68 D 43
J-4206-05-V2;1,11E+11;COLEGIO MAGDALENA ORTEGA DE NARIÑO (IED);COMPLEMENTARIA;PARQUE SAUZALITO;CL 22 68 D 43
U-570;1,11E+11;COLEGIO VEINTIUN ANGELES (IED);URBANO;NA;NA
U-571;1,11E+11;COLEGIO VEINTIUN ANGELES (IED);URBANO;NA;NA
J-4125-02-V4;1,12E+11;COLEGIO CRISTOBAL COLON (IED);COMPLEMENTARIA;COMPENSAR SEDE 220;KR 7A  220 - 01
J-4125-02-V3;1,12E+11;COLEGIO CRISTOBAL COLON (IED);COMPLEMENTARIA;COMPENSAR SEDE 220;KR 7A  220 - 01
J-4125-02-V2;1,12E+11;COLEGIO CRISTOBAL COLON (IED);COMPLEMENTARIA;COMPENSAR SEDE 220;KR 7A  220 - 01
J-4125-02-V1;1,12E+11;COLEGIO CRISTOBAL COLON (IED);COMPLEMENTARIA;COMPENSAR SEDE 220;KR 7A  220 - 01
J-4125-01-V5;1,12E+11;COLEGIO CRISTOBAL COLON (IED);COMPLEMENTARIA;COMPENSAR SEDE 220;KR 7A  220 - 01
J-4125-01-V4;1,12E+11;COLEGIO CRISTOBAL COLON (IED);COMPLEMENTARIA;COMPENSAR SEDE 220;KR 7A  220 - 01
J-4125-01-V3;1,12E+11;COLEGIO CRISTOBAL COLON (IED);COMPLEMENTARIA;COMPENSAR SEDE 220;KR 7A  220 - 01
J-4125-01-V2;1,12E+11;COLEGIO CRISTOBAL COLON (IED);COMPLEMENTARIA;COMPENSAR SEDE 220;KR 7A  220 - 01
J-4125-01-V1;1,12E+11;COLEGIO CRISTOBAL COLON (IED);COMPLEMENTARIA;COMPENSAR SEDE 220;KR 7A  220 - 01
J-4125-04-V6;1,12E+11;COLEGIO CRISTOBAL COLON (IED);COMPLEMENTARIA;COMPENSAR SEDE 220;KR 7A  220 - 01
J-4127-04-V1;1,11E+11;COLEGIO SAN CAYETANO (IED);COMPLEMENTARIA;CREA ENTRENUBES;KR 15 ESTE 69 60 SUR
J-4127-03-V1;1,11E+11;COLEGIO SAN CAYETANO (IED);COMPLEMENTARIA;CREA ENTRENUBES;KR 15 ESTE 69 60 SUR
J-4127-02-V3;1,11E+11;COLEGIO SAN CAYETANO (IED);COMPLEMENTARIA;CREA ENTRENUBES;KR 15 ESTE 69 60 SUR
J-4127-02-V2;1,11E+11;COLEGIO SAN CAYETANO (IED);COMPLEMENTARIA;CREA ENTRENUBES;KR 15 ESTE 69 60 SUR
J-4127-02-V1;1,11E+11;COLEGIO SAN CAYETANO (IED);COMPLEMENTARIA;CREA ENTRENUBES;KR 15 ESTE 69 60 SUR
J-4127-01-V2;1,11E+11;COLEGIO SAN CAYETANO (IED);COMPLEMENTARIA;CREA ENTRENUBES;KR 15 ESTE 69 60 SUR
J-4127-01-V1;1,11E+11;COLEGIO SAN CAYETANO (IED);COMPLEMENTARIA;CREA ENTRENUBES;KR 15 ESTE 69 60 SUR
J-4129-04-V1;1,11E+11;COLEGIO NUEVA ESPERANZA (IED);COMPLEMENTARIA;PARQUE VALLES DE CAFAM;CL92 SUR 14 D 87
J-4129-03-V1;1,11E+11;COLEGIO NUEVA ESPERANZA (IED);COMPLEMENTARIA;PARQUE VALLES DE CAFAM;CL92 SUR 14 D 87
J-4129-02-V1;1,11E+11;COLEGIO NUEVA ESPERANZA (IED);COMPLEMENTARIA;PARQUE VALLES DE CAFAM;CL92 SUR 14 D 87
J-4129-01-V1;1,11E+11;COLEGIO NUEVA ESPERANZA (IED);COMPLEMENTARIA;PARQUE VALLES DE CAFAM;CL92 SUR 14 D 87
R-104;2,12E+11;COLEGIO RURAL PASQUILLA (IED);RURAL;NA;NA
R-105;2,12E+11;COLEGIO RURAL PASQUILLA (IED);RURAL;NA;NA
R-106;2,12E+11;COLEGIO RURAL PASQUILLA (IED);RURAL;NA;NA
R-107;2,12E+11;COLEGIO RURAL PASQUILLA (IED);RURAL;NA;NA
R-109;2,12E+11;COLEGIO RURAL PASQUILLA (IED);RURAL;NA;NA
R-110;2,12E+11;COLEGIO RURAL PASQUILLA (IED);RURAL;NA;NA
R-111;2,12E+11;COLEGIO RURAL PASQUILLA (IED);RURAL;NA;NA
R-112;2,12E+11;COLEGIO RURAL PASQUILLA (IED);RURAL;NA;NA
R-184;2,11E+11;COLEGIO GABRIEL GARCIA MARQUEZ (IED);RURAL;NA;NA
R-222;2,12E+11;COLEGIO EL DESTINO (IED);RURAL;NA;NA
R-361;2,12E+11;COLEGIO EL UVAL (IED);RURAL;NA;NA
R-474;2,12E+11;COLEGIO RURAL OLARTE (CED);RURAL;NA;NA
R-476;2,12E+11;COLEGIO EL UVAL (IED);RURAL;NA;NA
R-477;2,12E+11;COLEGIO EL UVAL (IED);RURAL;NA;NA
R-496;2,12E+11;COLEGIO RURAL OLARTE (CED);RURAL;NA;NA
R-498;2,11E+11;COLEGIO EL VERJON (IED);RURAL;NA;NA
R-499;2,12E+11;COLEGIO RURAL PASQUILLA (IED);RURAL;NA;NA
J-4130-06-V3;1,11E+11;COLEGIO NUEVO SAN ANDRES DE LOS ALTOS (IED);COMPLEMENTARIA;VALLES DE CAFAM;CL 73D BIS SUR 3A 1
J-4130-06-V2;1,11E+11;COLEGIO NUEVO SAN ANDRES DE LOS ALTOS (IED);COMPLEMENTARIA;VALLES DE CAFAM;CL 73D BIS SUR 3A 1
J-4130-06-V1;1,11E+11;COLEGIO NUEVO SAN ANDRES DE LOS ALTOS (IED);COMPLEMENTARIA;VALLES DE CAFAM;CL 73D BIS SUR 3A 1
J-4130-05-V2;1,11E+11;COLEGIO NUEVO SAN ANDRES DE LOS ALTOS (IED);COMPLEMENTARIA;VALLES DE CAFAM;CL 73D BIS SUR 3A 1
J-4130-05-V1;1,11E+11;COLEGIO NUEVO SAN ANDRES DE LOS ALTOS (IED);COMPLEMENTARIA;VALLES DE CAFAM;CL 73D BIS SUR 3A 1
J-4130-04-V4;1,11E+11;COLEGIO NUEVO SAN ANDRES DE LOS ALTOS (IED);COMPLEMENTARIA;VALLES DE CAFAM;CL 73D BIS SUR 3A 1
J-4130-04-V3;1,11E+11;COLEGIO NUEVO SAN ANDRES DE LOS ALTOS (IED);COMPLEMENTARIA;VALLES DE CAFAM;CL 73D BIS SUR 3A 1
J-4130-04-V2;1,11E+11;COLEGIO NUEVO SAN ANDRES DE LOS ALTOS (IED);COMPLEMENTARIA;VALLES DE CAFAM;CL 73D BIS SUR 3A 1
J-4130-04-V1;1,11E+11;COLEGIO NUEVO SAN ANDRES DE LOS ALTOS (IED);COMPLEMENTARIA;VALLES DE CAFAM;CL 73D BIS SUR 3A 1
J-4130-03-V3;1,11E+11;COLEGIO NUEVO SAN ANDRES DE LOS ALTOS (IED);COMPLEMENTARIA;VALLES DE CAFAM;CL 73D BIS SUR 3A 1
J-4130-03-V2;1,11E+11;COLEGIO NUEVO SAN ANDRES DE LOS ALTOS (IED);COMPLEMENTARIA;VALLES DE CAFAM;CL 73D BIS SUR 3A 1
J-4130-03-V1;1,11E+11;COLEGIO NUEVO SAN ANDRES DE LOS ALTOS (IED);COMPLEMENTARIA;VALLES DE CAFAM;CL 73D BIS SUR 3A 1
J-4161-02-V3;1,11E+11;COLEGIO SANTA BARBARA (IED);COMPLEMENTARIA;PARQUE METROPOLITANO EL TUNAL ;KR 24 CL 52B SUR
J-4161-02-V2;1,11E+11;COLEGIO SANTA BARBARA (IED);COMPLEMENTARIA;PARQUE METROPOLITANO EL TUNAL ;KR 24 CL 52B SUR
J-4161-02-V1;1,11E+11;COLEGIO SANTA BARBARA (IED);COMPLEMENTARIA;PARQUE METROPOLITANO EL TUNAL ;KR 24 CL 52B SUR
J-4161-01-V3;1,11E+11;COLEGIO SANTA BARBARA (IED);COMPLEMENTARIA;PARQUE METROPOLITANO EL TUNAL ;KR 24 CL 52B SUR
J-4161-01-V2;1,11E+11;COLEGIO SANTA BARBARA (IED);COMPLEMENTARIA;PARQUE METROPOLITANO EL TUNAL ;KR 24 CL 52B SUR
J-4161-01-V1;1,11E+11;COLEGIO SANTA BARBARA (IED);COMPLEMENTARIA;PARQUE METROPOLITANO EL TUNAL ;KR 24 CL 52B SUR
J-4161-04-V3;1,11E+11;COLEGIO SANTA BARBARA (IED);COMPLEMENTARIA;PARQUE METROPOLITANO EL TUNAL ;CL 48C S 22D 81
J-4161-04-V2;1,11E+11;COLEGIO SANTA BARBARA (IED);COMPLEMENTARIA;PARQUE METROPOLITANO EL TUNAL ;CL 48C S 22D 81
J-4161-04-V1;1,11E+11;COLEGIO SANTA BARBARA (IED);COMPLEMENTARIA;PARQUE METROPOLITANO EL TUNAL ;CL 48C S 22D 81
J-4161-03-V2;1,11E+11;COLEGIO SANTA BARBARA (IED);COMPLEMENTARIA;PARQUE METROPOLITANO EL TUNAL ;CL 48C S 22D 81
J-4161-03-V1;1,11E+11;COLEGIO SANTA BARBARA (IED);COMPLEMENTARIA;PARQUE METROPOLITANO EL TUNAL ;CL 48C S 22D 81
J-4163-02-V1;1,11E+11;COLEGIO UNION EUROPEA (IED);COMPLEMENTARIA;CREA MANITAS;CL  70 18M 87 SUR
J-4163-01-V5;1,11E+11;COLEGIO UNION EUROPEA (IED);COMPLEMENTARIA;CREA MANITAS;CL  70 18M 87 SUR
J-4163-01-V4;1,11E+11;COLEGIO UNION EUROPEA (IED);COMPLEMENTARIA;CREA MANITAS;CL  70 18M 87 SUR
J-4163-01-V3;1,11E+11;COLEGIO UNION EUROPEA (IED);COMPLEMENTARIA;CREA MANITAS;CL  70 18M 87 SUR
J-4163-01-V2;1,11E+11;COLEGIO UNION EUROPEA (IED);COMPLEMENTARIA;CREA MANITAS;CL  70 18M 87 SUR
J-4163-01-V1;1,11E+11;COLEGIO UNION EUROPEA (IED);COMPLEMENTARIA;CREA MANITAS;CL  70 18M 87 SUR
J-4177-02-V1;1,11E+11;COLEGIO JULIO GARAVITO ARMERO (IED);COMPLEMENTARIA;PARQUE METROPOLITANO EL TUNAL;CL 48C SUR 22D 81
J-4177-01-V1;1,11E+11;COLEGIO JULIO GARAVITO ARMERO (IED);COMPLEMENTARIA;PARQUE METROPOLITANO EL TUNAL;CL 48C SUR 22D 81
J-4177-03-V1;1,11E+11;COLEGIO JULIO GARAVITO ARMERO (IED);COMPLEMENTARIA;PARQUE METROPOLITANO EL TUNAL;CL 48C SUR 22D 81
J-4177-04-V1;1,11E+11;COLEGIO JULIO GARAVITO ARMERO (IED);COMPLEMENTARIA;PARQUE METROPOLITANO EL TUNAL;CL 48C SUR 22D 81
J-4177-08-V1;1,11E+11;COLEGIO JULIO GARAVITO ARMERO (IED);COMPLEMENTARIA;PARQUE EL JAZMÍN;AK 50 1D-28
J-4177-07-V1;1,11E+11;COLEGIO JULIO GARAVITO ARMERO (IED);COMPLEMENTARIA;PARQUE EL JAZMÍN;AK 50 1D-28
J-4177-06-V1;1,11E+11;COLEGIO JULIO GARAVITO ARMERO (IED);COMPLEMENTARIA;PARQUE EL JAZMÍN;AK 50 1D-28
J-4177-05-V1;1,11E+11;COLEGIO JULIO GARAVITO ARMERO (IED);COMPLEMENTARIA;PARQUE EL JAZMÍN;AK 50 1D-28
J-4177-10-V1;1,11E+11;COLEGIO JULIO GARAVITO ARMERO (IED);COMPLEMENTARIA;PARQUE EL JAZMÍN;AK 50 1D-28
J-4177-09-V1;1,11E+11;COLEGIO JULIO GARAVITO ARMERO (IED);COMPLEMENTARIA;PARQUE EL JAZMÍN;AK 50 1D-28
J-4177-12-V1;1,11E+11;COLEGIO JULIO GARAVITO ARMERO (IED);COMPLEMENTARIA;PARQUE EL JAZMÍN;AK 50 1D-28
J-4177-11-V1;1,11E+11;COLEGIO JULIO GARAVITO ARMERO (IED);COMPLEMENTARIA;PARQUE EL JAZMÍN;AK 50 1D-28
J-4180-03-V6;1,11E+11;COLEGIO FRANCISCO JAVIER MATIZ (IED);COMPLEMENTARIA;CREA GUSTAVO RESTREPO;CL 27A SUR 15 51
J-4180-03-V5;1,11E+11;COLEGIO FRANCISCO JAVIER MATIZ (IED);COMPLEMENTARIA;CREA GUSTAVO RESTREPO;CL 27A SUR 15 51
J-4180-03-V4;1,11E+11;COLEGIO FRANCISCO JAVIER MATIZ (IED);COMPLEMENTARIA;CREA GUSTAVO RESTREPO;CL 27A SUR 15 51
J-4180-03-V2;1,11E+11;COLEGIO FRANCISCO JAVIER MATIZ (IED);COMPLEMENTARIA;CREA GUSTAVO RESTREPO;CL 27A SUR 15 51
J-4180-03-V1;1,11E+11;COLEGIO FRANCISCO JAVIER MATIZ (IED);COMPLEMENTARIA;CREA GUSTAVO RESTREPO;CL 27A SUR 15 51
J-4180-02-V2;1,11E+11;COLEGIO FRANCISCO JAVIER MATIZ (IED);COMPLEMENTARIA;CREA GUSTAVO RESTREPO;CL 27A SUR 15 51
J-4180-02-V1;1,11E+11;COLEGIO FRANCISCO JAVIER MATIZ (IED);COMPLEMENTARIA;CREA GUSTAVO RESTREPO;CL 27A SUR 15 51
J-4188-06-V1;3,11E+11;COLEGIO LOS PINOS (IED);COMPLEMENTARIA;CREA LA PEPITA;KR 25 10 78
J-4188-05-V1;3,11E+11;COLEGIO LOS PINOS (IED);COMPLEMENTARIA;CREA LA PEPITA;KR 25 10 78
J-4188-04-V1;3,11E+11;COLEGIO LOS PINOS (IED);COMPLEMENTARIA;CREA LA PEPITA;KR 25 10 78
J-4188-03-V1;3,11E+11;COLEGIO LOS PINOS (IED);COMPLEMENTARIA;CREA LA PEPITA;KR 25 10 78
J-4188-02-V1;3,11E+11;COLEGIO LOS PINOS (IED);COMPLEMENTARIA;CREA LA PEPITA;KR 25 10 78
J-4188-01-V1;3,11E+11;COLEGIO LOS PINOS (IED);COMPLEMENTARIA;CREA LA PEPITA;KR 25 10 78
R-500;2,12E+11;COLEGIO RURAL PASQUILLA (IED);RURAL;NA;NA
R-501;2,12E+11;COLEGIO RURAL PASQUILLA (IED);RURAL;NA;NA
R-502;2,12E+11;COLEGIO RURAL PASQUILLA (IED);RURAL;NA;NA
T-1063;2,1185E+11;COLEGIO TENERIFE - GRANADA SUR (IED);URBANO;NA;NA
T-1064;2,1185E+11;COLEGIO TENERIFE - GRANADA SUR (IED);URBANO;NA;NA
U-085;1,11E+11;COLEGIO DIEGO MONTAÑA CUELLAR (IED);URBANO;NA;NA
J-4206-06-V1;1,11E+11;COLEGIO MAGDALENA ORTEGA DE NARIÑO (IED);COMPLEMENTARIA;PARQUE SAUZALITO;CL 22 68 D 43
T-1051;1,11E+11;COLEGIO MARCO TULIO FERNANDEZ (IED);TRASLADO;NA;NA
T-1052;1,11E+11;COLEGIO MARCO TULIO FERNANDEZ (IED);TRASLADO;NA;NA
T-1053;1,11E+11;COLEGIO MARCO TULIO FERNANDEZ (IED);TRASLADO;NA;NA
T-1054;1,11E+11;COLEGIO MARCO TULIO FERNANDEZ (IED);TRASLADO;NA;NA
T-1055;1,11E+11;COLEGIO MARCO TULIO FERNANDEZ (IED);TRASLADO;NA;NA
U-1007;1,11E+11;COLEGIO TABORA (IED);URBANO;NA;NA
U-1022;1,11E+11;COLEGIO TOMAS CARRASQUILLA (IED);URBANO;NA;NA
U-1024;1,11E+11;COLEGIO LA PALESTINA (IED);URBANO;NA;NA
U-1065;1,11E+11;COLEGIO ROBERT F. KENNEDY (IED);URBANO;NA;NA
U-1109;1,11E+11;COLEGIO JUAN FRANCISCO BERBEO (IED);URBANO;NA;NA
J-4210-04-V4;1,11E+11;COLEGIO LA BELLEZA LOS LIBERTADORES (IED);COMPLEMENTARIA;CREA ENTRENUBES;TV 14 ESTE 69 31
J-4210-04-V3;1,11E+11;COLEGIO LA BELLEZA LOS LIBERTADORES (IED);COMPLEMENTARIA;CREA ENTRENUBES;TV 14 ESTE 69 31
J-4210-04-V2;1,11E+11;COLEGIO LA BELLEZA LOS LIBERTADORES (IED);COMPLEMENTARIA;CREA ENTRENUBES;TV 14 ESTE 69 31
J-4210-04-V1;1,11E+11;COLEGIO LA BELLEZA LOS LIBERTADORES (IED);COMPLEMENTARIA;CREA ENTRENUBES;TV 14 ESTE 69 31
J-4210-02-V3;1,11E+11;COLEGIO LA BELLEZA LOS LIBERTADORES (IED);COMPLEMENTARIA;CREA ENTRENUBES;TV 14 ESTE 69 31
J-4210-02-V2;1,11E+11;COLEGIO LA BELLEZA LOS LIBERTADORES (IED);COMPLEMENTARIA;CREA ENTRENUBES;TV 14 ESTE 69 31
J-4210-02-V1;1,11E+11;COLEGIO LA BELLEZA LOS LIBERTADORES (IED);COMPLEMENTARIA;CREA ENTRENUBES;TV 14 ESTE 69 31
J-4210-01-V2;1,11E+11;COLEGIO LA BELLEZA LOS LIBERTADORES (IED);COMPLEMENTARIA;CREA ENTRENUBES;TV 14 ESTE 69 31
J-4210-01-V1;1,11E+11;COLEGIO LA BELLEZA LOS LIBERTADORES (IED);COMPLEMENTARIA;CREA ENTRENUBES;TV 14 ESTE 69 31
J-4229-04-V1;1,11E+11;COLEGIO ATANASIO GIRARDOT (IED);COMPLEMENTARIA;CREA GUSTAVO RESTREPO;CL 27 A SUR 15 51
J-4229-03-V2;1,11E+11;COLEGIO ATANASIO GIRARDOT (IED);COMPLEMENTARIA;CREA GUSTAVO RESTREPO;CL 27 A SUR 15 51
J-4229-03-V1;1,11E+11;COLEGIO ATANASIO GIRARDOT (IED);COMPLEMENTARIA;CREA GUSTAVO RESTREPO;CL 27 A SUR 15 51
J-4229-02-V2;1,11E+11;COLEGIO ATANASIO GIRARDOT (IED);COMPLEMENTARIA;CREA GUSTAVO RESTREPO;CL 27 A SUR 15 51
J-4229-02-V1;1,11E+11;COLEGIO ATANASIO GIRARDOT (IED);COMPLEMENTARIA;CREA GUSTAVO RESTREPO;CL 27 A SUR 15 51
J-4229-01-V2;1,11E+11;COLEGIO ATANASIO GIRARDOT (IED);COMPLEMENTARIA;CREA GUSTAVO RESTREPO;CL 27 A SUR 15 51
J-4229-01-V1;1,11E+11;COLEGIO ATANASIO GIRARDOT (IED);COMPLEMENTARIA;CREA GUSTAVO RESTREPO;CL 27 A SUR 15 51
J-4233-05-V3;1,11E+11;COLEGIO ESTRELLA DEL SUR (IED);COMPLEMENTARIA;PARQUE METROPOLITANO EL TUNAL ;CL 48C S 22D 81
J-4233-05-V2;1,11E+11;COLEGIO ESTRELLA DEL SUR (IED);COMPLEMENTARIA;PARQUE METROPOLITANO EL TUNAL ;CL 48C S 22D 81
J-4233-05-V1;1,11E+11;COLEGIO ESTRELLA DEL SUR (IED);COMPLEMENTARIA;PARQUE METROPOLITANO EL TUNAL ;CL 48C S 22D 81
J-4233-03-V2;1,11E+11;COLEGIO ESTRELLA DEL SUR (IED);COMPLEMENTARIA;PARQUE METROPOLITANO EL TUNAL ;CL 48C S 22D 81
J-4233-06-V3;1,11E+11;COLEGIO ESTRELLA DEL SUR (IED);COMPLEMENTARIA;PARQUE METROPOLITANO EL TUNAL ;CL 48C S 22D 81
J-4233-06-V2;1,11E+11;COLEGIO ESTRELLA DEL SUR (IED);COMPLEMENTARIA;PARQUE METROPOLITANO EL TUNAL ;CL 48C S 22D 81
J-4233-06-V1;1,11E+11;COLEGIO ESTRELLA DEL SUR (IED);COMPLEMENTARIA;PARQUE METROPOLITANO EL TUNAL ;CL 48C S 22D 81
J-4233-04-V3;1,11E+11;COLEGIO ESTRELLA DEL SUR (IED);COMPLEMENTARIA;PARQUE METROPOLITANO EL TUNAL ;CL 48C S 22D 81
J-4233-04-V2;1,11E+11;COLEGIO ESTRELLA DEL SUR (IED);COMPLEMENTARIA;PARQUE METROPOLITANO EL TUNAL ;CL 48C S 22D 81
J-4246-01-V5;1,11E+11;COLEGIO VILLEMAR EL CARMEN (IED);COMPLEMENTARIA;CREA VILLEMAR;Cll 20c # 96c-51
J-4246-01-V4;1,11E+11;COLEGIO VILLEMAR EL CARMEN (IED);COMPLEMENTARIA;CREA VILLEMAR;Cll 20c # 96c-51
J-4246-01-V3;1,11E+11;COLEGIO VILLEMAR EL CARMEN (IED);COMPLEMENTARIA;CREA VILLEMAR;Cll 20c # 96c-51
J-4246-01-V2;1,11E+11;COLEGIO VILLEMAR EL CARMEN (IED);COMPLEMENTARIA;CREA VILLEMAR;Cll 20c # 96c-51
J-4246-01-V1;1,11E+11;COLEGIO VILLEMAR EL CARMEN (IED);COMPLEMENTARIA;CREA VILLEMAR;Cll 20c # 96c-51
J-4247-04-V7;1,11E+11;COLEGIO CARLOS ARTURO TORRES (IED);COMPLEMENTARIA;CREA CASTILLA;KR 75 8B 89
J-4247-04-V6;1,11E+11;COLEGIO CARLOS ARTURO TORRES (IED);COMPLEMENTARIA;CREA CASTILLA;KR 75 8B 89
J-4247-04-V5;1,11E+11;COLEGIO CARLOS ARTURO TORRES (IED);COMPLEMENTARIA;CREA CASTILLA;KR 75 8B 89
J-4247-04-V4;1,11E+11;COLEGIO CARLOS ARTURO TORRES (IED);COMPLEMENTARIA;CREA CASTILLA;KR 75 8B 89
J-4247-04-V3;1,11E+11;COLEGIO CARLOS ARTURO TORRES (IED);COMPLEMENTARIA;CREA CASTILLA;KR 75 8B 89
J-4247-04-V2;1,11E+11;COLEGIO CARLOS ARTURO TORRES (IED);COMPLEMENTARIA;CREA CASTILLA;KR 75 8B 89
J-4247-04-V1;1,11E+11;COLEGIO CARLOS ARTURO TORRES (IED);COMPLEMENTARIA;CREA CASTILLA;KR 75 8B 89
J-4247-03-V1;1,11E+11;COLEGIO CARLOS ARTURO TORRES (IED);COMPLEMENTARIA;CREA CASTILLA;KR 75 8B 89
J-4247-02-V3;1,11E+11;COLEGIO CARLOS ARTURO TORRES (IED);COMPLEMENTARIA;CREA CASTILLA;KR 75 8B 89
J-4247-02-V1;1,11E+11;COLEGIO CARLOS ARTURO TORRES (IED);COMPLEMENTARIA;CREA CASTILLA;KR 75 8B 89
J-4247-01-V3;1,11E+11;COLEGIO CARLOS ARTURO TORRES (IED);COMPLEMENTARIA;CREA CASTILLA;KR 75 8B 89
J-4247-01-V2;1,11E+11;COLEGIO CARLOS ARTURO TORRES (IED);COMPLEMENTARIA;CREA CASTILLA;KR 75 8B 89
J-4247-01-V1;1,11E+11;COLEGIO CARLOS ARTURO TORRES (IED);COMPLEMENTARIA;CREA CASTILLA;KR 75 8B 89
U-086;1,11E+11;COLEGIO DIEGO MONTAÑA CUELLAR (IED);URBANO;NA;NA
U-089;1,11E+11;COLEGIO DIEGO MONTAÑA CUELLAR (IED);URBANO;NA;NA
U-090;1,11E+11;COLEGIO DIEGO MONTAÑA CUELLAR (IED);URBANO;NA;NA
U-095;1,12E+11;COLEGIO FEDERICO GARCIA LORCA (IED);URBANO;NA;NA
U-096;1,12E+11;COLEGIO FEDERICO GARCIA LORCA (IED);URBANO;NA;NA
U-097;1,12E+11;COLEGIO FRANCISCO ANTONIO ZEA DE USME (IED);URBANO;NA;NA
J-4271-03-V3;1,11E+11;COLEGIO SALUDCOOP SUR (IED);COMPLEMENTARIA;CREA CASTILLA;KR 75 8B 89
J-4271-03-V2;1,11E+11;COLEGIO SALUDCOOP SUR (IED);COMPLEMENTARIA;CREA CASTILLA;KR 75 8B 89
J-4271-03-V1;1,11E+11;COLEGIO SALUDCOOP SUR (IED);COMPLEMENTARIA;CREA CASTILLA;KR 75 8B 89
J-4271-02-V3;1,11E+11;COLEGIO SALUDCOOP SUR (IED);COMPLEMENTARIA;CREA CASTILLA;KR 75 8B 89
J-4271-02-V2;1,11E+11;COLEGIO SALUDCOOP SUR (IED);COMPLEMENTARIA;CREA CASTILLA;KR 75 8B 89
J-4271-02-V1;1,11E+11;COLEGIO SALUDCOOP SUR (IED);COMPLEMENTARIA;CREA CASTILLA;KR 75 8B 89
J-4271-01-V3;1,11E+11;COLEGIO SALUDCOOP SUR (IED);COMPLEMENTARIA;CREA CASTILLA;KR 75 8B 89
J-4271-01-V2;1,11E+11;COLEGIO SALUDCOOP SUR (IED);COMPLEMENTARIA;CREA CASTILLA;KR 75 8B 89
J-4271-01-V1;1,11E+11;COLEGIO SALUDCOOP SUR (IED);COMPLEMENTARIA;CREA CASTILLA;KR 75 8B 89
U-098;1,12E+11;COLEGIO FRANCISCO ANTONIO ZEA DE USME (IED);URBANO;NA;NA
U-099;2,12E+11;COLEGIO GRAN YOMASA (IED);URBANO;NA;NA
U-100;2,12E+11;COLEGIO GRAN YOMASA (IED);URBANO;NA;NA
U-1010;1,12E+11;COLEGIO FRANCISCO ANTONIO ZEA DE USME (IED);URBANO;NA;NA
U-1395;1,12E+11;COLEGIO FEDERICO GARCIA LORCA (IED);URBANO;NA;NA
U-1619;1,12E+11;COLEGIO FRANCISCO ANTONIO ZEA DE USME (IED);URBANO;NA;NA
J-4274-08-V3;1,11E+11;COLEGIO SANTA MARTHA (IED);COMPLEMENTARIA;PARQUE LA AURORA;KR 14L DG 70A SUR
J-4274-08-V1;1,11E+11;COLEGIO SANTA MARTHA (IED);COMPLEMENTARIA;PARQUE LA AURORA;KR 14L DG 70A SUR
J-4274-07-V2;1,11E+11;COLEGIO SANTA MARTHA (IED);COMPLEMENTARIA;PARQUE LA AURORA;KR 14L DG 70A SUR
J-4274-07-V1;1,11E+11;COLEGIO SANTA MARTHA (IED);COMPLEMENTARIA;PARQUE LA AURORA;KR 14L DG 70A SUR
J-4274-06-V1;1,11E+11;COLEGIO SANTA MARTHA (IED);COMPLEMENTARIA;PARQUE LA AURORA;KR 14L DG 70A SUR
J-4274-05-V2;1,11E+11;COLEGIO SANTA MARTHA (IED);COMPLEMENTARIA;PARQUE LA AURORA;KR 14L DG 70A SUR
J-4274-05-V1;1,11E+11;COLEGIO SANTA MARTHA (IED);COMPLEMENTARIA;PARQUE LA AURORA;KR 14L DG 70A SUR
U-572;1,11E+11;COLEGIO VEINTIUN ANGELES (IED);URBANO;NA;NA
U-573;1,11E+11;COLEGIO VEINTIUN ANGELES (IED);URBANO;NA;NA
U-574;1,11E+11;COLEGIO VEINTIUN ANGELES (IED);URBANO;NA;NA
U-575;1,11E+11;COLEGIO VEINTIUN ANGELES (IED);URBANO;NA;NA
U-576;1,11E+11;COLEGIO VEINTIUN ANGELES (IED);URBANO;NA;NA
U-577;1,11E+11;COLEGIO VEINTIUN ANGELES (IED);URBANO;NA;NA
U-578;1,11E+11;COLEGIO VISTA BELLA (IED);URBANO;NA;NA
U-579;1,11E+11;COLEGIO VISTA BELLA (IED);URBANO;NA;NA
