Sentidos;CodRuta;Id Localid;Localidad;SegOpe;Proveedor;TipoRuta;VehCod;VehTip;VehMRed;TipoEst;IEDDANE;IED;Sede;Jornada;Zona;HoraIniR1;HoraFinJE;HoraIniR2;NumHoras1;NumHoras2;NumHorasT;Lunes;Martes;Mc;Jueves;Viernes;Sabado;Domingo;TipoPob;Hora_IniJE;Min_Ini;Min_Fin;vertex_pos;vertex_ind;vertex_par;vertex_p_1;distance;angle;id_3;left;top;right;bottom;row_index;col_index;Dias_op;KM_Ruta;Zona
R1;E-010;20;SUMAPAZ;2_CV_2025;CONSORCIO RUTAS SEGURAS;ESPECIAL;14;VAN-FDS;NO;DISTRITAL;2,1185E+11;COLEGIO GIMNASIO DEL CAMPO JUAN DE LA CRUZ VARELA (IED);A;FIN DE SEMANA;RURAL-S;6:00;16:00;16:05;2;2;4;0;0;0;0;0;1;1;GENERAL;8:00;360;480;-1;1640;0;1640;20915,28363;67,48661618;327;967344,0563;932624,1172;969653,4574;930624,1172;46;5;2;41,83;0
R1;E-011;20;SUMAPAZ;2_CV_2025;CONSORCIO RUTAS SEGURAS;ESPECIAL;14;VAN-FDS;NO;DISTRITAL;2,1185E+11;COLEGIO GIMNASIO DEL CAMPO JUAN DE LA CRUZ VARELA (IED);A;FIN DE SEMANA;RURAL-S;6:30;15:55;16:00;2;2;4;0;0;0;0;0;1;1;GENERAL;7:50;390;470;-1;1109;0;1109;26586,09437;34,19426507;327;967344,0563;932624,1172;969653,4574;930624,1172;46;5;2;53,172;0
R1;E-012;20;SUMAPAZ;2_CV_2025;CONSORCIO RUTAS SEGURAS;ESPECIAL;14;VAN-FDS;NO;DISTRITAL;2,1185E+11;COLEGIO GIMNASIO DEL CAMPO JUAN DE LA CRUZ VARELA (IED);A;FIN DE SEMANA;RURAL-S;6:40;16:00;16:05;2;2;4;0;0;0;0;0;1;1;GENERAL;7:50;400;470;-1;1031;0;1031;17824,08214;38,79889661;327;967344,0563;932624,1172;969653,4574;930624,1172;46;5;2;35,648;0
R1;S-015;20;SUMAPAZ;23_SII_2025;UNIÓN TEMPORAL ALIANZA TRANSNACIONAL;SUMAPAZ;11;BUSETA;NO;DISTRITAL;2,1185E+11;COLEGIO GIMNASIO DEL CAMPO JUAN DE LA CRUZ VARELA (IED);A;ÚNICA;RURAL;6:15;14:55;15:00;1;1;2;1;1;1;1;1;0;0;GENERAL;7:15;375;435;-1;883;0;883;10507,82695;48,23534119;327;967344,0563;932624,1172;969653,4574;930624,1172;46;5;5;21,016;0
R1;S-017;20;SUMAPAZ;23_SII_2025;UNIÓN TEMPORAL ALIANZA TRANSNACIONAL;SUMAPAZ;11;BUSETA;NO;DISTRITAL;2,1185E+11;COLEGIO GIMNASIO DEL CAMPO JUAN DE LA CRUZ VARELA (IED);A/M/N;ÚNICA;RURAL;6:10;14:55;15:00;2;2;4;1;1;1;1;1;0;0;GENERAL;7:15;370;435;-1;358;0;358;12256,44052;51,98126905;327;967344,0563;932624,1172;969653,4574;930624,1172;46;5;5;24,512;0
R1;S-018;20;SUMAPAZ;23_SII_2025;UNIÓN TEMPORAL ALIANZA TRANSNACIONAL;SUMAPAZ;11;BUSETA;NO;DISTRITAL;2,1185E+11;COLEGIO GIMNASIO DEL CAMPO JUAN DE LA CRUZ VARELA (IED);A/J;ÚNICA;RURAL;5:15;14:55;15:00;2;2;4;1;1;1;1;1;0;0;GENERAL;7:15;315;435;-1;1135;0;1135;26386,49531;215,3526399;327;967344,0563;932624,1172;969653,4574;930624,1172;46;5;5;52,772;0
R1;S-022;20;SUMAPAZ;23_SII_2025;UNIÓN TEMPORAL ALIANZA TRANSNACIONAL;SUMAPAZ;10;BUS;NO;DISTRITAL;2,1185E+11;COLEGIO GIMNASIO DEL CAMPO JUAN DE LA CRUZ VARELA (IED);A;ÚNICA;RURAL;5:50;14:55;15:00;2;2;4;1;1;1;1;1;0;0;GENERAL;7:15;350;435;-1;972;0;972;20116,31343;140,0941856;327;967344,0563;932624,1172;969653,4574;930624,1172;46;5;5;61,606;0
R1;S-025;20;SUMAPAZ;23_SII_2025;UNIÓN TEMPORAL ALIANZA TRANSNACIONAL;SUMAPAZ;10;BUS;NO;DISTRITAL;2,1185E+11;COLEGIO GIMNASIO DEL CAMPO JUAN DE LA CRUZ VARELA (IED);A;ÚNICA;RURAL;5:50;14:55;15:00;2;2;4;1;1;1;1;1;0;0;GENERAL;7:15;350;435;-1;1640;0;1640;20915,28363;67,48661618;327;967344,0563;932624,1172;969653,4574;930624,1172;46;5;5;41,83;0
R1;S-026;20;SUMAPAZ;23_SII_2025;UNIÓN TEMPORAL ALIANZA TRANSNACIONAL;SUMAPAZ;13;MICROBUS;NO;DISTRITAL;2,1185E+11;COLEGIO GIMNASIO DEL CAMPO JUAN DE LA CRUZ VARELA (IED);A;ÚNICA;RURAL;6:00;14:55;15:00;2;2;4;1;1;1;1;1;0;0;GENERAL;7:15;360;435;-1;618;0;618;13299,20609;34,95898723;327;967344,0563;932624,1172;969653,4574;930624,1172;46;5;5;26,598;0
R1;S-029;20;SUMAPAZ;23_SII_2025;UNIÓN TEMPORAL ALIANZA TRANSNACIONAL;SUMAPAZ;11;BUSETA;NO;DISTRITAL;2,1185E+11;COLEGIO GIMNASIO DEL CAMPO JUAN DE LA CRUZ VARELA (IED);A/I/J;ÚNICA;RURAL;5:50;14:55;15:00;2;2;4;1;1;1;1;1;0;0;GENERAL;7:30;350;450;-1;1732;0;1732;23440,03987;215,5558844;327;967344,0563;932624,1172;969653,4574;930624,1172;46;5;5;46,817;0
R1;S-019;20;SUMAPAZ;23_SII_2025;UNIÓN TEMPORAL ALIANZA TRANSNACIONAL;SUMAPAZ;13;MICROBUS;NO;DISTRITAL;2,1185E+11;COLEGIO GIMNASIO DEL CAMPO JUAN DE LA CRUZ VARELA (IED);A;ÚNICA;RURAL;6:00;14:55;15:00;2;2;4;1;1;1;1;1;0;0;GENERAL;7:15;360;435;-1;1596;0;1596;19628,42882;191,6024655;327;967344,0563;932624,1172;969653,4574;930624,1172;46;5;5;39,256;0
R1;S-023;20;SUMAPAZ;23_SII_2025;UNIÓN TEMPORAL ALIANZA TRANSNACIONAL;SUMAPAZ;13;MICROBUS;NO;DISTRITAL;2,1185E+11;COLEGIO GIMNASIO DEL CAMPO JUAN DE LA CRUZ VARELA (IED);A/C;ÚNICA;RURAL;6:24;15:00;15:05;1;1;2;1;1;1;1;1;0;0;GENERAL;7:15;384;435;-1;921;0;921;10991,75003;34,72643733;327;967344,0563;932624,1172;969653,4574;930624,1172;46;5;5;21,984;0
R1;S-042;20;SUMAPAZ;23_SII_2025;UNIÓN TEMPORAL ALIANZA TRANSNACIONAL;SUMAPAZ;13;MICROBUS;NO;DISTRITAL;2,1185E+11;COLEGIO GIMNASIO DEL CAMPO JUAN DE LA CRUZ VARELA (IED);A/B/C;ÚNICA;RURAL;6:40;14:55;15:00;1;1;2;1;1;1;1;1;0;0;GENERAL;7:30;400;450;-1;818;0;818;8553,140549;33,55407166;327;967344,0563;932624,1172;969653,4574;930624,1172;46;5;5;17,106;0
R1;S-043;20;SUMAPAZ;23_SII_2025;UNIÓN TEMPORAL ALIANZA TRANSNACIONAL;SUMAPAZ;13;MICROBUS;NO;DISTRITAL;2,1185E+11;COLEGIO GIMNASIO DEL CAMPO JUAN DE LA CRUZ VARELA (IED);A;ÚNICA;RURAL;7:05;14:55;15:00;1;1;2;1;1;1;1;1;0;0;GENERAL;7:30;425;450;-1;262;0;262;3343,311025;53,7521205;327;967344,0563;932624,1172;969653,4574;930624,1172;46;5;5;6,686;0
R1;S-045;20;SUMAPAZ;23_SII_2025;UNIÓN TEMPORAL ALIANZA TRANSNACIONAL;SUMAPAZ;13;MICROBUS;NO;DISTRITAL;2,1185E+11;COLEGIO GIMNASIO DEL CAMPO JUAN DE LA CRUZ VARELA (IED);E/F/G;ÚNICA;RURAL;6:50;14:35;14:40;1;1;2;1;1;1;1;1;0;0;GENERAL;7:50;410;470;-1;774;0;774;17086,36317;38,24687485;386;969076,1071;927624,1172;971385,5082;925624,1172;49;6;5;33,532;0
R1;S-016;20;SUMAPAZ;23_SII_2025;UNIÓN TEMPORAL ALIANZA TRANSNACIONAL;SUMAPAZ;11;BUSETA;NO;DISTRITAL;2,1185E+11;COLEGIO GIMNASIO DEL CAMPO JUAN DE LA CRUZ VARELA (IED);B/E/F;ÚNICA;RURAL;6:30;14:55;15:00;1;1;2;1;1;1;1;1;0;0;GENERAL;7:30;390;450;-1;916;0;916;14325,89725;341,5088606;440;970808,158;930624,1172;973117,559;928624,1172;47;7;5;28,651;0
R1;S-020;20;SUMAPAZ;23_SII_2025;UNIÓN TEMPORAL ALIANZA TRANSNACIONAL;SUMAPAZ;10;BUS;NO;DISTRITAL;2,1185E+11;COLEGIO GIMNASIO DEL CAMPO JUAN DE LA CRUZ VARELA (IED);B/F;ÚNICA;RURAL;6:25;14:55;15:00;2;2;4;1;1;1;1;1;0;0;GENERAL;7:30;385;450;-1;1464;0;1464;19807,51409;338,0237285;440;970808,158;930624,1172;973117,559;928624,1172;47;7;5;39,614;0
R1;S-028;20;SUMAPAZ;23_SII_2025;UNIÓN TEMPORAL ALIANZA TRANSNACIONAL;SUMAPAZ;11;BUSETA;NO;DISTRITAL;2,1185E+11;COLEGIO GIMNASIO DEL CAMPO JUAN DE LA CRUZ VARELA (IED);B/H;ÚNICA;RURAL;6:20;14:55;15:00;2;2;4;1;1;1;1;1;0;0;GENERAL;7:30;380;450;-1;905;0;905;14273,68662;338,1313566;440;970808,158;930624,1172;973117,559;928624,1172;47;7;5;28,546;0
R1;S-021;20;SUMAPAZ;23_SII_2025;UNIÓN TEMPORAL ALIANZA TRANSNACIONAL;SUMAPAZ;11;BUSETA;NO;DISTRITAL;2,1185E+11;COLEGIO GIMNASIO DEL CAMPO JUAN DE LA CRUZ VARELA (IED);D/H/I;ÚNICA;RURAL;6:10;14:55;15:00;2;2;4;1;1;1;1;1;0;0;GENERAL;7:30;370;450;-1;863;0;863;17486,15969;12,97556751;548;974272,2596;938624,1172;976581,6606;936624,1172;43;9;5;34,967;0
R1;E-014;20;SUMAPAZ;2_CV_2025;CONSORCIO RUTAS SEGURAS;ESPECIAL;14;VAN-FDS;NO;DISTRITAL;2,1185E+11;COLEGIO GIMNASIO DEL CAMPO JUAN DE LA CRUZ VARELA (IED);I;FIN DE SEMANA;RURAL-S;6:30;15:55;16:00;2;2;4;0;0;0;0;0;1;1;GENERAL;7:50;390;470;-1;820;0;820;16879,04561;144,5628891;548;974272,2596;938624,1172;976581,6606;936624,1172;43;9;2;33,766;0
R1;S-024;20;SUMAPAZ;23_SII_2025;UNIÓN TEMPORAL ALIANZA TRANSNACIONAL;SUMAPAZ;13;MICROBUS;NO;DISTRITAL;2,1185E+11;COLEGIO GIMNASIO DEL CAMPO JUAN DE LA CRUZ VARELA (IED);D/H/I;ÚNICA;RURAL;6:05;14:55;15:00;2;2;4;1;1;1;1;1;0;0;GENERAL;7:30;365;450;-1;859;0;859;22359,41375;212,3612917;548;974272,2596;938624,1172;976581,6606;936624,1172;43;9;5;46,763;0
R1;S-027;20;SUMAPAZ;23_SII_2025;UNIÓN TEMPORAL ALIANZA TRANSNACIONAL;SUMAPAZ;13;MICROBUS;NO;DISTRITAL;2,1185E+11;COLEGIO GIMNASIO DEL CAMPO JUAN DE LA CRUZ VARELA (IED);I/K;ÚNICA;RURAL;6:40;14:55;15:00;1;1;2;1;1;1;1;1;0;0;GENERAL;7:30;400;450;-1;599;0;599;12796,43024;199,1837256;548;974272,2596;938624,1172;976581,6606;936624,1172;43;9;5;25,592;0
R1;S-052;20;SUMAPAZ;2_CV_2025;CONSORCIO RUTAS SEGURAS;SUMAPAZ;12;CAMIONETA 4x4;NO;DISTRITAL;2,1185E+11;COLEGIO GIMNASIO DEL CAMPO JUAN DE LA CRUZ VARELA (IED);I;ÚNICA;RURAL-S;6:00;14:55;15:00;2;2;4;1;1;1;1;1;0;0;GENERAL;7:30;360;450;-1;925;0;925;20020,5039;199,8065683;548;974272,2596;938624,1172;976581,6606;936624,1172;43;9;5;40,04;0
R1;S-053;20;SUMAPAZ;2_CV_2025;CONSORCIO RUTAS SEGURAS;SUMAPAZ;12;CAMIONETA 4x4;NO;DISTRITAL;2,1185E+11;COLEGIO GIMNASIO DEL CAMPO JUAN DE LA CRUZ VARELA (IED);I;ÚNICA;RURAL-S;6:30;14:55;15:00;1;1;2;1;1;1;1;1;0;0;GENERAL;7:30;390;450;-1;709;0;709;14469,95104;199,8065683;548;974272,2596;938624,1172;976581,6606;936624,1172;43;9;5;28,94;0
R1;S-050;20;SUMAPAZ;2_CV_2025;CONSORCIO RUTAS SEGURAS;SUMAPAZ;14;VAN;NO;DISTRITAL;2,1185E+11;COLEGIO GIMNASIO DEL CAMPO JUAN DE LA CRUZ VARELA (IED);J/K;ÚNICA;RURAL-S;6:50;14:55;15:00;1;1;2;1;1;1;1;1;0;0;GENERAL;7:30;410;450;-1;547;0;547;12075,04634;202,2353829;548;974272,2596;938624,1172;976581,6606;936624,1172;43;9;5;24,15;0
R1;S-022;20;SUMAPAZ;23_SII_2025;UNIÓN TEMPORAL ALIANZA TRANSNACIONAL;SUMAPAZ;10;BUS;NO;DISTRITAL;2,1185E+11;COLEGIO GIMNASIO DEL CAMPO JUAN DE LA CRUZ VARELA (IED);A;ÚNICA;RURAL;5:50;14:55;15:00;2;2;4;1;1;1;1;1;0;0;GENERAL;7:15;350;435;-1;880;1;0;10687,39054;0;820;982932,5136;955624,1172;985241,9147;953624,1172;35;14;5;61,606;0
R1;R-188;7;BOSA;12_SII_2025;UNIÓN TEMPORAL VET 2023;RURAL;13;MICROBUS;NO;DISTRITAL;1,11001E+11;COLEGIO KIMI PERNIA DOMICO (IED);A;MAÑANA;RURAL;5:50;11:55;12:00;1;1;2;1;1;1;1;1;0;0;GENERAL;6:10;350;370;-1;126;0;126;3008,960554;154,987199;851;984664,5644;1004624,117;986973,9655;1002624,117;10;15;5;5,766;0
R1;R-189;7;BOSA;12_SII_2025;UNIÓN TEMPORAL VET 2023;RURAL;11;BUSETA;NO;DISTRITAL;1,11001E+11;COLEGIO KIMI PERNIA DOMICO (IED);A;MAÑANA;RURAL;5:35;11:55;12:00;1;1;2;1;1;1;1;1;0;0;GENERAL;6:10;335;370;-1;210;0;210;5786,082549;155,6245579;851;984664,5644;1004624,117;986973,9655;1002624,117;10;15;5;11,372;0
R1;R-190;7;BOSA;12_SII_2025;UNIÓN TEMPORAL VET 2023;RURAL;11;BUSETA;NO;DISTRITAL;1,11001E+11;COLEGIO KIMI PERNIA DOMICO (IED);A;MAÑANA;RURAL;5:10;11:55;12:00;1;1;2;1;1;1;1;1;0;0;GENERAL;6:10;310;370;-1;504;0;504;11421,01988;338,1414977;851;984664,5644;1004624,117;986973,9655;1002624,117;10;15;5;22,512;0
R1;R-191;7;BOSA;12_SII_2025;UNIÓN TEMPORAL VET 2023;RURAL;11;BUSETA;NO;DISTRITAL;1,11001E+11;COLEGIO KIMI PERNIA DOMICO (IED);A;MAÑANA;RURAL;5:20;11:55;12:00;1;1;2;1;1;1;1;1;0;0;GENERAL;6:10;320;370;-1;342;0;342;6392,524329;335,7712694;851;984664,5644;1004624,117;986973,9655;1002624,117;10;15;5;14,692;0
R1;R-192;7;BOSA;12_SII_2025;UNIÓN TEMPORAL VET 2023;RURAL;10;BUS;SI;DISTRITAL;1,11001E+11;COLEGIO KIMI PERNIA DOMICO (IED);A;MAÑANA;RURAL;4:55;12:15;12:20;1;1;2;1;1;1;1;1;0;0;GENERAL;5:40;295;340;-1;335;0;335;9648,580816;155,709427;851;984664,5644;1004624,117;986973,9655;1002624,117;10;15;5;20,892;0
R1;R-193;7;BOSA;12_SII_2025;UNIÓN TEMPORAL VET 2023;RURAL;11;BUSETA;NO;DISTRITAL;1,11001E+11;COLEGIO KIMI PERNIA DOMICO (IED);A;MAÑANA;RURAL;5:20;12:15;12:20;1;1;2;1;1;1;1;1;0;0;GENERAL;5:40;320;340;-1;269;0;269;5613,699126;156,1525235;851;984664,5644;1004624,117;986973,9655;1002624,117;10;15;5;12,37;0
R1;R-194;7;BOSA;12_SII_2025;UNIÓN TEMPORAL VET 2023;RURAL;11;BUSETA;NO;DISTRITAL;1,11001E+11;COLEGIO KIMI PERNIA DOMICO (IED);A;MAÑANA;RURAL;5:05;12:15;12:20;1;1;2;1;1;1;1;1;0;0;GENERAL;5:40;305;340;-1;324;0;324;6163,173969;155,709427;851;984664,5644;1004624,117;986973,9655;1002624,117;10;15;5;12,036;0
R1;R-196;7;BOSA;12_SII_2025;UNIÓN TEMPORAL VET 2023;RURAL;11;BUSETA;NO;DISTRITAL;1,11001E+11;COLEGIO KIMI PERNIA DOMICO (IED);A;TARDE;RURAL;12:00;17:55;18:00;1;1;2;1;1;1;1;1;0;0;GENERAL;12:20;720;740;-1;113;0;113;2952,505752;154,4437383;851;984664,5644;1004624,117;986973,9655;1002624,117;10;15;5;5,824;0
R1;R-197;7;BOSA;2_CV_2025;CONSORCIO RUTAS SEGURAS;RURAL;14;VAN;NO;DISTRITAL;1,11001E+11;COLEGIO KIMI PERNIA DOMICO (IED);A;TARDE;RURAL;11:45;17:55;18:00;1;1;2;1;1;1;1;1;0;0;GENERAL;12:20;705;740;-1;245;0;245;5340,253428;336,3567664;851;984664,5644;1004624,117;986973,9655;1002624,117;10;15;5;10,68;0
R1;R-198;7;BOSA;12_SII_2025;UNIÓN TEMPORAL VET 2023;RURAL;11;BUSETA;NO;DISTRITAL;1,11001E+11;COLEGIO KIMI PERNIA DOMICO (IED);A;TARDE;RURAL;11:30;17:55;18:00;1;1;2;1;1;1;1;1;0;0;GENERAL;12:20;690;740;-1;352;0;352;8978,203583;154,7338885;851;984664,5644;1004624,117;986973,9655;1002624,117;10;15;5;17,931;0
R1;R-199;7;BOSA;12_SII_2025;UNIÓN TEMPORAL VET 2023;RURAL;11;BUSETA;NO;DISTRITAL;1,11001E+11;COLEGIO KIMI PERNIA DOMICO (IED);A;TARDE;RURAL;11:30;17:55;18:00;1;1;2;1;1;1;1;1;0;0;GENERAL;12:20;690;740;-1;433;0;433;8503,206013;154,8344188;851;984664,5644;1004624,117;986973,9655;1002624,117;10;15;5;17,926;0
R1;R-200;7;BOSA;12_SII_2025;UNIÓN TEMPORAL VET 2023;RURAL;11;BUSETA;NO;DISTRITAL;1,11001E+11;COLEGIO KIMI PERNIA DOMICO (IED);A;TARDE;RURAL;11:00;18:15;18:20;1;1;2;1;1;1;1;1;0;0;GENERAL;11:40;660;700;-1;292;0;292;8753,432908;155,4218706;851;984664,5644;1004624,117;986973,9655;1002624,117;10;15;5;18,47;0
R1;R-204;7;BOSA;12_SII_2025;UNIÓN TEMPORAL VET 2023;RURAL;10;BUS;NO;DISTRITAL;1,11001E+11;COLEGIO KIMI PERNIA DOMICO (IED);A;TARDE;RURAL;11:05;18:15;18:20;1;1;2;1;1;1;1;1;0;0;GENERAL;11:40;665;700;-1;207;0;207;5767,562791;155,2753418;851;984664,5644;1004624,117;986973,9655;1002624,117;10;15;5;11,342;0
R1;R-205;7;BOSA;12_SII_2025;UNIÓN TEMPORAL VET 2023;RURAL;10;BUS;NO;DISTRITAL;1,11001E+11;COLEGIO KIMI PERNIA DOMICO (IED);A;TARDE;RURAL;10:55;18:15;18:20;1;1;2;1;1;1;1;1;0;0;GENERAL;11:40;655;700;-1;323;0;323;6137,416174;280,9762889;851;984664,5644;1004624,117;986973,9655;1002624,117;10;15;5;10,661;0
R1;R-223;7;BOSA;2_CV_2025;CONSORCIO RUTAS SEGURAS;RURAL;14;VAN;NO;DISTRITAL;1,11001E+11;COLEGIO KIMI PERNIA DOMICO (IED);A;MAÑANA;RURAL;5:45;11:30;11:35;1;1;2;1;1;1;1;1;0;0;GENERAL;6:30;345;390;-1;323;0;323;7646,649545;155,709427;851;984664,5644;1004624,117;986973,9655;1002624,117;10;15;5;15,446;0
R1;R-224;7;BOSA;2_CV_2025;CONSORCIO RUTAS SEGURAS;RURAL;14;VAN;NO;DISTRITAL;1,11001E+11;COLEGIO KIMI PERNIA DOMICO (IED);A;TARDE;RURAL;11:45;17:20;17:25;1;1;2;1;1;1;1;1;0;0;GENERAL;12:30;705;750;-1;275;0;275;5509,908766;338,1414977;851;984664,5644;1004624,117;986973,9655;1002624,117;10;15;5;11,804;0
R1;U-1455;7;BOSA;12_SII_2025;UNIÓN TEMPORAL VET 2023;URBANO;13;MICROBUS;NO;DISTRITAL;1,11001E+11;COLEGIO ALFONSO REYES ECHANDIA (IED);A;MAÑANA;URBANO;5:35;11:30;11:35;1;1;2;1;1;1;1;1;0;0;GENERAL;6:10;335;370;-1;265;0;265;5294,731202;83,32283986;852;984664,5644;1002624,117;986973,9655;1000624,117;11;15;5;11,487;Perdomo
R1;U-187;7;BOSA;12_SII_2025;UNIÓN TEMPORAL VET 2023;URBANO;11;BUSETA;NO;DISTRITAL;1,11001E+11;COLEGIO ALFONSO REYES ECHANDIA (IED);A;TARDE;URBANO;12:05;17:30;17:35;1;1;2;1;1;1;1;1;0;0;GENERAL;12:25;725;745;-1;189;0;189;2606,979107;79,28131273;852;984664,5644;1002624,117;986973,9655;1000624,117;11;15;5;5,212;Perdomo
R1;U-188;7;BOSA;12_SII_2025;UNIÓN TEMPORAL VET 2023;URBANO;10;BUS;NO;DISTRITAL;1,11001E+11;COLEGIO ALFONSO REYES ECHANDIA (IED);A;TARDE;URBANO;11:25;18:15;18:20;1;1;2;1;1;1;1;1;0;0;GENERAL;11:45;685;705;-1;189;0;189;2607,267498;82,32648021;852;984664,5644;1002624,117;986973,9655;1000624,117;11;15;5;5,214;Perdomo
R1;U-189;7;BOSA;12_SII_2025;UNIÓN TEMPORAL VET 2023;URBANO;13;MICROBUS;NO;DISTRITAL;1,11001E+11;COLEGIO ALFONSO REYES ECHANDIA (IED);A;MAÑANA;URBANO;5:45;11:30;11:35;1;1;2;1;1;1;1;1;0;0;GENERAL;6:10;345;370;-1;340;0;340;5915,782544;79,73956522;852;984664,5644;1002624,117;986973,9655;1000624,117;11;15;5;11,482;Perdomo
R1;U-190;7;BOSA;12_SII_2025;UNIÓN TEMPORAL VET 2023;URBANO;10;BUS;NO;DISTRITAL;1,11001E+11;COLEGIO ALFONSO REYES ECHANDIA (IED);A;MAÑANA;URBANO;5:35;12:15;12:20;1;1;2;1;1;1;1;1;0;0;GENERAL;5:55;335;355;-1;179;0;179;2608,645697;84,76717912;852;984664,5644;1002624,117;986973,9655;1000624,117;11;15;5;5,218;Perdomo
R1;U-191;7;BOSA;12_SII_2025;UNIÓN TEMPORAL VET 2023;URBANO;13;MICROBUS;NO;DISTRITAL;1,11001E+11;COLEGIO ALFONSO REYES ECHANDIA (IED);A;TARDE;URBANO;11:40;17:30;17:35;1;1;2;1;1;1;1;1;0;0;GENERAL;12:25;700;745;-1;334;0;334;6060,552222;77,52261265;852;984664,5644;1002624,117;986973,9655;1000624,117;11;15;5;12,897;Perdomo
R1;U-192;7;BOSA;12_SII_2025;UNIÓN TEMPORAL VET 2023;URBANO;11;BUSETA;NO;DISTRITAL;1,11001E+11;COLEGIO ALFONSO REYES ECHANDIA (IED);A;TARDE;URBANO;11:15;18:15;18:20;1;1;2;1;1;1;1;1;0;0;GENERAL;11:45;675;705;-1;117;0;117;6511,55692;81,72301273;852;984664,5644;1002624,117;986973,9655;1000624,117;11;15;5;12,399;Perdomo
R1;U-193;7;BOSA;12_SII_2025;UNIÓN TEMPORAL VET 2023;URBANO;11;BUSETA;NO;DISTRITAL;1,11001E+11;COLEGIO ALFONSO REYES ECHANDIA (IED);A;TARDE;URBANO;11:15;18:15;18:20;1;1;2;1;1;1;1;1;0;0;GENERAL;11:45;675;705;-1;267;0;267;5304,191004;83,32283986;852;984664,5644;1002624,117;986973,9655;1000624,117;11;15;5;11,482;Perdomo
R1;U-194;7;BOSA;12_SII_2025;UNIÓN TEMPORAL VET 2023;URBANO;13;MICROBUS;NO;DISTRITAL;1,11001E+11;COLEGIO ALFONSO REYES ECHANDIA (IED);A;TARDE;URBANO;11:45;17:30;17:35;1;1;2;1;1;1;1;1;0;0;GENERAL;12:25;705;745;-1;322;0;322;6819,476046;83,32283986;852;984664,5644;1002624,117;986973,9655;1000624,117;11;15;5;13,021;Perdomo
R1;U-195;7;BOSA;12_SII_2025;UNIÓN TEMPORAL VET 2023;URBANO;11;BUSETA;NO;DISTRITAL;1,11001E+11;COLEGIO ALFONSO REYES ECHANDIA (IED);A;MAÑANA;URBANO;5:20;12:15;12:20;1;1;2;1;1;1;1;1;0;0;GENERAL;5:55;320;355;-1;522;0;522;9719,411526;83,32283986;852;984664,5644;1002624,117;986973,9655;1000624,117;11;15;5;21,529;Perdomo
R1;U-196;7;BOSA;12_SII_2025;UNIÓN TEMPORAL VET 2023;URBANO;11;BUSETA;NO;DISTRITAL;1,11001E+11;COLEGIO ALFONSO REYES ECHANDIA (IED);A;TARDE;URBANO;12:15;17:30;17:35;1;1;2;1;1;1;1;1;0;0;GENERAL;12:25;735;745;-1;78;0;78;1840,872449;81,63009976;852;984664,5644;1002624,117;986973,9655;1000624,117;11;15;5;3,385;Perdomo
R1;U-197;7;BOSA;12_SII_2025;UNIÓN TEMPORAL VET 2023;URBANO;11;BUSETA;NO;DISTRITAL;1,11001E+11;COLEGIO ALFONSO REYES ECHANDIA (IED);A;MAÑANA;URBANO;6:00;11:35;11:40;1;1;2;1;1;1;1;1;0;0;GENERAL;6:10;360;370;-1;77;0;77;1842,965833;80,24987213;852;984664,5644;1002624,117;986973,9655;1000624,117;11;15;5;3,389;Perdomo
R1;U-198;7;BOSA;12_SII_2025;UNIÓN TEMPORAL VET 2023;URBANO;11;BUSETA;NO;DISTRITAL;1,11001E+11;COLEGIO ALFONSO REYES ECHANDIA (IED);A;TARDE;URBANO;12:15;17:30;17:35;1;1;2;1;1;1;1;1;0;0;GENERAL;12:25;735;745;-1;78;0;78;1840,983321;82,01560169;852;984664,5644;1002624,117;986973,9655;1000624,117;11;15;5;3,384;Perdomo
R1;U-186;7;BOSA;12_SII_2025;UNIÓN TEMPORAL VET 2023;URBANO;11;BUSETA;NO;DISTRITAL;1,11001E+11;COLEGIO ALFONSO REYES ECHANDIA (IED);A;MAÑANA;URBANO;5:50;11:30;11:35;1;1;2;1;1;1;1;1;0;0;GENERAL;6:10;350;370;-1;225;0;225;3188,884143;85,46803101;852;984664,5644;1002624,117;986973,9655;1000624,117;11;15;5;6,377;Perdomo
R1;R-365;5;USME;2_CV_2025;CONSORCIO RUTAS SEGURAS;RURAL;14;VAN;NO;DISTRITAL;2,1185E+11;COLEGIO RURAL CHIZACA (CED);A;MAÑANA/ÚNICA;RURAL;7:10;12:25;12:30;1;1;2;1;1;1;1;1;0;0;GENERAL;7:30;430;450;-1;700;0;700;5945,301448;26,66194023;867;984664,5644;972624,1172;986973,9655;970624,1172;26;15;5;11,89;0
R1;U-203;7;BOSA;11_SII_2025;UNIÓN TEMPORAL VET 2023;URBANO;10;BUS;NO;DISTRITAL;1,11001E+11;COLEGIO CIUDADELA EDUCATIVA DE BOSA (IED);A;TARDE;URBANO;11:30;18:25;18:30;1;1;2;1;1;1;1;1;0;0;GENERAL;12:00;690;720;-1;253;0;253;6963,652626;241,8723132;907;986396,6152;1005624,117;988706,0163;1003624,117;10;16;5;13,491;0
R1;U-204;7;BOSA;11_SII_2025;UNIÓN TEMPORAL VET 2023;URBANO;11;BUSETA;NO;DISTRITAL;1,11001E+11;COLEGIO CIUDADELA EDUCATIVA DE BOSA (IED);A;MAÑANA;URBANO;5:25;12:25;12:30;1;1;2;1;1;1;1;1;0;0;GENERAL;6:00;325;360;-1;245;0;245;7302,835117;148,9593478;907;986396,6152;1005624,117;988706,0163;1003624,117;10;16;5;14,215;0
R1;U-205;7;BOSA;11_SII_2025;UNIÓN TEMPORAL VET 2023;URBANO;11;BUSETA;NO;DISTRITAL;1,11001E+11;COLEGIO CIUDADELA EDUCATIVA DE BOSA (IED);A;MAÑANA;URBANO;5:35;12:25;12:30;1;1;2;1;1;1;1;1;0;0;GENERAL;6:00;335;360;-1;223;0;223;6777,309548;332,1701891;907;986396,6152;1005624,117;988706,0163;1003624,117;10;16;5;13,241;0
R1;U-206;7;BOSA;11_SII_2025;UNIÓN TEMPORAL VET 2023;URBANO;11;BUSETA;NO;DISTRITAL;1,11001E+11;COLEGIO CIUDADELA EDUCATIVA DE BOSA (IED);A;TARDE;URBANO;11:30;18:25;18:30;1;1;2;1;1;1;1;1;0;0;GENERAL;12:00;690;720;-1;251;0;251;5639,168723;241,8723132;907;986396,6152;1005624,117;988706,0163;1003624,117;10;16;5;11,335;0
R1;U-207;7;BOSA;11_SII_2025;UNIÓN TEMPORAL VET 2023;URBANO;11;BUSETA;NO;DISTRITAL;1,11001E+11;COLEGIO CIUDADELA EDUCATIVA DE BOSA (IED);A;TARDE;URBANO;11:30;18:25;18:30;1;1;2;1;1;1;1;1;0;0;GENERAL;12:00;690;720;-1;241;0;241;6638,384345;332,1701891;907;986396,6152;1005624,117;988706,0163;1003624,117;10;16;5;11,878;0
R1;U-208;7;BOSA;11_SII_2025;UNIÓN TEMPORAL VET 2023;URBANO;11;BUSETA;NO;DISTRITAL;1,11001E+11;COLEGIO CIUDADELA EDUCATIVA DE BOSA (IED);A;TARDE;URBANO;11:30;18:25;18:30;1;1;2;1;1;1;1;1;0;0;GENERAL;12:00;690;720;-1;240;0;240;6713,163933;332,1701891;907;986396,6152;1005624,117;988706,0163;1003624,117;10;16;5;12,934;0
R1;U-209;7;BOSA;11_SII_2025;UNIÓN TEMPORAL VET 2023;URBANO;11;BUSETA;NO;DISTRITAL;1,11001E+11;COLEGIO CIUDADELA EDUCATIVA DE BOSA (IED);A;MAÑANA;URBANO;5:35;12:25;12:30;1;1;2;1;1;1;1;1;0;0;GENERAL;6:00;335;360;-1;326;0;326;8046,364719;332,1701891;907;986396,6152;1005624,117;988706,0163;1003624,117;10;16;5;14,9;0
R1;U-210;7;BOSA;11_SII_2025;UNIÓN TEMPORAL VET 2023;URBANO;11;BUSETA;NO;DISTRITAL;1,11001E+11;COLEGIO CIUDADELA EDUCATIVA DE BOSA (IED);A;MAÑANA;URBANO;5:35;12:25;12:30;1;1;2;1;1;1;1;1;0;0;GENERAL;6:00;335;360;-1;227;0;227;4824,028869;332,1701891;907;986396,6152;1005624,117;988706,0163;1003624,117;10;16;5;9,719;0
R1;U-211;7;BOSA;11_SII_2025;UNIÓN TEMPORAL VET 2023;URBANO;11;BUSETA;NO;DISTRITAL;1,11001E+11;COLEGIO CIUDADELA EDUCATIVA DE BOSA (IED);A;TARDE;URBANO;11:35;18:25;18:30;1;1;2;1;1;1;1;1;0;0;GENERAL;12:00;695;720;-1;159;0;159;4118,714588;153,3660868;907;986396,6152;1005624,117;988706,0163;1003624,117;10;16;5;7,7;0
R1;U-222;7;BOSA;11_SII_2025;UNIÓN TEMPORAL VET 2023;URBANO;10;BUS;NO;DISTRITAL;1,11001E+11;COLEGIO GERMAN ARCINIEGAS (IED);A;MAÑANA;URBANO;5:30;12:25;12:30;1;1;2;1;1;1;1;1;0;0;GENERAL;6:10;330;370;-1;236;0;236;6488,267842;64,08215619;907;986396,6152;1005624,117;988706,0163;1003624,117;10;16;5;13,53;0
R1;U-223;7;BOSA;11_SII_2025;UNIÓN TEMPORAL VET 2023;URBANO;11;BUSETA;NO;DISTRITAL;1,11001E+11;COLEGIO GERMAN ARCINIEGAS (IED);A;TARDE;URBANO;11:30;18:25;18:30;1;1;2;1;1;1;1;1;0;0;GENERAL;12:10;690;730;-1;328;0;328;8794,361874;64,08215619;907;986396,6152;1005624,117;988706,0163;1003624,117;10;16;5;17,782;0
R1;T-061;7;BOSA;11_SII_2025;UNIÓN TEMPORAL VET 2023;TRASLADO;10;BUS;NO;DISTRITAL;1,11001E+11;COLEGIO LA CONCEPCION (IED);B;MAÑANA;URBANO;6:00;12:25;12:30;1;1;2;1;1;1;1;1;0;0;GENERAL;6:20;360;380;-1;130;0;130;2352,627496;179,9425156;908;986396,6152;1003624,117;988706,0163;1001624,117;11;16;5;6,639;Perdomo
R1;T-062;7;BOSA;11_SII_2025;UNIÓN TEMPORAL VET 2023;TRASLADO;10;BUS;NO;DISTRITAL;1,11001E+11;COLEGIO LA CONCEPCION (IED);B;MAÑANA;URBANO;6:00;12:25;12:30;1;1;2;1;1;1;1;1;0;0;GENERAL;6:20;360;380;-1;130;0;130;2352,627496;179,9425156;908;986396,6152;1003624,117;988706,0163;1001624,117;11;16;5;6,639;Perdomo
R1;T-063;7;BOSA;11_SII_2025;UNIÓN TEMPORAL VET 2023;TRASLADO;10;BUS;NO;DISTRITAL;1,11001E+11;COLEGIO LA CONCEPCION (IED);B;MAÑANA;URBANO;6:00;12:25;12:30;1;1;2;1;1;1;1;1;0;0;GENERAL;6:20;360;380;-1;130;0;130;2352,627496;179,9425156;908;986396,6152;1003624,117;988706,0163;1001624,117;11;16;5;6,639;Perdomo
R1;T-064;7;BOSA;11_SII_2025;UNIÓN TEMPORAL VET 2023;TRASLADO;10;BUS;NO;DISTRITAL;1,11001E+11;COLEGIO LA CONCEPCION (IED);B;MAÑANA;URBANO;6:00;12:25;12:30;1;1;2;1;1;1;1;1;0;0;GENERAL;6:20;360;380;-1;164;0;164;3014,609164;273,0119982;908;986396,6152;1003624,117;988706,0163;1001624,117;11;16;5;7,241;Perdomo
R1;T-065;7;BOSA;11_SII_2025;UNIÓN TEMPORAL VET 2023;TRASLADO;10;BUS;NO;DISTRITAL;1,11001E+11;COLEGIO LA CONCEPCION (IED);B;MAÑANA;URBANO;6:00;12:25;12:30;1;1;2;1;1;1;1;1;0;0;GENERAL;6:20;360;380;-1;164;0;164;2962,818269;181,9615779;908;986396,6152;1003624,117;988706,0163;1001624,117;11;16;5;7,189;Perdomo
R1;T-068;7;BOSA;11_SII_2025;UNIÓN TEMPORAL VET 2023;TRASLADO;10;BUS;NO;DISTRITAL;1,11001E+11;COLEGIO LA CONCEPCION (IED);B;MAÑANA;URBANO;6:00;12:25;12:30;1;1;2;1;1;1;1;1;0;0;GENERAL;6:20;360;380;-1;164;0;164;2962,818269;181,9615779;908;986396,6152;1003624,117;988706,0163;1001624,117;11;16;5;7,189;Perdomo
R1;T-074;7;BOSA;11_SII_2025;UNIÓN TEMPORAL VET 2023;TRASLADO;10;BUS;NO;DISTRITAL;1,11001E+11;COLEGIO LA CONCEPCION (IED);B;MAÑANA;URBANO;5:55;12:25;12:30;1;1;2;1;1;1;1;1;0;0;GENERAL;6:20;355;380;-1;172;0;172;3090,242321;187,404848;908;986396,6152;1003624,117;988706,0163;1001624,117;11;16;5;8,241;Perdomo
R1;T-076;7;BOSA;11_SII_2025;UNIÓN TEMPORAL VET 2023;TRASLADO;10;BUS;NO;DISTRITAL;1,11001E+11;COLEGIO LA CONCEPCION (IED);B;MAÑANA;URBANO;6:00;14:05;14:10;1;1;2;1;1;1;1;1;0;0;GENERAL;6:20;360;380;-1;152;0;152;2287,939257;174,7972889;908;986396,6152;1003624,117;988706,0163;1001624,117;11;16;5;5,66;Perdomo
R1;T-077;7;BOSA;11_SII_2025;UNIÓN TEMPORAL VET 2023;TRASLADO;11;BUSETA;NO;DISTRITAL;1,11001E+11;COLEGIO LA CONCEPCION (IED);B;TARDE;URBANO;12:05;18:25;18:30;1;1;2;1;1;1;1;1;0;0;GENERAL;12:30;725;750;-1;213;0;213;3400,465729;180,0094578;908;986396,6152;1003624,117;988706,0163;1001624,117;11;16;5;7,137;Perdomo
R1;T-079;7;BOSA;11_SII_2025;UNIÓN TEMPORAL VET 2023;TRASLADO;11;BUSETA;NO;DISTRITAL;1,11001E+11;COLEGIO LA CONCEPCION (IED);B;MAÑANA;URBANO;6:00;14:05;14:10;1;1;2;1;1;1;1;1;0;0;GENERAL;6:20;360;380;-1;233;0;233;4713,403967;180,0094579;908;986396,6152;1003624,117;988706,0163;1001624,117;11;16;5;8,394;Perdomo
R1;T-080;7;BOSA;11_SII_2025;UNIÓN TEMPORAL VET 2023;TRASLADO;10;BUS;NO;DISTRITAL;1,11001E+11;COLEGIO LA CONCEPCION (IED);B;TARDE;URBANO;12:05;18:10;18:15;1;1;2;1;1;1;1;1;0;0;GENERAL;12:30;725;750;-1;130;0;130;2396,339603;273,0119982;908;986396,6152;1003624,117;988706,0163;1001624,117;11;16;5;6,55;Perdomo
R1;T-1062;7;BOSA;11_SII_2025;UNIÓN TEMPORAL VET 2023;TRASLADO;13;MICROBUS;NO;DISTRITAL;1,11001E+11;COLEGIO LA CONCEPCION (IED);B;MAÑANA;URBANO;6:00;12:25;12:30;1;1;2;1;1;1;1;1;0;0;GENERAL;6:20;360;380;-1;168;0;168;2669,944286;174,7972889;908;986396,6152;1003624,117;988706,0163;1001624,117;11;16;5;5,642;Perdomo
R1;T-263;7;BOSA;11_SII_2025;UNIÓN TEMPORAL VET 2023;TRASLADO;10;BUS;NO;DISTRITAL;1,11001E+11;COLEGIO LA CONCEPCION (IED);B;TARDE;URBANO;12:05;18:10;18:15;1;1;2;1;1;1;1;1;0;0;GENERAL;12:30;725;750;-1;130;0;130;2396,339603;273,0119982;908;986396,6152;1003624,117;988706,0163;1001624,117;11;16;5;6,55;Perdomo
R1;T-264;7;BOSA;11_SII_2025;UNIÓN TEMPORAL VET 2023;TRASLADO;10;BUS;NO;DISTRITAL;1,11001E+11;COLEGIO LA CONCEPCION (IED);B;TARDE;URBANO;12:05;18:10;18:15;1;1;2;1;1;1;1;1;0;0;GENERAL;12:30;725;750;-1;130;0;130;2396,339603;273,0119982;908;986396,6152;1003624,117;988706,0163;1001624,117;11;16;5;6,55;Perdomo
R1;T-265;7;BOSA;11_SII_2025;UNIÓN TEMPORAL VET 2023;TRASLADO;10;BUS;NO;DISTRITAL;1,11001E+11;COLEGIO LA CONCEPCION (IED);B;TARDE;URBANO;12:05;18:10;18:15;1;1;2;1;1;1;1;1;0;0;GENERAL;12:30;725;750;-1;152;0;152;2438,029276;174,7972889;908;986396,6152;1003624,117;988706,0163;1001624,117;11;16;5;5,355;Perdomo
R1;T-266;7;BOSA;11_SII_2025;UNIÓN TEMPORAL VET 2023;TRASLADO;10;BUS;NO;DISTRITAL;1,11001E+11;COLEGIO LA CONCEPCION (IED);B;TARDE;URBANO;12:00;18:10;18:15;1;1;2;1;1;1;1;1;0;0;GENERAL;12:20;720;740;-1;152;0;152;2438,029276;174,7972889;908;986396,6152;1003624,117;988706,0163;1001624,117;11;16;5;5,355;Perdomo
R1;T-779;7;BOSA;11_SII_2025;UNIÓN TEMPORAL VET 2023;TRASLADO;10;BUS;NO;DISTRITAL;1,11001E+11;COLEGIO LA CONCEPCION (IED);B;MAÑANA;URBANO;6:05;14:05;14:10;1;1;2;1;1;1;1;1;0;0;GENERAL;6:30;365;390;-1;189;0;189;3078,184125;176,4895985;908;986396,6152;1003624,117;988706,0163;1001624,117;11;16;5;7,24;Perdomo
R1;T-780;7;BOSA;11_SII_2025;UNIÓN TEMPORAL VET 2023;TRASLADO;10;BUS;NO;DISTRITAL;1,11001E+11;COLEGIO LA CONCEPCION (IED);B;MAÑANA;URBANO;6:05;14:05;14:10;1;1;2;1;1;1;1;1;0;0;GENERAL;6:30;365;390;-1;159;0;159;2441,789745;174,7972889;908;986396,6152;1003624,117;988706,0163;1001624,117;11;16;5;5,907;Perdomo
R1;T-992;7;BOSA;11_SII_2025;UNIÓN TEMPORAL VET 2023;TRASLADO;13;MICROBUS;NO;DISTRITAL;1,11001E+11;COLEGIO LA CONCEPCION (IED);B;MAÑANA;URBANO;6:00;12:25;12:30;1;1;2;1;1;1;1;1;0;0;GENERAL;6:20;360;380;-1;81;0;81;2137,698996;357,0470396;908;986396,6152;1003624,117;988706,0163;1001624,117;11;16;5;6,43;Perdomo
R1;T-993;7;BOSA;11_SII_2025;UNIÓN TEMPORAL VET 2023;TRASLADO;13;MICROBUS;NO;DISTRITAL;1,11001E+11;COLEGIO LA CONCEPCION (IED);B;TARDE;URBANO;12:00;18:10;18:15;1;1;2;1;1;1;1;1;0;0;GENERAL;12:20;720;740;-1;84;0;84;2187,341407;273,0119982;908;986396,6152;1003624,117;988706,0163;1001624,117;11;16;5;5,98;Perdomo
R1;T-994;7;BOSA;11_SII_2025;UNIÓN TEMPORAL VET 2023;TRASLADO;11;BUSETA;NO;DISTRITAL;1,11001E+11;COLEGIO LA CONCEPCION (IED);B;MAÑANA;URBANO;6:05;14:05;14:10;1;1;2;1;1;1;1;1;0;0;GENERAL;6:30;365;390;-1;75;0;75;2132,188517;352,9657473;908;986396,6152;1003624,117;988706,0163;1001624,117;11;16;5;5,311;Perdomo
R1;U-1104;7;BOSA;11_SII_2025;UNIÓN TEMPORAL VET 2023;URBANO;11;BUSETA;NO;DISTRITAL;1,11001E+11;COLEGIO DEBORA ARANGO PEREZ (IED);A;MAÑANA;URBANO;5:20;12:05;12:10;1;1;2;1;1;1;1;1;0;0;GENERAL;6:10;320;370;-1;429;0;429;9790,969924;180,0085118;908;986396,6152;1003624,117;988706,0163;1001624,117;11;16;5;19,442;Perdomo
R1;U-1421;7;BOSA;12_SII_2025;UNIÓN TEMPORAL VET 2023;URBANO;13;MICROBUS;NO;DISTRITAL;1,11002E+11;COLEGIO ESMERALDA ARBOLEDA CADAVID (IED);A;MAÑANA/ÚNICA;URBANO;6:25;11:45;11:50;1;1;2;1;1;1;1;1;0;0;GENERAL;7:00;385;420;-1;397;0;397;7579,203618;14,09195582;908;986396,6152;1003624,117;988706,0163;1001624,117;11;16;5;16,329;Perdomo
R1;U-1422;7;BOSA;2_CV_2025;CONSORCIO RUTAS SEGURAS;URBANO;14;VAN-H;NO;DISTRITAL;1,11002E+11;COLEGIO ESMERALDA ARBOLEDA CADAVID (IED);A;ÚNICA;URBANO;6:20;11:45;11:50;1;1;2;1;1;1;1;1;0;0;GENERAL;7:00;380;420;-1;286;0;286;4959,543966;26,65309071;908;986396,6152;1003624,117;988706,0163;1001624,117;11;16;5;10,755;Perdomo
R1;U-1423;7;BOSA;12_SII_2025;UNIÓN TEMPORAL VET 2023;URBANO;11;BUSETA;NO;DISTRITAL;1,11002E+11;COLEGIO ESMERALDA ARBOLEDA CADAVID (IED);A;MAÑANA/ÚNICA;URBANO;6:20;11:45;11:50;1;1;2;1;1;1;1;1;0;0;GENERAL;7:00;380;420;-1;302;0;302;6967,078297;15,31446723;908;986396,6152;1003624,117;988706,0163;1001624,117;11;16;5;13,959;Perdomo
R1;U-1424;7;BOSA;12_SII_2025;UNIÓN TEMPORAL VET 2023;URBANO;13;MICROBUS;NO;DISTRITAL;1,11002E+11;COLEGIO ESMERALDA ARBOLEDA CADAVID (IED);A;MAÑANA/ÚNICA;URBANO;6:25;11:45;11:50;1;1;2;1;1;1;1;1;0;0;GENERAL;7:00;385;420;-1;204;0;204;5463,836554;16,79767317;908;986396,6152;1003624,117;988706,0163;1001624,117;11;16;5;11,202;Perdomo
R1;U-1425;7;BOSA;12_SII_2025;UNIÓN TEMPORAL VET 2023;URBANO;10;BUS;NO;DISTRITAL;1,11002E+11;COLEGIO ESMERALDA ARBOLEDA CADAVID (IED);A;MAÑANA/ÚNICA;URBANO;6:25;11:45;11:50;1;1;2;1;1;1;1;1;0;0;GENERAL;7:00;385;420;-1;278;0;278;4946,438132;14,09195582;908;986396,6152;1003624,117;988706,0163;1001624,117;11;16;5;10,706;Perdomo
R1;U-1426;7;BOSA;12_SII_2025;UNIÓN TEMPORAL VET 2023;URBANO;10;BUS;NO;DISTRITAL;1,11002E+11;COLEGIO ESMERALDA ARBOLEDA CADAVID (IED);A;MAÑANA;URBANO;5:20;11:55;12:00;1;1;2;1;1;1;1;1;0;0;GENERAL;6:00;320;360;-1;269;0;269;5799,060097;12,57988956;908;986396,6152;1003624,117;988706,0163;1001624,117;11;16;5;12,214;Perdomo
R1;U-1427;7;BOSA;12_SII_2025;UNIÓN TEMPORAL VET 2023;URBANO;11;BUSETA;NO;DISTRITAL;1,11002E+11;COLEGIO ESMERALDA ARBOLEDA CADAVID (IED);A;MAÑANA;URBANO;5:30;11:55;12:00;1;1;2;1;1;1;1;1;0;0;GENERAL;6:00;330;360;-1;325;0;325;6370,24162;14,09195582;908;986396,6152;1003624,117;988706,0163;1001624,117;11;16;5;13,384;Perdomo
R1;U-1428;7;BOSA;12_SII_2025;UNIÓN TEMPORAL VET 2023;URBANO;11;BUSETA;NO;DISTRITAL;1,11002E+11;COLEGIO ESMERALDA ARBOLEDA CADAVID (IED);A;TARDE/ÚNICA;URBANO;11:25;16:45;16:50;1;1;2;1;1;1;1;1;0;0;GENERAL;12:00;685;720;-1;415;0;415;7334,361169;14,09195582;908;986396,6152;1003624,117;988706,0163;1001624,117;11;16;5;15,428;Perdomo
R1;U-1429;7;BOSA;12_SII_2025;UNIÓN TEMPORAL VET 2023;URBANO;13;MICROBUS;NO;DISTRITAL;1,11002E+11;COLEGIO ESMERALDA ARBOLEDA CADAVID (IED);A;ÚNICA;URBANO;11:25;16:45;16:50;1;1;2;1;1;1;1;1;0;0;GENERAL;12:00;685;720;-1;286;0;286;4959,543966;26,65309071;908;986396,6152;1003624,117;988706,0163;1001624,117;11;16;5;10,755;Perdomo
R1;U-1430;7;BOSA;12_SII_2025;UNIÓN TEMPORAL VET 2023;URBANO;13;MICROBUS;NO;DISTRITAL;1,11002E+11;COLEGIO ESMERALDA ARBOLEDA CADAVID (IED);A;TARDE/ÚNICA;URBANO;11:20;16:45;16:50;1;1;2;1;1;1;1;1;0;0;GENERAL;12:00;680;720;-1;314;0;314;6407,522591;14,09195582;908;986396,6152;1003624,117;988706,0163;1001624,117;11;16;5;14,128;Perdomo
R1;U-1431;7;BOSA;12_SII_2025;UNIÓN TEMPORAL VET 2023;URBANO;11;BUSETA;NO;DISTRITAL;1,11002E+11;COLEGIO ESMERALDA ARBOLEDA CADAVID (IED);A;TARDE/ÚNICA;URBANO;11:20;16:45;16:50;1;1;2;1;1;1;1;1;0;0;GENERAL;12:00;680;720;-1;287;0;287;5872,622742;15,31446723;908;986396,6152;1003624,117;988706,0163;1001624,117;11;16;5;11,503;Perdomo
R1;U-1432;7;BOSA;12_SII_2025;UNIÓN TEMPORAL VET 2023;URBANO;10;BUS;NO;DISTRITAL;1,11002E+11;COLEGIO ESMERALDA ARBOLEDA CADAVID (IED);A;TARDE;URBANO;11:30;16:45;16:50;1;1;2;1;1;1;1;1;0;0;GENERAL;12:00;690;720;-1;287;0;287;4942,533804;14,09195582;908;986396,6152;1003624,117;988706,0163;1001624,117;11;16;5;11,75;Perdomo
R1;U-1433;7;BOSA;12_SII_2025;UNIÓN TEMPORAL VET 2023;URBANO;13;MICROBUS;NO;DISTRITAL;1,11002E+11;COLEGIO ESMERALDA ARBOLEDA CADAVID (IED);A;TARDE;URBANO;11:30;17:55;18:00;1;1;2;1;1;1;1;1;0;0;GENERAL;12:15;690;735;-1;265;0;265;4957,471893;14,09195582;908;986396,6152;1003624,117;988706,0163;1001624,117;11;16;5;12,244;Perdomo
R1;U-1434;7;BOSA;12_SII_2025;UNIÓN TEMPORAL VET 2023;URBANO;11;BUSETA;NO;DISTRITAL;1,11002E+11;COLEGIO ESMERALDA ARBOLEDA CADAVID (IED);A;TARDE;URBANO;11:35;17:55;18:00;1;1;2;1;1;1;1;1;0;0;GENERAL;12:15;695;735;-1;286;0;286;4942,519023;14,09195582;908;986396,6152;1003624,117;988706,0163;1001624,117;11;16;5;11,75;Perdomo
R1;U-216;7;BOSA;11_SII_2025;UNIÓN TEMPORAL VET 2023;URBANO;11;BUSETA;NO;DISTRITAL;1,11001E+11;COLEGIO DEBORA ARANGO PEREZ (IED);A;MAÑANA/ÚNICA;URBANO;5:45;11:40;11:45;1;1;2;1;1;1;1;1;0;0;GENERAL;6:30;345;390;-1;454;0;454;7350,84967;127,4824431;908;986396,6152;1003624,117;988706,0163;1001624,117;11;16;5;14,03;Perdomo
R1;U-217;7;BOSA;11_SII_2025;UNIÓN TEMPORAL VET 2023;URBANO;11;BUSETA;NO;DISTRITAL;1,11001E+11;COLEGIO DEBORA ARANGO PEREZ (IED);A;MAÑANA/ÚNICA;URBANO;5:45;11:40;11:45;1;1;2;1;1;1;1;1;0;0;GENERAL;6:30;345;390;-1;458;0;458;10032,90473;158,6916936;908;986396,6152;1003624,117;988706,0163;1001624,117;11;16;5;19,921;Perdomo
R1;U-218;7;BOSA;11_SII_2025;UNIÓN TEMPORAL VET 2023;URBANO;10;BUS;NO;DISTRITAL;1,11001E+11;COLEGIO DEBORA ARANGO PEREZ (IED);A;TARDE/ÚNICA;URBANO;11:45;17:25;17:30;1;1;2;1;1;1;1;1;0;0;GENERAL;12:30;705;750;-1;360;0;360;4918,892933;206,6520363;908;986396,6152;1003624,117;988706,0163;1001624,117;11;16;5;9,966;Perdomo
R1;U-219;7;BOSA;11_SII_2025;UNIÓN TEMPORAL VET 2023;URBANO;11;BUSETA;NO;DISTRITAL;1,11001E+11;COLEGIO DEBORA ARANGO PEREZ (IED);A;TARDE/ÚNICA;URBANO;11:45;17:25;17:30;1;1;2;1;1;1;1;1;0;0;GENERAL;12:30;705;750;-1;452;0;452;9788,764054;159,0185194;908;986396,6152;1003624,117;988706,0163;1001624,117;11;16;5;20,038;Perdomo
R1;U-220;7;BOSA;11_SII_2025;UNIÓN TEMPORAL VET 2023;URBANO;13;MICROBUS;NO;DISTRITAL;1,11001E+11;COLEGIO DEBORA ARANGO PEREZ (IED);A;TARDE;URBANO;11:45;18:25;18:30;1;1;2;1;1;1;1;1;0;0;GENERAL;12:30;705;750;-1;431;0;431;9107,138307;180,0085119;908;986396,6152;1003624,117;988706,0163;1001624,117;11;16;5;18,054;Perdomo
R1;U-1037;7;BOSA;12_SII_2025;UNIÓN TEMPORAL VET 2023;URBANO;11;BUSETA;NO;DISTRITAL;1,11001E+11;COLEGIO CARLOS ALBAN HOLGUIN (IED);A;MAÑANA;URBANO;5:40;11:45;11:50;1;1;2;1;1;1;1;1;0;0;GENERAL;6:00;340;360;-1;138;0;138;2591,427249;192,9599543;909;986396,6152;1001624,117;988706,0163;999624,1172;12;16;5;5,182;Perdomo
R1;U-1038;7;BOSA;12_SII_2025;UNIÓN TEMPORAL VET 2023;URBANO;10;BUS;NO;DISTRITAL;1,11001E+11;COLEGIO CARLOS ALBAN HOLGUIN (IED);A;MAÑANA;URBANO;5:45;12:10;12:15;1;1;2;1;1;1;1;1;0;0;GENERAL;6:10;345;370;-1;138;0;138;2591,427249;192,9599543;909;986396,6152;1001624,117;988706,0163;999624,1172;12;16;5;5,182;Perdomo
R1;U-1039;7;BOSA;12_SII_2025;UNIÓN TEMPORAL VET 2023;URBANO;11;BUSETA;NO;DISTRITAL;1,11001E+11;COLEGIO CARLOS ALBAN HOLGUIN (IED);A;TARDE;URBANO;11:40;17:35;17:40;1;1;2;1;1;1;1;1;0;0;GENERAL;12:00;700;720;-1;122;0;122;2611,486783;192,9599543;909;986396,6152;1001624,117;988706,0163;999624,1172;12;16;5;5,435;Perdomo
R1;U-1041;7;BOSA;12_SII_2025;UNIÓN TEMPORAL VET 2023;URBANO;10;BUS;NO;DISTRITAL;1,11001E+11;COLEGIO CARLOS ALBAN HOLGUIN (IED);A;TARDE;URBANO;11:50;18:25;18:30;1;1;2;1;1;1;1;1;0;0;GENERAL;12:10;710;730;-1;122;0;122;2611,486783;192,9599543;909;986396,6152;1001624,117;988706,0163;999624,1172;12;16;5;5,435;Perdomo
R1;U-1417;7;BOSA;12_SII_2025;UNIÓN TEMPORAL VET 2023;URBANO;10;BUS;NO;DISTRITAL;1,11001E+11;COLEGIO CARLOS ALBAN HOLGUIN (IED);A;MAÑANA;URBANO;5:45;12:10;12:15;1;1;2;1;1;1;1;1;0;0;GENERAL;6:10;345;370;-1;122;0;122;2611,486783;192,9599543;909;986396,6152;1001624,117;988706,0163;999624,1172;12;16;5;5,435;Perdomo
R1;R-179;5;USME;18_SIII_2025;UNIÓN TEMPORAL SRD TRANSPORTE DE PASAJEROS COLOMBIA;RURAL;13;MICROBUS;NO;DISTRITAL;2,1185E+11;COLEGIO RURAL LA MAYORIA (CED);A;MAÑANA/ÚNICA;RURAL;6:50;12:25;12:30;1;1;2;1;1;1;1;1;0;0;GENERAL;7:30;410;450;-1;551;0;551;7896,793827;219,920119;922;986396,6152;975624,1172;988706,0163;973624,1172;25;16;5;15,794;0
R1;R-338;5;USME;18_SIII_2025;UNIÓN TEMPORAL SRD TRANSPORTE DE PASAJEROS COLOMBIA;RURAL;13;MICROBUS;NO;DISTRITAL;2,1185E+11;COLEGIO RURAL LA MAYORIA (CED);A;MAÑANA/ÚNICA;RURAL;7:10;12:25;12:30;1;1;2;1;1;1;1;1;0;0;GENERAL;7:30;430;450;-1;844;0;844;7319,757126;288,3787573;922;986396,6152;975624,1172;988706,0163;973624,1172;25;16;5;14,64;0
R1;R-364;5;USME;18_SIII_2025;UNIÓN TEMPORAL SRD TRANSPORTE DE PASAJEROS COLOMBIA;RURAL;13;MICROBUS;NO;DISTRITAL;2,1185E+11;COLEGIO RURAL LA UNION USME (CED);A;ÚNICA;RURAL;6:35;14:55;15:00;1;1;2;1;1;1;1;1;0;0;GENERAL;7:30;395;450;-1;845;0;845;12647,87121;357,9548191;923;986396,6152;973624,1172;988706,0163;971624,1172;26;16;5;25,296;0
R1;S-003;20;SUMAPAZ;23_SII_2025;UNIÓN TEMPORAL ALIANZA TRANSNACIONAL;SUMAPAZ;13;MICROBUS;NO;DISTRITAL;2,11001E+11;COLEGIO CAMPESTRE JAIME GARZON (IED);I;ÚNICA;RURAL;7:10;14:55;15:00;1;1;2;1;1;1;1;1;0;0;GENERAL;7:55;430;475;-1;761;0;761;8887,407392;71,64177263;932;986396,6152;955624,1172;988706,0163;953624,1172;35;16;5;17,774;0
R1;S-006;20;SUMAPAZ;2_CV_2025;CONSORCIO RUTAS SEGURAS;SUMAPAZ;14;VAN;NO;DISTRITAL;2,11001E+11;COLEGIO CAMPESTRE JAIME GARZON (IED);I;ÚNICA;RURAL-S;6:55;14:55;15:00;1;1;2;1;1;1;1;1;0;0;GENERAL;7:55;415;475;-1;1261;0;1261;17435,04059;65,4034017;932;986396,6152;955624,1172;988706,0163;953624,1172;35;16;5;34,87;0
R1;U-325;8;KENNEDY;8_SII_2025;UNIÓN TEMPORAL SRD TRANSPORTE DE PASAJEROS COLOMBIA;URBANO;13;MICROBUS;NO;DISTRITAL;1,11001E+11;COLEGIO SAN JOSE DE CASTILLA (IED);C;TARDE;URBANO;11:30;17:25;17:30;1;1;2;1;1;1;1;1;0;0;GENERAL;12:15;690;735;-1;320;1;1;6920,498097;60,48956984;962;988128,666;1006624,117;990438,0671;1004624,117;9;17;5;14,619;0
R1;U-1524;8;KENNEDY;11_SII_2025;UNIÓN TEMPORAL VET 2023;URBANO;11;BUSETA;NO;DISTRITAL;1,11001E+11;COLEGIO MANUEL CEPEDA VARGAS (IED);B/C;MAÑANA;URBANO;5:30;11:25;11:30;1;1;2;1;1;1;1;1;0;0;GENERAL;6:25;330;385;-1;476;0;476;11072,96852;148,4910734;963;988128,666;1004624,117;990438,0671;1002624,117;10;17;5;23,511;0
R1;U-1525;8;KENNEDY;11_SII_2025;UNIÓN TEMPORAL VET 2023;URBANO;10;BUS;NO;DISTRITAL;1,11001E+11;COLEGIO MANUEL CEPEDA VARGAS (IED);B/C;TARDE;URBANO;11:45;17:25;17:30;1;1;2;1;1;1;1;1;0;0;GENERAL;12:25;705;745;-1;194;0;194;5320,796828;56,40777416;963;988128,666;1004624,117;990438,0671;1002624,117;10;17;5;10,761;0
R1;U-1526;8;KENNEDY;11_SII_2025;UNIÓN TEMPORAL VET 2023;URBANO;13;MICROBUS;NO;DISTRITAL;1,11001E+11;COLEGIO MANUEL CEPEDA VARGAS (IED);B/C;TARDE;URBANO;11:30;17:25;17:30;1;1;2;1;1;1;1;1;0;0;GENERAL;12:25;690;745;-1;541;0;541;11520,24428;150,8700219;963;988128,666;1004624,117;990438,0671;1002624,117;10;17;5;23,456;0
R1;U-1418;8;KENNEDY;8_SII_2025;UNIÓN TEMPORAL SRD TRANSPORTE DE PASAJEROS COLOMBIA;URBANO;13;MICROBUS;NO;DISTRITAL;1,11001E+11;COLEGIO MARSELLA (IED);A;MAÑANA;URBANO;5:05;12:00;12:05;1;1;2;1;1;1;1;1;0;0;GENERAL;6:00;305;360;-1;645;1;1;11761,93725;149,4221124;963;988128,666;1004624,117;990438,0671;1002624,117;10;17;5;23,232;0
R1;U-1632;8;KENNEDY;1_CV_2025;CONSORCIO RUTAS SEGURAS;URBANO;14;VAN;NO;DISTRITAL;1,11001E+11;COLEGIO MANUEL CEPEDA VARGAS (IED);A;TARDE;URBANO;11:20;17:25;17:30;1;1;2;1;1;1;1;1;0;0;GENERAL;12:15;680;735;-1;456;0;456;9209,252971;123,6076588;964;988128,666;1002624,117;990438,0671;1000624,117;11;17;5;18,657;Perdomo
R1;U-309;8;KENNEDY;11_SII_2025;UNIÓN TEMPORAL VET 2023;URBANO;13;MICROBUS;NO;DISTRITAL;1,11001E+11;COLEGIO MANUEL CEPEDA VARGAS (IED);A;TARDE;URBANO;11:30;18:05;18:10;1;1;2;1;1;1;1;1;0;0;GENERAL;12:20;690;740;-1;456;0;456;9209,252971;123,6076588;964;988128,666;1002624,117;990438,0671;1000624,117;11;17;5;18,657;Perdomo
R1;U-310;8;KENNEDY;11_SII_2025;UNIÓN TEMPORAL VET 2023;URBANO;13;MICROBUS;NO;DISTRITAL;1,11001E+11;COLEGIO MANUEL CEPEDA VARGAS (IED);A;MAÑANA;URBANO;5:25;11:30;11:35;1;1;2;1;1;1;1;1;0;0;GENERAL;6:10;325;370;-1;229;0;229;6648,674462;123,6076588;964;988128,666;1002624,117;990438,0671;1000624,117;11;17;5;13,348;Perdomo
R1;U-311;8;KENNEDY;11_SII_2025;UNIÓN TEMPORAL VET 2023;URBANO;13;MICROBUS;NO;DISTRITAL;1,11001E+11;COLEGIO MANUEL CEPEDA VARGAS (IED);A;MAÑANA;URBANO;5:15;12:10;12:15;1;1;2;1;1;1;1;1;0;0;GENERAL;6:15;315;375;-1;404;0;404;11863,55014;123,6076588;964;988128,666;1002624,117;990438,0671;1000624,117;11;17;5;24,011;Perdomo
R1;U-963;8;KENNEDY;8_SII_2025;UNIÓN TEMPORAL SRD TRANSPORTE DE PASAJEROS COLOMBIA;URBANO;13;MICROBUS;NO;DISTRITAL;1,11001E+11;COLEGIO FERNANDO SOTO APARICIO (IED);B;MAÑANA;URBANO;5:30;12:15;12:20;1;1;2;1;1;1;1;1;0;0;GENERAL;6:00;330;360;-1;390;0;390;10223,73329;230,614987;964;988128,666;1002624,117;990438,0671;1000624,117;11;17;5;20,513;Perdomo
R1;U-964;8;KENNEDY;8_SII_2025;UNIÓN TEMPORAL SRD TRANSPORTE DE PASAJEROS COLOMBIA;URBANO;13;MICROBUS;NO;DISTRITAL;1,11001E+11;COLEGIO FERNANDO SOTO APARICIO (IED);B;TARDE;URBANO;11:30;17:25;17:30;1;1;2;1;1;1;1;1;0;0;GENERAL;12:15;690;735;-1;404;0;404;8783,920755;231,5655633;964;988128,666;1002624,117;990438,0671;1000624,117;11;17;5;17,665;Perdomo
R1;U-1406;19;CIUDAD BOLIVAR;2_CV_2025;CONSORCIO RUTAS SEGURAS;URBANO;12;CAMIONETA-H-FDS;NO;DISTRITAL;1,11001E+11;COLEGIO CEDID CIUDAD BOLIVAR (IED);A;FIN DE SEMANA;URBANO;7:10;16:30;16:35;1;1;2;0;0;0;0;0;1;1;GENERAL;7:30;430;450;-1;314;0;314;4639,649089;140,2451439;966;988128,666;998624,1172;990438,0671;996624,1172;13;17;2;11,169;
R1;R-148;19;CIUDAD BOLIVAR;19_SII_2025;UNIÓN TEMPORAL ANDINO 2022;RURAL;10;BUS;NO;DISTRITAL;2,1185E+11;COLEGIO RURAL QUIBA ALTA (IED);A;ÚNICA;RURAL;6:55;14:30;14:35;1;1;2;1;1;1;1;1;0;0;GENERAL;7:30;415;450;-1;208;0;208;6816,922018;70,58567736;969;988128,666;992624,1172;990438,0671;990624,1172;16;17;5;13,641;0
R1;R-382;5;USME;18_SIII_2025;UNIÓN TEMPORAL SRD TRANSPORTE DE PASAJEROS COLOMBIA;RURAL;13;MICROBUS;NO;DISTRITAL;2,1185E+11;COLEGIO RURAL LAS MERCEDES (CED);A;MAÑANA/ÚNICA;RURAL;7:05;12:25;12:30;1;1;2;1;1;1;1;1;0;0;GENERAL;7:30;425;450;-1;449;0;449;3798,272497;225,1146092;976;988128,666;978624,1172;990438,0671;976624,1172;23;17;5;7,596;0
R1;R-379;5;USME;2_CV_2025;CONSORCIO RUTAS SEGURAS;RURAL;14;VAN;NO;DISTRITAL;2,1185E+11;COLEGIO RURAL LAS MERCEDES (CED);A;MAÑANA/ÚNICA;RURAL;7:05;12:25;12:30;1;1;2;1;1;1;1;1;0;0;GENERAL;7:30;425;450;-1;467;1;401;6175,788147;204,7355832;976;988128,666;978624,1172;990438,0671;976624,1172;23;17;5;12,352;0
R1;R-010;5;USME;18_SIII_2025;UNIÓN TEMPORAL SRD TRANSPORTE DE PASAJEROS COLOMBIA;RURAL;13;MICROBUS;NO;DISTRITAL;2,1185E+11;COLEGIO EL DESTINO (IED);A;ÚNICA;RURAL;5:45;14:55;15:00;2;2;4;1;1;1;1;1;0;0;GENERAL;7:00;345;420;-1;1412;1;173;20405,15086;297,2780538;977;988128,666;976624,1172;990438,0671;974624,1172;24;17;5;20,405;0
R1;R-015;5;USME;18_SIII_2025;UNIÓN TEMPORAL SRD TRANSPORTE DE PASAJEROS COLOMBIA;RURAL;11;BUSETA;NO;DISTRITAL;2,1185E+11;COLEGIO EL DESTINO (IED);A;ÚNICA;RURAL;5:40;14:55;15:00;2;2;4;1;1;1;1;1;0;0;GENERAL;7:00;340;420;-1;1521;2;238;21029,68584;91,08493731;977;988128,666;976624,1172;990438,0671;974624,1172;24;17;5;42,061;0
R1;E-062;20;SUMAPAZ;2_CV_2025;CONSORCIO RUTAS SEGURAS;ESPECIAL;14;VAN;NO;DISTRITAL;2,11001E+11;COLEGIO CAMPESTRE JAIME GARZON (IED);A;MAÑANA;RURAL-S;7:25;13:10;13:15;1;1;2;0;0;0;0;1;0;0;GENERAL;8:15;445;495;-1;621;0;621;13724,17667;33,80355785;988;988128,666;954624,1172;990438,0671;952624,1172;35;17;1;27,561;0
R1;S-007;20;SUMAPAZ;23_SII_2025;UNIÓN TEMPORAL ALIANZA TRANSNACIONAL;SUMAPAZ;11;BUSETA;NO;DISTRITAL;2,11001E+11;COLEGIO CAMPESTRE JAIME GARZON (IED);A;ÚNICA;RURAL;5:20;14:55;15:00;3;3;6;1;1;1;1;1;0;0;GENERAL;7:55;320;475;-1;1669;0;1669;28565,66421;300,8688755;988;988128,666;954624,1172;990438,0671;952624,1172;35;17;5;57,132;0
R1;S-008;20;SUMAPAZ;23_SII_2025;UNIÓN TEMPORAL ALIANZA TRANSNACIONAL;SUMAPAZ;13;MICROBUS;NO;DISTRITAL;2,11001E+11;COLEGIO CAMPESTRE JAIME GARZON (IED);A;ÚNICA;RURAL;7:00;14:55;15:00;1;1;2;1;1;1;1;1;0;0;GENERAL;7:55;420;475;-1;687;0;687;11797,37529;54,97365256;988;988128,666;954624,1172;990438,0671;952624,1172;35;17;5;23,594;0
R1;S-014;20;SUMAPAZ;23_SII_2025;UNIÓN TEMPORAL ALIANZA TRANSNACIONAL;SUMAPAZ;11;BUSETA;NO;DISTRITAL;2,11001E+11;COLEGIO CAMPESTRE JAIME GARZON (IED);A;ÚNICA;RURAL;6:30;15:00;15:05;2;2;4;1;1;1;1;1;0;0;GENERAL;7:55;390;475;-1;1477;0;1477;23157,65646;90,00689659;988;988128,666;954624,1172;990438,0671;952624,1172;35;17;5;46,316;0
R1;S-012;20;SUMAPAZ;23_SII_2025;UNIÓN TEMPORAL ALIANZA TRANSNACIONAL;SUMAPAZ;13;MICROBUS;NO;DISTRITAL;2,11001E+11;COLEGIO CAMPESTRE JAIME GARZON (IED);A;ÚNICA;RURAL;7:00;15:00;15:05;1;1;2;1;1;1;1;1;0;0;GENERAL;7:55;420;475;-1;665;0;665;9678,143677;90,00689643;988;988128,666;954624,1172;990438,0671;952624,1172;35;17;5;19,356;0
R1;S-001;20;SUMAPAZ;23_SII_2025;UNIÓN TEMPORAL ALIANZA TRANSNACIONAL;SUMAPAZ;11;BUSETA;NO;DISTRITAL;2,11001E+11;COLEGIO CAMPESTRE JAIME GARZON (IED);A;ÚNICA;RURAL;7:20;14:55;15:00;1;1;2;1;1;1;1;1;0;0;GENERAL;7:55;440;475;-1;359;0;359;5770,767008;263,7075932;990;988128,666;950624,1172;990438,0671;948624,1172;37;17;5;11,542;0
R1;U-282;8;KENNEDY;10_SII_2025;UNIÓN TEMPORAL SRD TRANSPORTE DE PASAJEROS COLOMBIA;URBANO;10;BUS;NO;DISTRITAL;1,11001E+11;COLEGIO ISABEL II (IED);A;MAÑANA;URBANO;5:00;12:25;12:30;2;2;4;1;1;1;1;1;0;0;GENERAL;6:15;300;375;-1;668;0;668;15848,68757;186,3677189;1019;989860,7168;1005624,117;992170,1179;1003624,117;10;18;5;31,861;0
R1;U-283;8;KENNEDY;10_SII_2025;UNIÓN TEMPORAL SRD TRANSPORTE DE PASAJEROS COLOMBIA;URBANO;10;BUS;NO;DISTRITAL;1,11001E+11;COLEGIO ISABEL II (IED);A/B;MAÑANA;URBANO;5:30;11:25;11:30;1;1;2;1;1;1;1;1;0;0;GENERAL;6:20;330;380;-1;351;0;351;7089,266842;139,6736356;1019;989860,7168;1005624,117;992170,1179;1003624,117;10;18;5;15,951;0
R1;U-284;8;KENNEDY;10_SII_2025;UNIÓN TEMPORAL SRD TRANSPORTE DE PASAJEROS COLOMBIA;URBANO;11;BUSETA;NO;DISTRITAL;1,11001E+11;COLEGIO ISABEL II (IED);A;TARDE;URBANO;11:40;18:30;18:35;1;1;2;1;1;1;1;1;0;0;GENERAL;12:30;700;750;-1;338;0;338;6396,661824;186,3677189;1019;989860,7168;1005624,117;992170,1179;1003624,117;10;18;5;15,357;0
R1;U-285;8;KENNEDY;10_SII_2025;UNIÓN TEMPORAL SRD TRANSPORTE DE PASAJEROS COLOMBIA;URBANO;11;BUSETA;NO;DISTRITAL;1,11001E+11;COLEGIO ISABEL II (IED);B;TARDE;URBANO;11:30;17:30;17:35;1;1;2;1;1;1;1;1;0;0;GENERAL;12:30;690;750;-1;532;0;532;13029,35092;317,7715566;1019;989860,7168;1005624,117;992170,1179;1003624,117;10;18;5;22,662;0
R1;U-286;8;KENNEDY;2_CV_2025;CONSORCIO RUTAS SEGURAS;URBANO;12;CAMIONETA;NO;DISTRITAL;1,11001E+11;COLEGIO ISABEL II (IED);A;TARDE;URBANO;12:00;18:25;18:30;1;1;2;1;1;1;1;1;0;0;GENERAL;12:30;720;750;-1;129;0;129;2768,842824;173,6445083;1019;989860,7168;1005624,117;992170,1179;1003624,117;10;18;5;5,443;0
R1;U-1047;8;KENNEDY;10_SII_2025;UNIÓN TEMPORAL SRD TRANSPORTE DE PASAJEROS COLOMBIA;URBANO;10;BUS;NO;DISTRITAL;1,11001E+11;COLEGIO JOHN F. KENNEDY (IED);A;MAÑANA;URBANO;4:50;12:10;12:15;1;1;2;1;1;1;1;1;0;0;GENERAL;5:50;290;350;-1;550;0;550;15061,75786;132,6624972;1020;989860,7168;1003624,117;992170,1179;1001624,117;11;18;5;29,732;Perdomo
R1;U-1048;8;KENNEDY;10_SII_2025;UNIÓN TEMPORAL SRD TRANSPORTE DE PASAJEROS COLOMBIA;URBANO;11;BUSETA;NO;DISTRITAL;1,11001E+11;COLEGIO JOHN F. KENNEDY (IED);A;TARDE;URBANO;11:00;18:25;18:30;1;1;2;1;1;1;1;1;0;0;GENERAL;12:00;660;720;-1;379;0;379;10989,2837;132,5709607;1020;989860,7168;1003624,117;992170,1179;1001624,117;11;18;5;21,593;Perdomo
R1;U-1400;8;KENNEDY;11_SII_2025;UNIÓN TEMPORAL VET 2023;URBANO;11;BUSETA;NO;DISTRITAL;1,11001E+11;COLEGIO SAN PEDRO CLAVER (IED);A;MAÑANA;URBANO;5:45;11:15;11:20;1;1;2;1;1;1;1;1;0;0;GENERAL;6:15;345;375;-1;159;0;159;3459,699578;131,3332849;1020;989860,7168;1003624,117;992170,1179;1001624,117;11;18;5;6,773;Perdomo
R1;U-1401;8;KENNEDY;11_SII_2025;UNIÓN TEMPORAL VET 2023;URBANO;11;BUSETA;NO;DISTRITAL;1,11001E+11;COLEGIO SAN PEDRO CLAVER (IED);A;MAÑANA;URBANO;5:30;12:15;12:20;1;1;2;1;1;1;1;1;0;0;GENERAL;6:15;330;375;-1;45;0;45;5039,656994;48,43484984;1020;989860,7168;1003624,117;992170,1179;1001624,117;11;18;5;9,984;Perdomo
R1;U-1402;8;KENNEDY;11_SII_2025;UNIÓN TEMPORAL VET 2023;URBANO;10;BUS;NO;DISTRITAL;1,11001E+11;COLEGIO SAN PEDRO CLAVER (IED);A;ÚNICA;URBANO;5:25;13:10;13:15;1;1;2;1;1;1;1;1;0;0;GENERAL;6:10;325;370;-1;19;0;19;3683,808988;56,43260107;1020;989860,7168;1003624,117;992170,1179;1001624,117;11;18;5;8,69;Perdomo
R1;U-1493;8;KENNEDY;10_SII_2025;UNIÓN TEMPORAL SRD TRANSPORTE DE PASAJEROS COLOMBIA;URBANO;13;MICROBUS;NO;DISTRITAL;1,11001E+11;COLEGIO PAULO VI (IED);A;TARDE;URBANO;11:45;18:10;18:15;1;1;2;1;1;1;1;1;0;0;FUNDACIÓN LAUDES;12:15;705;735;-1;256;0;256;4846,410388;220,7045454;1020;989860,7168;1003624,117;992170,1179;1001624,117;11;18;5;8,737;Perdomo
R1;U-1518;8;KENNEDY;1_CV_2025;CONSORCIO RUTAS SEGURAS;URBANO;14;VAN;NO;DISTRITAL;1,11001E+11;COLEGIO INEM FRANCISCO DE PAULA SANTANDER (IED);B;MAÑANA;URBANO;5:30;11:15;11:20;1;1;2;1;1;1;1;1;0;0;GENERAL;6:20;330;380;-1;314;0;314;9192,183771;310,5108767;1020;989860,7168;1003624,117;992170,1179;1001624,117;11;18;5;18,406;Perdomo
R1;U-1523;8;KENNEDY;10_SII_2025;UNIÓN TEMPORAL SRD TRANSPORTE DE PASAJEROS COLOMBIA;URBANO;10;BUS;NO;DISTRITAL;1,11001E+11;COLEGIO JOHN F. KENNEDY (IED);A;MAÑANA;URBANO;5:30;12:25;12:30;1;1;2;1;1;1;1;1;0;0;GENERAL;6:30;330;390;-1;522;0;522;12925,84738;222,6139218;1020;989860,7168;1003624,117;992170,1179;1001624,117;11;18;5;24,892;Perdomo
R1;U-1560;8;KENNEDY;10_SII_2025;UNIÓN TEMPORAL SRD TRANSPORTE DE PASAJEROS COLOMBIA;URBANO;11;BUSETA;NO;DISTRITAL;1,11001E+11;COLEGIO INEM FRANCISCO DE PAULA SANTANDER (IED);A;TARDE;URBANO;11:20;18:25;18:30;1;1;2;1;1;1;1;1;0;0;GENERAL;12:20;680;740;-1;339;0;339;8121,874642;312,9337201;1020;989860,7168;1003624,117;992170,1179;1001624,117;11;18;5;15,663;Perdomo
R1;U-1561;8;KENNEDY;10_SII_2025;UNIÓN TEMPORAL SRD TRANSPORTE DE PASAJEROS COLOMBIA;URBANO;13;MICROBUS;NO;DISTRITAL;1,11001E+11;COLEGIO INEM FRANCISCO DE PAULA SANTANDER (IED);A;TARDE;URBANO;11:25;18:25;18:30;1;1;2;1;1;1;1;1;0;0;GENERAL;12:20;685;740;-1;525;0;525;10645,15828;128,5706639;1020;989860,7168;1003624,117;992170,1179;1001624,117;11;18;5;20,54;Perdomo
R1;U-1562;8;KENNEDY;10_SII_2025;UNIÓN TEMPORAL SRD TRANSPORTE DE PASAJEROS COLOMBIA;URBANO;11;BUSETA;NO;DISTRITAL;1,11001E+11;COLEGIO INEM FRANCISCO DE PAULA SANTANDER (IED);A;MAÑANA;URBANO;5:20;12:10;12:15;1;1;2;1;1;1;1;1;0;0;GENERAL;6:10;320;370;-1;414;0;414;8560,332859;224,399575;1020;989860,7168;1003624,117;992170,1179;1001624,117;11;18;5;15,937;Perdomo
R1;U-1563;8;KENNEDY;10_SII_2025;UNIÓN TEMPORAL SRD TRANSPORTE DE PASAJEROS COLOMBIA;URBANO;13;MICROBUS;NO;DISTRITAL;1,11001E+11;COLEGIO INEM FRANCISCO DE PAULA SANTANDER (IED);A;MAÑANA;URBANO;5:20;12:05;12:10;1;1;2;1;1;1;1;1;0;0;GENERAL;6:10;320;370;-1;414;0;414;8561,334808;225,2996965;1020;989860,7168;1003624,117;992170,1179;1001624,117;11;18;5;15,941;Perdomo
R1;U-1564;8;KENNEDY;10_SII_2025;UNIÓN TEMPORAL SRD TRANSPORTE DE PASAJEROS COLOMBIA;URBANO;13;MICROBUS;NO;DISTRITAL;1,11001E+11;COLEGIO INEM FRANCISCO DE PAULA SANTANDER (IED);A;MAÑANA;URBANO;5:20;11:30;11:35;1;1;2;1;1;1;1;1;0;0;GENERAL;6:20;320;380;-1;353;0;353;8665,954025;312,9337201;1020;989860,7168;1003624,117;992170,1179;1001624,117;11;18;5;16,871;Perdomo
R1;U-1565;8;KENNEDY;10_SII_2025;UNIÓN TEMPORAL SRD TRANSPORTE DE PASAJEROS COLOMBIA;URBANO;11;BUSETA;NO;DISTRITAL;1,11001E+11;COLEGIO INEM FRANCISCO DE PAULA SANTANDER (IED);B;MAÑANA;URBANO;5:20;11:15;11:20;1;1;2;1;1;1;1;1;0;0;GENERAL;6:20;320;380;-1;384;0;384;9090,950245;313,0610126;1020;989860,7168;1003624,117;992170,1179;1001624,117;11;18;5;18,351;Perdomo
R1;U-1568;8;KENNEDY;10_SII_2025;UNIÓN TEMPORAL SRD TRANSPORTE DE PASAJEROS COLOMBIA;URBANO;10;BUS;NO;DISTRITAL;1,11001E+11;COLEGIO JOHN F. KENNEDY (IED);A;TARDE;URBANO;11:45;17:25;17:30;1;1;2;1;1;1;1;1;0;0;GENERAL;12:30;705;750;-1;430;0;430;8791,513425;222,8129209;1020;989860,7168;1003624,117;992170,1179;1001624,117;11;18;5;17,821;Perdomo
R1;U-1575;8;KENNEDY;10_SII_2025;UNIÓN TEMPORAL SRD TRANSPORTE DE PASAJEROS COLOMBIA;URBANO;13;MICROBUS;NO;DISTRITAL;1,11001E+11;COLEGIO INEM FRANCISCO DE PAULA SANTANDER (IED);A;MAÑANA;URBANO;5:15;12:10;12:15;1;1;2;1;1;1;1;1;0;0;GENERAL;6:10;315;370;-1;522;0;522;10972,73106;131,3328762;1020;989860,7168;1003624,117;992170,1179;1001624,117;11;18;5;20,845;Perdomo
R1;U-1580;8;KENNEDY;10_SII_2025;UNIÓN TEMPORAL SRD TRANSPORTE DE PASAJEROS COLOMBIA;URBANO;10;BUS;NO;DISTRITAL;1,11001E+11;COLEGIO JOHN F. KENNEDY (IED);A;MAÑANA;URBANO;5:00;12:10;12:15;1;1;2;1;1;1;1;1;0;0;GENERAL;6:00;300;360;-1;405;0;405;9841,401739;221,2889078;1020;989860,7168;1003624,117;992170,1179;1001624,117;11;18;5;20,912;Perdomo
R1;U-1582;8;KENNEDY;10_SII_2025;UNIÓN TEMPORAL SRD TRANSPORTE DE PASAJEROS COLOMBIA;URBANO;11;BUSETA;NO;DISTRITAL;1,11001E+11;COLEGIO INEM FRANCISCO DE PAULA SANTANDER (IED);A;MAÑANA;URBANO;5:05;12:10;12:15;1;1;2;1;1;1;1;1;0;0;GENERAL;6:05;305;365;-1;577;0;577;11597,19904;312,9337201;1020;989860,7168;1003624,117;992170,1179;1001624,117;11;18;5;24,722;Perdomo
R1;U-1583;8;KENNEDY;10_SII_2025;UNIÓN TEMPORAL SRD TRANSPORTE DE PASAJEROS COLOMBIA;URBANO;13;MICROBUS;NO;DISTRITAL;1,11001E+11;COLEGIO INEM FRANCISCO DE PAULA SANTANDER (IED);A;TARDE;URBANO;11:30;17:30;17:35;1;1;2;1;1;1;1;1;0;0;GENERAL;12:25;690;745;-1;347;0;347;8276,823783;131,3328762;1020;989860,7168;1003624,117;992170,1179;1001624,117;11;18;5;15,653;Perdomo
R1;U-1584;8;KENNEDY;10_SII_2025;UNIÓN TEMPORAL SRD TRANSPORTE DE PASAJEROS COLOMBIA;URBANO;10;BUS;NO;DISTRITAL;1,11001E+11;COLEGIO TOM ADAMS (IED);A;MAÑANA/ÚNICA;URBANO;5:40;13:45;13:50;1;1;2;1;1;1;1;1;0;0;GENERAL;6:25;340;385;-1;307;0;307;7262,375963;351,8486994;1020;989860,7168;1003624,117;992170,1179;1001624,117;11;18;5;13,479;Perdomo
R1;U-1585;8;KENNEDY;1_CV_2025;CONSORCIO RUTAS SEGURAS;URBANO;14;VAN;NO;DISTRITAL;1,11001E+11;COLEGIO TOM ADAMS (IED);A;MAÑANA/ÚNICA;URBANO;5:30;13:45;13:50;1;1;2;1;1;1;1;1;0;0;GENERAL;6:25;330;385;-1;459;0;459;10912,84379;348,6586041;1020;989860,7168;1003624,117;992170,1179;1001624,117;11;18;5;21,367;Perdomo
R1;U-1591;8;KENNEDY;10_SII_2025;UNIÓN TEMPORAL SRD TRANSPORTE DE PASAJEROS COLOMBIA;URBANO;13;MICROBUS;NO;DISTRITAL;1,11001E+11;COLEGIO INEM FRANCISCO DE PAULA SANTANDER (IED);A;MAÑANA;URBANO;5:10;14:20;14:25;1;1;2;1;1;1;1;1;0;0;GENERAL;6:10;310;370;-1;527;0;527;13082,56214;131,3328762;1020;989860,7168;1003624,117;992170,1179;1001624,117;11;18;5;25,223;Perdomo
R1;U-1592;8;KENNEDY;10_SII_2025;UNIÓN TEMPORAL SRD TRANSPORTE DE PASAJEROS COLOMBIA;URBANO;13;MICROBUS;NO;DISTRITAL;1,11001E+11;COLEGIO INEM FRANCISCO DE PAULA SANTANDER (IED);A;MAÑANA;URBANO;5:10;14:20;14:25;1;1;2;1;1;1;1;1;0;0;GENERAL;6:10;310;370;-1;541;0;541;10845,78722;312,9337201;1020;989860,7168;1003624,117;992170,1179;1001624,117;11;18;5;21,644;Perdomo
R1;U-1593;8;KENNEDY;10_SII_2025;UNIÓN TEMPORAL SRD TRANSPORTE DE PASAJEROS COLOMBIA;URBANO;11;BUSETA;NO;DISTRITAL;1,11001E+11;COLEGIO INEM FRANCISCO DE PAULA SANTANDER (IED);A;TARDE;URBANO;9:20;18:15;18:20;1;1;2;1;1;1;1;1;0;0;GENERAL;10:20;560;620;-1;541;0;541;10845,78722;312,9337201;1020;989860,7168;1003624,117;992170,1179;1001624,117;11;18;5;21,644;Perdomo
R1;U-1600;8;KENNEDY;10_SII_2025;UNIÓN TEMPORAL SRD TRANSPORTE DE PASAJEROS COLOMBIA;URBANO;13;MICROBUS;NO;DISTRITAL;1,11001E+11;COLEGIO JOHN F. KENNEDY (IED);A;MAÑANA;URBANO;6:00;12:25;12:30;1;1;2;1;1;1;1;1;0;0;GENERAL;6:45;360;405;-1;485;0;485;9952,495011;225,1038292;1020;989860,7168;1003624,117;992170,1179;1001624,117;11;18;5;18,863;Perdomo
R1;U-1660;8;KENNEDY;11_SII_2025;UNIÓN TEMPORAL VET 2023;URBANO;13;MICROBUS;NO;DISTRITAL;1,11001E+11;COLEGIO LOS PERIODISTAS (IED);A;TARDE;URBANO;11:00;18:15;18:20;1;1;2;1;1;1;1;1;0;0;GENERAL;12:00;660;720;-1;259;0;259;7126,748696;79,00238618;1020;989860,7168;1003624,117;992170,1179;1001624,117;11;18;5;13,778;Perdomo
R1;U-274;8;KENNEDY;10_SII_2025;UNIÓN TEMPORAL SRD TRANSPORTE DE PASAJEROS COLOMBIA;URBANO;10;BUS;NO;DISTRITAL;1,11001E+11;COLEGIO INEM FRANCISCO DE PAULA SANTANDER (IED);A/B;TARDE;URBANO;11:30;17:30;17:35;1;1;2;1;1;1;1;1;0;0;GENERAL;12:30;690;750;-1;423;0;423;10052,12628;38,76122735;1020;989860,7168;1003624,117;992170,1179;1001624,117;11;18;5;18,828;Perdomo
R1;U-275;8;KENNEDY;10_SII_2025;UNIÓN TEMPORAL SRD TRANSPORTE DE PASAJEROS COLOMBIA;URBANO;10;BUS;NO;DISTRITAL;1,11001E+11;COLEGIO INEM FRANCISCO DE PAULA SANTANDER (IED);A;MAÑANA;URBANO;5:20;11:30;11:35;1;1;2;1;1;1;1;1;0;0;GENERAL;6:20;320;380;-1;478;0;478;9854,845865;131,3328762;1020;989860,7168;1003624,117;992170,1179;1001624,117;11;18;5;18,121;Perdomo
R1;U-276;8;KENNEDY;10_SII_2025;UNIÓN TEMPORAL SRD TRANSPORTE DE PASAJEROS COLOMBIA;URBANO;10;BUS;NO;DISTRITAL;1,11001E+11;COLEGIO INEM FRANCISCO DE PAULA SANTANDER (IED);A;TARDE;URBANO;11:20;18:25;18:30;1;1;2;1;1;1;1;1;0;0;GENERAL;12:20;680;740;-1;402;0;402;7885,156731;312,9337201;1020;989860,7168;1003624,117;992170,1179;1001624,117;11;18;5;15,261;Perdomo
R1;U-278;8;KENNEDY;10_SII_2025;UNIÓN TEMPORAL SRD TRANSPORTE DE PASAJEROS COLOMBIA;URBANO;10;BUS;NO;DISTRITAL;1,11001E+11;COLEGIO INEM FRANCISCO DE PAULA SANTANDER (IED);A/B;TARDE;URBANO;11:35;17:30;17:35;1;1;2;1;1;1;1;1;0;0;GENERAL;12:30;695;750;-1;390;0;390;8908,316554;40,70394294;1020;989860,7168;1003624,117;992170,1179;1001624,117;11;18;5;16,783;Perdomo
R1;U-279;8;KENNEDY;10_SII_2025;UNIÓN TEMPORAL SRD TRANSPORTE DE PASAJEROS COLOMBIA;URBANO;13;MICROBUS;NO;DISTRITAL;1,11001E+11;COLEGIO INEM FRANCISCO DE PAULA SANTANDER (IED);A;MAÑANA;URBANO;5:20;11:30;11:35;1;1;2;1;1;1;1;1;0;0;GENERAL;6:10;320;370;-1;426;0;426;8528,989342;314,9084214;1020;989860,7168;1003624,117;992170,1179;1001624,117;11;18;5;15,955;Perdomo
R1;U-280;8;KENNEDY;10_SII_2025;UNIÓN TEMPORAL SRD TRANSPORTE DE PASAJEROS COLOMBIA;URBANO;10;BUS;NO;DISTRITAL;1,11001E+11;COLEGIO INEM FRANCISCO DE PAULA SANTANDER (IED);A;TARDE;URBANO;11:30;17:30;17:35;1;1;2;1;1;1;1;1;0;0;GENERAL;12:30;690;750;-1;402;0;402;8073,350534;131,3328762;1020;989860,7168;1003624,117;992170,1179;1001624,117;11;18;5;14,859;Perdomo
R1;U-281;8;KENNEDY;10_SII_2025;UNIÓN TEMPORAL SRD TRANSPORTE DE PASAJEROS COLOMBIA;URBANO;10;BUS;NO;DISTRITAL;1,11001E+11;COLEGIO INEM FRANCISCO DE PAULA SANTANDER (IED);B;MAÑANA;URBANO;5:20;11:15;11:20;1;1;2;1;1;1;1;1;0;0;GENERAL;6:20;320;380;-1;336;0;336;8891,7144;311,5426372;1020;989860,7168;1003624,117;992170,1179;1001624,117;11;18;5;18,249;Perdomo
R1;U-287;8;KENNEDY;10_SII_2025;UNIÓN TEMPORAL SRD TRANSPORTE DE PASAJEROS COLOMBIA;URBANO;10;BUS;NO;DISTRITAL;1,11001E+11;COLEGIO JOHN F. KENNEDY (IED);A;MAÑANA;URBANO;5:50;12:25;12:30;1;1;2;1;1;1;1;1;0;0;GENERAL;6:45;350;405;-1;64;0;64;8554,194093;37,94276161;1020;989860,7168;1003624,117;992170,1179;1001624,117;11;18;5;19,857;Perdomo
R1;U-288;8;KENNEDY;10_SII_2025;UNIÓN TEMPORAL SRD TRANSPORTE DE PASAJEROS COLOMBIA;URBANO;10;BUS;NO;DISTRITAL;1,11001E+11;COLEGIO JOHN F. KENNEDY (IED);A;TARDE;URBANO;11:40;17:25;17:30;1;1;2;1;1;1;1;1;0;0;GENERAL;12:30;700;750;-1;353;0;353;6779,656901;222,8129209;1020;989860,7168;1003624,117;992170,1179;1001624,117;11;18;5;13,941;Perdomo
R1;U-289;8;KENNEDY;10_SII_2025;UNIÓN TEMPORAL SRD TRANSPORTE DE PASAJEROS COLOMBIA;URBANO;10;BUS;NO;DISTRITAL;1,11001E+11;COLEGIO JOHN F. KENNEDY (IED);A;TARDE;URBANO;11:45;17:25;17:30;1;1;2;1;1;1;1;1;0;0;GENERAL;12:30;705;750;-1;440;0;440;9485,654299;132,5709607;1020;989860,7168;1003624,117;992170,1179;1001624,117;11;18;5;18,796;Perdomo
R1;U-290;8;KENNEDY;10_SII_2025;UNIÓN TEMPORAL SRD TRANSPORTE DE PASAJEROS COLOMBIA;URBANO;10;BUS;NO;DISTRITAL;1,11001E+11;COLEGIO JOHN F. KENNEDY (IED);A;TARDE;URBANO;11:15;18:25;18:30;1;1;2;1;1;1;1;1;0;0;GENERAL;12:15;675;735;-1;366;0;366;10715,15867;132,5709607;1020;989860,7168;1003624,117;992170,1179;1001624,117;11;18;5;21,922;Perdomo
R1;U-291;8;KENNEDY;10_SII_2025;UNIÓN TEMPORAL SRD TRANSPORTE DE PASAJEROS COLOMBIA;URBANO;10;BUS;NO;DISTRITAL;1,11001E+11;COLEGIO JOHN F. KENNEDY (IED);A;TARDE;URBANO;11:40;17:25;17:30;1;1;2;1;1;1;1;1;0;0;GENERAL;12:30;700;750;-1;306;0;306;7613,052627;222,6139218;1020;989860,7168;1003624,117;992170,1179;1001624,117;11;18;5;14,954;Perdomo
R1;U-302;8;KENNEDY;8_SII_2025;UNIÓN TEMPORAL SRD TRANSPORTE DE PASAJEROS COLOMBIA;URBANO;13;MICROBUS;NO;DISTRITAL;1,11001E+11;COLEGIO LAS AMERICAS (IED);A;MAÑANA;URBANO;5:25;11:20;11:25;1;1;2;1;1;1;1;1;0;0;GENERAL;6:10;325;370;-1;348;0;348;8039,175565;80,57527974;1020;989860,7168;1003624,117;992170,1179;1001624,117;11;18;5;16,728;Perdomo
R1;U-303;8;KENNEDY;8_SII_2025;UNIÓN TEMPORAL SRD TRANSPORTE DE PASAJEROS COLOMBIA;URBANO;13;MICROBUS;NO;DISTRITAL;1,11001E+11;COLEGIO LAS AMERICAS (IED);A;MAÑANA;URBANO;5:25;11:20;11:25;1;1;2;1;1;1;1;1;0;0;GENERAL;6:10;325;370;-1;417;0;417;9335,873632;80,57527974;1020;989860,7168;1003624,117;992170,1179;1001624,117;11;18;5;17,464;Perdomo
R1;U-304;8;KENNEDY;8_SII_2025;UNIÓN TEMPORAL SRD TRANSPORTE DE PASAJEROS COLOMBIA;URBANO;13;MICROBUS;NO;DISTRITAL;1,11001E+11;COLEGIO LAS AMERICAS (IED);A;TARDE;URBANO;11:35;17:15;17:20;1;1;2;1;1;1;1;1;0;0;GENERAL;12:30;695;750;-1;482;0;482;9943,132861;333,3622844;1020;989860,7168;1003624,117;992170,1179;1001624,117;11;18;5;19,956;Perdomo
R1;U-305;8;KENNEDY;8_SII_2025;UNIÓN TEMPORAL SRD TRANSPORTE DE PASAJEROS COLOMBIA;URBANO;11;BUSETA;NO;DISTRITAL;1,11001E+11;COLEGIO LAS AMERICAS (IED);A;TARDE;URBANO;11:35;17:15;17:20;1;1;2;1;1;1;1;1;0;0;GENERAL;12:30;695;750;-1;382;0;382;9847,639873;80,57527974;1020;989860,7168;1003624,117;992170,1179;1001624,117;11;18;5;17,849;Perdomo
R1;U-306;8;KENNEDY;11_SII_2025;UNIÓN TEMPORAL VET 2023;URBANO;13;MICROBUS;NO;DISTRITAL;1,11001E+11;COLEGIO LOS PERIODISTAS (IED);A;MAÑANA;URBANO;5:40;11:40;11:45;1;1;2;1;1;1;1;1;0;0;GENERAL;6:30;340;390;-1;371;0;371;10547,41202;78,53098219;1020;989860,7168;1003624,117;992170,1179;1001624,117;11;18;5;20,885;Perdomo
R1;U-307;8;KENNEDY;11_SII_2025;UNIÓN TEMPORAL VET 2023;URBANO;13;MICROBUS;NO;DISTRITAL;1,11001E+11;COLEGIO LOS PERIODISTAS (IED);A;TARDE;URBANO;11:00;18:15;18:20;1;1;2;1;1;1;1;1;0;0;GENERAL;12:00;660;720;-1;373;0;373;9964,232145;168,6588069;1020;989860,7168;1003624,117;992170,1179;1001624,117;11;18;5;20,488;Perdomo
R1;U-308;8;KENNEDY;11_SII_2025;UNIÓN TEMPORAL VET 2023;URBANO;11;BUSETA;NO;DISTRITAL;1,11001E+11;COLEGIO LOS PERIODISTAS (IED);A;MAÑANA;URBANO;5:30;11:40;11:45;1;1;2;1;1;1;1;1;0;0;GENERAL;6:30;330;390;-1;341;0;341;8646,351675;168,6588069;1020;989860,7168;1003624,117;992170,1179;1001624,117;11;18;5;17,907;Perdomo
R1;U-312;8;KENNEDY;10_SII_2025;UNIÓN TEMPORAL SRD TRANSPORTE DE PASAJEROS COLOMBIA;URBANO;10;BUS;NO;DISTRITAL;1,11001E+11;COLEGIO PAULO VI (IED);A;TARDE;URBANO;11:20;18:05;18:10;1;1;2;1;1;1;1;1;0;0;GENERAL;12:15;680;735;-1;246;0;246;5293,57829;36,97040939;1020;989860,7168;1003624,117;992170,1179;1001624,117;11;18;5;10,245;Perdomo
R1;U-313;8;KENNEDY;10_SII_2025;UNIÓN TEMPORAL SRD TRANSPORTE DE PASAJEROS COLOMBIA;URBANO;10;BUS;NO;DISTRITAL;1,11001E+11;COLEGIO PAULO VI (IED);A;TARDE;URBANO;11:25;18:10;18:15;1;1;2;1;1;1;1;1;0;0;GENERAL;12:15;685;735;-1;188;0;188;4339,097897;36,97040939;1020;989860,7168;1003624,117;992170,1179;1001624,117;11;18;5;8,627;Perdomo
R1;U-314;8;KENNEDY;10_SII_2025;UNIÓN TEMPORAL SRD TRANSPORTE DE PASAJEROS COLOMBIA;URBANO;10;BUS;NO;DISTRITAL;1,11001E+11;COLEGIO PAULO VI (IED);A;MAÑANA;URBANO;5:15;12:15;12:20;1;1;2;1;1;1;1;1;0;0;GENERAL;6:00;315;360;-1;441;0;441;5977,827083;227,7064854;1020;989860,7168;1003624,117;992170,1179;1001624,117;11;18;5;11,603;Perdomo
R1;U-315;8;KENNEDY;10_SII_2025;UNIÓN TEMPORAL SRD TRANSPORTE DE PASAJEROS COLOMBIA;URBANO;11;BUSETA;NO;DISTRITAL;1,11001E+11;COLEGIO PAULO VI (IED);A;MAÑANA;URBANO;5:10;12:15;12:20;1;1;2;1;1;1;1;1;0;0;GENERAL;6:00;310;360;-1;314;0;314;7345,743303;36,97040939;1020;989860,7168;1003624,117;992170,1179;1001624,117;11;18;5;14,064;Perdomo
R1;U-318;8;KENNEDY;10_SII_2025;UNIÓN TEMPORAL SRD TRANSPORTE DE PASAJEROS COLOMBIA;URBANO;10;BUS;NO;DISTRITAL;1,11001E+11;COLEGIO PROSPERO PINZON (IED);A;ÚNICA;URBANO;5:30;13:45;13:50;1;1;2;1;1;1;1;1;0;0;GENERAL;6:30;330;390;-1;483;0;483;9653,139201;130,5106438;1020;989860,7168;1003624,117;992170,1179;1001624,117;11;18;5;19,753;Perdomo
R1;U-321;8;KENNEDY;10_SII_2025;UNIÓN TEMPORAL SRD TRANSPORTE DE PASAJEROS COLOMBIA;URBANO;10;BUS;NO;DISTRITAL;1,11001E+11;COLEGIO PROSPERO PINZON (IED);A;ÚNICA;URBANO;5:45;12:50;12:55;1;1;2;1;1;1;1;1;0;0;GENERAL;6:30;345;390;-1;408;0;408;7750,86491;128,5704169;1020;989860,7168;1003624,117;992170,1179;1001624,117;11;18;5;15,641;Perdomo
R1;U-324;8;KENNEDY;10_SII_2025;UNIÓN TEMPORAL SRD TRANSPORTE DE PASAJEROS COLOMBIA;URBANO;10;BUS;NO;DISTRITAL;1,11001E+11;COLEGIO PROSPERO PINZON (IED);A;ÚNICA;URBANO;5:40;12:50;12:55;1;1;2;1;1;1;1;1;0;0;GENERAL;6:30;340;390;-1;347;0;347;8852,563954;134,9081773;1020;989860,7168;1003624,117;992170,1179;1001624,117;11;18;5;18,618;Perdomo
R1;U-331;8;KENNEDY;11_SII_2025;UNIÓN TEMPORAL VET 2023;URBANO;10;BUS;NO;DISTRITAL;1,11001E+11;COLEGIO SAN PEDRO CLAVER (IED);A;TARDE;URBANO;11:30;17:10;17:15;1;1;2;1;1;1;1;1;0;0;GENERAL;12:15;690;735;-1;233;0;233;5926,18117;132,7880228;1020;989860,7168;1003624,117;992170,1179;1001624,117;11;18;5;11,859;Perdomo
R1;U-332;8;KENNEDY;11_SII_2025;UNIÓN TEMPORAL VET 2023;URBANO;11;BUSETA;NO;DISTRITAL;1,11001E+11;COLEGIO SAN PEDRO CLAVER (IED);A;TARDE;URBANO;11:40;18:10;18:15;1;1;2;1;1;1;1;1;0;0;GENERAL;12:15;700;735;-1;254;0;254;5814,7103;130,8242385;1020;989860,7168;1003624,117;992170,1179;1001624,117;11;18;5;10,915;Perdomo
R1;U-333;8;KENNEDY;10_SII_2025;UNIÓN TEMPORAL SRD TRANSPORTE DE PASAJEROS COLOMBIA;URBANO;10;BUS;NO;DISTRITAL;1,11001E+11;COLEGIO TOM ADAMS (IED);A/B;TARDE;URBANO;11:30;17:25;17:30;1;1;2;1;1;1;1;1;0;0;GENERAL;12:20;690;740;-1;395;0;395;8245,270567;221,7371983;1020;989860,7168;1003624,117;992170,1179;1001624,117;11;18;5;14,841;Perdomo
R1;U-334;8;KENNEDY;10_SII_2025;UNIÓN TEMPORAL SRD TRANSPORTE DE PASAJEROS COLOMBIA;URBANO;11;BUSETA;NO;DISTRITAL;1,11001E+11;COLEGIO TOM ADAMS (IED);A/B;MAÑANA;URBANO;5:10;11:35;11:40;2;2;4;1;1;1;1;1;0;0;GENERAL;6:20;310;380;-1;486;0;486;11789,26183;221,7371983;1020;989860,7168;1003624,117;992170,1179;1001624,117;11;18;5;23,088;Perdomo
R1;U-335;8;KENNEDY;10_SII_2025;UNIÓN TEMPORAL SRD TRANSPORTE DE PASAJEROS COLOMBIA;URBANO;13;MICROBUS;NO;DISTRITAL;1,11001E+11;COLEGIO TOM ADAMS (IED);A/B;TARDE;URBANO;11:10;17:30;17:35;2;2;4;1;1;1;1;1;0;0;GENERAL;12:30;670;750;-1;549;0;549;11985,04895;221,7371983;1020;989860,7168;1003624,117;992170,1179;1001624,117;11;18;5;22,205;Perdomo
R1;U-930;8;KENNEDY;10_SII_2025;UNIÓN TEMPORAL SRD TRANSPORTE DE PASAJEROS COLOMBIA;URBANO;11;BUSETA;NO;DISTRITAL;1,11001E+11;COLEGIO INEM FRANCISCO DE PAULA SANTANDER (IED);A;MAÑANA;URBANO;5:05;12:10;12:15;1;1;2;1;1;1;1;1;0;0;GENERAL;6:05;305;365;-1;524;0;524;14186,2335;311,0952361;1020;989860,7168;1003624,117;992170,1179;1001624,117;11;18;5;28,878;Perdomo
R1;U-931;8;KENNEDY;10_SII_2025;UNIÓN TEMPORAL SRD TRANSPORTE DE PASAJEROS COLOMBIA;URBANO;11;BUSETA;NO;DISTRITAL;1,11001E+11;COLEGIO INEM FRANCISCO DE PAULA SANTANDER (IED);A;TARDE;URBANO;11:30;18:25;18:30;1;1;2;1;1;1;1;1;0;0;GENERAL;12:30;690;750;-1;432;0;432;11435,09798;312,9337201;1020;989860,7168;1003624,117;992170,1179;1001624,117;11;18;5;22,493;Perdomo
R1;U-948;8;KENNEDY;1_CV_2025;CONSORCIO RUTAS SEGURAS;URBANO;14;VAN;NO;DISTRITAL;1,11001E+11;COLEGIO PAULO VI (IED);A;TARDE;URBANO;11:15;18:10;18:15;1;1;2;1;1;1;1;1;0;0;GENERAL;12:15;675;735;-1;466;0;466;12231,41844;36,97040939;1020;989860,7168;1003624,117;992170,1179;1001624,117;11;18;5;23,722;Perdomo
R1;U-950;8;KENNEDY;10_SII_2025;UNIÓN TEMPORAL SRD TRANSPORTE DE PASAJEROS COLOMBIA;URBANO;13;MICROBUS;NO;DISTRITAL;1,11001E+11;COLEGIO PAULO VI (IED);A;MAÑANA;URBANO;5:05;12:15;12:20;1;1;2;1;1;1;1;1;0;0;GENERAL;6:00;305;360;-1;375;0;375;9953,103647;36,97040939;1020;989860,7168;1003624,117;992170,1179;1001624,117;11;18;5;19,461;Perdomo
R1;U-951;8;KENNEDY;10_SII_2025;UNIÓN TEMPORAL SRD TRANSPORTE DE PASAJEROS COLOMBIA;URBANO;11;BUSETA;NO;DISTRITAL;1,11001E+11;COLEGIO PAULO VI (IED);A;MAÑANA;URBANO;5:00;12:15;12:20;1;1;2;1;1;1;1;1;0;0;GENERAL;6:00;300;360;-1;545;0;545;13534,26351;36,97040939;1020;989860,7168;1003624,117;992170,1179;1001624,117;11;18;5;26,085;Perdomo
R1;U-952;8;KENNEDY;10_SII_2025;UNIÓN TEMPORAL SRD TRANSPORTE DE PASAJEROS COLOMBIA;URBANO;13;MICROBUS;NO;DISTRITAL;1,11001E+11;COLEGIO PAULO VI (IED);A;TARDE;URBANO;11:15;18:10;18:15;1;1;2;1;1;1;1;1;0;0;GENERAL;12:15;675;735;-1;430;0;430;10813,79934;36,97040939;1020;989860,7168;1003624,117;992170,1179;1001624,117;11;18;5;21,012;Perdomo
R1;U-954;8;KENNEDY;1_CV_2025;CONSORCIO RUTAS SEGURAS;URBANO;14;VAN;NO;DISTRITAL;1,11001E+11;COLEGIO TOM ADAMS (IED);A;MAÑANA/ÚNICA;URBANO;5:35;13:45;13:50;1;1;2;1;1;1;1;1;0;0;GENERAL;6:30;335;390;-1;470;0;470;12138,6245;349,6668924;1020;989860,7168;1003624,117;992170,1179;1001624,117;11;18;5;24,854;Perdomo
R1;U-955;8;KENNEDY;10_SII_2025;UNIÓN TEMPORAL SRD TRANSPORTE DE PASAJEROS COLOMBIA;URBANO;13;MICROBUS;NO;DISTRITAL;1,11001E+11;COLEGIO TOM ADAMS (IED);A/B;TARDE;URBANO;11:20;17:25;17:30;2;2;4;1;1;1;1;1;0;0;GENERAL;12:30;680;750;-1;493;0;493;12726,32886;225,1043243;1020;989860,7168;1003624,117;992170,1179;1001624,117;11;18;5;24,082;Perdomo
R1;U-956;8;KENNEDY;10_SII_2025;UNIÓN TEMPORAL SRD TRANSPORTE DE PASAJEROS COLOMBIA;URBANO;13;MICROBUS;NO;DISTRITAL;1,11001E+11;COLEGIO TOM ADAMS (IED);A;MAÑANA;URBANO;5:25;11:35;11:40;1;1;2;1;1;1;1;1;0;0;GENERAL;6:15;325;375;-1;337;0;337;9570,843751;171,4032633;1020;989860,7168;1003624,117;992170,1179;1001624,117;11;18;5;18,813;Perdomo
R1;U-958;8;KENNEDY;10_SII_2025;UNIÓN TEMPORAL SRD TRANSPORTE DE PASAJEROS COLOMBIA;URBANO;13;MICROBUS;NO;DISTRITAL;1,11001E+11;COLEGIO PROSPERO PINZON (IED);A;ÚNICA;URBANO;5:30;13:45;13:50;1;1;2;1;1;1;1;1;0;0;GENERAL;6:30;330;390;-1;492;0;492;12844,01981;134,9081767;1020;989860,7168;1003624,117;992170,1179;1001624,117;11;18;5;28,366;Perdomo
R1;U-960;8;KENNEDY;10_SII_2025;UNIÓN TEMPORAL SRD TRANSPORTE DE PASAJEROS COLOMBIA;URBANO;11;BUSETA;NO;DISTRITAL;1,11001E+11;COLEGIO TOM ADAMS (IED);A;MAÑANA/ÚNICA;URBANO;5:40;13:45;13:50;1;1;2;1;1;1;1;1;0;0;GENERAL;6:30;340;390;-1;338;0;338;8213,331281;171,2306297;1020;989860,7168;1003624,117;992170,1179;1001624,117;11;18;5;17,218;Perdomo
R1;U-970;8;KENNEDY;10_SII_2025;UNIÓN TEMPORAL SRD TRANSPORTE DE PASAJEROS COLOMBIA;URBANO;11;BUSETA;NO;DISTRITAL;1,11001E+11;COLEGIO INEM FRANCISCO DE PAULA SANTANDER (IED);A;MAÑANA;URBANO;5:15;11:30;11:35;1;1;2;1;1;1;1;1;0;0;GENERAL;6:15;315;375;-1;476;0;476;12690,68406;312,9337201;1020;989860,7168;1003624,117;992170,1179;1001624,117;11;18;5;24,746;Perdomo
R1;U-971;8;KENNEDY;10_SII_2025;UNIÓN TEMPORAL SRD TRANSPORTE DE PASAJEROS COLOMBIA;URBANO;11;BUSETA;NO;DISTRITAL;1,11001E+11;COLEGIO INEM FRANCISCO DE PAULA SANTANDER (IED);A/B;TARDE;URBANO;11:20;17:30;17:35;1;1;2;1;1;1;1;1;0;0;GENERAL;12:20;680;740;-1;430;0;430;11353,67517;40,70394294;1020;989860,7168;1003624,117;992170,1179;1001624,117;11;18;5;22,856;Perdomo
R1;U-987;8;KENNEDY;10_SII_2025;UNIÓN TEMPORAL SRD TRANSPORTE DE PASAJEROS COLOMBIA;URBANO;11;BUSETA;NO;DISTRITAL;1,11001E+11;COLEGIO JOHN F. KENNEDY (IED);A;MAÑANA;URBANO;5:45;12:10;12:15;1;1;2;1;1;1;1;1;0;0;GENERAL;6:45;345;405;-1;385;0;385;11863,81287;132,5709607;1020;989860,7168;1003624,117;992170,1179;1001624,117;11;18;5;23,371;Perdomo
R1;U-988;8;KENNEDY;10_SII_2025;UNIÓN TEMPORAL SRD TRANSPORTE DE PASAJEROS COLOMBIA;URBANO;10;BUS;NO;DISTRITAL;1,11001E+11;COLEGIO JOHN F. KENNEDY (IED);A;TARDE;URBANO;11:15;17:25;17:30;1;1;2;1;1;1;1;1;0;0;GENERAL;12:15;675;735;-1;513;0;513;14285,60941;132,5709607;1020;989860,7168;1003624,117;992170,1179;1001624,117;11;18;5;27,879;Perdomo
R1;U-991;8;KENNEDY;8_SII_2025;UNIÓN TEMPORAL SRD TRANSPORTE DE PASAJEROS COLOMBIA;URBANO;13;MICROBUS;NO;DISTRITAL;1,11001E+11;COLEGIO LAS AMERICAS (IED);A;MAÑANA;URBANO;5:05;11:20;11:25;2;2;4;1;1;1;1;1;0;0;GENERAL;6:10;305;370;-1;542;0;542;14465,68028;333,3622866;1020;989860,7168;1003624,117;992170,1179;1001624,117;11;18;5;29,378;Perdomo
R1;U-992;8;KENNEDY;1_CV_2025;CONSORCIO RUTAS SEGURAS;URBANO;14;VAN;NO;DISTRITAL;1,11001E+11;COLEGIO LAS AMERICAS (IED);A;TARDE;URBANO;11:30;17:15;17:20;1;1;2;1;1;1;1;1;0;0;GENERAL;12:30;690;750;-1;537;0;537;10767,68347;80,57527974;1020;989860,7168;1003624,117;992170,1179;1001624,117;11;18;5;22,052;Perdomo
R1;U-1032;7;BOSA;11_SII_2025;UNIÓN TEMPORAL VET 2023;URBANO;11;BUSETA;SI;DISTRITAL;1,11001E+11;COLEGIO NUEVO CHILE (IED);A;TARDE;URBANO;11:25;17:10;17:15;1;1;2;1;1;1;1;1;0;0;GENERAL;12:10;685;730;-1;371;0;371;9308,758266;320,1044937;1021;989860,7168;1001624,117;992170,1179;999624,1172;12;18;5;18,984;Perdomo
R1;U-1396;19;CIUDAD BOLIVAR;19_SII_2025;UNIÓN TEMPORAL ANDINO 2022;URBANO;10;BUS;NO;DISTRITAL;1,11001E+11;COLEGIO JOSE MARIA VARGAS VILA (IED);A;MAÑANA;URBANO;6:00;11:25;11:30;1;1;2;1;1;1;1;1;0;0;GENERAL;6:30;360;390;-1;236;0;236;4802,904209;222,0944337;1024;989860,7168;995624,1172;992170,1179;993624,1172;15;18;5;9,606;0
R1;U-1397;19;CIUDAD BOLIVAR;19_SII_2025;UNIÓN TEMPORAL ANDINO 2022;URBANO;10;BUS;NO;DISTRITAL;1,11001E+11;COLEGIO JOSE MARIA VARGAS VILA (IED);A;TARDE;URBANO;12:00;17:30;17:35;1;1;2;1;1;1;1;1;0;0;GENERAL;12:30;720;750;-1;537;0;537;5334,010608;37,67304665;1024;989860,7168;995624,1172;992170,1179;993624,1172;15;18;5;10,699;0
R1;U-1485;19;CIUDAD BOLIVAR;19_SII_2025;UNIÓN TEMPORAL ANDINO 2022;URBANO;10;BUS;NO;DISTRITAL;1,11001E+11;COLEGIO FANNY MIKEY (IED);A;TARDE;URBANO;11:30;16:55;17:00;1;1;2;1;1;1;1;1;0;0;INDIGENAS COMUNIDAD WOUNANN;12:10;690;730;-1;254;0;254;2973,050182;319,305028;1024;989860,7168;995624,1172;992170,1179;993624,1172;15;18;5;5,946;0
R1;U-1486;19;CIUDAD BOLIVAR;19_SII_2025;UNIÓN TEMPORAL ANDINO 2022;URBANO;11;BUSETA;NO;DISTRITAL;1,11001E+11;COLEGIO FANNY MIKEY (IED);A;TARDE;URBANO;11:10;16:55;17:00;1;1;2;1;1;1;1;1;0;0;INDIGENAS COMUNIDAD WOUNANN;12:10;670;730;-1;501;0;501;8417,662874;325,0849421;1024;989860,7168;995624,1172;992170,1179;993624,1172;15;18;5;16,693;0
R1;U-1487;19;CIUDAD BOLIVAR;19_SII_2025;UNIÓN TEMPORAL ANDINO 2022;URBANO;10;BUS;NO;DISTRITAL;1,11001E+11;COLEGIO FANNY MIKEY (IED);A;TARDE;URBANO;11:10;17:55;18:00;1;1;2;1;1;1;1;1;0;0;INDIGENAS COMUNIDAD WOUNANN;12:10;670;730;-1;442;0;442;5102,894811;322,944648;1024;989860,7168;995624,1172;992170,1179;993624,1172;15;18;5;10,375;0
R1;U-1514;19;CIUDAD BOLIVAR;19_SII_2025;UNIÓN TEMPORAL ANDINO 2022;URBANO;13;MICROBUS;NO;DISTRITAL;1,11001E+11;COLEGIO FANNY MIKEY (IED);A;TARDE;URBANO;11:10;17:20;17:25;1;1;2;1;1;1;1;1;0;0;INDIGENAS COMUNIDAD WOUNANN;12:10;670;730;-1;641;0;641;7217,990905;322,2922118;1024;989860,7168;995624,1172;992170,1179;993624,1172;15;18;5;14,294;0
R1;U-1594;19;CIUDAD BOLIVAR;19_SII_2025;UNIÓN TEMPORAL ANDINO 2022;URBANO;11;BUSETA;NO;DISTRITAL;1,11001E+11;COLEGIO JOSE MARIA VARGAS VILA (IED);A;TARDE;URBANO;11:30;18:00;18:05;1;1;2;1;1;1;1;1;0;0;GENERAL;12:10;690;730;-1;507;0;507;5510,44132;36,97362082;1024;989860,7168;995624,1172;992170,1179;993624,1172;15;18;5;11,061;0
R1;U-1595;19;CIUDAD BOLIVAR;19_SII_2025;UNIÓN TEMPORAL ANDINO 2022;URBANO;11;BUSETA;NO;DISTRITAL;1,11001E+11;COLEGIO JOSE MARIA VARGAS VILA (IED);A;MAÑANA;URBANO;5:40;12:35;12:40;1;1;2;1;1;1;1;1;0;0;GENERAL;6:10;340;370;-1;215;0;215;4754,827603;216,1927481;1024;989860,7168;995624,1172;992170,1179;993624,1172;15;18;5;9,51;0
R1;U-887;19;CIUDAD BOLIVAR;19_SII_2025;UNIÓN TEMPORAL ANDINO 2022;URBANO;10;BUS;NO;DISTRITAL;1,11001E+11;COLEGIO JOSE MARIA VARGAS VILA (IED);A;TARDE;URBANO;12:10;17:30;17:35;1;1;2;1;1;1;1;1;0;0;GENERAL;12:35;730;755;-1;48;0;48;2661,583277;214,7102901;1024;989860,7168;995624,1172;992170,1179;993624,1172;15;18;5;5,317;0
R1;U-888;19;CIUDAD BOLIVAR;19_SII_2025;UNIÓN TEMPORAL ANDINO 2022;URBANO;10;BUS;NO;DISTRITAL;1,11001E+11;COLEGIO JOSE MARIA VARGAS VILA (IED);A;TARDE;URBANO;11:45;18:00;18:05;1;1;2;1;1;1;1;1;0;0;GENERAL;12:10;705;730;-1;201;0;201;2695,919672;222,0944337;1024;989860,7168;995624,1172;992170,1179;993624,1172;15;18;5;5,392;0
R1;U-889;19;CIUDAD BOLIVAR;19_SII_2025;UNIÓN TEMPORAL ANDINO 2022;URBANO;10;BUS;NO;DISTRITAL;1,11001E+11;COLEGIO JOSE MARIA VARGAS VILA (IED);A;TARDE;URBANO;11:55;17:30;17:35;1;1;2;1;1;1;1;1;0;0;GENERAL;12:30;715;750;-1;312;0;312;5825,047395;42,98641813;1024;989860,7168;995624,1172;992170,1179;993624,1172;15;18;5;11,65;0
R1;U-890;19;CIUDAD BOLIVAR;19_SII_2025;UNIÓN TEMPORAL ANDINO 2022;URBANO;10;BUS;NO;DISTRITAL;1,11001E+11;COLEGIO JOSE MARIA VARGAS VILA (IED);A;TARDE;URBANO;12:10;17:30;17:35;1;1;2;1;1;1;1;1;0;0;GENERAL;12:30;730;750;-1;204;0;204;2694,162214;222,0944337;1024;989860,7168;995624,1172;992170,1179;993624,1172;15;18;5;5,388;0
R1;U-891;19;CIUDAD BOLIVAR;19_SII_2025;UNIÓN TEMPORAL ANDINO 2022;URBANO;10;BUS;NO;DISTRITAL;1,11001E+11;COLEGIO JOSE MARIA VARGAS VILA (IED);A;MAÑANA;URBANO;5:40;12:35;12:40;1;1;2;1;1;1;1;1;0;0;GENERAL;6:10;340;370;-1;236;0;236;4802,904209;222,0944337;1024;989860,7168;995624,1172;992170,1179;993624,1172;15;18;5;9,606;0
R1;U-892;19;CIUDAD BOLIVAR;19_SII_2025;UNIÓN TEMPORAL ANDINO 2022;URBANO;10;BUS;NO;DISTRITAL;1,11001E+11;COLEGIO JOSE MARIA VARGAS VILA (IED);A;MAÑANA;URBANO;6:10;11:25;11:30;1;1;2;1;1;1;1;1;0;0;GENERAL;6:30;370;390;-1;74;0;74;4375,188597;212,8569091;1024;989860,7168;995624,1172;992170,1179;993624,1172;15;18;5;8,75;0
R1;U-893;19;CIUDAD BOLIVAR;19_SII_2025;UNIÓN TEMPORAL ANDINO 2022;URBANO;10;BUS;NO;DISTRITAL;1,11001E+11;COLEGIO JOSE MARIA VARGAS VILA (IED);A;MAÑANA;URBANO;5:50;10:55;11:00;1;1;2;1;1;1;1;1;0;0;GENERAL;6:40;350;400;-1;566;0;566;7318,587011;225,1077345;1024;989860,7168;995624,1172;992170,1179;993624,1172;15;18;5;14,652;0
R1;U-894;19;CIUDAD BOLIVAR;19_SII_2025;UNIÓN TEMPORAL ANDINO 2022;URBANO;11;BUSETA;NO;DISTRITAL;1,11001E+11;COLEGIO JOSE MARIA VARGAS VILA (IED);A;MAÑANA;URBANO;5:55;11:25;11:30;1;1;2;1;1;1;1;1;0;0;GENERAL;6:30;355;390;-1;202;0;202;4751,658281;216,1927481;1024;989860,7168;995624,1172;992170,1179;993624,1172;15;18;5;9,504;0
R1;U-895;19;CIUDAD BOLIVAR;19_SII_2025;UNIÓN TEMPORAL ANDINO 2022;URBANO;10;BUS;NO;DISTRITAL;1,11001E+11;COLEGIO JOSE MARIA VARGAS VILA (IED);A;MAÑANA;URBANO;6:10;11:25;11:30;1;1;2;1;1;1;1;1;0;0;GENERAL;6:30;370;390;-1;196;0;196;2637,813343;216,227409;1024;989860,7168;995624,1172;992170,1179;993624,1172;15;18;5;5,279;0
R1;U-896;19;CIUDAD BOLIVAR;19_SII_2025;UNIÓN TEMPORAL ANDINO 2022;URBANO;11;BUSETA;NO;DISTRITAL;1,11001E+11;COLEGIO JOSE MARIA VARGAS VILA (IED);A;TARDE;URBANO;12:00;16:55;17:00;1;1;2;1;1;1;1;1;0;0;GENERAL;12:30;720;750;-1;566;0;566;7323,901177;225,1077345;1024;989860,7168;995624,1172;992170,1179;993624,1172;15;18;5;14,654;0
R1;E-059;19;CIUDAD BOLIVAR;19_SII_2025;UNIÓN TEMPORAL ANDINO 2022;ESPECIAL;13;MICROBUS;NO;DISTRITAL;2,1185E+11;COLEGIO RURAL QUIBA ALTA (IED);B;MAÑANA/TARDE;RURAL;9:30;#N/A;#N/A;1;0;1;0;1;0;1;0;0;0;GENERAL;10:00;570;600;-1;694;0;694;6172,810409;38,76607005;1025;989860,7168;993624,1172;992170,1179;991624,1172;16;18;2;6,173;0
R1;R-115;19;CIUDAD BOLIVAR;19_SII_2025;UNIÓN TEMPORAL ANDINO 2022;RURAL;11;BUSETA;NO;DISTRITAL;2,1185E+11;COLEGIO RURAL QUIBA ALTA (IED);B;MAÑANA;RURAL;5:55;11:30;11:35;1;1;2;1;1;1;1;1;0;0;GENERAL;6:30;355;390;-1;508;0;508;4557,617475;38,76607005;1025;989860,7168;993624,1172;992170,1179;991624,1172;16;18;5;9,116;0
R1;R-116;19;CIUDAD BOLIVAR;19_SII_2025;UNIÓN TEMPORAL ANDINO 2022;RURAL;11;BUSETA;NO;DISTRITAL;2,1185E+11;COLEGIO RURAL QUIBA ALTA (IED);B;ÚNICA;RURAL;6:00;12:00;12:05;1;1;2;1;1;1;1;1;0;0;GENERAL;6:30;360;390;-1;597;0;597;5674,308881;38,76607005;1025;989860,7168;993624,1172;992170,1179;991624,1172;16;18;5;11,028;0
R1;R-118;19;CIUDAD BOLIVAR;19_SII_2025;UNIÓN TEMPORAL ANDINO 2022;RURAL;10;BUS;NO;DISTRITAL;2,1185E+11;COLEGIO RURAL QUIBA ALTA (IED);B;MAÑANA;RURAL;6:00;11:30;11:35;1;1;2;1;1;1;1;1;0;0;GENERAL;6:30;360;390;-1;456;0;456;3921,294016;38,76607005;1025;989860,7168;993624,1172;992170,1179;991624,1172;16;18;5;7,842;0
R1;R-119;19;CIUDAD BOLIVAR;19_SII_2025;UNIÓN TEMPORAL ANDINO 2022;RURAL;11;BUSETA;NO;DISTRITAL;2,1185E+11;COLEGIO RURAL QUIBA ALTA (IED);B;MAÑANA/ÚNICA;RURAL;5:50;11:30;11:35;1;1;2;1;1;1;1;1;0;0;GENERAL;6:30;350;390;-1;653;0;653;7234,738965;38,76607005;1025;989860,7168;993624,1172;992170,1179;991624,1172;16;18;5;14,455;0
R1;R-120;19;CIUDAD BOLIVAR;19_SII_2025;UNIÓN TEMPORAL ANDINO 2022;RURAL;13;MICROBUS;NO;DISTRITAL;2,1185E+11;COLEGIO RURAL QUIBA ALTA (IED);B;ÚNICA;RURAL;11:30;17:30;17:35;1;1;2;1;1;1;1;1;0;0;GENERAL;12:00;690;720;-1;508;0;508;4557,629162;38,76607005;1025;989860,7168;993624,1172;992170,1179;991624,1172;16;18;5;9,116;0
R1;R-121;19;CIUDAD BOLIVAR;19_SII_2025;UNIÓN TEMPORAL ANDINO 2022;RURAL;11;BUSETA;NO;DISTRITAL;2,1185E+11;COLEGIO RURAL QUIBA ALTA (IED);B;TARDE;RURAL;12:00;17:30;17:35;1;1;2;1;1;1;1;1;0;0;GENERAL;12:30;720;750;-1;463;0;463;4096,114219;38,76607005;1025;989860,7168;993624,1172;992170,1179;991624,1172;16;18;5;8,192;0
R1;R-122;19;CIUDAD BOLIVAR;19_SII_2025;UNIÓN TEMPORAL ANDINO 2022;RURAL;11;BUSETA;NO;DISTRITAL;2,1185E+11;COLEGIO RURAL QUIBA ALTA (IED);B;TARDE;RURAL;12:00;17:30;17:35;1;1;2;1;1;1;1;1;0;0;GENERAL;12:30;720;750;-1;458;0;458;3921,301128;38,76607005;1025;989860,7168;993624,1172;992170,1179;991624,1172;16;18;5;7,842;0
R1;R-124;19;CIUDAD BOLIVAR;19_SII_2025;UNIÓN TEMPORAL ANDINO 2022;RURAL;11;BUSETA;NO;DISTRITAL;2,1185E+11;COLEGIO RURAL QUIBA ALTA (IED);B;TARDE;RURAL;12:00;17:30;17:35;1;1;2;1;1;1;1;1;0;0;GENERAL;12:30;720;750;-1;365;0;365;3420,160258;38,76607005;1025;989860,7168;993624,1172;992170,1179;991624,1172;16;18;5;6,84;0
R1;R-125;19;CIUDAD BOLIVAR;19_SII_2025;UNIÓN TEMPORAL ANDINO 2022;RURAL;10;BUS;NO;DISTRITAL;2,1185E+11;COLEGIO RURAL QUIBA ALTA (IED);B;ÚNICA;RURAL;6:00;12:00;12:05;1;1;2;1;1;1;1;1;0;0;GENERAL;6:30;360;390;-1;168;0;168;3375,997504;30,00342663;1025;989860,7168;993624,1172;992170,1179;991624,1172;16;18;5;6,73;0
R1;R-128;19;CIUDAD BOLIVAR;19_SII_2025;UNIÓN TEMPORAL ANDINO 2022;RURAL;10;BUS;NO;DISTRITAL;2,1185E+11;COLEGIO RURAL QUIBA ALTA (IED);B;TARDE;RURAL;11:55;17:30;17:35;1;1;2;1;1;1;1;1;0;0;GENERAL;12:30;715;750;-1;565;0;565;5604,438313;38,76607005;1025;989860,7168;993624,1172;992170,1179;991624,1172;16;18;5;11,215;0
R1;R-129;19;CIUDAD BOLIVAR;19_SII_2025;UNIÓN TEMPORAL ANDINO 2022;RURAL;11;BUSETA;NO;DISTRITAL;2,1185E+11;COLEGIO RURAL QUIBA ALTA (IED);B;ÚNICA;RURAL;11:20;17:25;17:30;1;1;2;1;1;1;1;1;0;0;GENERAL;12:00;680;720;-1;215;0;215;5007,174734;72,17332968;1025;989860,7168;993624,1172;992170,1179;991624,1172;16;18;5;10,045;0
R1;R-131;19;CIUDAD BOLIVAR;19_SII_2025;UNIÓN TEMPORAL ANDINO 2022;RURAL;11;BUSETA;NO;DISTRITAL;2,1185E+11;COLEGIO RURAL QUIBA ALTA (IED);B;TARDE;RURAL;12:00;17:30;17:35;1;1;2;1;1;1;1;1;0;0;GENERAL;12:30;720;750;-1;459;0;459;4084,748959;29,83959636;1025;989860,7168;993624,1172;992170,1179;991624,1172;16;18;5;8,169;0
R1;R-133;19;CIUDAD BOLIVAR;19_SII_2025;UNIÓN TEMPORAL ANDINO 2022;RURAL;10;BUS;NO;DISTRITAL;2,1185E+11;COLEGIO RURAL QUIBA ALTA (IED);B;MAÑANA/ÚNICA;RURAL;5:55;11:30;11:35;1;1;2;1;1;1;1;1;0;0;GENERAL;6:30;355;390;-1;262;0;262;7899,785823;36,00395862;1025;989860,7168;993624,1172;992170,1179;991624,1172;16;18;5;15,8;0
R1;R-133;19;CIUDAD BOLIVAR;19_SII_2025;UNIÓN TEMPORAL ANDINO 2022;RURAL;10;BUS;NO;DISTRITAL;2,1185E+11;COLEGIO RURAL QUIBA ALTA (IED);B;MAÑANA/ÚNICA;RURAL;5:55;11:30;11:35;1;1;2;1;1;1;1;1;0;0;GENERAL;6:30;355;390;-1;262;0;262;7899,785823;36,00395862;1025;989860,7168;993624,1172;992170,1179;991624,1172;16;18;5;15,8;0
R1;R-140;19;CIUDAD BOLIVAR;19_SII_2025;UNIÓN TEMPORAL ANDINO 2022;RURAL;10;BUS;NO;DISTRITAL;2,1185E+11;COLEGIO RURAL QUIBA ALTA (IED);B;MAÑANA;RURAL;6:00;11:30;11:35;1;1;2;1;1;1;1;1;0;0;GENERAL;6:30;360;390;-1;366;0;366;3420,160258;38,76607005;1025;989860,7168;993624,1172;992170,1179;991624,1172;16;18;5;6,84;0
R1;R-142;19;CIUDAD BOLIVAR;19_SII_2025;UNIÓN TEMPORAL ANDINO 2022;RURAL;10;BUS;NO;DISTRITAL;2,1185E+11;COLEGIO RURAL QUIBA ALTA (IED);B;TARDE;RURAL;12:00;17:30;17:35;1;1;2;1;1;1;1;1;0;0;GENERAL;12:30;720;750;-1;221;0;221;4076,402705;69,90453107;1025;989860,7168;993624,1172;992170,1179;991624,1172;16;18;5;8,123;0
R1;R-143;19;CIUDAD BOLIVAR;19_SII_2025;UNIÓN TEMPORAL ANDINO 2022;RURAL;10;BUS;NO;DISTRITAL;2,1185E+11;COLEGIO RURAL QUIBA ALTA (IED);B;TARDE;RURAL;12:00;17:30;17:35;1;1;2;1;1;1;1;1;0;0;GENERAL;12:30;720;750;-1;509;0;509;4557,628307;38,76607005;1025;989860,7168;993624,1172;992170,1179;991624,1172;16;18;5;9,116;0
R1;R-145;19;CIUDAD BOLIVAR;19_SII_2025;UNIÓN TEMPORAL ANDINO 2022;RURAL;11;BUSETA;NO;DISTRITAL;2,1185E+11;COLEGIO RURAL QUIBA ALTA (IED);B;ÚNICA;RURAL;6:00;12:00;12:05;1;1;2;1;1;1;1;1;0;0;GENERAL;6:30;360;390;-1;448;0;448;4966,89072;26,65351424;1025;989860,7168;993624,1172;992170,1179;991624,1172;16;18;5;9,937;0
R1;R-147;19;CIUDAD BOLIVAR;19_SII_2025;UNIÓN TEMPORAL ANDINO 2022;RURAL;11;BUSETA;NO;DISTRITAL;2,1185E+11;COLEGIO RURAL QUIBA ALTA (IED);B;MAÑANA;RURAL;6:00;11:30;11:35;1;1;2;1;1;1;1;1;0;0;GENERAL;6:30;360;390;-1;181;0;181;3381,910267;30,00342663;1025;989860,7168;993624,1172;992170,1179;991624,1172;16;18;5;6,742;0
R1;R-149;19;CIUDAD BOLIVAR;19_SII_2025;UNIÓN TEMPORAL ANDINO 2022;RURAL;13;MICROBUS;NO;DISTRITAL;2,1185E+11;COLEGIO RURAL QUIBA ALTA (IED);B;TARDE/ÚNICA;RURAL;11:50;17:30;17:35;1;1;2;1;1;1;1;1;0;0;GENERAL;12:30;710;750;-1;654;0;654;11251,01214;38,76607005;1025;989860,7168;993624,1172;992170,1179;991624,1172;16;18;5;22,502;0
R1;R-150;19;CIUDAD BOLIVAR;19_SII_2025;UNIÓN TEMPORAL ANDINO 2022;RURAL;10;BUS;NO;DISTRITAL;2,1185E+11;COLEGIO RURAL QUIBA ALTA (IED);B;MAÑANA;RURAL;6:00;11:30;11:35;1;1;2;1;1;1;1;1;0;0;GENERAL;6:30;360;390;-1;463;0;463;4108,044567;38,76607005;1025;989860,7168;993624,1172;992170,1179;991624,1172;16;18;5;8,216;0
R1;R-151;19;CIUDAD BOLIVAR;19_SII_2025;UNIÓN TEMPORAL ANDINO 2022;RURAL;10;BUS;NO;DISTRITAL;2,1185E+11;COLEGIO RURAL QUIBA ALTA (IED);B;MAÑANA;RURAL;6:00;11:30;11:35;1;1;2;1;1;1;1;1;0;0;GENERAL;6:30;360;390;-1;190;0;190;4028,538038;33,74038411;1025;989860,7168;993624,1172;992170,1179;991624,1172;16;18;5;8,058;0
R1;R-152;19;CIUDAD BOLIVAR;19_SII_2025;UNIÓN TEMPORAL ANDINO 2022;RURAL;11;BUSETA;NO;DISTRITAL;2,1185E+11;COLEGIO RURAL QUIBA ALTA (IED);B;ÚNICA;RURAL;11:20;17:30;17:35;1;1;2;1;1;1;1;1;0;0;GENERAL;12:00;680;720;-1;176;0;176;3410,423746;59,52804299;1025;989860,7168;993624,1172;992170,1179;991624,1172;16;18;5;6,805;0
R1;R-130;19;CIUDAD BOLIVAR;19_SII_2025;UNIÓN TEMPORAL ANDINO 2022;RURAL;13;MICROBUS;NO;DISTRITAL;2,1185E+11;COLEGIO RURAL QUIBA ALTA (IED);B;TARDE;RURAL;12:00;17:30;17:35;1;1;2;1;1;1;1;1;0;0;GENERAL;12:30;720;750;-1;495;0;495;4905,54088;38,76607005;1025;989860,7168;993624,1172;992170,1179;991624,1172;16;18;5;9,812;0
R1;E-042;19;CIUDAD BOLIVAR;20_SII_2025;UNIÓN TEMPORAL VET 2023;ESPECIAL;13;MICROBUS;NO;DISTRITAL;2,1185E+11;COLEGIO RURAL JOSE CELESTINO MUTIS (IED);A;ÚNICA;RURAL;5:55;12:55;13:00;2;2;4;0;0;0;0;0;1;0;GENERAL;7:00;355;420;-1;648;0;648;16826,81193;43,63930421;1026;989860,7168;991624,1172;992170,1179;989624,1172;17;18;1;35,114;0
R1;E-043;19;CIUDAD BOLIVAR;20_SII_2025;UNIÓN TEMPORAL VET 2023;ESPECIAL;10;BUS;NO;DISTRITAL;2,1185E+11;COLEGIO RURAL JOSE CELESTINO MUTIS (IED);A;ÚNICA;RURAL;6:25;12:55;13:00;1;1;2;0;0;0;0;0;1;0;GENERAL;7:00;385;420;-1;711;0;711;7571,873191;180,0058451;1026;989860,7168;991624,1172;992170,1179;989624,1172;17;18;1;15,026;0
R1;E-058;19;CIUDAD BOLIVAR;19_SII_2025;UNIÓN TEMPORAL ANDINO 2022;ESPECIAL;11;BUSETA;NO;DISTRITAL;2,1185E+11;COLEGIO RURAL QUIBA ALTA (IED);B;MAÑANA/TARDE;RURAL;#N/A;13:25;13:30;0;1;1;0;1;0;1;0;0;0;GENERAL;#N/A;;;-1;316;0;316;3321,274103;206,6540008;1026;989860,7168;991624,1172;992170,1179;989624,1172;17;18;2;3,321;0
R1;E-060;19;CIUDAD BOLIVAR;19_SII_2025;UNIÓN TEMPORAL ANDINO 2022;ESPECIAL;10;BUS;NO;DISTRITAL;2,1185E+11;COLEGIO RURAL QUIBA ALTA (IED);A;ÚNICA;RURAL;6:40;11:25;11:30;1;1;2;0;0;0;0;0;1;0;GENERAL;7:30;400;450;-1;509;0;509;5048,976264;129,7119135;1026;989860,7168;991624,1172;992170,1179;989624,1172;17;18;1;10,098;0
R1;E-061;19;CIUDAD BOLIVAR;19_SII_2025;UNIÓN TEMPORAL ANDINO 2022;ESPECIAL;11;BUSETA;NO;DISTRITAL;2,1185E+11;COLEGIO RURAL QUIBA ALTA (IED);A;ÚNICA;RURAL;6:45;11:25;11:30;1;1;2;0;0;0;0;0;1;0;GENERAL;7:30;405;450;-1;628;0;628;6505,035326;121,9204336;1026;989860,7168;991624,1172;992170,1179;989624,1172;17;18;1;13,01;0
R1;R-114;19;CIUDAD BOLIVAR;19_SII_2025;UNIÓN TEMPORAL ANDINO 2022;RURAL;10;BUS;NO;DISTRITAL;2,1185E+11;COLEGIO RURAL QUIBA ALTA (IED);A;ÚNICA;RURAL;6:40;14:30;14:35;1;1;2;1;1;1;1;1;0;0;GENERAL;7:20;400;440;-1;870;0;870;9919,380769;132,8895159;1026;989860,7168;991624,1172;992170,1179;989624,1172;17;18;5;19,48;0
R1;R-117;19;CIUDAD BOLIVAR;19_SII_2025;UNIÓN TEMPORAL ANDINO 2022;RURAL;10;BUS;NO;DISTRITAL;2,1185E+11;COLEGIO RURAL QUIBA ALTA (IED);A;ÚNICA;RURAL;7:00;14:30;14:35;1;1;2;1;1;1;1;1;0;0;GENERAL;7:30;420;450;-1;272;0;272;6340,191722;139,0653145;1026;989860,7168;991624,1172;992170,1179;989624,1172;17;18;5;12,691;0
R1;R-123;19;CIUDAD BOLIVAR;19_SII_2025;UNIÓN TEMPORAL ANDINO 2022;RURAL;10;BUS;NO;DISTRITAL;2,1185E+11;COLEGIO RURAL QUIBA ALTA (IED);A;ÚNICA;RURAL;7:00;14:30;14:35;1;1;2;1;1;1;1;1;0;0;GENERAL;7:30;420;450;-1;157;0;157;4483,024087;90,66861965;1026;989860,7168;991624,1172;992170,1179;989624,1172;17;18;5;8,973;0
R1;R-126;19;CIUDAD BOLIVAR;19_SII_2025;UNIÓN TEMPORAL ANDINO 2022;RURAL;10;BUS;NO;DISTRITAL;2,1185E+11;COLEGIO RURAL QUIBA ALTA (IED);A;ÚNICA;RURAL;7:00;14:30;14:35;1;1;2;1;1;1;1;1;0;0;GENERAL;7:30;420;450;-1;262;0;262;5528,384219;131,0242116;1026;989860,7168;991624,1172;992170,1179;989624,1172;17;18;5;11,057;0
R1;R-127;19;CIUDAD BOLIVAR;19_SII_2025;UNIÓN TEMPORAL ANDINO 2022;RURAL;10;BUS;NO;DISTRITAL;2,1185E+11;COLEGIO RURAL QUIBA ALTA (IED);A;ÚNICA;RURAL;7:00;14:30;14:35;1;1;2;1;1;1;1;1;0;0;GENERAL;7:30;420;450;-1;254;0;254;5020,941807;133,7814096;1026;989860,7168;991624,1172;992170,1179;989624,1172;17;18;5;10,034;0
R1;R-132;19;CIUDAD BOLIVAR;19_SII_2025;UNIÓN TEMPORAL ANDINO 2022;RURAL;10;BUS;NO;DISTRITAL;2,1185E+11;COLEGIO RURAL QUIBA ALTA (IED);A;ÚNICA;RURAL;7:00;14:30;14:35;1;1;2;1;1;1;1;1;0;0;GENERAL;7:30;420;450;-1;232;0;232;5014,285643;133,7814096;1026;989860,7168;991624,1172;992170,1179;989624,1172;17;18;5;10,028;0
R1;R-134;19;CIUDAD BOLIVAR;19_SII_2025;UNIÓN TEMPORAL ANDINO 2022;RURAL;10;BUS;NO;DISTRITAL;2,1185E+11;COLEGIO RURAL QUIBA ALTA (IED);A;ÚNICA;RURAL;6:30;14:30;14:35;1;1;2;1;1;1;1;1;0;0;GENERAL;7:00;390;420;-1;219;0;219;5122,643828;131,0242116;1026;989860,7168;991624,1172;992170,1179;989624,1172;17;18;5;10,246;0
R1;R-135;19;CIUDAD BOLIVAR;19_SII_2025;UNIÓN TEMPORAL ANDINO 2022;RURAL;10;BUS;NO;DISTRITAL;2,1185E+11;COLEGIO RURAL QUIBA ALTA (IED);A;ÚNICA;RURAL;7:00;14:30;14:35;1;1;2;1;1;1;1;1;0;0;GENERAL;7:30;420;450;-1;255;0;255;5020,072135;133,7814096;1026;989860,7168;991624,1172;992170,1179;989624,1172;17;18;5;10,034;0
R1;R-136;19;CIUDAD BOLIVAR;19_SII_2025;UNIÓN TEMPORAL ANDINO 2022;RURAL;10;BUS;NO;DISTRITAL;2,1185E+11;COLEGIO RURAL QUIBA ALTA (IED);A;ÚNICA;RURAL;7:05;14:30;14:35;1;1;2;1;1;1;1;1;0;0;GENERAL;7:30;425;450;-1;459;0;459;4838,071067;134,9046186;1026;989860,7168;991624,1172;992170,1179;989624,1172;17;18;5;9,676;0
R1;R-137;19;CIUDAD BOLIVAR;19_SII_2025;UNIÓN TEMPORAL ANDINO 2022;RURAL;10;BUS;NO;DISTRITAL;2,1185E+11;COLEGIO RURAL QUIBA ALTA (IED);A;ÚNICA;RURAL;7:00;14:30;14:35;1;1;2;1;1;1;1;1;0;0;GENERAL;7:30;420;450;-1;268;0;268;5669,574431;133,7814096;1026;989860,7168;991624,1172;992170,1179;989624,1172;17;18;5;11,321;0
R1;R-138;19;CIUDAD BOLIVAR;19_SII_2025;UNIÓN TEMPORAL ANDINO 2022;RURAL;10;BUS;NO;DISTRITAL;2,1185E+11;COLEGIO RURAL QUIBA ALTA (IED);A;ÚNICA;RURAL;7:00;14:30;14:35;1;1;2;1;1;1;1;1;0;0;GENERAL;7:30;420;450;-1;272;0;272;6340,191722;139,0653145;1026;989860,7168;991624,1172;992170,1179;989624,1172;17;18;5;12,691;0
R1;R-139;19;CIUDAD BOLIVAR;19_SII_2025;UNIÓN TEMPORAL ANDINO 2022;RURAL;10;BUS;NO;DISTRITAL;2,1185E+11;COLEGIO RURAL QUIBA ALTA (IED);A;ÚNICA;RURAL;7:00;14:30;14:35;1;1;2;1;1;1;1;1;0;0;GENERAL;7:30;420;450;-1;240;0;240;5015,946408;133,7814096;1026;989860,7168;991624,1172;992170,1179;989624,1172;17;18;5;10,032;0
R1;R-141;19;CIUDAD BOLIVAR;19_SII_2025;UNIÓN TEMPORAL ANDINO 2022;RURAL;10;BUS;NO;DISTRITAL;2,1185E+11;COLEGIO RURAL QUIBA ALTA (IED);A;ÚNICA;RURAL;7:00;14:30;14:35;1;1;2;1;1;1;1;1;0;0;GENERAL;7:30;420;450;-1;241;0;241;5016,720802;133,7814096;1026;989860,7168;991624,1172;992170,1179;989624,1172;17;18;5;10,034;0
R1;R-146;19;CIUDAD BOLIVAR;19_SII_2025;UNIÓN TEMPORAL ANDINO 2022;RURAL;10;BUS;NO;DISTRITAL;2,1185E+11;COLEGIO RURAL QUIBA ALTA (IED);A;ÚNICA;RURAL;7:00;14:30;14:35;1;1;2;1;1;1;1;1;0;0;GENERAL;7:30;420;450;-1;262;0;262;5528,384219;131,0242116;1026;989860,7168;991624,1172;992170,1179;989624,1172;17;18;5;11,057;0
R1;R-153;19;CIUDAD BOLIVAR;20_SII_2025;UNIÓN TEMPORAL VET 2023;RURAL;11;BUSETA;NO;DISTRITAL;2,1185E+11;COLEGIO RURAL JOSE CELESTINO MUTIS (IED);A;ÚNICA;RURAL;5:35;14:10;14:15;1;1;2;1;1;1;1;1;0;0;GENERAL;6:20;335;380;-1;504;0;504;11726,73744;43,63930421;1026;989860,7168;991624,1172;992170,1179;989624,1172;17;18;5;25,241;0
R1;R-154;19;CIUDAD BOLIVAR;20_SII_2025;UNIÓN TEMPORAL VET 2023;RURAL;11;BUSETA;NO;DISTRITAL;2,1185E+11;COLEGIO RURAL JOSE CELESTINO MUTIS (IED);A;MAÑANA/ÚNICA;RURAL;5:40;14:35;14:40;1;1;2;1;1;1;1;1;0;0;GENERAL;6:20;340;380;-1;673;0;673;8096,331303;45,10822698;1026;989860,7168;991624,1172;992170,1179;989624,1172;17;18;5;16,164;0
R1;R-155;19;CIUDAD BOLIVAR;20_SII_2025;UNIÓN TEMPORAL VET 2023;RURAL;10;BUS;NO;DISTRITAL;2,1185E+11;COLEGIO RURAL JOSE CELESTINO MUTIS (IED);A;TARDE/ÚNICA;RURAL;9:40;17:35;17:40;1;1;2;1;1;1;1;1;0;0;GENERAL;10:20;580;620;-1;685;0;685;6908,908508;45,10822698;1026;989860,7168;991624,1172;992170,1179;989624,1172;17;18;5;13,881;0
R1;R-156;19;CIUDAD BOLIVAR;20_SII_2025;UNIÓN TEMPORAL VET 2023;RURAL;10;BUS;NO;DISTRITAL;2,1185E+11;COLEGIO RURAL JOSE CELESTINO MUTIS (IED);A;TARDE/ÚNICA;RURAL;9:30;17:35;17:40;1;1;2;1;1;1;1;1;0;0;GENERAL;10:20;570;620;-1;555;0;555;9218,374668;43,34910567;1026;989860,7168;991624,1172;992170,1179;989624,1172;17;18;5;18,414;0
R1;R-157;19;CIUDAD BOLIVAR;20_SII_2025;UNIÓN TEMPORAL VET 2023;RURAL;10;BUS;NO;DISTRITAL;2,1185E+11;COLEGIO RURAL JOSE CELESTINO MUTIS (IED);A;ÚNICA;RURAL;5:30;14:10;14:15;1;1;2;1;1;1;1;1;0;0;GENERAL;6:20;330;380;-1;854;0;854;16529,2361;43,47149764;1026;989860,7168;991624,1172;992170,1179;989624,1172;17;18;5;33,202;0
R1;R-158;19;CIUDAD BOLIVAR;20_SII_2025;UNIÓN TEMPORAL VET 2023;RURAL;10;BUS;NO;DISTRITAL;2,1185E+11;COLEGIO RURAL JOSE CELESTINO MUTIS (IED);A;MAÑANA/ÚNICA;RURAL;5:50;14:35;14:40;1;1;2;1;1;1;1;1;0;0;GENERAL;6:20;350;380;-1;586;0;586;5844,79511;39,36688805;1026;989860,7168;991624,1172;992170,1179;989624,1172;17;18;5;11,692;0
R1;R-159;19;CIUDAD BOLIVAR;20_SII_2025;UNIÓN TEMPORAL VET 2023;RURAL;10;BUS;NO;DISTRITAL;2,1185E+11;COLEGIO RURAL JOSE CELESTINO MUTIS (IED);A;TARDE/ÚNICA;RURAL;9:20;17:35;17:40;1;1;2;1;1;1;1;1;0;0;GENERAL;10:20;560;620;-1;555;0;555;12171,47166;33,79046248;1026;989860,7168;991624,1172;992170,1179;989624,1172;17;18;5;24,564;0
R1;R-160;19;CIUDAD BOLIVAR;20_SII_2025;UNIÓN TEMPORAL VET 2023;RURAL;10;BUS;NO;DISTRITAL;2,1185E+11;COLEGIO RURAL JOSE CELESTINO MUTIS (IED);A;TARDE/ÚNICA;RURAL;9:50;17:35;17:40;1;1;2;1;1;1;1;1;0;0;GENERAL;10:20;590;620;-1;404;0;404;4612,730663;45,10822698;1026;989860,7168;991624,1172;992170,1179;989624,1172;17;18;5;9,207;0
R1;R-160;19;CIUDAD BOLIVAR;20_SII_2025;UNIÓN TEMPORAL VET 2023;RURAL;10;BUS;NO;DISTRITAL;2,1185E+11;COLEGIO RURAL JOSE CELESTINO MUTIS (IED);A;TARDE/ÚNICA;RURAL;9:50;17:35;17:40;1;1;2;1;1;1;1;1;0;0;GENERAL;10:20;590;620;-1;410;0;410;4593,982842;45,10822698;1026;989860,7168;991624,1172;992170,1179;989624,1172;17;18;5;9,207;0
R1;R-161;19;CIUDAD BOLIVAR;20_SII_2025;UNIÓN TEMPORAL VET 2023;RURAL;11;BUSETA;NO;DISTRITAL;2,1185E+11;COLEGIO RURAL JOSE CELESTINO MUTIS (IED);A;MAÑANA/ÚNICA;RURAL;5:50;14:35;14:40;1;1;2;1;1;1;1;1;0;0;GENERAL;6:20;350;380;-1;531;0;531;5837,403373;36,81312377;1026;989860,7168;991624,1172;992170,1179;989624,1172;17;18;5;11,676;0
R1;R-161;19;CIUDAD BOLIVAR;20_SII_2025;UNIÓN TEMPORAL VET 2023;RURAL;11;BUSETA;NO;DISTRITAL;2,1185E+11;COLEGIO RURAL JOSE CELESTINO MUTIS (IED);A;MAÑANA/ÚNICA;RURAL;5:50;14:35;14:40;1;1;2;1;1;1;1;1;0;0;GENERAL;6:20;350;380;-1;533;0;533;5838,6168;44,40017246;1026;989860,7168;991624,1172;992170,1179;989624,1172;17;18;5;11,676;0
R1;R-163;19;CIUDAD BOLIVAR;20_SII_2025;UNIÓN TEMPORAL VET 2023;RURAL;10;BUS;NO;DISTRITAL;2,1185E+11;COLEGIO RURAL JOSE CELESTINO MUTIS (IED);A;MAÑANA/ÚNICA;RURAL;5:50;14:35;14:40;1;1;2;1;1;1;1;1;0;0;GENERAL;6:20;350;380;-1;603;0;603;7010,706333;45,10822698;1026;989860,7168;991624,1172;992170,1179;989624,1172;17;18;5;14,148;0
R1;R-163;19;CIUDAD BOLIVAR;20_SII_2025;UNIÓN TEMPORAL VET 2023;RURAL;10;BUS;NO;DISTRITAL;2,1185E+11;COLEGIO RURAL JOSE CELESTINO MUTIS (IED);A;MAÑANA/ÚNICA;RURAL;5:50;14:35;14:40;1;1;2;1;1;1;1;1;0;0;GENERAL;6:20;350;380;-1;604;0;604;7137,12109;45,10822698;1026;989860,7168;991624,1172;992170,1179;989624,1172;17;18;5;14,148;0
R1;R-164;19;CIUDAD BOLIVAR;20_SII_2025;UNIÓN TEMPORAL VET 2023;RURAL;10;BUS;NO;DISTRITAL;2,1185E+11;COLEGIO RURAL JOSE CELESTINO MUTIS (IED);A;MAÑANA/ÚNICA;RURAL;5:20;14:35;14:40;1;1;2;1;1;1;1;1;0;0;GENERAL;6:20;320;380;-1;384;0;384;13235,36006;42,51242907;1026;989860,7168;991624,1172;992170,1179;989624,1172;17;18;5;27,742;0
R1;R-165;19;CIUDAD BOLIVAR;20_SII_2025;UNIÓN TEMPORAL VET 2023;RURAL;11;BUSETA;NO;DISTRITAL;2,1185E+11;COLEGIO RURAL JOSE CELESTINO MUTIS (IED);A;MAÑANA/ÚNICA;RURAL;5:20;14:35;14:40;1;1;2;1;1;1;1;1;0;0;GENERAL;6:20;320;380;-1;546;0;546;12873,44826;43,55993339;1026;989860,7168;991624,1172;992170,1179;989624,1172;17;18;5;26,197;0
R1;R-166;19;CIUDAD BOLIVAR;20_SII_2025;UNIÓN TEMPORAL VET 2023;RURAL;10;BUS;NO;DISTRITAL;2,1185E+11;COLEGIO RURAL JOSE CELESTINO MUTIS (IED);A;MAÑANA/ÚNICA;RURAL;5:40;14:35;14:40;1;1;2;1;1;1;1;1;0;0;GENERAL;6:20;340;380;-1;570;0;570;11499,25475;46,14994714;1026;989860,7168;991624,1172;992170,1179;989624,1172;17;18;5;23,157;0
R1;R-167;19;CIUDAD BOLIVAR;20_SII_2025;UNIÓN TEMPORAL VET 2023;RURAL;10;BUS;NO;DISTRITAL;2,1185E+11;COLEGIO RURAL JOSE CELESTINO MUTIS (IED);A;MAÑANA/ÚNICA;RURAL;5:40;14:35;14:40;1;1;2;1;1;1;1;1;0;0;GENERAL;6:20;340;380;-1;777;0;777;13941,3814;43,47149764;1026;989860,7168;991624,1172;992170,1179;989624,1172;17;18;5;27,882;0
R1;R-167;19;CIUDAD BOLIVAR;20_SII_2025;UNIÓN TEMPORAL VET 2023;RURAL;10;BUS;NO;DISTRITAL;2,1185E+11;COLEGIO RURAL JOSE CELESTINO MUTIS (IED);A;MAÑANA/ÚNICA;RURAL;5:40;14:35;14:40;1;1;2;1;1;1;1;1;0;0;GENERAL;6:20;340;380;-1;777;0;777;13941,3814;43,47149764;1026;989860,7168;991624,1172;992170,1179;989624,1172;17;18;5;27,882;0
R1;R-168;19;CIUDAD BOLIVAR;20_SII_2025;UNIÓN TEMPORAL VET 2023;RURAL;10;BUS;NO;DISTRITAL;2,1185E+11;COLEGIO RURAL JOSE CELESTINO MUTIS (IED);A;TARDE/ÚNICA;RURAL;9:50;17:35;17:40;1;1;2;1;1;1;1;1;0;0;GENERAL;10:20;590;620;-1;557;0;557;6826,441334;45,10822698;1026;989860,7168;991624,1172;992170,1179;989624,1172;17;18;5;14,278;0
R1;R-169;19;CIUDAD BOLIVAR;20_SII_2025;UNIÓN TEMPORAL VET 2023;RURAL;13;MICROBUS;NO;DISTRITAL;2,1185E+11;COLEGIO RURAL JOSE CELESTINO MUTIS (IED);A;TARDE/ÚNICA;RURAL;9:30;17:35;17:40;1;1;2;1;1;1;1;1;0;0;GENERAL;10:20;570;620;-1;518;0;518;11776,18582;43,63930421;1026;989860,7168;991624,1172;992170,1179;989624,1172;17;18;5;23,42;0
R1;R-170;19;CIUDAD BOLIVAR;20_SII_2025;UNIÓN TEMPORAL VET 2023;RURAL;11;BUSETA;NO;DISTRITAL;2,1185E+11;COLEGIO RURAL JOSE CELESTINO MUTIS (IED);A;MAÑANA/ÚNICA;RURAL;5:30;14:35;14:40;1;1;2;1;1;1;1;1;0;0;GENERAL;6:20;330;380;-1;834;0;834;10294,207;45,1082258;1026;989860,7168;991624,1172;992170,1179;989624,1172;17;18;5;23,162;0
R1;R-172;19;CIUDAD BOLIVAR;20_SII_2025;UNIÓN TEMPORAL VET 2023;RURAL;11;BUSETA;NO;DISTRITAL;2,1185E+11;COLEGIO RURAL JOSE CELESTINO MUTIS (IED);A;TARDE/ÚNICA;RURAL;9:50;17:35;17:40;1;1;2;1;1;1;1;1;0;0;GENERAL;10:20;590;620;-1;577;0;577;5228,938982;270,0058652;1026;989860,7168;991624,1172;992170,1179;989624,1172;17;18;5;10,459;0
R1;R-173;19;CIUDAD BOLIVAR;20_SII_2025;UNIÓN TEMPORAL VET 2023;RURAL;10;BUS;NO;DISTRITAL;2,1185E+11;COLEGIO RURAL JOSE CELESTINO MUTIS (IED);A;MAÑANA/ÚNICA;RURAL;5:40;14:35;14:40;1;1;2;1;1;1;1;1;0;0;GENERAL;6:20;340;380;-1;682;0;682;6689,054066;49,50568807;1026;989860,7168;991624,1172;992170,1179;989624,1172;17;18;5;13,511;0
R1;R-174;19;CIUDAD BOLIVAR;20_SII_2025;UNIÓN TEMPORAL VET 2023;RURAL;11;BUSETA;NO;DISTRITAL;2,1185E+11;COLEGIO RURAL JOSE CELESTINO MUTIS (IED);A;ÚNICA;RURAL;5:20;14:10;14:15;1;1;2;1;1;1;1;1;0;0;GENERAL;6:20;320;380;-1;954;0;954;12680,96231;49,50568807;1026;989860,7168;991624,1172;992170,1179;989624,1172;17;18;5;26,823;0
R1;R-175;19;CIUDAD BOLIVAR;20_SII_2025;UNIÓN TEMPORAL VET 2023;RURAL;11;BUSETA;NO;DISTRITAL;2,1185E+11;COLEGIO RURAL JOSE CELESTINO MUTIS (IED);A;TARDE/ÚNICA;RURAL;9:20;17:35;17:40;1;1;2;1;1;1;1;1;0;0;GENERAL;10:20;560;620;-1;1041;0;1041;14031,1483;54,47955644;1026;989860,7168;991624,1172;992170,1179;989624,1172;17;18;5;29,449;0
R1;R-176;19;CIUDAD BOLIVAR;20_SII_2025;UNIÓN TEMPORAL VET 2023;RURAL;10;BUS;NO;DISTRITAL;2,1185E+11;COLEGIO RURAL JOSE CELESTINO MUTIS (IED);A;MAÑANA/ÚNICA;RURAL;5:35;14:35;14:40;1;1;2;1;1;1;1;1;0;0;GENERAL;6:20;335;380;-1;577;0;577;12191,13778;23,27864134;1026;989860,7168;991624,1172;992170,1179;989624,1172;17;18;5;24,631;0
R1;R-177;19;CIUDAD BOLIVAR;20_SII_2025;UNIÓN TEMPORAL VET 2023;RURAL;10;BUS;NO;DISTRITAL;2,1185E+11;COLEGIO RURAL JOSE CELESTINO MUTIS (IED);A;MAÑANA/ÚNICA;RURAL;5:40;14:35;14:40;1;1;2;1;1;1;1;1;0;0;GENERAL;6:20;340;380;-1;763;0;763;7683,701216;45,10822698;1026;989860,7168;991624,1172;992170,1179;989624,1172;17;18;5;15,342;0
R1;R-178;19;CIUDAD BOLIVAR;20_SII_2025;UNIÓN TEMPORAL VET 2023;RURAL;13;MICROBUS;NO;DISTRITAL;2,1185E+11;COLEGIO RURAL JOSE CELESTINO MUTIS (IED);A;TARDE/ÚNICA;RURAL;10:00;17:35;17:40;1;1;2;1;1;1;1;1;0;0;GENERAL;10:20;600;620;-1;604;0;604;5366,079603;45,10822698;1026;989860,7168;991624,1172;992170,1179;989624,1172;17;18;5;10,732;0
R1;R-339;19;CIUDAD BOLIVAR;19_SII_2025;UNIÓN TEMPORAL ANDINO 2022;RURAL;10;BUS;NO;DISTRITAL;2,1185E+11;COLEGIO RURAL QUIBA ALTA (IED);A;ÚNICA;RURAL;7:10;14:30;14:35;1;1;2;1;1;1;1;1;0;0;GENERAL;7:30;430;450;-1;200;0;200;3705,650778;133,7814096;1026;989860,7168;991624,1172;992170,1179;989624,1172;17;18;5;7,412;0
R1;R-171;19;CIUDAD BOLIVAR;20_SII_2025;UNIÓN TEMPORAL VET 2023;RURAL;10;BUS;NO;DISTRITAL;2,1185E+11;COLEGIO RURAL JOSE CELESTINO MUTIS (IED);A;MAÑANA/ÚNICA;RURAL;5:20;14:35;14:40;1;1;2;1;1;1;1;1;0;0;GENERAL;6:20;320;380;-1;587;0;587;14197,26597;43,47149764;1026;989860,7168;991624,1172;992170,1179;989624,1172;17;18;5;29,945;0
R1;R-112;19;CIUDAD BOLIVAR;21_SII_2025;UNIÓN TEMPORAL MOVICOL;RURAL;11;BUSETA;NO;DISTRITAL;2,1185E+11;COLEGIO RURAL PASQUILLA (IED);A;MAÑANA/ÚNICA;RURAL;5:35;12:15;12:20;1;1;2;1;1;1;1;1;0;0;GENERAL;6:15;335;375;-1;637;0;637;8970,983822;347,714734;1029;989860,7168;985624,1172;992170,1179;983624,1172;20;18;5;17,942;Usme I y II
R1;E-046;19;CIUDAD BOLIVAR;21_SII_2025;UNIÓN TEMPORAL MOVICOL;ESPECIAL;10;BUS;NO;DISTRITAL;2,1185E+11;COLEGIO RURAL PASQUILLA (IED);A;MAÑANA;RURAL;6:00;#N/A;#N/A;1;0;1;0;0;0;1;0;0;0;GENERAL;7:00;360;420;-1;832;0;832;17455,94189;199,3617201;1030;989860,7168;983624,1172;992170,1179;981624,1172;21;18;1;17,456;Usme I y II
R1;E-052;19;CIUDAD BOLIVAR;21_SII_2025;UNIÓN TEMPORAL MOVICOL;ESPECIAL;11;BUSETA;NO;DISTRITAL;2,1185E+11;COLEGIO RURAL PASQUILLA (IED);A;MAÑANA;RURAL;6:00;#N/A;#N/A;1;0;1;0;1;0;0;0;0;0;GENERAL;7:00;360;420;-1;894;0;894;17913,60123;199,3617201;1030;989860,7168;983624,1172;992170,1179;981624,1172;21;18;1;17,914;Usme I y II
R1;E-055;19;CIUDAD BOLIVAR;21_SII_2025;UNIÓN TEMPORAL MOVICOL;ESPECIAL;11;BUSETA;NO;DISTRITAL;2,1185E+11;COLEGIO RURAL PASQUILLA (IED);A;TARDE;RURAL;7:00;#N/A;#N/A;1;0;1;0;0;0;1;0;0;0;GENERAL;8:00;420;480;-1;441;0;441;14115,50456;196,9670727;1030;989860,7168;983624,1172;992170,1179;981624,1172;21;18;1;14,115;Usme I y II
R1;E-056;19;CIUDAD BOLIVAR;21_SII_2025;UNIÓN TEMPORAL MOVICOL;ESPECIAL;11;BUSETA;NO;DISTRITAL;2,1185E+11;COLEGIO RURAL PASQUILLA (IED);A;TARDE;RURAL;6:00;#N/A;#N/A;1;0;1;0;0;0;1;0;0;0;GENERAL;7:00;360;420;-1;844;0;844;16337,1186;199,3617201;1030;989860,7168;983624,1172;992170,1179;981624,1172;21;18;1;16,337;Usme I y II
R1;R-079;19;CIUDAD BOLIVAR;21_SII_2025;UNIÓN TEMPORAL MOVICOL;RURAL;11;BUSETA;NO;DISTRITAL;2,1185E+11;COLEGIO RURAL PASQUILLA (IED);A;TARDE;RURAL;11:15;17:15;17:20;1;1;2;1;1;1;1;1;0;0;GENERAL;12:15;675;735;-1;838;0;838;16279,06388;199,4308547;1030;989860,7168;983624,1172;992170,1179;981624,1172;21;18;5;32,693;Usme I y II
R1;R-080;19;CIUDAD BOLIVAR;21_SII_2025;UNIÓN TEMPORAL MOVICOL;RURAL;10;BUS;NO;DISTRITAL;2,1185E+11;COLEGIO RURAL PASQUILLA (IED);A;MAÑANA;RURAL;6:00;12:05;12:10;1;1;2;1;1;1;1;1;0;0;GENERAL;7:00;360;420;-1;746;0;746;15560,48018;200,0567385;1030;989860,7168;983624,1172;992170,1179;981624,1172;21;18;5;31,12;Usme I y II
R1;R-080;19;CIUDAD BOLIVAR;21_SII_2025;UNIÓN TEMPORAL MOVICOL;RURAL;10;BUS;NO;DISTRITAL;2,1185E+11;COLEGIO RURAL PASQUILLA (IED);A;MAÑANA;RURAL;6:00;12:05;12:10;1;1;2;1;1;1;1;1;0;0;GENERAL;7:00;360;420;-1;746;0;746;15560,48018;200,0567385;1030;989860,7168;983624,1172;992170,1179;981624,1172;21;18;5;31,12;Usme I y II
R1;R-081;19;CIUDAD BOLIVAR;21_SII_2025;UNIÓN TEMPORAL MOVICOL;RURAL;10;BUS;NO;DISTRITAL;2,1185E+11;COLEGIO RURAL PASQUILLA (IED);A;MAÑANA/ÚNICA;RURAL;5:50;12:15;12:20;1;1;2;1;1;1;1;1;0;0;GENERAL;6:15;350;375;-1;847;0;847;8010,675316;71,63404016;1030;989860,7168;983624,1172;992170,1179;981624,1172;21;18;5;16,012;Usme I y II
R1;R-083;19;CIUDAD BOLIVAR;21_SII_2025;UNIÓN TEMPORAL MOVICOL;RURAL;11;BUSETA;NO;DISTRITAL;2,1185E+11;COLEGIO RURAL PASQUILLA (IED);A;MAÑANA;RURAL;5:50;12:05;12:10;2;2;4;1;1;1;1;1;0;0;GENERAL;7:00;350;420;-1;985;0;985;20511,06364;202,5695934;1030;989860,7168;983624,1172;992170,1179;981624,1172;21;18;5;43,017;Usme I y II
R1;R-084;19;CIUDAD BOLIVAR;21_SII_2025;UNIÓN TEMPORAL MOVICOL;RURAL;11;BUSETA;NO;DISTRITAL;2,1185E+11;COLEGIO RURAL PASQUILLA (IED);A;TARDE;RURAL;11:15;18:15;18:20;1;1;2;1;1;1;1;1;0;0;GENERAL;12:15;675;735;-1;826;0;826;15507,8276;199,3617201;1030;989860,7168;983624,1172;992170,1179;981624,1172;21;18;5;31,016;Usme I y II
R1;R-085;19;CIUDAD BOLIVAR;21_SII_2025;UNIÓN TEMPORAL MOVICOL;RURAL;10;BUS;NO;DISTRITAL;2,1185E+11;COLEGIO RURAL PASQUILLA (IED);A;MAÑANA/ÚNICA;RURAL;5:15;12:15;12:20;1;1;2;1;1;1;1;1;0;0;GENERAL;6:15;315;375;-1;496;0;496;15824,41116;200,6473329;1030;989860,7168;983624,1172;992170,1179;981624,1172;21;18;5;31,673;Usme I y II
R1;R-086;19;CIUDAD BOLIVAR;21_SII_2025;UNIÓN TEMPORAL MOVICOL;RURAL;11;BUSETA;NO;DISTRITAL;2,1185E+11;COLEGIO RURAL PASQUILLA (IED);A;MAÑANA/ÚNICA;RURAL;5:10;12:15;12:20;2;2;4;1;1;1;1;1;0;0;GENERAL;6:15;310;375;-1;477;0;477;20257,78347;200,5220122;1030;989860,7168;983624,1172;992170,1179;981624,1172;21;18;5;43,058;Usme I y II
R1;R-088;19;CIUDAD BOLIVAR;21_SII_2025;UNIÓN TEMPORAL MOVICOL;RURAL;10;BUS;NO;DISTRITAL;2,1185E+11;COLEGIO RURAL PASQUILLA (IED);A;MAÑANA;RURAL;5:50;12:05;12:10;2;2;4;1;1;1;1;1;0;0;GENERAL;7:00;350;420;-1;474;0;474;19318,04396;200,5220122;1030;989860,7168;983624,1172;992170,1179;981624,1172;21;18;5;41,36;Usme I y II
R1;R-089;19;CIUDAD BOLIVAR;21_SII_2025;UNIÓN TEMPORAL MOVICOL;RURAL;13;MICROBUS;NO;DISTRITAL;2,1185E+11;COLEGIO RURAL PASQUILLA (IED);A;MAÑANA;RURAL;6:05;12:05;12:10;1;1;2;1;1;1;1;1;0;0;GENERAL;7:00;365;420;-1;405;0;405;13925,1707;214,4327261;1030;989860,7168;983624,1172;992170,1179;981624,1172;21;18;5;27,863;Usme I y II
R1;R-090;19;CIUDAD BOLIVAR;21_SII_2025;UNIÓN TEMPORAL MOVICOL;RURAL;10;BUS;NO;DISTRITAL;2,1185E+11;COLEGIO RURAL PASQUILLA (IED);A;MAÑANA/ÚNICA;RURAL;5:30;12:15;12:20;1;1;2;1;1;1;1;1;0;0;GENERAL;6:15;330;375;-1;708;0;708;13984,71353;199,2194017;1030;989860,7168;983624,1172;992170,1179;981624,1172;21;18;5;27,961;Usme I y II
R1;R-093;19;CIUDAD BOLIVAR;21_SII_2025;UNIÓN TEMPORAL MOVICOL;RURAL;10;BUS;NO;DISTRITAL;2,1185E+11;COLEGIO RURAL PASQUILLA (IED);A;TARDE;RURAL;11:30;17:15;17:20;1;1;2;1;1;1;1;1;0;0;GENERAL;12:15;690;735;-1;650;0;650;12944,71875;73,36455224;1030;989860,7168;983624,1172;992170,1179;981624,1172;21;18;5;25,89;Usme I y II
R1;R-094;19;CIUDAD BOLIVAR;21_SII_2025;UNIÓN TEMPORAL MOVICOL;RURAL;11;BUSETA;NO;DISTRITAL;2,1185E+11;COLEGIO RURAL PASQUILLA (IED);A;TARDE;RURAL;11:45;18:15;18:20;1;1;2;1;1;1;1;1;0;0;GENERAL;12:15;705;735;-1;843;0;843;8065,170206;201,9748908;1030;989860,7168;983624,1172;992170,1179;981624,1172;21;18;5;16,128;Usme I y II
R1;R-095;19;CIUDAD BOLIVAR;21_SII_2025;UNIÓN TEMPORAL MOVICOL;RURAL;11;BUSETA;NO;DISTRITAL;2,1185E+11;COLEGIO RURAL PASQUILLA (IED);A;TARDE;RURAL;11:30;18:15;18:20;1;1;2;1;1;1;1;1;0;0;GENERAL;12:15;690;735;-1;369;0;369;12346,40975;199,6604999;1030;989860,7168;983624,1172;992170,1179;981624,1172;21;18;5;24,692;Usme I y II
R1;R-097;19;CIUDAD BOLIVAR;21_SII_2025;UNIÓN TEMPORAL MOVICOL;RURAL;11;BUSETA;NO;DISTRITAL;2,1185E+11;COLEGIO RURAL PASQUILLA (IED);A;TARDE;RURAL;10:50;17:15;17:20;2;2;4;1;1;1;1;1;0;0;GENERAL;12:15;650;735;-1;1062;0;1062;21670,44922;199,3617201;1030;989860,7168;983624,1172;992170,1179;981624,1172;21;18;5;43,488;Usme I y II
R1;R-098;19;CIUDAD BOLIVAR;21_SII_2025;UNIÓN TEMPORAL MOVICOL;RURAL;11;BUSETA;NO;DISTRITAL;2,1185E+11;COLEGIO RURAL PASQUILLA (IED);A;MAÑANA/ÚNICA;RURAL;5:25;12:15;12:20;1;1;2;1;1;1;1;1;0;0;GENERAL;6:15;325;375;-1;411;0;411;14707,28347;200,4451161;1030;989860,7168;983624,1172;992170,1179;981624,1172;21;18;5;29,631;Usme I y II
R1;R-098;19;CIUDAD BOLIVAR;21_SII_2025;UNIÓN TEMPORAL MOVICOL;RURAL;11;BUSETA;NO;DISTRITAL;2,1185E+11;COLEGIO RURAL PASQUILLA (IED);A;MAÑANA/ÚNICA;RURAL;5:25;12:15;12:20;1;1;2;1;1;1;1;1;0;0;GENERAL;6:15;325;375;-1;411;0;411;14923,76772;200,4451161;1030;989860,7168;983624,1172;992170,1179;981624,1172;21;18;5;29,631;Usme I y II
R1;R-099;19;CIUDAD BOLIVAR;21_SII_2025;UNIÓN TEMPORAL MOVICOL;RURAL;11;BUSETA;NO;DISTRITAL;2,1185E+11;COLEGIO RURAL PASQUILLA (IED);A;MAÑANA/ÚNICA;RURAL;5:30;12:15;12:20;1;1;2;1;1;1;1;1;0;0;GENERAL;6:15;330;375;-1;370;0;370;13844,04619;198,8072433;1030;989860,7168;983624,1172;992170,1179;981624,1172;21;18;5;28,331;Usme I y II
R1;R-100;19;CIUDAD BOLIVAR;21_SII_2025;UNIÓN TEMPORAL MOVICOL;RURAL;11;BUSETA;NO;DISTRITAL;2,1185E+11;COLEGIO RURAL PASQUILLA (IED);A;TARDE;RURAL;11:30;18:15;18:20;1;1;2;1;1;1;1;1;0;0;GENERAL;12:15;690;735;-1;480;0;480;12881,96525;195,9458306;1030;989860,7168;983624,1172;992170,1179;981624,1172;21;18;5;25,764;Usme I y II
R1;R-100;19;CIUDAD BOLIVAR;21_SII_2025;UNIÓN TEMPORAL MOVICOL;RURAL;11;BUSETA;NO;DISTRITAL;2,1185E+11;COLEGIO RURAL PASQUILLA (IED);A;TARDE;RURAL;11:30;18:15;18:20;1;1;2;1;1;1;1;1;0;0;GENERAL;12:15;690;735;-1;480;0;480;12881,79978;195,9458306;1030;989860,7168;983624,1172;992170,1179;981624,1172;21;18;5;25,764;Usme I y II
R1;R-102;19;CIUDAD BOLIVAR;21_SII_2025;UNIÓN TEMPORAL MOVICOL;RURAL;11;BUSETA;NO;DISTRITAL;2,1185E+11;COLEGIO RURAL PASQUILLA (IED);A;TARDE;RURAL;11:30;17:15;17:20;1;1;2;1;1;1;1;1;0;0;GENERAL;12:15;690;735;-1;316;0;316;13832,64789;198,5326752;1030;989860,7168;983624,1172;992170,1179;981624,1172;21;18;5;28,322;Usme I y II
R1;R-105;19;CIUDAD BOLIVAR;21_SII_2025;UNIÓN TEMPORAL MOVICOL;RURAL;11;BUSETA;NO;DISTRITAL;2,1185E+11;COLEGIO RURAL PASQUILLA (IED);A;MAÑANA/ÚNICA;RURAL;5:00;12:15;12:20;2;2;4;1;1;1;1;1;0;0;GENERAL;6:15;300;375;-1;1121;0;1121;22044,22706;199,4883945;1030;989860,7168;983624,1172;992170,1179;981624,1172;21;18;5;44,366;Usme I y II
R1;R-106;19;CIUDAD BOLIVAR;21_SII_2025;UNIÓN TEMPORAL MOVICOL;RURAL;10;BUS;NO;DISTRITAL;2,1185E+11;COLEGIO RURAL PASQUILLA (IED);A;MAÑANA/ÚNICA;RURAL;5:30;12:15;12:20;1;1;2;1;1;1;1;1;0;0;GENERAL;6:15;330;375;-1;309;0;309;12829,70037;200,2753367;1030;989860,7168;983624,1172;992170,1179;981624,1172;21;18;5;25,599;Usme I y II
R1;R-107;19;CIUDAD BOLIVAR;21_SII_2025;UNIÓN TEMPORAL MOVICOL;RURAL;11;BUSETA;NO;DISTRITAL;2,1185E+11;COLEGIO RURAL PASQUILLA (IED);A;TARDE;RURAL;10:50;18:15;18:20;2;2;4;1;1;1;1;1;0;0;GENERAL;12:15;650;735;-1;965;0;965;21606,47328;180,0060946;1030;989860,7168;983624,1172;992170,1179;981624,1172;21;18;5;45,748;Usme I y II
R1;R-109;19;CIUDAD BOLIVAR;21_SII_2025;UNIÓN TEMPORAL MOVICOL;RURAL;13;MICROBUS;NO;DISTRITAL;2,1185E+11;COLEGIO RURAL PASQUILLA (IED);A;TARDE;RURAL;11:00;18:15;18:20;2;2;4;1;1;1;1;1;0;0;GENERAL;12:15;660;735;-1;463;0;463;20256,04696;200,5220122;1030;989860,7168;983624,1172;992170,1179;981624,1172;21;18;5;41,909;Usme I y II
R1;R-110;19;CIUDAD BOLIVAR;21_SII_2025;UNIÓN TEMPORAL MOVICOL;RURAL;11;BUSETA;NO;DISTRITAL;2,1185E+11;COLEGIO RURAL PASQUILLA (IED);A;TARDE;RURAL;11:25;18:15;18:20;1;1;2;1;1;1;1;1;0;0;GENERAL;12:15;685;735;-1;321;0;321;13092,44899;199,8788325;1030;989860,7168;983624,1172;992170,1179;981624,1172;21;18;5;26,184;Usme I y II
R1;R-111;19;CIUDAD BOLIVAR;21_SII_2025;UNIÓN TEMPORAL MOVICOL;RURAL;10;BUS;NO;DISTRITAL;2,1185E+11;COLEGIO RURAL PASQUILLA (IED);A;MAÑANA/ÚNICA;RURAL;5:40;12:15;12:20;1;1;2;1;1;1;1;1;0;0;GENERAL;6:15;340;375;-1;627;0;627;11414,95631;73,36455224;1030;989860,7168;983624,1172;992170,1179;981624,1172;21;18;5;22,826;Usme I y II
R1;R-499;19;CIUDAD BOLIVAR;21_SII_2025;UNIÓN TEMPORAL MOVICOL;RURAL;10;BUS;NO;DISTRITAL;2,1185E+11;COLEGIO RURAL PASQUILLA (IED);A;ÚNICA;RURAL;5:00;15:15;15:20;2;2;4;1;1;1;1;1;0;0;GENERAL;6:15;300;375;-1;964;0;964;22573,33381;199,3617201;1030;989860,7168;983624,1172;992170,1179;981624,1172;21;18;5;47,64;Usme I y II
R1;R-500;19;CIUDAD BOLIVAR;21_SII_2025;UNIÓN TEMPORAL MOVICOL;RURAL;10;BUS;NO;DISTRITAL;2,1185E+11;COLEGIO RURAL PASQUILLA (IED);A;ÚNICA;RURAL;5:15;15:15;15:20;1;1;2;1;1;1;1;1;0;0;GENERAL;6:15;315;375;-1;795;0;795;15903,37777;199,3617201;1030;989860,7168;983624,1172;992170,1179;981624,1172;21;18;5;31,8;Usme I y II
R1;R-501;19;CIUDAD BOLIVAR;21_SII_2025;UNIÓN TEMPORAL MOVICOL;RURAL;10;BUS;NO;DISTRITAL;2,1185E+11;COLEGIO RURAL PASQUILLA (IED);A;ÚNICA;RURAL;5:15;15:15;15:20;1;1;2;1;1;1;1;1;0;0;GENERAL;6:15;315;375;-1;936;0;936;18062,06982;199,3617201;1030;989860,7168;983624,1172;992170,1179;981624,1172;21;18;5;36,215;Usme I y II
R1;R-502;19;CIUDAD BOLIVAR;21_SII_2025;UNIÓN TEMPORAL MOVICOL;RURAL;13;MICROBUS;NO;DISTRITAL;2,1185E+11;COLEGIO RURAL PASQUILLA (IED);A;ÚNICA;RURAL;5:45;15:15;15:20;1;1;2;1;1;1;1;1;0;0;GENERAL;6:15;345;375;-1;876;0;876;7454,433942;198,5041539;1030;989860,7168;983624,1172;992170,1179;981624,1172;21;18;5;14,909;Usme I y II
R1;R-113;19;CIUDAD BOLIVAR;21_SII_2025;UNIÓN TEMPORAL MOVICOL;RURAL;13;MICROBUS;NO;DISTRITAL;2,1185E+11;COLEGIO RURAL PASQUILLA (IED);C;ÚNICA;RURAL;6:35;13:00;13:05;1;1;2;1;1;1;1;1;0;0;GENERAL;7:00;395;420;-1;266;0;266;6233,750521;21,63206017;1030;989860,7168;983624,1172;992170,1179;981624,1172;21;18;5;12,468;Usme I y II
R1;R-092;19;CIUDAD BOLIVAR;21_SII_2025;UNIÓN TEMPORAL MOVICOL;RURAL;10;BUS;NO;DISTRITAL;2,1185E+11;COLEGIO RURAL PASQUILLA (IED);A/C;ÚNICA;RURAL;6:00;13:00;13:05;1;1;2;1;1;1;1;1;0;0;GENERAL;7:00;360;420;-1;447;0;447;15066,27168;118,6258347;1031;989860,7168;981624,1172;992170,1179;979624,1172;22;18;5;30,132;0
R1;R-087;19;CIUDAD BOLIVAR;21_SII_2025;UNIÓN TEMPORAL MOVICOL;RURAL;11;BUSETA;NO;DISTRITAL;2,1185E+11;COLEGIO RURAL PASQUILLA (IED);B;ÚNICA;RURAL;6:00;13:00;13:05;1;1;2;1;1;1;1;1;0;0;GENERAL;7:00;360;420;-1;659;0;659;19363,6674;186,6973529;1032;989860,7168;979624,1172;992170,1179;977624,1172;23;18;5;38,718;0
R1;R-493;19;CIUDAD BOLIVAR;21_SII_2025;UNIÓN TEMPORAL MOVICOL;RURAL;13;MICROBUS;NO;DISTRITAL;2,1185E+11;COLEGIO RURAL PASQUILLA (IED);A/B;ÚNICA;RURAL;6:25;13:00;13:05;1;1;2;1;1;1;1;1;0;0;GENERAL;7:00;385;420;-1;787;0;787;13259,25195;188,1656943;1032;989860,7168;979624,1172;992170,1179;977624,1172;23;18;5;26,518;0
R1;R-018;5;USME;18_SIII_2025;UNIÓN TEMPORAL SRD TRANSPORTE DE PASAJEROS COLOMBIA;RURAL;11;BUSETA;NO;DISTRITAL;2,1185E+11;COLEGIO EL DESTINO (IED);A;ÚNICA;RURAL;6:00;14:55;15:00;1;1;2;1;1;1;1;1;0;0;GENERAL;7:00;360;420;-1;873;5;103;12062,60832;338,1314622;1032;989860,7168;979624,1172;992170,1179;977624,1172;23;18;5;24,126;0
R1;R-021;5;USME;18_SIII_2025;UNIÓN TEMPORAL SRD TRANSPORTE DE PASAJEROS COLOMBIA;RURAL;10;BUS;NO;DISTRITAL;2,1185E+11;COLEGIO EL DESTINO (IED);A;ÚNICA;RURAL;5:25;14:55;15:00;2;2;4;1;1;1;1;1;0;0;GENERAL;7:00;325;420;-1;197;0;197;4196,819216;212,8256209;1032;989860,7168;979624,1172;992170,1179;977624,1172;23;18;5;45,835;0
R1;R-055;5;USME;18_SIII_2025;UNIÓN TEMPORAL SRD TRANSPORTE DE PASAJEROS COLOMBIA;RURAL;10;BUS;NO;DISTRITAL;2,1185E+11;COLEGIO RURAL EL HATO (CED);A;ÚNICA;RURAL;6:00;13:55;14:00;1;1;2;1;1;1;1;1;0;0;GENERAL;7:00;360;420;-1;597;2;13;17484,23623;234,3237821;1033;989860,7168;977624,1172;992170,1179;975624,1172;24;18;5;36,36;0
R1;R-483;5;USME;2_CV_2025;CONSORCIO RUTAS SEGURAS;RURAL;14;VAN;NO;DISTRITAL;2,1185E+11;COLEGIO RURAL LOS ANDES (CED);A;MAÑANA/ÚNICA;RURAL;6:30;14:55;15:00;1;1;2;1;1;1;1;1;0;0;GENERAL;7:30;390;450;-1;545;0;545;8649,849269;90,00668203;1035;989860,7168;973624,1172;992170,1179;971624,1172;26;18;5;17,3;0
R1;S-058;20;SUMAPAZ;2_CV_2025;CONSORCIO RUTAS SEGURAS;SUMAPAZ;12;CAMIONETA 4X4;NO;DISTRITAL;2,11001E+11;COLEGIO CAMPESTRE JAIME GARZON (IED);A;ÚNICA;RURAL-S;7:35;14:55;15:00;1;1;2;1;1;1;1;1;0;0;GENERAL;7:55;455;475;-1;343;0;343;4395,029651;57,762941;1046;989860,7168;951624,1172;992170,1179;949624,1172;37;18;5;8,79;0
R1;S-058;20;SUMAPAZ;2_CV_2025;CONSORCIO RUTAS SEGURAS;SUMAPAZ;12;CAMIONETA 4X4;NO;DISTRITAL;2,11001E+11;COLEGIO CAMPESTRE JAIME GARZON (IED);A;ÚNICA;RURAL-S;7:35;14:55;15:00;1;1;2;1;1;1;1;1;0;0;GENERAL;7:55;455;475;-1;343;0;343;4395,029651;57,762941;1046;989860,7168;951624,1172;992170,1179;949624,1172;37;18;5;8,79;0
R1;U-1086;9;FONTIBON;9_SII_2025;UNIÓN TEMPORAL LCT-2022;URBANO;13;MICROBUS;NO;DISTRITAL;1,11279E+11;COLEGIO COSTA RICA (IED);A;TARDE/ÚNICA;URBANO;11:30;18:00;18:05;1;1;2;1;1;1;1;1;0;0;GENERAL;12:10;690;730;-1;251;0;251;8113,5647;243,5161858;1072;991592,7676;1010624,117;993902,1687;1008624,117;7;19;5;15,094;Fontibón
R1;U-336;9;FONTIBON;9_SII_2025;UNIÓN TEMPORAL LCT-2022;URBANO;13;MICROBUS;NO;DISTRITAL;1,11279E+11;COLEGIO COSTA RICA (IED);A;ÚNICA;URBANO;5:20;11:55;12:00;1;1;2;1;1;1;1;1;0;0;GENERAL;6:00;320;360;-1;150;0;150;5279,725717;243,5161829;1072;991592,7676;1010624,117;993902,1687;1008624,117;7;19;5;10,674;Fontibón
R1;U-338;9;FONTIBON;9_SII_2025;UNIÓN TEMPORAL LCT-2022;URBANO;13;MICROBUS;NO;DISTRITAL;1,11279E+11;COLEGIO COSTA RICA (IED);A;ÚNICA;URBANO;5:30;11:55;12:00;1;1;2;1;1;1;1;1;0;0;GENERAL;6:00;330;360;-1;157;0;157;4645,542281;64,51923157;1072;991592,7676;1010624,117;993902,1687;1008624,117;7;19;5;8,655;Fontibón
R1;U-339;9;FONTIBON;1_CV_2025;CONSORCIO RUTAS SEGURAS;URBANO;14;VAN;NO;DISTRITAL;1,11279E+11;COLEGIO COSTA RICA (IED);A;ÚNICA;URBANO;5:10;11:55;12:00;1;1;2;1;1;1;1;1;0;0;GENERAL;6:00;310;360;-1;138;0;138;4573,670834;141,6218619;1072;991592,7676;1010624,117;993902,1687;1008624,117;7;19;5;9,214;Fontibón
R1;U-354;9;FONTIBON;9_SII_2025;UNIÓN TEMPORAL LCT-2022;URBANO;11;BUSETA;NO;DISTRITAL;1,11279E+11;COLEGIO VILLEMAR EL CARMEN (IED);C;TARDE;URBANO;12:00;17:25;17:30;1;1;2;1;1;1;1;1;0;0;GENERAL;12:30;720;750;-1;148;0;148;4876,928955;231,5825375;1072;991592,7676;1010624,117;993902,1687;1008624,117;7;19;5;9,596;Fontibón
R1;U-355;9;FONTIBON;9_SII_2025;UNIÓN TEMPORAL LCT-2022;URBANO;13;MICROBUS;NO;DISTRITAL;1,11279E+11;COLEGIO VILLEMAR EL CARMEN (IED);C;TARDE;URBANO;12:00;17:25;17:30;1;1;2;1;1;1;1;1;0;0;GENERAL;12:30;720;750;-1;131;0;131;4284,034591;324,376753;1072;991592,7676;1010624,117;993902,1687;1008624,117;7;19;5;8,393;Fontibón
R1;U-1545;8;KENNEDY;8_SII_2025;UNIÓN TEMPORAL SRD TRANSPORTE DE PASAJEROS COLOMBIA;URBANO;13;MICROBUS;NO;DISTRITAL;1,11001E+11;COLEGIO SAN JOSE DE CASTILLA (IED);C;ÚNICA;URBANO;5:45;13:10;13:15;1;1;2;1;1;1;1;1;0;0;GENERAL;6:30;345;390;-1;295;0;295;7167,956809;290,4972249;1074;991592,7676;1006624,117;993902,1687;1004624,117;9;19;5;13,864;0
R1;U-1566;8;KENNEDY;8_SII_2025;UNIÓN TEMPORAL SRD TRANSPORTE DE PASAJEROS COLOMBIA;URBANO;13;MICROBUS;NO;DISTRITAL;1,11001E+11;COLEGIO CASTILLA (IED);A;TARDE;URBANO;11:40;18:35;18:40;1;1;2;1;1;1;1;1;0;0;GENERAL;12:15;700;735;-1;181;0;181;5118,090746;208,1584018;1074;991592,7676;1006624,117;993902,1687;1004624,117;9;19;5;11,788;0
R1;U-1567;8;KENNEDY;8_SII_2025;UNIÓN TEMPORAL SRD TRANSPORTE DE PASAJEROS COLOMBIA;URBANO;13;MICROBUS;NO;DISTRITAL;1,11001E+11;COLEGIO CASTILLA (IED);A;MAÑANA;URBANO;5:20;12:25;12:30;1;1;2;1;1;1;1;1;0;0;GENERAL;6:00;320;360;-1;287;0;287;7508,380998;206,6480129;1074;991592,7676;1006624,117;993902,1687;1004624,117;9;19;5;16,558;0
R1;U-1576;8;KENNEDY;8_SII_2025;UNIÓN TEMPORAL SRD TRANSPORTE DE PASAJEROS COLOMBIA;URBANO;13;MICROBUS;NO;DISTRITAL;1,11001E+11;COLEGIO CASTILLA (IED);A;MAÑANA;URBANO;5:15;11:35;11:40;1;1;2;1;1;1;1;1;0;0;GENERAL;6:10;315;370;-1;498;0;498;10677,67606;206,6480115;1074;991592,7676;1006624,117;993902,1687;1004624,117;9;19;5;25,158;0
R1;U-1577;8;KENNEDY;8_SII_2025;UNIÓN TEMPORAL SRD TRANSPORTE DE PASAJEROS COLOMBIA;URBANO;13;MICROBUS;NO;DISTRITAL;1,11001E+11;COLEGIO CASTILLA (IED);A;MAÑANA;URBANO;5:00;12:30;12:35;1;1;2;1;1;1;1;1;0;0;GENERAL;6:00;300;360;-1;705;0;705;16626,73014;208,3870978;1074;991592,7676;1006624,117;993902,1687;1004624,117;9;19;5;32,488;0
R1;U-1578;8;KENNEDY;8_SII_2025;UNIÓN TEMPORAL SRD TRANSPORTE DE PASAJEROS COLOMBIA;URBANO;13;MICROBUS;NO;DISTRITAL;1,11001E+11;COLEGIO CASTILLA (IED);A;TARDE;URBANO;11:25;17:35;17:40;1;1;2;1;1;1;1;1;0;0;GENERAL;12:15;685;735;-1;426;0;426;9865,245631;208,6973734;1074;991592,7676;1006624,117;993902,1687;1004624,117;9;19;5;23,599;0
R1;U-1579;8;KENNEDY;8_SII_2025;UNIÓN TEMPORAL SRD TRANSPORTE DE PASAJEROS COLOMBIA;URBANO;13;MICROBUS;NO;DISTRITAL;1,11001E+11;COLEGIO CASTILLA (IED);A;TARDE;URBANO;11:15;18:35;18:40;1;1;2;1;1;1;1;1;0;0;GENERAL;12:15;675;735;-1;773;0;773;16946,244;29,14233958;1074;991592,7676;1006624,117;993902,1687;1004624,117;9;19;5;30,844;0
R1;U-1620;8;KENNEDY;8_SII_2025;UNIÓN TEMPORAL SRD TRANSPORTE DE PASAJEROS COLOMBIA;URBANO;13;MICROBUS;NO;DISTRITAL;1,11001E+11;COLEGIO GENERAL GUSTAVO ROJAS PINILLA (IED);A;TARDE;URBANO;11:45;18:25;18:30;1;1;2;1;1;1;1;1;0;0;GENERAL;12:25;705;745;-1;365;0;365;9616,190534;314,9083687;1074;991592,7676;1006624,117;993902,1687;1004624,117;9;19;5;17,698;0
R1;U-258;8;KENNEDY;8_SII_2025;UNIÓN TEMPORAL SRD TRANSPORTE DE PASAJEROS COLOMBIA;URBANO;10;BUS;NO;DISTRITAL;1,11001E+11;COLEGIO CASTILLA (IED);A;MAÑANA;URBANO;5:30;11:30;11:35;1;1;2;1;1;1;1;1;0;0;GENERAL;6:10;330;370;-1;158;0;158;4799,610855;206,64801;1074;991592,7676;1006624,117;993902,1687;1004624,117;9;19;5;11,63;0
R1;U-259;8;KENNEDY;8_SII_2025;UNIÓN TEMPORAL SRD TRANSPORTE DE PASAJEROS COLOMBIA;URBANO;10;BUS;NO;DISTRITAL;1,11001E+11;COLEGIO CASTILLA (IED);A;MAÑANA;URBANO;5:15;12:25;12:30;1;1;2;1;1;1;1;1;0;0;GENERAL;6:00;315;360;-1;267;0;267;7056,239768;206,6480129;1074;991592,7676;1006624,117;993902,1687;1004624,117;9;19;5;15,689;0
R1;U-260;8;KENNEDY;8_SII_2025;UNIÓN TEMPORAL SRD TRANSPORTE DE PASAJEROS COLOMBIA;URBANO;11;BUSETA;NO;DISTRITAL;1,11001E+11;COLEGIO CASTILLA (IED);A;TARDE;URBANO;11:45;17:35;17:40;1;1;2;1;1;1;1;1;0;0;GENERAL;12:15;705;735;-1;154;0;154;4646,006447;299,9896379;1074;991592,7676;1006624,117;993902,1687;1004624,117;9;19;5;11,182;0
R1;U-261;8;KENNEDY;8_SII_2025;UNIÓN TEMPORAL SRD TRANSPORTE DE PASAJEROS COLOMBIA;URBANO;11;BUSETA;NO;DISTRITAL;1,11001E+11;COLEGIO CASTILLA (IED);A;TARDE;URBANO;12:00;17:35;17:40;1;1;2;1;1;1;1;1;0;0;GENERAL;12:15;720;735;-1;152;0;152;5055,273874;225,1022963;1074;991592,7676;1006624,117;993902,1687;1004624,117;9;19;5;10,53;0
R1;U-262;8;KENNEDY;8_SII_2025;UNIÓN TEMPORAL SRD TRANSPORTE DE PASAJEROS COLOMBIA;URBANO;10;BUS;NO;DISTRITAL;1,11001E+11;COLEGIO CASTILLA (IED);A;TARDE;URBANO;11:40;18:35;18:40;1;1;2;1;1;1;1;1;0;0;GENERAL;12:15;700;735;-1;173;0;173;4350,483299;206,6480129;1074;991592,7676;1006624,117;993902,1687;1004624,117;9;19;5;10,747;0
R1;U-268;8;KENNEDY;8_SII_2025;UNIÓN TEMPORAL SRD TRANSPORTE DE PASAJEROS COLOMBIA;URBANO;10;BUS;NO;DISTRITAL;1,11001E+11;COLEGIO GENERAL GUSTAVO ROJAS PINILLA (IED);A;MAÑANA;URBANO;5:10;11:45;11:50;1;1;2;1;1;1;1;1;0;0;GENERAL;6:00;310;360;-1;270;0;270;7506,63384;320,6208318;1074;991592,7676;1006624,117;993902,1687;1004624,117;9;19;5;13,69;0
R1;U-269;8;KENNEDY;8_SII_2025;UNIÓN TEMPORAL SRD TRANSPORTE DE PASAJEROS COLOMBIA;URBANO;10;BUS;SI;DISTRITAL;1,11001E+11;COLEGIO GENERAL GUSTAVO ROJAS PINILLA (IED);A;TARDE;URBANO;11:45;18:20;18:25;1;1;2;1;1;1;1;1;0;0;GENERAL;12:25;705;745;-1;395;0;395;9605,632333;314,9083687;1074;991592,7676;1006624,117;993902,1687;1004624,117;9;19;5;18,86;0
R1;U-271;8;KENNEDY;8_SII_2025;UNIÓN TEMPORAL SRD TRANSPORTE DE PASAJEROS COLOMBIA;URBANO;11;BUSETA;NO;DISTRITAL;1,11001E+11;COLEGIO GENERAL GUSTAVO ROJAS PINILLA (IED);A;MAÑANA;URBANO;5:30;12:00;12:05;1;1;2;1;1;1;1;1;0;0;GENERAL;6:00;330;360;-1;263;0;263;5572,82814;321,6207746;1074;991592,7676;1006624,117;993902,1687;1004624,117;9;19;5;12,504;0
R1;U-272;8;KENNEDY;8_SII_2025;UNIÓN TEMPORAL SRD TRANSPORTE DE PASAJEROS COLOMBIA;URBANO;13;MICROBUS;SI;DISTRITAL;1,11001E+11;COLEGIO GENERAL GUSTAVO ROJAS PINILLA (IED);A;TARDE;URBANO;11:50;18:25;18:30;1;1;2;1;1;1;1;1;0;0;GENERAL;12:25;710;745;-1;273;0;273;8079,312993;314,9083687;1074;991592,7676;1006624,117;993902,1687;1004624,117;9;19;5;15,647;0
R1;U-329;8;KENNEDY;8_SII_2025;UNIÓN TEMPORAL SRD TRANSPORTE DE PASAJEROS COLOMBIA;URBANO;11;BUSETA;NO;DISTRITAL;1,11001E+11;COLEGIO SAN JOSE DE CASTILLA (IED);C;TARDE;URBANO;11:35;17:25;17:30;1;1;2;1;1;1;1;1;0;0;GENERAL;12:15;695;735;-1;294;0;294;7457,664951;45,04423919;1074;991592,7676;1006624,117;993902,1687;1004624,117;9;19;5;15,517;0
R1;U-328;8;KENNEDY;8_SII_2025;UNIÓN TEMPORAL SRD TRANSPORTE DE PASAJEROS COLOMBIA;URBANO;10;BUS;NO;DISTRITAL;1,11001E+11;COLEGIO SAN JOSE DE CASTILLA (IED);C;MAÑANA;URBANO;5:30;11:40;11:45;1;1;2;1;1;1;1;1;0;0;GENERAL;6:30;330;390;-1;490;1;2;11240,96926;50,81387347;1074;991592,7676;1006624,117;993902,1687;1004624,117;9;19;5;22,371;0
R1;U-1082;8;KENNEDY;10_SII_2025;UNIÓN TEMPORAL SRD TRANSPORTE DE PASAJEROS COLOMBIA;URBANO;10;BUS;NO;DISTRITAL;1,11001E+11;COLEGIO LA AMISTAD (IED);A;TARDE;URBANO;11:20;17:50;17:55;1;1;2;1;1;1;1;1;0;0;GENERAL;12:15;680;735;-1;395;0;395;8017,957917;224,1323984;1075;991592,7676;1004624,117;993902,1687;1002624,117;10;19;5;14,908;0
R1;U-1083;8;KENNEDY;10_SII_2025;UNIÓN TEMPORAL SRD TRANSPORTE DE PASAJEROS COLOMBIA;URBANO;11;BUSETA;NO;DISTRITAL;1,11001E+11;COLEGIO LA AMISTAD (IED);A;TARDE;URBANO;11:20;17:50;17:55;1;1;2;1;1;1;1;1;0;0;GENERAL;12:15;680;735;-1;326;0;326;6663,449934;224,1323984;1075;991592,7676;1004624,117;993902,1687;1002624,117;10;19;5;14,336;0
R1;U-1570;8;KENNEDY;10_SII_2025;UNIÓN TEMPORAL SRD TRANSPORTE DE PASAJEROS COLOMBIA;URBANO;11;BUSETA;NO;DISTRITAL;1,11001E+11;COLEGIO LA AMISTAD (IED);A;MAÑANA;URBANO;5:30;12:10;12:15;1;1;2;1;1;1;1;1;0;0;GENERAL;6:15;330;375;-1;393;0;393;7933,048679;224,0983299;1075;991592,7676;1004624,117;993902,1687;1002624,117;10;19;5;16,067;0
R1;U-1571;8;KENNEDY;10_SII_2025;UNIÓN TEMPORAL SRD TRANSPORTE DE PASAJEROS COLOMBIA;URBANO;11;BUSETA;NO;DISTRITAL;1,11001E+11;COLEGIO LA AMISTAD (IED);A;TARDE;URBANO;11:15;18:10;18:15;1;1;2;1;1;1;1;1;0;0;GENERAL;12:15;675;735;-1;459;0;459;10160,72268;224,1323984;1075;991592,7676;1004624,117;993902,1687;1002624,117;10;19;5;20,904;0
R1;U-1572;8;KENNEDY;8_SII_2025;UNIÓN TEMPORAL SRD TRANSPORTE DE PASAJEROS COLOMBIA;URBANO;13;MICROBUS;NO;DISTRITAL;1,11001E+11;COLEGIO SAN JOSE DE CASTILLA (IED);A;MAÑANA;URBANO;5:15;12:10;12:15;1;1;2;1;1;1;1;1;0;0;GENERAL;6:00;315;360;-1;415;0;415;8730,121514;223,3676256;1075;991592,7676;1004624,117;993902,1687;1002624,117;10;19;5;20,721;0
R1;U-1586;8;KENNEDY;8_SII_2025;UNIÓN TEMPORAL SRD TRANSPORTE DE PASAJEROS COLOMBIA;URBANO;13;MICROBUS;NO;DISTRITAL;1,11001E+11;COLEGIO KENNEDY (IED);A;ÚNICA;URBANO;5:30;14:00;14:05;1;1;2;1;1;1;1;1;0;0;GENERAL;6:30;330;390;-1;478;0;478;11389,92246;180,0051464;1075;991592,7676;1004624,117;993902,1687;1002624,117;10;19;5;22,002;0
R1;U-1587;8;KENNEDY;10_SII_2025;UNIÓN TEMPORAL SRD TRANSPORTE DE PASAJEROS COLOMBIA;URBANO;13;MICROBUS;NO;DISTRITAL;1,11001E+11;COLEGIO LA AMISTAD (IED);A;MAÑANA;URBANO;5:15;11:50;11:55;1;1;2;1;1;1;1;1;0;0;GENERAL;6:15;315;375;-1;415;0;415;9180,231133;224,1323984;1075;991592,7676;1004624,117;993902,1687;1002624,117;10;19;5;19,907;0
R1;U-292;8;KENNEDY;8_SII_2025;UNIÓN TEMPORAL SRD TRANSPORTE DE PASAJEROS COLOMBIA;URBANO;11;BUSETA;NO;DISTRITAL;1,11001E+11;COLEGIO KENNEDY (IED);C/D;ÚNICA;URBANO;6:00;13:25;13:30;1;1;2;1;1;1;1;1;0;0;GENERAL;7:00;360;420;-1;274;0;274;8095,219881;39,39092588;1075;991592,7676;1004624,117;993902,1687;1002624,117;10;19;5;16,572;0
R1;U-293;8;KENNEDY;1_CV_2025;CONSORCIO RUTAS SEGURAS;URBANO;14;VAN;NO;DISTRITAL;1,11001E+11;COLEGIO KENNEDY (IED);C/D;ÚNICA;URBANO;6:00;13:25;13:30;1;1;2;1;1;1;1;1;0;0;GENERAL;7:00;360;420;-1;471;0;471;12159,61901;43,36750342;1075;991592,7676;1004624,117;993902,1687;1002624,117;10;19;5;25,915;0
R1;U-294;8;KENNEDY;8_SII_2025;UNIÓN TEMPORAL SRD TRANSPORTE DE PASAJEROS COLOMBIA;URBANO;11;BUSETA;NO;DISTRITAL;1,11001E+11;COLEGIO KENNEDY (IED);C/D;ÚNICA;URBANO;6:00;13:25;13:30;1;1;2;1;1;1;1;1;0;0;GENERAL;7:00;360;420;-1;405;0;405;8644,764048;45,10341804;1075;991592,7676;1004624,117;993902,1687;1002624,117;10;19;5;16,203;0
R1;U-298;8;KENNEDY;10_SII_2025;UNIÓN TEMPORAL SRD TRANSPORTE DE PASAJEROS COLOMBIA;URBANO;11;BUSETA;NO;DISTRITAL;1,11001E+11;COLEGIO LA AMISTAD (IED);A;TARDE;URBANO;11:20;17:50;17:55;1;1;2;1;1;1;1;1;0;0;GENERAL;12:15;680;735;-1;475;0;475;9276,79997;224,1323984;1075;991592,7676;1004624,117;993902,1687;1002624,117;10;19;5;17,367;0
R1;U-299;8;KENNEDY;10_SII_2025;UNIÓN TEMPORAL SRD TRANSPORTE DE PASAJEROS COLOMBIA;URBANO;10;BUS;NO;DISTRITAL;1,11001E+11;COLEGIO LA AMISTAD (IED);A;MAÑANA;URBANO;5:20;12:10;12:15;1;1;2;1;1;1;1;1;0;0;GENERAL;6:15;320;375;-1;393;0;393;7935,438614;223,1941125;1075;991592,7676;1004624,117;993902,1687;1002624,117;10;19;5;16,067;0
R1;U-300;8;KENNEDY;10_SII_2025;UNIÓN TEMPORAL SRD TRANSPORTE DE PASAJEROS COLOMBIA;URBANO;10;BUS;NO;DISTRITAL;1,11001E+11;COLEGIO LA AMISTAD (IED);A;TARDE;URBANO;11:15;18:10;18:15;1;1;2;1;1;1;1;1;0;0;GENERAL;12:15;675;735;-1;472;0;472;10076,97876;224,0983299;1075;991592,7676;1004624,117;993902,1687;1002624,117;10;19;5;21,085;0
R1;U-301;8;KENNEDY;10_SII_2025;UNIÓN TEMPORAL SRD TRANSPORTE DE PASAJEROS COLOMBIA;URBANO;10;BUS;NO;DISTRITAL;1,11001E+11;COLEGIO LA AMISTAD (IED);A;MAÑANA;URBANO;5:30;11:50;11:55;1;1;2;1;1;1;1;1;0;0;GENERAL;6:15;330;375;-1;378;0;378;8482,771683;224,1323984;1075;991592,7676;1004624,117;993902,1687;1002624,117;10;19;5;16,338;0
R1;U-326;8;KENNEDY;8_SII_2025;UNIÓN TEMPORAL SRD TRANSPORTE DE PASAJEROS COLOMBIA;URBANO;11;BUSETA;NO;DISTRITAL;1,11001E+11;COLEGIO SAN JOSE DE CASTILLA (IED);A;TARDE;URBANO;11:40;18:25;18:30;1;1;2;1;1;1;1;1;0;0;GENERAL;12:20;700;740;-1;304;0;304;8454,805595;33,78521979;1075;991592,7676;1004624,117;993902,1687;1002624,117;10;19;5;17,075;0
R1;U-327;8;KENNEDY;8_SII_2025;UNIÓN TEMPORAL SRD TRANSPORTE DE PASAJEROS COLOMBIA;URBANO;11;BUSETA;NO;DISTRITAL;1,11001E+11;COLEGIO SAN JOSE DE CASTILLA (IED);A;MAÑANA;URBANO;5:10;12:10;12:15;1;1;2;1;1;1;1;1;0;0;GENERAL;6:00;310;360;-1;322;0;322;8314,260824;306,7819839;1075;991592,7676;1004624,117;993902,1687;1002624,117;10;19;5;17,753;0
R1;U-917;8;KENNEDY;10_SII_2025;UNIÓN TEMPORAL SRD TRANSPORTE DE PASAJEROS COLOMBIA;URBANO;11;BUSETA;NO;DISTRITAL;1,11001E+11;COLEGIO LA AMISTAD (IED);A;MAÑANA;URBANO;5:15;11:50;11:55;1;1;2;1;1;1;1;1;0;0;GENERAL;6:15;315;375;-1;547;0;547;13490,07149;224,1323984;1075;991592,7676;1004624,117;993902,1687;1002624,117;10;19;5;27,141;0
R1;U-918;8;KENNEDY;1_CV_2025;CONSORCIO RUTAS SEGURAS;URBANO;14;VAN;NO;DISTRITAL;1,11001E+11;COLEGIO LA AMISTAD (IED);A;TARDE;URBANO;11:25;17:50;17:55;1;1;2;1;1;1;1;1;0;0;GENERAL;12:15;685;735;-1;358;0;358;9616,221257;224,1323984;1075;991592,7676;1004624,117;993902,1687;1002624,117;10;19;5;19,76;0
R1;U-919;8;KENNEDY;10_SII_2025;UNIÓN TEMPORAL SRD TRANSPORTE DE PASAJEROS COLOMBIA;URBANO;11;BUSETA;NO;DISTRITAL;1,11001E+11;COLEGIO LA AMISTAD (IED);A;MAÑANA;URBANO;5:15;12:10;12:15;1;1;2;1;1;1;1;1;0;0;GENERAL;6:15;315;375;-1;596;0;596;14321,55397;224,1323984;1075;991592,7676;1004624,117;993902,1687;1002624,117;10;19;5;29,581;0
R1;U-920;8;KENNEDY;10_SII_2025;UNIÓN TEMPORAL SRD TRANSPORTE DE PASAJEROS COLOMBIA;URBANO;13;MICROBUS;NO;DISTRITAL;1,11001E+11;COLEGIO LA AMISTAD (IED);A;TARDE;URBANO;11:15;18:10;18:15;1;1;2;1;1;1;1;1;0;0;GENERAL;12:15;675;735;-1;564;0;564;15359,98734;224,1323984;1075;991592,7676;1004624,117;993902,1687;1002624,117;10;19;5;30,623;0
R1;U-942;8;KENNEDY;10_SII_2025;UNIÓN TEMPORAL SRD TRANSPORTE DE PASAJEROS COLOMBIA;URBANO;13;MICROBUS;NO;DISTRITAL;1,11001E+11;COLEGIO LA AMISTAD (IED);A;TARDE;URBANO;11:20;17:50;17:55;1;1;2;1;1;1;1;1;0;0;GENERAL;12:15;680;735;-1;303;0;303;9148,533972;224,1323984;1075;991592,7676;1004624,117;993902,1687;1002624,117;10;19;5;17,173;0
R1;U-1013;8;KENNEDY;8_SII_2025;UNIÓN TEMPORAL SRD TRANSPORTE DE PASAJEROS COLOMBIA;URBANO;11;BUSETA;NO;DISTRITAL;1,11001E+11;COLEGIO LAS AMERICAS (IED);A;MAÑANA;URBANO;5:05;12:10;12:15;2;2;4;1;1;1;1;1;0;0;GENERAL;6:10;305;370;-1;620;0;620;16293,75671;90,00578629;1076;991592,7676;1002624,117;993902,1687;1000624,117;11;19;5;33,056;0
R1;U-1014;8;KENNEDY;8_SII_2025;UNIÓN TEMPORAL SRD TRANSPORTE DE PASAJEROS COLOMBIA;URBANO;11;BUSETA;NO;DISTRITAL;1,11001E+11;COLEGIO LAS AMERICAS (IED);A;TARDE;URBANO;11:00;18:00;18:05;1;1;2;1;1;1;1;1;0;0;GENERAL;12:00;660;720;-1;404;0;404;10452,02745;158,1366517;1076;991592,7676;1002624,117;993902,1687;1000624,117;11;19;5;21,518;0
R1;U-1077;8;KENNEDY;8_SII_2025;UNIÓN TEMPORAL SRD TRANSPORTE DE PASAJEROS COLOMBIA;URBANO;13;MICROBUS;NO;DISTRITAL;1,11001E+11;COLEGIO FERNANDO SOTO APARICIO (IED);A;ÚNICA;URBANO;5:25;13:50;13:55;1;1;2;1;1;1;1;1;0;0;GENERAL;6:15;325;375;-1;566;0;566;11369,5256;254,4141801;1076;991592,7676;1002624,117;993902,1687;1000624,117;11;19;5;21,386;0
R1;U-1078;8;KENNEDY;8_SII_2025;UNIÓN TEMPORAL SRD TRANSPORTE DE PASAJEROS COLOMBIA;URBANO;13;MICROBUS;NO;DISTRITAL;1,11001E+11;COLEGIO FERNANDO SOTO APARICIO (IED);A;ÚNICA;URBANO;5:15;13:50;13:55;1;1;2;1;1;1;1;1;0;0;GENERAL;6:15;315;375;-1;548;0;548;10800,27871;254,1119128;1076;991592,7676;1002624,117;993902,1687;1000624,117;11;19;5;22,05;0
R1;U-1079;8;KENNEDY;8_SII_2025;UNIÓN TEMPORAL SRD TRANSPORTE DE PASAJEROS COLOMBIA;URBANO;10;BUS;NO;DISTRITAL;1,11001E+11;COLEGIO FERNANDO SOTO APARICIO (IED);A;ÚNICA;URBANO;5:15;13:50;13:55;1;1;2;1;1;1;1;1;0;0;GENERAL;6:15;315;375;-1;699;0;699;17149,91984;75,49299709;1076;991592,7676;1002624,117;993902,1687;1000624,117;11;19;5;34,85;0
R1;U-1080;8;KENNEDY;8_SII_2025;UNIÓN TEMPORAL SRD TRANSPORTE DE PASAJEROS COLOMBIA;URBANO;11;BUSETA;NO;DISTRITAL;1,11001E+11;COLEGIO FERNANDO SOTO APARICIO (IED);A;ÚNICA;URBANO;5:40;13:50;13:55;1;1;2;1;1;1;1;1;0;0;GENERAL;6:15;340;375;-1;388;0;388;11151,11911;75,80231705;1076;991592,7676;1002624,117;993902,1687;1000624,117;11;19;5;22,424;0
R1;U-1392;8;KENNEDY;2_CV_2025;CONSORCIO RUTAS SEGURAS;URBANO;12;CAMIONETA-E;NO;DISTRITAL;1,11001E+11;COLEGIO O.E.A. (IED);A;ÚNICA;URBANO;5:20;14:20;14:25;1;1;2;1;1;1;1;1;0;0;GENERAL;6:10;320;370;-1;445;0;445;8767,613341;53,22939317;1076;991592,7676;1002624,117;993902,1687;1000624,117;11;19;5;18,064;0
R1;U-1588;8;KENNEDY;8_SII_2025;UNIÓN TEMPORAL SRD TRANSPORTE DE PASAJEROS COLOMBIA;URBANO;10;BUS;NO;DISTRITAL;1,11001E+11;COLEGIO FERNANDO SOTO APARICIO (IED);A;ÚNICA;URBANO;5:45;12:55;13:00;1;1;2;1;1;1;1;1;0;0;GENERAL;6:15;345;375;-1;263;0;263;6571,784697;78,73338712;1076;991592,7676;1002624,117;993902,1687;1000624,117;11;19;5;13,216;0
R1;U-1589;8;KENNEDY;8_SII_2025;UNIÓN TEMPORAL SRD TRANSPORTE DE PASAJEROS COLOMBIA;URBANO;10;BUS;NO;DISTRITAL;1,11001E+11;COLEGIO FERNANDO SOTO APARICIO (IED);A;ÚNICA;URBANO;5:55;12:55;13:00;1;1;2;1;1;1;1;1;0;0;GENERAL;6:15;355;375;-1;243;0;243;6475,130873;75,39681445;1076;991592,7676;1002624,117;993902,1687;1000624,117;11;19;5;12,855;0
R1;U-1590;8;KENNEDY;8_SII_2025;UNIÓN TEMPORAL SRD TRANSPORTE DE PASAJEROS COLOMBIA;URBANO;10;BUS;NO;DISTRITAL;1,11001E+11;COLEGIO FERNANDO SOTO APARICIO (IED);A;ÚNICA;URBANO;5:45;12:55;13:00;1;1;2;1;1;1;1;1;0;0;GENERAL;6:15;345;375;-1;323;0;323;7121,447597;75,58271615;1076;991592,7676;1002624,117;993902,1687;1000624,117;11;19;5;14,693;0
R1;U-1644;8;KENNEDY;1_CV_2025;CONSORCIO RUTAS SEGURAS;URBANO;14;VAN;NO;DISTRITAL;1,11001E+11;COLEGIO KENNEDY (IED);B;ÚNICA;URBANO;6:10;13:25;13:30;1;1;2;1;1;1;1;1;0;0;GENERAL;7:00;370;420;-1;380;0;380;9448,525285;321,5416192;1076;991592,7676;1002624,117;993902,1687;1000624,117;11;19;5;18,383;0
R1;U-1659;8;KENNEDY;8_SII_2025;UNIÓN TEMPORAL SRD TRANSPORTE DE PASAJEROS COLOMBIA;URBANO;13;MICROBUS;NO;DISTRITAL;1,11001E+11;COLEGIO FERNANDO SOTO APARICIO (IED);A;ÚNICA;URBANO;5:40;12:55;13:00;1;1;2;1;1;1;1;1;0;0;GENERAL;6:15;340;375;-1;164;0;164;5681,461346;75,58271615;1076;991592,7676;1002624,117;993902,1687;1000624,117;11;19;5;11,773;0
R1;U-250;8;KENNEDY;1_CV_2025;CONSORCIO RUTAS SEGURAS;URBANO;14;VAN;NO;DISTRITAL;1,11001E+11;COLEGIO CARLOS ARANGO VELEZ (IED);A;TARDE;URBANO;11:30;17:25;17:30;1;1;2;1;1;1;1;1;0;0;GENERAL;12:20;690;740;-1;411;0;411;9379,160165;77,51748229;1076;991592,7676;1002624,117;993902,1687;1000624,117;11;19;5;18,447;0
R1;U-251;8;KENNEDY;8_SII_2025;UNIÓN TEMPORAL SRD TRANSPORTE DE PASAJEROS COLOMBIA;URBANO;13;MICROBUS;NO;DISTRITAL;1,11001E+11;COLEGIO CARLOS ARANGO VELEZ (IED);A;MAÑANA;URBANO;6:05;11:55;12:00;1;1;2;1;1;1;1;1;0;0;GENERAL;7:00;365;420;-1;469;0;469;11631,48297;77,51748229;1076;991592,7676;1002624,117;993902,1687;1000624,117;11;19;5;22,513;0
R1;U-263;8;KENNEDY;8_SII_2025;UNIÓN TEMPORAL SRD TRANSPORTE DE PASAJEROS COLOMBIA;URBANO;10;BUS;NO;DISTRITAL;1,11001E+11;COLEGIO FERNANDO SOTO APARICIO (IED);A;ÚNICA;URBANO;5:50;13:50;13:55;1;1;2;1;1;1;1;1;0;0;GENERAL;6:15;350;375;-1;267;0;267;4546,845439;154,5222475;1076;991592,7676;1002624,117;993902,1687;1000624,117;11;19;5;9,24;0
R1;U-264;8;KENNEDY;8_SII_2025;UNIÓN TEMPORAL SRD TRANSPORTE DE PASAJEROS COLOMBIA;URBANO;10;BUS;NO;DISTRITAL;1,11001E+11;COLEGIO FERNANDO SOTO APARICIO (IED);A;ÚNICA;URBANO;5:45;13:50;13:55;1;1;2;1;1;1;1;1;0;0;GENERAL;6:15;345;375;-1;238;0;238;5820,157785;334,8312825;1076;991592,7676;1002624,117;993902,1687;1000624,117;11;19;5;10,799;0
R1;U-265;8;KENNEDY;8_SII_2025;UNIÓN TEMPORAL SRD TRANSPORTE DE PASAJEROS COLOMBIA;URBANO;10;BUS;NO;DISTRITAL;1,11001E+11;COLEGIO FERNANDO SOTO APARICIO (IED);A;ÚNICA;URBANO;5:50;13:50;13:55;1;1;2;1;1;1;1;1;0;0;GENERAL;6:15;350;375;-1;162;0;162;4299,911059;156,7359845;1076;991592,7676;1002624,117;993902,1687;1000624,117;11;19;5;8,358;0
R1;U-266;8;KENNEDY;8_SII_2025;UNIÓN TEMPORAL SRD TRANSPORTE DE PASAJEROS COLOMBIA;URBANO;10;BUS;NO;DISTRITAL;1,11001E+11;COLEGIO FERNANDO SOTO APARICIO (IED);A;ÚNICA;URBANO;5:40;13:50;13:55;1;1;2;1;1;1;1;1;0;0;GENERAL;6:15;340;375;-1;186;0;186;4935,518209;165,875732;1076;991592,7676;1002624,117;993902,1687;1000624,117;11;19;5;9,786;0
R1;U-267;8;KENNEDY;8_SII_2025;UNIÓN TEMPORAL SRD TRANSPORTE DE PASAJEROS COLOMBIA;URBANO;10;BUS;NO;DISTRITAL;1,11001E+11;COLEGIO FERNANDO SOTO APARICIO (IED);A;ÚNICA;URBANO;5:40;13:50;13:55;1;1;2;1;1;1;1;1;0;0;GENERAL;6:15;340;375;-1;170;0;170;4807,253238;342,0696446;1076;991592,7676;1002624,117;993902,1687;1000624,117;11;19;5;10,78;0
R1;U-944;8;KENNEDY;1_CV_2025;CONSORCIO RUTAS SEGURAS;URBANO;12;CAMIONETA;NO;DISTRITAL;1,11001E+11;COLEGIO ALFONSO LOPEZ PUMAREJO (IED);A;MAÑANA;URBANO;5:30;12:15;12:20;1;1;2;1;1;1;1;1;0;0;GENERAL;6:15;330;375;-1;623;0;623;14719,32981;146,2243355;1076;991592,7676;1002624,117;993902,1687;1000624,117;11;19;5;29,285;0
R1;U-945;8;KENNEDY;2_CV_2025;CONSORCIO RUTAS SEGURAS;URBANO;12;CAMIONETA;NO;DISTRITAL;1,11001E+11;COLEGIO ALFONSO LOPEZ PUMAREJO (IED);A;MAÑANA;URBANO;5:30;11:30;11:35;1;1;2;1;1;1;1;1;0;0;GENERAL;6:15;330;375;-1;560;0;560;12807,1268;7,154597274;1076;991592,7676;1002624,117;993902,1687;1000624,117;11;19;5;25,657;0
R1;U-1403;8;KENNEDY;2_CV_2025;CONSORCIO RUTAS SEGURAS;URBANO;14;VAN;NO;DISTRITAL;1,11001E+11;COLEGIO CARLOS ARTURO TORRES (IED);A/B;TARDE;URBANO;11:15;17:40;17:45;1;1;2;1;1;1;1;1;0;0;GENERAL;12:10;675;730;-1;516;0;516;12289,64697;244,8804433;1077;991592,7676;1000624,117;993902,1687;998624,1172;12;19;5;24,5;0
R1;U-145;6;TUNJUELITO;16_SII_2025;UNIÓN TEMPORAL ALIANZA BT;URBANO;10;BUS;NO;DISTRITAL;1,11001E+11;COLEGIO INSTITUTO TECNICO INDUSTRIAL PILOTO (IED);A;TARDE;URBANO;11:25;18:25;18:30;1;1;2;1;1;1;1;1;0;0;GENERAL;12:10;685;730;-1;728;0;728;11652,54386;335,4860027;1077;991592,7676;1000624,117;993902,1687;998624,1172;12;19;5;22,587;0
R1;U-1596;8;KENNEDY;8_SII_2025;UNIÓN TEMPORAL SRD TRANSPORTE DE PASAJEROS COLOMBIA;URBANO;13;MICROBUS;NO;DISTRITAL;1,11001E+11;COLEGIO CARLOS ARTURO TORRES (IED);A;MAÑANA;URBANO;5:40;12:10;12:15;1;1;2;1;1;1;1;1;0;0;FUNDACIÓN LAUDES;6:15;340;375;-1;138;0;138;4669,493819;247,694841;1077;991592,7676;1000624,117;993902,1687;998624,1172;12;19;5;9,478;0
R1;U-1597;8;KENNEDY;8_SII_2025;UNIÓN TEMPORAL SRD TRANSPORTE DE PASAJEROS COLOMBIA;URBANO;10;BUS;NO;DISTRITAL;1,11001E+11;COLEGIO CARLOS ARTURO TORRES (IED);A;TARDE;URBANO;11:25;18:10;18:15;1;1;2;1;1;1;1;1;0;0;FUNDACIÓN LAUDES;12:10;685;730;-1;138;0;138;4669,493819;247,694841;1077;991592,7676;1000624,117;993902,1687;998624,1172;12;19;5;9,478;0
R1;U-1602;6;TUNJUELITO;16_SII_2025;UNIÓN TEMPORAL ALIANZA BT;URBANO;13;MICROBUS;NO;DISTRITAL;1,11001E+11;COLEGIO INSTITUTO TECNICO INDUSTRIAL PILOTO (IED);A;MAÑANA;URBANO;5:25;12:25;12:30;1;1;2;1;1;1;1;1;0;0;GENERAL;6:15;325;375;-1;654;0;654;9756,406151;332,2235454;1077;991592,7676;1000624,117;993902,1687;998624,1172;12;19;5;20,66;0
R1;U-1603;6;TUNJUELITO;16_SII_2025;UNIÓN TEMPORAL ALIANZA BT;URBANO;11;BUSETA;NO;DISTRITAL;1,11001E+11;COLEGIO INSTITUTO TECNICO INDUSTRIAL PILOTO (IED);B/C;TARDE;URBANO;11:25;18:15;18:20;1;1;2;1;1;1;1;1;0;0;GENERAL;12:25;685;745;-1;962;0;962;14355,95352;159,2806307;1077;991592,7676;1000624,117;993902,1687;998624,1172;12;19;5;26,766;0
R1;U-182;6;TUNJUELITO;16_SII_2025;UNIÓN TEMPORAL ALIANZA BT;URBANO;13;MICROBUS;NO;DISTRITAL;1,11001E+11;COLEGIO VENECIA (IED);A;TARDE;URBANO;11:40;18:15;18:20;1;1;2;1;1;1;1;1;0;0;GENERAL;12:20;700;740;-1;459;0;459;11005,66286;11,3534126;1077;991592,7676;1000624,117;993902,1687;998624,1172;12;19;5;20,915;0
R1;U-183;6;TUNJUELITO;16_SII_2025;UNIÓN TEMPORAL ALIANZA BT;URBANO;13;MICROBUS;NO;DISTRITAL;1,11001E+11;COLEGIO VENECIA (IED);A;TARDE;URBANO;11:30;18:15;18:20;1;1;2;1;1;1;1;1;0;0;GENERAL;12:10;690;730;-1;641;0;641;9624,093065;281,8540663;1077;991592,7676;1000624,117;993902,1687;998624,1172;12;19;5;19,032;0
R1;U-184;6;TUNJUELITO;16_SII_2025;UNIÓN TEMPORAL ALIANZA BT;URBANO;11;BUSETA;NO;DISTRITAL;1,11001E+11;COLEGIO VENECIA (IED);A;MAÑANA;URBANO;5:20;12:30;12:35;1;1;2;1;1;1;1;1;0;0;GENERAL;6:15;320;375;-1;742;0;742;13389,7057;8,950632095;1077;991592,7676;1000624,117;993902,1687;998624,1172;12;19;5;26,861;0
R1;U-252;8;KENNEDY;8_SII_2025;UNIÓN TEMPORAL SRD TRANSPORTE DE PASAJEROS COLOMBIA;URBANO;13;MICROBUS;NO;DISTRITAL;1,11001E+11;COLEGIO CARLOS ARTURO TORRES (IED);A/B;MAÑANA;URBANO;5:15;12:00;12:05;1;1;2;1;1;1;1;1;0;0;GENERAL;6:15;315;375;-1;655;0;655;12839,10997;66,44860526;1077;991592,7676;1000624,117;993902,1687;998624,1172;12;19;5;24,802;0
R1;U-253;8;KENNEDY;8_SII_2025;UNIÓN TEMPORAL SRD TRANSPORTE DE PASAJEROS COLOMBIA;URBANO;13;MICROBUS;NO;DISTRITAL;1,11001E+11;COLEGIO CARLOS ARTURO TORRES (IED);A/B;TARDE;URBANO;11:10;17:40;17:45;1;1;2;1;1;1;1;1;0;0;GENERAL;12:10;670;730;-1;594;0;594;12188,68014;67,45571262;1077;991592,7676;1000624,117;993902,1687;998624,1172;12;19;5;23,542;0
R1;U-254;8;KENNEDY;8_SII_2025;UNIÓN TEMPORAL SRD TRANSPORTE DE PASAJEROS COLOMBIA;URBANO;13;MICROBUS;NO;DISTRITAL;1,11001E+11;COLEGIO CARLOS ARTURO TORRES (IED);A/B;MAÑANA;URBANO;5:35;11:55;12:00;1;1;2;1;1;1;1;1;0;0;GENERAL;6:15;335;375;-1;365;0;365;7800,920848;244,8804433;1077;991592,7676;1000624,117;993902,1687;998624,1172;12;19;5;18,702;0
R1;U-255;8;KENNEDY;2_CV_2025;CONSORCIO RUTAS SEGURAS;URBANO;14;VAN;NO;DISTRITAL;1,11001E+11;COLEGIO CARLOS ARTURO TORRES (IED);A/B;MAÑANA;URBANO;5:40;11:55;12:00;1;1;2;1;1;1;1;1;0;0;GENERAL;6:15;340;375;-1;192;0;192;5509,148611;244,8804433;1077;991592,7676;1000624,117;993902,1687;998624,1172;12;19;5;12,146;0
R1;U-256;8;KENNEDY;8_SII_2025;UNIÓN TEMPORAL SRD TRANSPORTE DE PASAJEROS COLOMBIA;URBANO;13;MICROBUS;NO;DISTRITAL;1,11001E+11;COLEGIO CARLOS ARTURO TORRES (IED);A/B;TARDE;URBANO;11:45;17:40;17:45;1;1;2;1;1;1;1;1;0;0;GENERAL;12:10;705;730;-1;203;0;203;5090,316792;244,8804433;1077;991592,7676;1000624,117;993902,1687;998624,1172;12;19;5;11,993;0
R1;U-257;8;KENNEDY;8_SII_2025;UNIÓN TEMPORAL SRD TRANSPORTE DE PASAJEROS COLOMBIA;URBANO;13;MICROBUS;NO;DISTRITAL;1,11001E+11;COLEGIO CARLOS ARTURO TORRES (IED);A/B;TARDE;URBANO;11:20;17:40;17:45;1;1;2;1;1;1;1;1;0;0;GENERAL;12:10;680;730;-1;373;0;373;7867,331578;243,5194267;1077;991592,7676;1000624,117;993902,1687;998624,1172;12;19;5;15,595;0
R1;U-923;8;KENNEDY;2_CV_2025;CONSORCIO RUTAS SEGURAS;URBANO;14;VAN;NO;DISTRITAL;1,11001E+11;COLEGIO CARLOS ARTURO TORRES (IED);A/B;MAÑANA;URBANO;5:15;11:55;12:00;1;1;2;1;1;1;1;1;0;0;GENERAL;6:15;315;375;-1;632;0;632;14095,58311;246,6488264;1077;991592,7676;1000624,117;993902,1687;998624,1172;12;19;5;27,648;0
R1;U-185;6;TUNJUELITO;16_SII_2025;UNIÓN TEMPORAL ALIANZA BT;URBANO;11;BUSETA;NO;DISTRITAL;1,11001E+11;COLEGIO VENECIA (IED);A;MAÑANA;URBANO;5:40;12:25;12:30;1;1;2;1;1;1;1;1;0;0;GENERAL;6:30;340;390;-1;604;1;603;9041,649481;193,7642837;1077;991592,7676;1000624,117;993902,1687;998624,1172;12;19;5;17,95;0
R1;U-1063;6;TUNJUELITO;22_SII_2025;UNIÓN TEMPORAL SRD TRANSPORTE DE PASAJEROS COLOMBIA;URBANO;10;BUS;NO;DISTRITAL;1,11001E+11;COLEGIO CIUDAD DE BOGOTA (IED);A/B;MAÑANA;URBANO;5:55;11:50;11:55;1;1;2;1;1;1;1;1;0;0;GENERAL;6:20;355;380;-1;187;0;187;5510,318498;65,73857681;1078;991592,7676;998624,1172;993902,1687;996624,1172;13;19;5;11,18;0
R1;U-113;6;TUNJUELITO;22_SII_2025;UNIÓN TEMPORAL SRD TRANSPORTE DE PASAJEROS COLOMBIA;URBANO;10;BUS;NO;DISTRITAL;1,11001E+11;COLEGIO CIUDAD DE BOGOTA (IED);A/B;MAÑANA;URBANO;5:35;11:50;11:55;1;1;2;1;1;1;1;1;0;0;GENERAL;6:20;335;380;-1;221;0;221;4464,5967;246,3184331;1078;991592,7676;998624,1172;993902,1687;996624,1172;13;19;5;9,175;0
R1;U-114;6;TUNJUELITO;22_SII_2025;UNIÓN TEMPORAL SRD TRANSPORTE DE PASAJEROS COLOMBIA;URBANO;10;BUS;NO;DISTRITAL;1,11001E+11;COLEGIO CIUDAD DE BOGOTA (IED);A/B;MAÑANA;URBANO;5:20;11:50;11:55;1;1;2;1;1;1;1;1;0;0;GENERAL;6:20;320;380;-1;445;0;445;6854,129444;246,7923268;1078;991592,7676;998624,1172;993902,1687;996624,1172;13;19;5;13,755;0
R1;U-115;6;TUNJUELITO;22_SII_2025;UNIÓN TEMPORAL SRD TRANSPORTE DE PASAJEROS COLOMBIA;URBANO;10;BUS;NO;DISTRITAL;1,11001E+11;COLEGIO CIUDAD DE BOGOTA (IED);B;TARDE;URBANO;11:30;17:05;17:10;1;1;2;1;1;1;1;1;0;0;GENERAL;11:50;690;710;-1;150;0;150;4097,563941;156,8818359;1078;991592,7676;998624,1172;993902,1687;996624,1172;13;19;5;8,818;0
R1;U-116;6;TUNJUELITO;22_SII_2025;UNIÓN TEMPORAL SRD TRANSPORTE DE PASAJEROS COLOMBIA;URBANO;10;BUS;NO;DISTRITAL;1,11001E+11;COLEGIO CIUDAD DE BOGOTA (IED);B;TARDE;URBANO;10:50;17:05;17:10;1;1;2;1;1;1;1;1;0;0;GENERAL;11:50;650;710;-1;558;0;558;10358,18176;248,1980321;1078;991592,7676;998624,1172;993902,1687;996624,1172;13;19;5;20,668;0
R1;U-117;6;TUNJUELITO;22_SII_2025;UNIÓN TEMPORAL SRD TRANSPORTE DE PASAJEROS COLOMBIA;URBANO;13;MICROBUS;NO;DISTRITAL;1,11001E+11;COLEGIO CIUDAD DE BOGOTA (IED);B;TARDE;URBANO;11:05;17:05;17:10;1;1;2;1;1;1;1;1;0;0;GENERAL;11:50;665;710;-1;508;0;508;7757,606298;156,8818359;1078;991592,7676;998624,1172;993902,1687;996624,1172;13;19;5;15,931;0
R1;U-118;6;TUNJUELITO;22_SII_2025;UNIÓN TEMPORAL SRD TRANSPORTE DE PASAJEROS COLOMBIA;URBANO;11;BUSETA;NO;DISTRITAL;1,11001E+11;COLEGIO CIUDAD DE BOGOTA (IED);A;ÚNICA;URBANO;5:30;13:50;13:55;1;1;2;1;1;1;1;1;0;0;GENERAL;6:20;330;380;-1;447;0;447;8303,265902;66,8783955;1078;991592,7676;998624,1172;993902,1687;996624,1172;13;19;5;16,89;0
R1;U-1447;19;CIUDAD BOLIVAR;2_CV_2025;CONSORCIO RUTAS SEGURAS;URBANO;12;CAMIONETA-MR;SI;DISTRITAL;1,11001E+11;COLEGIO SAN FRANCISCO (IED);A;MAÑANA;URBANO;6:00;12:20;12:25;1;1;2;1;1;1;1;1;0;0;DISCAPACIDAD;6:20;360;380;-1;384;0;384;5111,465718;252,9590139;1078;991592,7676;998624,1172;993902,1687;996624,1172;13;19;5;10,379;0
R1;U-147;6;TUNJUELITO;16_SII_2025;UNIÓN TEMPORAL ALIANZA BT;URBANO;13;MICROBUS;NO;DISTRITAL;1,11001E+11;COLEGIO MARCO FIDEL SUAREZ (IED);A;ÚNICA;URBANO;6:10;12:35;12:40;1;1;2;1;1;1;1;1;0;0;GENERAL;7:00;370;420;-1;910;0;910;13691,98352;270,0045427;1078;991592,7676;998624,1172;993902,1687;996624,1172;13;19;5;24,957;0
R1;U-148;6;TUNJUELITO;16_SII_2025;UNIÓN TEMPORAL ALIANZA BT;URBANO;10;BUS;NO;DISTRITAL;1,11001E+11;COLEGIO MARCO FIDEL SUAREZ (IED);A;ÚNICA;URBANO;6:20;14:35;14:40;1;1;2;1;1;1;1;1;0;0;GENERAL;7:00;380;420;-1;401;0;401;9344,492068;342,8456613;1078;991592,7676;998624,1172;993902,1687;996624,1172;13;19;5;17,183;0
R1;U-149;6;TUNJUELITO;16_SII_2025;UNIÓN TEMPORAL ALIANZA BT;URBANO;11;BUSETA;NO;DISTRITAL;1,11001E+11;COLEGIO MARCO FIDEL SUAREZ (IED);A;ÚNICA;URBANO;6:20;14:35;14:40;1;1;2;1;1;1;1;1;0;0;GENERAL;7:00;380;420;-1;740;0;740;9075,732241;342,8456613;1078;991592,7676;998624,1172;993902,1687;996624,1172;13;19;5;17,664;0
R1;U-150;6;TUNJUELITO;16_SII_2025;UNIÓN TEMPORAL ALIANZA BT;URBANO;13;MICROBUS;NO;DISTRITAL;1,11001E+11;COLEGIO MARCO FIDEL SUAREZ (IED);A;ÚNICA;URBANO;6:10;12:35;12:40;1;1;2;1;1;1;1;1;0;0;GENERAL;7:00;370;420;-1;777;0;777;11672,93022;225,104241;1078;991592,7676;998624,1172;993902,1687;996624,1172;13;19;5;22,208;0
R1;U-1506;6;TUNJUELITO;22_SII_2025;UNIÓN TEMPORAL SRD TRANSPORTE DE PASAJEROS COLOMBIA;URBANO;11;BUSETA;NO;DISTRITAL;1,11001E+11;COLEGIO CIUDAD DE BOGOTA (IED);A/B;MAÑANA;URBANO;5:30;11:50;11:55;1;1;2;1;1;1;1;1;0;0;GENERAL;6:20;330;380;-1;604;0;604;6533,533289;65,73857681;1078;991592,7676;998624,1172;993902,1687;996624,1172;13;19;5;13,536;0
R1;U-1507;6;TUNJUELITO;22_SII_2025;UNIÓN TEMPORAL SRD TRANSPORTE DE PASAJEROS COLOMBIA;URBANO;10;BUS;NO;DISTRITAL;1,11001E+11;COLEGIO CIUDAD DE BOGOTA (IED);A;ÚNICA;URBANO;5:40;13:50;13:55;1;1;2;1;1;1;1;1;0;0;GENERAL;6:20;340;380;-1;225;0;225;4626,175321;63,51947419;1078;991592,7676;998624,1172;993902,1687;996624,1172;13;19;5;9,518;0
R1;U-152;6;TUNJUELITO;16_SII_2025;UNIÓN TEMPORAL ALIANZA BT;URBANO;11;BUSETA;NO;DISTRITAL;1,11001E+11;COLEGIO MARCO FIDEL SUAREZ (IED);A;ÚNICA;URBANO;6:10;14:25;14:30;1;1;2;1;1;1;1;1;0;0;GENERAL;7:00;370;420;-1;727;0;727;11062,46054;249,6201462;1078;991592,7676;998624,1172;993902,1687;996624,1172;13;19;5;20,782;0
R1;U-1528;6;TUNJUELITO;16_SII_2025;UNIÓN TEMPORAL ALIANZA BT;URBANO;11;BUSETA;NO;DISTRITAL;1,11001E+11;COLEGIO MARCO FIDEL SUAREZ (IED);A;ÚNICA;URBANO;6:10;13:35;13:40;1;1;2;1;1;1;1;1;0;0;GENERAL;7:00;370;420;-1;632;0;632;9586,813101;249,6201462;1078;991592,7676;998624,1172;993902,1687;996624,1172;13;19;5;18,366;0
R1;U-1529;6;TUNJUELITO;16_SII_2025;UNIÓN TEMPORAL ALIANZA BT;URBANO;11;BUSETA;NO;DISTRITAL;1,11001E+11;COLEGIO MARCO FIDEL SUAREZ (IED);A;ÚNICA;URBANO;6:20;13:35;13:40;1;1;2;1;1;1;1;1;0;0;GENERAL;7:00;380;420;-1;615;0;615;8300,223521;342,8456613;1078;991592,7676;998624,1172;993902,1687;996624,1172;13;19;5;14,641;0
R1;U-1530;6;TUNJUELITO;16_SII_2025;UNIÓN TEMPORAL ALIANZA BT;URBANO;13;MICROBUS;NO;DISTRITAL;1,11001E+11;COLEGIO MARCO FIDEL SUAREZ (IED);A;ÚNICA;URBANO;6:10;13:35;13:40;1;1;2;1;1;1;1;1;0;0;GENERAL;7:00;370;420;-1;520;0;520;8008,817511;249,6201462;1078;991592,7676;998624,1172;993902,1687;996624,1172;13;19;5;15,384;0
R1;U-1531;6;TUNJUELITO;16_SII_2025;UNIÓN TEMPORAL ALIANZA BT;URBANO;10;BUS;NO;DISTRITAL;1,11001E+11;COLEGIO MARCO FIDEL SUAREZ (IED);A;ÚNICA;URBANO;6:20;13:35;13:40;1;1;2;1;1;1;1;1;0;0;GENERAL;7:00;380;420;-1;360;0;360;5803,088607;342,8456613;1078;991592,7676;998624,1172;993902,1687;996624,1172;13;19;5;10,695;0
R1;U-154;6;TUNJUELITO;16_SII_2025;UNIÓN TEMPORAL ALIANZA BT;URBANO;10;BUS;NO;DISTRITAL;1,11001E+11;COLEGIO MARCO FIDEL SUAREZ (IED);A;ÚNICA;URBANO;6:20;14:25;14:30;1;1;2;1;1;1;1;1;0;0;GENERAL;7:00;380;420;-1;349;0;349;5705,620249;249,6201462;1078;991592,7676;998624,1172;993902,1687;996624,1172;13;19;5;11,065;0
R1;U-1656;6;TUNJUELITO;22_SII_2025;UNIÓN TEMPORAL SRD TRANSPORTE DE PASAJEROS COLOMBIA;URBANO;10;BUS;NO;DISTRITAL;1,11001E+11;COLEGIO CIUDAD DE BOGOTA (IED);A/B;MAÑANA;URBANO;5:30;11:50;11:55;1;1;2;1;1;1;1;1;0;0;GENERAL;6:20;330;380;-1;230;0;230;5583,557045;156,8818359;1078;991592,7676;998624,1172;993902,1687;996624,1172;13;19;5;10,747;0
R1;U-1657;6;TUNJUELITO;22_SII_2025;UNIÓN TEMPORAL SRD TRANSPORTE DE PASAJEROS COLOMBIA;URBANO;11;BUSETA;NO;DISTRITAL;1,11001E+11;COLEGIO CIUDAD DE BOGOTA (IED);A;ÚNICA;URBANO;5:50;13:50;13:55;1;1;2;1;1;1;1;1;0;0;GENERAL;6:20;350;380;-1;159;0;159;4319,514722;65,73857681;1078;991592,7676;998624,1172;993902,1687;996624,1172;13;19;5;9,643;0
R1;U-1658;6;TUNJUELITO;22_SII_2025;UNIÓN TEMPORAL SRD TRANSPORTE DE PASAJEROS COLOMBIA;URBANO;10;BUS;NO;DISTRITAL;1,11001E+11;COLEGIO CIUDAD DE BOGOTA (IED);A;ÚNICA;URBANO;5:20;13:50;13:55;1;1;2;1;1;1;1;1;0;0;GENERAL;6:20;320;380;-1;564;0;564;9329,296587;65,73857681;1078;991592,7676;998624,1172;993902,1687;996624,1172;13;19;5;20,612;0
R1;U-173;6;TUNJUELITO;22_SII_2025;UNIÓN TEMPORAL SRD TRANSPORTE DE PASAJEROS COLOMBIA;URBANO;11;BUSETA;NO;DISTRITAL;1,11001E+11;COLEGIO SAN BENITO ABAD (IED);A/B;TARDE;URBANO;11:50;17:05;17:10;1;1;2;1;1;1;1;1;0;0;GENERAL;12:20;710;740;-1;304;0;304;5052,893478;130,4956898;1078;991592,7676;998624,1172;993902,1687;996624,1172;13;19;5;10,331;0
R1;U-174;6;TUNJUELITO;22_SII_2025;UNIÓN TEMPORAL SRD TRANSPORTE DE PASAJEROS COLOMBIA;URBANO;11;BUSETA;NO;DISTRITAL;1,11001E+11;COLEGIO SAN BENITO ABAD (IED);A/B;MAÑANA;URBANO;6:00;12:10;12:15;1;1;2;1;1;1;1;1;0;0;GENERAL;6:20;360;380;-1;270;0;270;4930,892182;129,7118814;1078;991592,7676;998624,1172;993902,1687;996624,1172;13;19;5;9,952;0
R1;U-175;6;TUNJUELITO;22_SII_2025;UNIÓN TEMPORAL SRD TRANSPORTE DE PASAJEROS COLOMBIA;URBANO;10;BUS;NO;DISTRITAL;1,11001E+11;COLEGIO SAN BENITO ABAD (IED);A/B;MAÑANA;URBANO;6:00;12:10;12:15;1;1;2;1;1;1;1;1;0;0;GENERAL;6:20;360;380;-1;261;0;261;5160,378274;130,5071363;1078;991592,7676;998624,1172;993902,1687;996624,1172;13;19;5;10,514;0
R1;U-176;6;TUNJUELITO;22_SII_2025;UNIÓN TEMPORAL SRD TRANSPORTE DE PASAJEROS COLOMBIA;URBANO;13;MICROBUS;NO;DISTRITAL;1,11001E+11;COLEGIO SAN BENITO ABAD (IED);A/B;TARDE;URBANO;11:55;17:05;17:10;1;1;2;1;1;1;1;1;0;0;GENERAL;12:20;715;740;-1;260;0;260;5184,612734;131,2320019;1078;991592,7676;998624,1172;993902,1687;996624,1172;13;19;5;10,532;0
R1;U-897;19;CIUDAD BOLIVAR;19_SII_2025;UNIÓN TEMPORAL ANDINO 2022;URBANO;13;MICROBUS;NO;DISTRITAL;1,11001E+11;COLEGIO SAN FRANCISCO (IED);A/B;MAÑANA;URBANO;5:05;11:30;11:35;2;2;4;1;1;1;1;1;0;0;DISCAPACIDAD;6:20;305;380;-1;805;0;805;19122,12841;253,7990674;1078;991592,7676;998624,1172;993902,1687;996624,1172;13;19;5;38,031;0
R1;U-898;19;CIUDAD BOLIVAR;19_SII_2025;UNIÓN TEMPORAL ANDINO 2022;URBANO;13;MICROBUS;NO;DISTRITAL;1,11001E+11;COLEGIO SAN FRANCISCO (IED);A;MAÑANA;URBANO;6:05;12:15;12:20;2;2;4;1;1;1;1;1;0;0;DISCAPACIDAD;7:20;365;440;-1;687;0;687;18240,31008;342,5693512;1078;991592,7676;998624,1172;993902,1687;996624,1172;13;19;5;34,945;0
R1;T-782;19;CIUDAD BOLIVAR;22_SII_2025;UNIÓN TEMPORAL SRD TRANSPORTE DE PASAJEROS COLOMBIA;TRASLADO;11;BUSETA;NO;DISTRITAL;1,11001E+11;COLEGIO CONFEDERACION BRISAS DEL DIAMANTE (IED);B;MAÑANA;URBANO;5:55;11:30;11:35;1;1;2;1;1;1;1;1;0;0;GENERAL;6:25;355;385;-1;377;0;377;4381,636994;90,00491489;1079;991592,7676;996624,1172;993902,1687;994624,1172;14;19;5;9,051;0
R1;T-783;19;CIUDAD BOLIVAR;22_SII_2025;UNIÓN TEMPORAL SRD TRANSPORTE DE PASAJEROS COLOMBIA;TRASLADO;10;BUS;NO;DISTRITAL;1,11001E+11;COLEGIO CONFEDERACION BRISAS DEL DIAMANTE (IED);B;MAÑANA;URBANO;5:55;11:30;11:35;1;1;2;1;1;1;1;1;0;0;GENERAL;6:25;355;385;-1;377;0;377;4381,636994;90,00491489;1079;991592,7676;996624,1172;993902,1687;994624,1172;14;19;5;9,051;0
R1;T-784;19;CIUDAD BOLIVAR;22_SII_2025;UNIÓN TEMPORAL SRD TRANSPORTE DE PASAJEROS COLOMBIA;TRASLADO;10;BUS;NO;DISTRITAL;1,11001E+11;COLEGIO CONFEDERACION BRISAS DEL DIAMANTE (IED);B;MAÑANA;URBANO;5:55;11:30;11:35;1;1;2;1;1;1;1;1;0;0;GENERAL;6:25;355;385;-1;327;0;327;3763,702179;354,6303449;1079;991592,7676;996624,1172;993902,1687;994624,1172;14;19;5;7,528;0
R1;T-785;19;CIUDAD BOLIVAR;22_SII_2025;UNIÓN TEMPORAL SRD TRANSPORTE DE PASAJEROS COLOMBIA;TRASLADO;11;BUSETA;NO;DISTRITAL;1,11001E+11;COLEGIO CONFEDERACION BRISAS DEL DIAMANTE (IED);B;MAÑANA;URBANO;5:55;11:25;11:30;1;1;2;1;1;1;1;1;0;0;GENERAL;6:20;355;380;-1;600;0;600;5952,653956;180,0049173;1079;991592,7676;996624,1172;993902,1687;994624,1172;14;19;5;11,906;0
R1;T-786;19;CIUDAD BOLIVAR;22_SII_2025;UNIÓN TEMPORAL SRD TRANSPORTE DE PASAJEROS COLOMBIA;TRASLADO;10;BUS;NO;DISTRITAL;1,11001E+11;COLEGIO CONFEDERACION BRISAS DEL DIAMANTE (IED);B;MAÑANA;URBANO;6:00;11:20;11:25;1;1;2;1;1;1;1;1;0;0;GENERAL;6:25;360;385;-1;219;0;219;2359,728979;90,00491489;1079;991592,7676;996624,1172;993902,1687;994624,1172;14;19;5;4,72;0
R1;T-787;19;CIUDAD BOLIVAR;22_SII_2025;UNIÓN TEMPORAL SRD TRANSPORTE DE PASAJEROS COLOMBIA;TRASLADO;10;BUS;NO;DISTRITAL;1,11001E+11;COLEGIO CONFEDERACION BRISAS DEL DIAMANTE (IED);B;MAÑANA;URBANO;6:05;11:20;11:25;1;1;2;1;1;1;1;1;0;0;GENERAL;6:25;365;385;-1;154;0;154;1562,364334;172,8550854;1079;991592,7676;996624,1172;993902,1687;994624,1172;14;19;5;3,119;0
R1;T-788;19;CIUDAD BOLIVAR;22_SII_2025;UNIÓN TEMPORAL SRD TRANSPORTE DE PASAJEROS COLOMBIA;TRASLADO;10;BUS;NO;DISTRITAL;1,11001E+11;COLEGIO CONFEDERACION BRISAS DEL DIAMANTE (IED);B;MAÑANA;URBANO;6:05;11:20;11:25;1;1;2;1;1;1;1;1;0;0;GENERAL;6:25;365;385;-1;154;0;154;1562,364334;172,8550854;1079;991592,7676;996624,1172;993902,1687;994624,1172;14;19;5;3,119;0
R1;T-795;19;CIUDAD BOLIVAR;22_SII_2025;UNIÓN TEMPORAL SRD TRANSPORTE DE PASAJEROS COLOMBIA;TRASLADO;13;MICROBUS;NO;DISTRITAL;1,11001E+11;COLEGIO CONFEDERACION BRISAS DEL DIAMANTE (IED);B;TARDE;URBANO;12:00;17:15;17:20;1;1;2;1;1;1;1;1;0;0;GENERAL;12:20;720;740;-1;154;0;154;1562,364334;172,8550854;1079;991592,7676;996624,1172;993902,1687;994624,1172;14;19;5;3,119;0
R1;T-796;19;CIUDAD BOLIVAR;22_SII_2025;UNIÓN TEMPORAL SRD TRANSPORTE DE PASAJEROS COLOMBIA;TRASLADO;11;BUSETA;NO;DISTRITAL;1,11001E+11;COLEGIO CONFEDERACION BRISAS DEL DIAMANTE (IED);B;TARDE;URBANO;12:00;17:15;17:20;1;1;2;1;1;1;1;1;0;0;GENERAL;12:20;720;740;-1;154;0;154;1562,364334;172,8550854;1079;991592,7676;996624,1172;993902,1687;994624,1172;14;19;5;3,119;0
R1;T-797;19;CIUDAD BOLIVAR;22_SII_2025;UNIÓN TEMPORAL SRD TRANSPORTE DE PASAJEROS COLOMBIA;TRASLADO;13;MICROBUS;NO;DISTRITAL;1,11001E+11;COLEGIO CONFEDERACION BRISAS DEL DIAMANTE (IED);B;TARDE;URBANO;11:45;17:15;17:20;1;1;2;1;1;1;1;1;0;0;GENERAL;12:20;705;740;-1;230;0;230;2539,18352;180,0049172;1079;991592,7676;996624,1172;993902,1687;994624,1172;14;19;5;5,078;0
R1;T-809;19;CIUDAD BOLIVAR;22_SII_2025;UNIÓN TEMPORAL SRD TRANSPORTE DE PASAJEROS COLOMBIA;TRASLADO;10;BUS;NO;DISTRITAL;1,11001E+11;COLEGIO CONFEDERACION BRISAS DEL DIAMANTE (IED);B;MAÑANA;URBANO;6:00;11:20;11:25;1;1;2;1;1;1;1;1;0;0;GENERAL;6:25;360;385;-1;219;0;219;2359,728979;90,00491489;1079;991592,7676;996624,1172;993902,1687;994624,1172;14;19;5;4,72;0
R1;T-810;19;CIUDAD BOLIVAR;22_SII_2025;UNIÓN TEMPORAL SRD TRANSPORTE DE PASAJEROS COLOMBIA;TRASLADO;10;BUS;NO;DISTRITAL;1,11001E+11;COLEGIO CONFEDERACION BRISAS DEL DIAMANTE (IED);B;MAÑANA;URBANO;6:00;11:20;11:25;1;1;2;1;1;1;1;1;0;0;GENERAL;6:25;360;385;-1;219;0;219;2359,728979;90,00491489;1079;991592,7676;996624,1172;993902,1687;994624,1172;14;19;5;4,72;0
R1;T-811;19;CIUDAD BOLIVAR;22_SII_2025;UNIÓN TEMPORAL SRD TRANSPORTE DE PASAJEROS COLOMBIA;TRASLADO;11;BUSETA;NO;DISTRITAL;1,11001E+11;COLEGIO CONFEDERACION BRISAS DEL DIAMANTE (IED);B;MAÑANA;URBANO;6:00;11:25;11:30;1;1;2;1;1;1;1;1;0;0;GENERAL;6:20;360;380;-1;230;0;230;2539,18352;180,0049172;1079;991592,7676;996624,1172;993902,1687;994624,1172;14;19;5;5,078;0
R1;T-812;19;CIUDAD BOLIVAR;22_SII_2025;UNIÓN TEMPORAL SRD TRANSPORTE DE PASAJEROS COLOMBIA;TRASLADO;10;BUS;NO;DISTRITAL;1,11001E+11;COLEGIO CONFEDERACION BRISAS DEL DIAMANTE (IED);B;TARDE;URBANO;11:55;17:15;17:20;1;1;2;1;1;1;1;1;0;0;GENERAL;12:20;715;740;-1;219;0;219;2359,728979;90,00491489;1079;991592,7676;996624,1172;993902,1687;994624,1172;14;19;5;4,72;0
R1;T-813;19;CIUDAD BOLIVAR;22_SII_2025;UNIÓN TEMPORAL SRD TRANSPORTE DE PASAJEROS COLOMBIA;TRASLADO;10;BUS;NO;DISTRITAL;1,11001E+11;COLEGIO CONFEDERACION BRISAS DEL DIAMANTE (IED);B;TARDE;URBANO;11:35;17:15;17:20;1;1;2;1;1;1;1;1;0;0;GENERAL;12:20;695;740;-1;600;0;600;5952,653956;180,0049173;1079;991592,7676;996624,1172;993902,1687;994624,1172;14;19;5;11,906;0
R1;T-814;19;CIUDAD BOLIVAR;22_SII_2025;UNIÓN TEMPORAL SRD TRANSPORTE DE PASAJEROS COLOMBIA;TRASLADO;10;BUS;NO;DISTRITAL;1,11001E+11;COLEGIO CONFEDERACION BRISAS DEL DIAMANTE (IED);B;TARDE;URBANO;11:55;17:15;17:20;1;1;2;1;1;1;1;1;0;0;GENERAL;12:20;715;740;-1;219;0;219;2359,728979;90,00491489;1079;991592,7676;996624,1172;993902,1687;994624,1172;14;19;5;4,72;0
R1;U-1018;19;CIUDAD BOLIVAR;22_SII_2025;UNIÓN TEMPORAL SRD TRANSPORTE DE PASAJEROS COLOMBIA;URBANO;11;BUSETA;NO;DISTRITAL;1,11001E+11;COLEGIO COMPARTIR RECUERDO (IED);A;TARDE;URBANO;11:45;17:50;17:55;1;1;2;1;1;1;1;1;0;0;GENERAL;12:10;705;730;-1;338;0;338;3618,755794;108,6699313;1079;991592,7676;996624,1172;993902,1687;994624,1172;14;19;5;7,239;0
R1;U-1074;19;CIUDAD BOLIVAR;22_SII_2025;UNIÓN TEMPORAL SRD TRANSPORTE DE PASAJEROS COLOMBIA;URBANO;13;MICROBUS;NO;DISTRITAL;1,11001E+11;COLEGIO COMPARTIR RECUERDO (IED);A;TARDE;URBANO;11:45;17:55;18:00;1;1;2;1;1;1;1;1;1;0;ETNIAS;12:05;705;725;-1;196;0;196;2361,562082;90,00544336;1079;991592,7676;996624,1172;993902,1687;994624,1172;14;19;6;4,751;0
R1;U-1075;19;CIUDAD BOLIVAR;22_SII_2025;UNIÓN TEMPORAL SRD TRANSPORTE DE PASAJEROS COLOMBIA;URBANO;10;BUS;NO;DISTRITAL;1,11001E+11;COLEGIO COMPARTIR RECUERDO (IED);A;TARDE;URBANO;11:45;17:55;18:00;1;1;2;1;1;1;1;1;1;0;ETNIAS;12:05;705;725;-1;244;0;244;2802,967337;77,05491021;1079;991592,7676;996624,1172;993902,1687;994624,1172;14;19;6;5,607;0
R1;U-1438;19;CIUDAD BOLIVAR;22_SII_2025;UNIÓN TEMPORAL SRD TRANSPORTE DE PASAJEROS COLOMBIA;URBANO;10;BUS;NO;DISTRITAL;1,11001E+11;COLEGIO COMPARTIR RECUERDO (IED);A/B;MAÑANA;URBANO;5:30;12:00;12:05;1;1;2;1;1;1;1;1;0;0;GENERAL;6:05;330;365;-1;562;0;562;6082,603353;18,9531303;1079;991592,7676;996624,1172;993902,1687;994624,1172;14;19;5;12,701;0
R1;U-916;19;CIUDAD BOLIVAR;22_SII_2025;UNIÓN TEMPORAL SRD TRANSPORTE DE PASAJEROS COLOMBIA;URBANO;10;BUS;NO;DISTRITAL;1,11001E+11;COLEGIO COMPARTIR RECUERDO (IED);A;TARDE;URBANO;11:25;17:55;18:00;1;1;2;1;1;1;1;1;0;0;GENERAL;12:05;685;725;-1;654;0;654;6953,237032;77,05491021;1079;991592,7676;996624,1172;993902,1687;994624,1172;14;19;5;13,619;0
R1;R-078;19;CIUDAD BOLIVAR;21_SII_2025;UNIÓN TEMPORAL MOVICOL;RURAL;11;BUSETA;NO;DISTRITAL;2,1185E+11;COLEGIO MOCHUELO ALTO (CED);A;ÚNICA;RURAL;6:20;13:00;13:05;1;1;2;1;1;1;1;1;0;0;GENERAL;7:00;380;420;-1;734;0;734;6664,003936;5,035022297;1080;991592,7676;994624,1172;993902,1687;992624,1172;15;19;5;13,328;0
R1;U-1125;19;CIUDAD BOLIVAR;20_SII_2025;UNIÓN TEMPORAL VET 2023;URBANO;11;BUSETA;NO;DISTRITAL;1,11001E+11;COLEGIO ESTRELLA DEL SUR (IED);A/B/C/D;MAÑANA;URBANO;5:40;11:45;11:50;1;1;2;1;1;1;1;1;0;0;GENERAL;6:30;340;390;-1;566;0;566;7925,572239;338,3192136;1080;991592,7676;994624,1172;993902,1687;992624,1172;15;19;5;15,732;0
R1;U-1127;19;CIUDAD BOLIVAR;20_SII_2025;UNIÓN TEMPORAL VET 2023;URBANO;11;BUSETA;NO;DISTRITAL;1,11001E+11;COLEGIO ANTONIO GARCIA (IED);A;MAÑANA;URBANO;5:10;11:45;11:50;1;1;2;1;1;1;1;1;0;0;GENERAL;5:50;310;350;-1;650;0;650;7325,898355;9,386355742;1080;991592,7676;994624,1172;993902,1687;992624,1172;15;19;5;14,643;0
R1;U-1655;19;CIUDAD BOLIVAR;1_CV_2025;CONSORCIO RUTAS SEGURAS;URBANO;12;CAMIONETA-MR;SI;DISTRITAL;1,11001E+11;COLEGIO EL TESORO DE LA CUMBRE (IED);C;MAÑANA;URBANO;6:15;11:55;12:00;1;1;2;1;1;1;1;1;0;0;DISCAPACIDAD;6:30;375;390;-1;177;0;177;1252,582387;129,7115728;1080;991592,7676;994624,1172;993902,1687;992624,1172;15;19;5;2,506;0
R1;R-070;19;CIUDAD BOLIVAR;21_SII_2025;UNIÓN TEMPORAL MOVICOL;RURAL;10;BUS;NO;DISTRITAL;2,1185E+11;COLEGIO MOCHUELO ALTO (CED);A;ÚNICA;RURAL;6:40;13:00;13:05;1;1;2;1;1;1;1;1;0;0;GENERAL;7:00;400;420;-1;286;0;286;2378,449667;213,7909754;1083;991592,7676;988624,1172;993902,1687;986624,1172;18;19;5;4,752;Usme I y II
R1;R-071;19;CIUDAD BOLIVAR;21_SII_2025;UNIÓN TEMPORAL MOVICOL;RURAL;10;BUS;NO;DISTRITAL;2,1185E+11;COLEGIO MOCHUELO ALTO (CED);A;ÚNICA;RURAL;6:40;13:00;13:05;1;1;2;1;1;1;1;1;0;0;GENERAL;7:00;400;420;-1;282;0;282;2222,664246;213,7909754;1083;991592,7676;988624,1172;993902,1687;986624,1172;18;19;5;4,44;Usme I y II
R1;R-072;19;CIUDAD BOLIVAR;21_SII_2025;UNIÓN TEMPORAL MOVICOL;RURAL;10;BUS;NO;DISTRITAL;2,1185E+11;COLEGIO MOCHUELO ALTO (CED);A;ÚNICA;RURAL;6:20;13:00;13:05;1;1;2;1;1;1;1;1;0;0;GENERAL;7:00;380;420;-1;268;0;268;6175,488438;213,9257567;1083;991592,7676;988624,1172;993902,1687;986624,1172;18;19;5;12,362;Usme I y II
R1;R-073;19;CIUDAD BOLIVAR;21_SII_2025;UNIÓN TEMPORAL MOVICOL;RURAL;10;BUS;NO;DISTRITAL;2,1185E+11;COLEGIO MOCHUELO ALTO (CED);A;ÚNICA;RURAL;6:40;13:00;13:05;1;1;2;1;1;1;1;1;0;0;GENERAL;7:00;400;420;-1;289;0;289;2377,610964;213,7909754;1083;991592,7676;988624,1172;993902,1687;986624,1172;18;19;5;4,751;Usme I y II
R1;R-074;19;CIUDAD BOLIVAR;21_SII_2025;UNIÓN TEMPORAL MOVICOL;RURAL;10;BUS;NO;DISTRITAL;2,1185E+11;COLEGIO MOCHUELO ALTO (CED);A;ÚNICA;RURAL;6:40;13:00;13:05;1;1;2;1;1;1;1;1;0;0;GENERAL;7:00;400;420;-1;285;0;285;2220,028445;213,7909754;1083;991592,7676;988624,1172;993902,1687;986624,1172;18;19;5;4,436;Usme I y II
R1;R-075;19;CIUDAD BOLIVAR;21_SII_2025;UNIÓN TEMPORAL MOVICOL;RURAL;10;BUS;NO;DISTRITAL;2,1185E+11;COLEGIO MOCHUELO ALTO (CED);A;ÚNICA;RURAL;6:40;13:00;13:05;1;1;2;1;1;1;1;1;0;0;GENERAL;7:00;400;420;-1;285;0;285;2220,101199;213,7909754;1083;991592,7676;988624,1172;993902,1687;986624,1172;18;19;5;4,435;Usme I y II
R1;R-076;19;CIUDAD BOLIVAR;21_SII_2025;UNIÓN TEMPORAL MOVICOL;RURAL;10;BUS;NO;DISTRITAL;2,1185E+11;COLEGIO MOCHUELO ALTO (CED);A;ÚNICA;RURAL;6:20;13:00;13:05;1;1;2;1;1;1;1;1;0;0;GENERAL;7:00;380;420;-1;705;0;705;7216,777337;206,6532702;1083;991592,7676;988624,1172;993902,1687;986624,1172;18;19;5;14,434;Usme I y II
R1;R-076;19;CIUDAD BOLIVAR;21_SII_2025;UNIÓN TEMPORAL MOVICOL;RURAL;10;BUS;NO;DISTRITAL;2,1185E+11;COLEGIO MOCHUELO ALTO (CED);A;ÚNICA;RURAL;6:20;13:00;13:05;1;1;2;1;1;1;1;1;0;0;GENERAL;7:00;380;420;-1;705;0;705;7216,777337;206,6532702;1083;991592,7676;988624,1172;993902,1687;986624,1172;18;19;5;14,434;Usme I y II
R1;R-077;19;CIUDAD BOLIVAR;21_SII_2025;UNIÓN TEMPORAL MOVICOL;RURAL;10;BUS;NO;DISTRITAL;2,1185E+11;COLEGIO MOCHUELO ALTO (CED);A;ÚNICA;RURAL;6:20;13:00;13:05;1;1;2;1;1;1;1;1;0;0;GENERAL;7:00;380;420;-1;738;0;738;7315,838417;206,6532702;1083;991592,7676;988624,1172;993902,1687;986624,1172;18;19;5;14,632;Usme I y II
R1;R-077;19;CIUDAD BOLIVAR;21_SII_2025;UNIÓN TEMPORAL MOVICOL;RURAL;10;BUS;NO;DISTRITAL;2,1185E+11;COLEGIO MOCHUELO ALTO (CED);A;ÚNICA;RURAL;6:20;13:00;13:05;1;1;2;1;1;1;1;1;0;0;GENERAL;7:00;380;420;-1;738;0;738;7315,838417;206,6532702;1083;991592,7676;988624,1172;993902,1687;986624,1172;18;19;5;14,632;Usme I y II
R1;R-078;19;CIUDAD BOLIVAR;21_SII_2025;UNIÓN TEMPORAL MOVICOL;RURAL;11;BUSETA;NO;DISTRITAL;2,1185E+11;COLEGIO MOCHUELO ALTO (CED);A;ÚNICA;RURAL;6:20;13:00;13:05;1;1;2;1;1;1;1;1;0;0;GENERAL;7:00;380;420;-1;738;0;738;6663,841336;206,6532702;1083;991592,7676;988624,1172;993902,1687;986624,1172;18;19;5;13,328;Usme I y II
R1;R-022;5;USME;18_SIII_2025;UNIÓN TEMPORAL SRD TRANSPORTE DE PASAJEROS COLOMBIA;RURAL;10;BUS;NO;DISTRITAL;2,1185E+11;COLEGIO EL DESTINO (IED);A;ÚNICA;RURAL;6:30;14:55;15:00;1;1;2;1;1;1;1;1;0;0;GENERAL;7:00;390;420;-1;770;0;770;10111,98575;180,0046627;1087;991592,7676;980624,1172;993902,1687;978624,1172;22;19;5;20,231;0
R1;R-011;5;USME;18_SIII_2025;UNIÓN TEMPORAL SRD TRANSPORTE DE PASAJEROS COLOMBIA;RURAL;11;BUSETA;NO;DISTRITAL;2,1185E+11;COLEGIO EL DESTINO (IED);A;ÚNICA;RURAL;6:15;14:55;15:00;1;1;2;1;1;1;1;1;0;0;GENERAL;6:50;375;410;-1;733;0;733;9450,291678;329,1922074;1087;991592,7676;980624,1172;993902,1687;978624,1172;22;19;5;18,902;0
R1;R-013;5;USME;18_SIII_2025;UNIÓN TEMPORAL SRD TRANSPORTE DE PASAJEROS COLOMBIA;RURAL;11;BUSETA;NO;DISTRITAL;2,1185E+11;COLEGIO EL DESTINO (IED);A;ÚNICA;RURAL;6:10;14:55;15:00;1;1;2;1;1;1;1;1;0;0;GENERAL;7:00;370;420;-1;746;0;746;9244,654721;0,004662595;1087;991592,7676;980624,1172;993902,1687;978624,1172;22;19;5;18,49;0
R1;R-016;5;USME;18_SIII_2025;UNIÓN TEMPORAL SRD TRANSPORTE DE PASAJEROS COLOMBIA;RURAL;11;BUSETA;NO;DISTRITAL;2,1185E+11;COLEGIO EL DESTINO (IED);A;ÚNICA;RURAL;6:20;14:55;15:00;1;1;2;1;1;1;1;1;0;0;GENERAL;7:00;380;420;-1;913;0;913;12167,54944;180,0046628;1087;991592,7676;980624,1172;993902,1687;978624,1172;22;19;5;24,336;0
R1;R-017;5;USME;18_SIII_2025;UNIÓN TEMPORAL SRD TRANSPORTE DE PASAJEROS COLOMBIA;RURAL;13;MICROBUS;NO;DISTRITAL;2,1185E+11;COLEGIO EL DESTINO (IED);A;ÚNICA;RURAL;6:30;14:55;15:00;1;1;2;1;1;1;1;1;0;0;GENERAL;7:00;390;420;-1;269;0;269;7583,373337;5,569123414;1087;991592,7676;980624,1172;993902,1687;978624,1172;22;19;5;15,166;0
R1;R-020;5;USME;18_SIII_2025;UNIÓN TEMPORAL SRD TRANSPORTE DE PASAJEROS COLOMBIA;RURAL;10;BUS;NO;DISTRITAL;2,1185E+11;COLEGIO EL DESTINO (IED);A;ÚNICA;RURAL;6:25;14:55;15:00;1;1;2;1;1;1;1;1;0;0;GENERAL;7:00;385;420;-1;561;0;561;7322,215475;190,6165973;1087;991592,7676;980624,1172;993902,1687;978624,1172;22;19;5;7,322;0
R1;R-023;5;USME;18_SIII_2025;UNIÓN TEMPORAL SRD TRANSPORTE DE PASAJEROS COLOMBIA;RURAL;10;BUS;NO;DISTRITAL;2,1185E+11;COLEGIO EL DESTINO (IED);A;ÚNICA;RURAL;6:15;14:55;15:00;1;1;2;1;1;1;1;1;0;0;GENERAL;7:00;375;420;-1;511;0;511;14423,92345;180,0046627;1087;991592,7676;980624,1172;993902,1687;978624,1172;22;19;5;30,211;0
R1;R-025;5;USME;18_SIII_2025;UNIÓN TEMPORAL SRD TRANSPORTE DE PASAJEROS COLOMBIA;RURAL;10;BUS;NO;DISTRITAL;2,1185E+11;COLEGIO EL DESTINO (IED);A;ÚNICA;RURAL;6:25;14:55;15:00;1;1;2;1;1;1;1;1;0;0;GENERAL;7:00;385;420;-1;536;0;536;7144,192823;183,0935494;1087;991592,7676;980624,1172;993902,1687;978624,1172;22;19;5;15,853;0
R1;R-186;19;CIUDAD BOLIVAR;21_SII_2025;UNIÓN TEMPORAL MOVICOL;RURAL;13;MICROBUS;NO;DISTRITAL;2,1185E+11;COLEGIO RURAL PASQUILLA (IED);B;ÚNICA;RURAL;6:10;13:00;13:05;1;1;2;1;1;1;1;1;0;0;GENERAL;7:00;370;420;-1;932;0;932;17127,46885;190,1600162;1087;991592,7676;980624,1172;993902,1687;978624,1172;22;19;5;34,256;0
R1;R-021;5;USME;18_SIII_2025;UNIÓN TEMPORAL SRD TRANSPORTE DE PASAJEROS COLOMBIA;RURAL;10;BUS;NO;DISTRITAL;2,1185E+11;COLEGIO EL DESTINO (IED);A;ÚNICA;RURAL;5:25;14:55;15:00;2;2;4;1;1;1;1;1;0;0;GENERAL;7:00;325;420;-1;32;0;32;2999,368285;4,01926841;1087;991592,7676;980624,1172;993902,1687;978624,1172;22;19;5;45,835;0
R1;R-185;5;USME;18_SIII_2025;UNIÓN TEMPORAL SRD TRANSPORTE DE PASAJEROS COLOMBIA;RURAL;11;BUSETA;NO;DISTRITAL;2,1185E+11;COLEGIO RURAL LA ARGENTINA (CED);A;ÚNICA;RURAL;5:45;13:55;14:00;2;2;4;1;1;1;1;1;0;0;GENERAL;7:00;345;420;-1;1020;0;1020;24484,93488;90,00543043;1088;991592,7676;978624,1172;993902,1687;976624,1172;23;19;5;48,97;0
R1;R-054;5;USME;18_SIII_2025;UNIÓN TEMPORAL SRD TRANSPORTE DE PASAJEROS COLOMBIA;RURAL;13;MICROBUS;NO;DISTRITAL;2,1185E+11;COLEGIO RURAL LA ARGENTINA (CED);A;ÚNICA;RURAL;5:40;13:55;14:00;2;2;4;1;1;1;1;1;0;0;GENERAL;7:00;340;420;-1;721;1;37;26802,52002;88,24937584;1088;991592,7676;978624,1172;993902,1687;976624,1172;23;19;5;53,604;0
R1;R-021;5;USME;18_SIII_2025;UNIÓN TEMPORAL SRD TRANSPORTE DE PASAJEROS COLOMBIA;RURAL;10;BUS;NO;DISTRITAL;2,1185E+11;COLEGIO EL DESTINO (IED);A;ÚNICA;RURAL;5:25;14:55;15:00;2;2;4;1;1;1;1;1;0;0;GENERAL;7:00;325;420;-1;277;0;277;8055,721175;97,39147416;1088;991592,7676;978624,1172;993902,1687;976624,1172;23;19;5;45,835;0
R1;R-021;5;USME;18_SIII_2025;UNIÓN TEMPORAL SRD TRANSPORTE DE PASAJEROS COLOMBIA;RURAL;10;BUS;NO;DISTRITAL;2,1185E+11;COLEGIO EL DESTINO (IED);A;ÚNICA;RURAL;5:25;14:55;15:00;2;2;4;1;1;1;1;1;0;0;GENERAL;7:00;325;420;-1;75;0;75;3776,846726;80,15521409;1088;991592,7676;978624,1172;993902,1687;976624,1172;23;19;5;45,835;0
R1;R-056;5;USME;18_SIII_2025;UNIÓN TEMPORAL SRD TRANSPORTE DE PASAJEROS COLOMBIA;RURAL;11;BUSETA;NO;DISTRITAL;2,1185E+11;COLEGIO RURAL LOS ARRAYANES (CED);A;ÚNICA;RURAL;6:30;14:10;14:15;1;1;2;1;1;1;1;1;0;0;GENERAL;7:15;390;435;-1;637;0;637;7794,179223;150,0123347;1090;991592,7676;974624,1172;993902,1687;972624,1172;25;19;5;15,587;0
R1;E-006;20;SUMAPAZ;2_CV_2025;CONSORCIO RUTAS SEGURAS;ESPECIAL;12;CAMIONETA;NO;DISTRITAL;2,11001E+11;COLEGIO CAMPESTRE JAIME GARZON (IED);F;NOCTURNA;RURAL-S;17:30;21:55;22:00;1;1;2;0;1;1;0;0;0;0;GENERAL;18:00;1050;1080;-1;460;0;460;3590,474371;345,9152182;1098;991592,7676;958624,1172;993902,1687;956624,1172;33;19;2;7,18;0
R1;E-007;20;SUMAPAZ;2_CV_2025;CONSORCIO RUTAS SEGURAS;ESPECIAL;14;VAN;NO;DISTRITAL;2,11001E+11;COLEGIO CAMPESTRE JAIME GARZON (IED);F;NOCTURNA;RURAL-S;16:50;21:55;22:00;2;2;4;0;1;1;0;0;0;0;GENERAL;18:00;1010;1080;-1;1121;0;1121;14943,9776;14,09489312;1098;991592,7676;958624,1172;993902,1687;956624,1172;33;19;2;29,888;0
R1;S-010;20;SUMAPAZ;23_SII_2025;UNIÓN TEMPORAL ALIANZA TRANSNACIONAL;SUMAPAZ;11;BUSETA;NO;DISTRITAL;2,11001E+11;COLEGIO CAMPESTRE JAIME GARZON (IED);F;MAÑANA;RURAL;6:25;14:25;14:30;2;2;4;1;1;1;1;1;0;0;GENERAL;8:00;385;480;-1;1529;0;1529;22650,75611;0,005055732;1098;991592,7676;958624,1172;993902,1687;956624,1172;33;19;5;45,302;0
R1;S-046;20;SUMAPAZ;2_CV_2025;CONSORCIO RUTAS SEGURAS;SUMAPAZ;14;VAN;NO;DISTRITAL;2,11001E+11;COLEGIO CAMPESTRE JAIME GARZON (IED);F;MAÑANA;RURAL-S;7:05;14:25;14:30;1;1;2;1;1;1;1;1;0;0;GENERAL;7:55;425;475;-1;798;0;798;12147,18362;5,220032343;1098;991592,7676;958624,1172;993902,1687;956624,1172;33;19;5;24,296;0
R1;S-005;20;SUMAPAZ;23_SII_2025;UNIÓN TEMPORAL ALIANZA TRANSNACIONAL;SUMAPAZ;13;MICROBUS;NO;DISTRITAL;2,11001E+11;COLEGIO CAMPESTRE JAIME GARZON (IED);B;ÚNICA;RURAL;6:40;14:55;15:00;2;2;4;1;1;1;1;1;0;0;GENERAL;7:55;400;475;-1;613;0;613;11322,64302;123,5888968;1099;991592,7676;956624,1172;993902,1687;954624,1172;34;19;5;22,646;0
R1;S-011;20;SUMAPAZ;23_SII_2025;UNIÓN TEMPORAL ALIANZA TRANSNACIONAL;SUMAPAZ;13;MICROBUS;NO;DISTRITAL;2,11001E+11;COLEGIO CAMPESTRE JAIME GARZON (IED);B;ÚNICA;RURAL;6:55;14:25;14:30;1;1;2;1;1;1;1;1;0;0;GENERAL;7:55;415;475;-1;854;0;854;12065,8155;134,8899368;1099;991592,7676;956624,1172;993902,1687;954624,1172;34;19;5;24,132;0
R1;S-044;20;SUMAPAZ;2_CV_2025;CONSORCIO RUTAS SEGURAS;SUMAPAZ;14;VAN;NO;DISTRITAL;2,11001E+11;COLEGIO CAMPESTRE JAIME GARZON (IED);B;ÚNICA;RURAL-S;7:20;14:55;15:00;1;1;2;1;1;1;1;1;0;0;GENERAL;7:55;440;475;-1;437;0;437;4324,11243;134,8899368;1099;991592,7676;956624,1172;993902,1687;954624,1172;34;19;5;8,648;0
R1;S-061;20;SUMAPAZ;2_CV_2025;CONSORCIO RUTAS SEGURAS;SUMAPAZ;14;VAN-MR;SI;DISTRITAL;2,11001E+11;COLEGIO CAMPESTRE JAIME GARZON (IED);B;ÚNICA;RURAL-S;8:20;13:25;13:30;1;1;2;0;1;0;1;0;0;0;GENERAL;9:00;500;540;-1;556;0;556;7563,391114;134,8899368;1099;991592,7676;956624,1172;993902,1687;954624,1172;34;19;2;15,126;0
R1;S-032;20;SUMAPAZ;2_CV_2025;CONSORCIO RUTAS SEGURAS;SUMAPAZ;14;VAN;NO;DISTRITAL;2,11001E+11;COLEGIO CAMPESTRE JAIME GARZON (IED);J;ÚNICA;RURAL-S;7:20;14:55;15:00;1;1;2;1;1;1;1;1;0;0;GENERAL;7:55;440;475;-1;335;0;335;7377,237779;123,5886813;1100;991592,7676;954624,1172;993902,1687;952624,1172;35;19;5;14,754;0
R1;S-057;20;SUMAPAZ;2_CV_2025;CONSORCIO RUTAS SEGURAS;SUMAPAZ;12;CAMIONETA 4X4;NO;DISTRITAL;2,11001E+11;COLEGIO CAMPESTRE JAIME GARZON (IED);J;ÚNICA;RURAL-S;7:00;14:55;15:00;1;1;2;1;1;1;1;1;0;0;GENERAL;8:00;420;480;-1;1023;0;1023;14538,4919;128,296019;1100;991592,7676;954624,1172;993902,1687;952624,1172;35;19;5;29,076;0
R1;S-009;20;SUMAPAZ;23_SII_2025;UNIÓN TEMPORAL ALIANZA TRANSNACIONAL;SUMAPAZ;10;BUS;NO;DISTRITAL;2,11001E+11;COLEGIO CAMPESTRE JAIME GARZON (IED);A;ÚNICA;RURAL;7:20;14:55;15:00;1;1;2;1;1;1;1;1;0;0;GENERAL;7:55;440;475;-1;441;1;356;6122,070607;170,3356542;1100;991592,7676;954624,1172;993902,1687;952624,1172;35;19;5;12,244;0
R1;T-1021;10;ENGATIVA;9_SII_2025;UNIÓN TEMPORAL LCT-2022;TRASLADO;13;MICROBUS;NO;DISTRITAL;1,11265E+11;COLEGIO GENERAL SANTANDER (IED);B;TARDE;URBANO;12:15;17:30;17:35;1;1;2;1;1;1;1;1;0;0;GENERAL;12:45;735;765;-1;216;0;216;4748,307831;21,69899187;1127;993324,8185;1013624,117;995634,2195;1011624,117;6;20;5;8,572;Fontibón
R1;T-1024;10;ENGATIVA;1_CV_2025;CONSORCIO RUTAS SEGURAS;TRASLADO;12;CAMIONETA;NO;DISTRITAL;1,11265E+11;COLEGIO GENERAL SANTANDER (IED);B;MAÑANA;URBANO;6:00;11:25;11:30;1;1;2;1;1;1;1;1;0;0;GENERAL;6:30;360;390;-1;216;0;216;4748,307831;21,69899187;1127;993324,8185;1013624,117;995634,2195;1011624,117;6;20;5;8,572;Fontibón
R1;T-888;10;ENGATIVA;9_SII_2025;UNIÓN TEMPORAL LCT-2022;TRASLADO;10;BUS;NO;DISTRITAL;1,11265E+11;COLEGIO GENERAL SANTANDER (IED);B;MAÑANA;URBANO;6:30;10:55;11:00;1;1;2;1;1;1;1;1;0;0;GENERAL;7:00;390;420;-1;216;0;216;4748,307831;21,69899187;1127;993324,8185;1013624,117;995634,2195;1011624,117;6;20;5;8,856;Fontibón
R1;T-889;10;ENGATIVA;9_SII_2025;UNIÓN TEMPORAL LCT-2022;TRASLADO;10;BUS;NO;DISTRITAL;1,11265E+11;COLEGIO GENERAL SANTANDER (IED);B;MAÑANA;URBANO;6:30;10:55;11:00;1;1;2;1;1;1;1;1;0;0;GENERAL;7:00;390;420;-1;216;0;216;4748,307831;21,69899187;1127;993324,8185;1013624,117;995634,2195;1011624,117;6;20;5;8,856;Fontibón
R1;T-890;10;ENGATIVA;9_SII_2025;UNIÓN TEMPORAL LCT-2022;TRASLADO;10;BUS;NO;DISTRITAL;1,11265E+11;COLEGIO GENERAL SANTANDER (IED);B;MAÑANA;URBANO;6:30;10:55;11:00;1;1;2;1;1;1;1;1;0;0;GENERAL;7:00;390;420;-1;216;0;216;4748,307831;21,69899187;1127;993324,8185;1013624,117;995634,2195;1011624,117;6;20;5;8,856;Fontibón
R1;T-891;10;ENGATIVA;9_SII_2025;UNIÓN TEMPORAL LCT-2022;TRASLADO;13;MICROBUS;NO;DISTRITAL;1,11265E+11;COLEGIO GENERAL SANTANDER (IED);B;MAÑANA;URBANO;6:30;10:55;11:00;1;1;2;1;1;1;1;1;0;0;GENERAL;7:00;390;420;-1;216;0;216;4748,307831;21,69899187;1127;993324,8185;1013624,117;995634,2195;1011624,117;6;20;5;8,856;Fontibón
R1;T-892;10;ENGATIVA;9_SII_2025;UNIÓN TEMPORAL LCT-2022;TRASLADO;10;BUS;NO;DISTRITAL;1,11265E+11;COLEGIO GENERAL SANTANDER (IED);B;MAÑANA;URBANO;6:15;11:40;11:50;1;1;2;1;1;1;1;1;0;0;GENERAL;6:45;375;405;-1;216;0;216;4748,307831;21,69899187;1127;993324,8185;1013624,117;995634,2195;1011624,117;6;20;5;8,572;Fontibón
R1;T-893;10;ENGATIVA;9_SII_2025;UNIÓN TEMPORAL LCT-2022;TRASLADO;10;BUS;NO;DISTRITAL;1,11265E+11;COLEGIO GENERAL SANTANDER (IED);B;MAÑANA;URBANO;6:15;11:40;11:50;1;1;2;1;1;1;1;1;0;0;GENERAL;6:45;375;405;-1;216;0;216;4748,307831;21,69899187;1127;993324,8185;1013624,117;995634,2195;1011624,117;6;20;5;8,572;Fontibón
R1;T-894;10;ENGATIVA;9_SII_2025;UNIÓN TEMPORAL LCT-2022;TRASLADO;10;BUS;NO;DISTRITAL;1,11265E+11;COLEGIO GENERAL SANTANDER (IED);B;MAÑANA;URBANO;6:15;11:40;11:50;1;1;2;1;1;1;1;1;0;0;GENERAL;6:45;375;405;-1;216;0;216;4748,307831;21,69899187;1127;993324,8185;1013624,117;995634,2195;1011624,117;6;20;5;8,572;Fontibón
R1;T-895;10;ENGATIVA;9_SII_2025;UNIÓN TEMPORAL LCT-2022;TRASLADO;10;BUS;NO;DISTRITAL;1,11265E+11;COLEGIO GENERAL SANTANDER (IED);B;MAÑANA;URBANO;6:15;11:40;11:50;1;1;2;1;1;1;1;1;0;0;GENERAL;6:45;375;405;-1;216;0;216;4748,307831;21,69899187;1127;993324,8185;1013624,117;995634,2195;1011624,117;6;20;5;8,572;Fontibón
R1;T-896;10;ENGATIVA;9_SII_2025;UNIÓN TEMPORAL LCT-2022;TRASLADO;10;BUS;NO;DISTRITAL;1,11265E+11;COLEGIO GENERAL SANTANDER (IED);B;MAÑANA;URBANO;6:15;11:40;11:50;1;1;2;1;1;1;1;1;0;0;GENERAL;6:45;375;405;-1;216;0;216;4748,307831;21,69899187;1127;993324,8185;1013624,117;995634,2195;1011624,117;6;20;5;8,572;Fontibón
R1;T-897;10;ENGATIVA;9_SII_2025;UNIÓN TEMPORAL LCT-2022;TRASLADO;10;BUS;NO;DISTRITAL;1,11265E+11;COLEGIO GENERAL SANTANDER (IED);B;MAÑANA;URBANO;6:15;11:40;11:50;1;1;2;1;1;1;1;1;0;0;GENERAL;6:45;375;405;-1;216;0;216;4748,307831;21,69899187;1127;993324,8185;1013624,117;995634,2195;1011624,117;6;20;5;8,572;Fontibón
R1;T-898;10;ENGATIVA;9_SII_2025;UNIÓN TEMPORAL LCT-2022;TRASLADO;10;BUS;NO;DISTRITAL;1,11265E+11;COLEGIO GENERAL SANTANDER (IED);B;MAÑANA;URBANO;6:15;11:40;11:50;1;1;2;1;1;1;1;1;0;0;GENERAL;6:45;375;405;-1;216;0;216;4748,307831;21,69899187;1127;993324,8185;1013624,117;995634,2195;1011624,117;6;20;5;8,572;Fontibón
R1;T-899;10;ENGATIVA;9_SII_2025;UNIÓN TEMPORAL LCT-2022;TRASLADO;10;BUS;NO;DISTRITAL;1,11265E+11;COLEGIO GENERAL SANTANDER (IED);B;MAÑANA;URBANO;6:00;11:25;11:35;1;1;2;1;1;1;1;1;0;0;GENERAL;6:30;360;390;-1;216;0;216;4748,307831;21,69899187;1127;993324,8185;1013624,117;995634,2195;1011624,117;6;20;5;8,572;Fontibón
R1;T-900;10;ENGATIVA;9_SII_2025;UNIÓN TEMPORAL LCT-2022;TRASLADO;10;BUS;NO;DISTRITAL;1,11265E+11;COLEGIO GENERAL SANTANDER (IED);B;MAÑANA;URBANO;6:00;11:25;11:35;1;1;2;1;1;1;1;1;0;0;GENERAL;6:30;360;390;-1;216;0;216;4748,307831;21,69899187;1127;993324,8185;1013624,117;995634,2195;1011624,117;6;20;5;8,572;Fontibón
R1;T-901;10;ENGATIVA;9_SII_2025;UNIÓN TEMPORAL LCT-2022;TRASLADO;10;BUS;NO;DISTRITAL;1,11265E+11;COLEGIO GENERAL SANTANDER (IED);B;MAÑANA;URBANO;6:00;11:25;11:35;1;1;2;1;1;1;1;1;0;0;GENERAL;6:30;360;390;-1;216;0;216;4748,307831;21,69899187;1127;993324,8185;1013624,117;995634,2195;1011624,117;6;20;5;8,572;Fontibón
R1;T-902;10;ENGATIVA;9_SII_2025;UNIÓN TEMPORAL LCT-2022;TRASLADO;10;BUS;NO;DISTRITAL;1,11265E+11;COLEGIO GENERAL SANTANDER (IED);B;MAÑANA;URBANO;6:00;11:25;11:35;1;1;2;1;1;1;1;1;0;0;GENERAL;6:30;360;390;-1;216;0;216;4748,307831;21,69899187;1127;993324,8185;1013624,117;995634,2195;1011624,117;6;20;5;8,572;Fontibón
R1;T-903;10;ENGATIVA;9_SII_2025;UNIÓN TEMPORAL LCT-2022;TRASLADO;10;BUS;NO;DISTRITAL;1,11265E+11;COLEGIO GENERAL SANTANDER (IED);B;MAÑANA;URBANO;6:00;11:25;11:35;1;1;2;1;1;1;1;1;0;0;GENERAL;6:30;360;390;-1;216;0;216;4748,307831;21,69899187;1127;993324,8185;1013624,117;995634,2195;1011624,117;6;20;5;8,572;Fontibón
R1;T-904;10;ENGATIVA;9_SII_2025;UNIÓN TEMPORAL LCT-2022;TRASLADO;11;BUSETA;NO;DISTRITAL;1,11265E+11;COLEGIO GENERAL SANTANDER (IED);B;MAÑANA;URBANO;6:00;11:25;11:30;1;1;2;1;1;1;1;1;0;0;GENERAL;6:30;360;390;-1;216;0;216;4748,307831;21,69899187;1127;993324,8185;1013624,117;995634,2195;1011624,117;6;20;5;8,572;Fontibón
R1;T-905;10;ENGATIVA;9_SII_2025;UNIÓN TEMPORAL LCT-2022;TRASLADO;10;BUS;NO;DISTRITAL;1,11265E+11;COLEGIO GENERAL SANTANDER (IED);B;MAÑANA;URBANO;6:00;11:25;11:30;1;1;2;1;1;1;1;1;0;0;GENERAL;6:30;360;390;-1;216;0;216;4748,307831;21,69899187;1127;993324,8185;1013624,117;995634,2195;1011624,117;6;20;5;8,572;Fontibón
R1;T-906;10;ENGATIVA;9_SII_2025;UNIÓN TEMPORAL LCT-2022;TRASLADO;10;BUS;NO;DISTRITAL;1,11265E+11;COLEGIO GENERAL SANTANDER (IED);B;MAÑANA;URBANO;6:00;11:25;11:30;1;1;2;1;1;1;1;1;0;0;GENERAL;6:30;360;390;-1;216;0;216;4748,307831;21,69899187;1127;993324,8185;1013624,117;995634,2195;1011624,117;6;20;5;8,572;Fontibón
R1;T-907;10;ENGATIVA;9_SII_2025;UNIÓN TEMPORAL LCT-2022;TRASLADO;10;BUS;NO;DISTRITAL;1,11265E+11;COLEGIO GENERAL SANTANDER (IED);B;MAÑANA;URBANO;6:00;11:25;11:30;1;1;2;1;1;1;1;1;0;0;GENERAL;6:30;360;390;-1;216;0;216;4748,307831;21,69899187;1127;993324,8185;1013624,117;995634,2195;1011624,117;6;20;5;8,572;Fontibón
R1;T-908;10;ENGATIVA;9_SII_2025;UNIÓN TEMPORAL LCT-2022;TRASLADO;10;BUS;NO;DISTRITAL;1,11265E+11;COLEGIO GENERAL SANTANDER (IED);B;MAÑANA;URBANO;6:00;11:25;11:30;1;1;2;1;1;1;1;1;0;0;GENERAL;6:30;360;390;-1;216;0;216;4748,307831;21,69899187;1127;993324,8185;1013624,117;995634,2195;1011624,117;6;20;5;8,572;Fontibón
R1;T-909;10;ENGATIVA;9_SII_2025;UNIÓN TEMPORAL LCT-2022;TRASLADO;10;BUS;NO;DISTRITAL;1,11265E+11;COLEGIO GENERAL SANTANDER (IED);B;MAÑANA;URBANO;6:00;11:25;11:30;1;1;2;1;1;1;1;1;0;0;GENERAL;6:30;360;390;-1;216;0;216;4748,307831;21,69899187;1127;993324,8185;1013624,117;995634,2195;1011624,117;6;20;5;8,572;Fontibón
R1;T-910;10;ENGATIVA;9_SII_2025;UNIÓN TEMPORAL LCT-2022;TRASLADO;10;BUS;NO;DISTRITAL;1,11265E+11;COLEGIO GENERAL SANTANDER (IED);B;MAÑANA;URBANO;6:00;11:25;11:30;1;1;2;1;1;1;1;1;0;0;GENERAL;6:30;360;390;-1;216;0;216;4748,307831;21,69899187;1127;993324,8185;1013624,117;995634,2195;1011624,117;6;20;5;8,572;Fontibón
R1;T-911;10;ENGATIVA;9_SII_2025;UNIÓN TEMPORAL LCT-2022;TRASLADO;10;BUS;NO;DISTRITAL;1,11265E+11;COLEGIO GENERAL SANTANDER (IED);B;MAÑANA;URBANO;6:00;11:25;11:30;1;1;2;1;1;1;1;1;0;0;GENERAL;6:30;360;390;-1;216;0;216;4748,307831;21,69899187;1127;993324,8185;1013624,117;995634,2195;1011624,117;6;20;5;8,572;Fontibón
R1;T-913;10;ENGATIVA;9_SII_2025;UNIÓN TEMPORAL LCT-2022;TRASLADO;10;BUS;NO;DISTRITAL;1,11265E+11;COLEGIO GENERAL SANTANDER (IED);B;TARDE;URBANO;12:30;16:55;17:00;1;1;2;1;1;1;1;1;0;0;GENERAL;13:00;750;780;-1;216;0;216;4748,307831;21,69899187;1127;993324,8185;1013624,117;995634,2195;1011624,117;6;20;5;8,572;Fontibón
R1;T-914;10;ENGATIVA;9_SII_2025;UNIÓN TEMPORAL LCT-2022;TRASLADO;11;BUSETA;NO;DISTRITAL;1,11265E+11;COLEGIO GENERAL SANTANDER (IED);B;TARDE;URBANO;12:30;16:55;17:00;1;1;2;1;1;1;1;1;0;0;GENERAL;13:00;750;780;-1;216;0;216;4748,307831;21,69899187;1127;993324,8185;1013624,117;995634,2195;1011624,117;6;20;5;8,572;Fontibón
R1;T-915;10;ENGATIVA;9_SII_2025;UNIÓN TEMPORAL LCT-2022;TRASLADO;11;BUSETA;NO;DISTRITAL;1,11265E+11;COLEGIO GENERAL SANTANDER (IED);B;TARDE;URBANO;12:30;16:55;17:00;1;1;2;1;1;1;1;1;0;0;GENERAL;13:00;750;780;-1;216;0;216;4748,307831;21,69899187;1127;993324,8185;1013624,117;995634,2195;1011624,117;6;20;5;8,572;Fontibón
R1;T-918;10;ENGATIVA;9_SII_2025;UNIÓN TEMPORAL LCT-2022;TRASLADO;10;BUS;NO;DISTRITAL;1,11265E+11;COLEGIO GENERAL SANTANDER (IED);B;TARDE;URBANO;12:15;17:20;17:25;1;1;2;1;1;1;1;1;0;0;GENERAL;12:45;735;765;-1;216;0;216;4748,307831;21,69899187;1127;993324,8185;1013624,117;995634,2195;1011624,117;6;20;5;8,856;Fontibón
R1;T-922;10;ENGATIVA;9_SII_2025;UNIÓN TEMPORAL LCT-2022;TRASLADO;10;BUS;NO;DISTRITAL;1,11265E+11;COLEGIO GENERAL SANTANDER (IED);B;TARDE;URBANO;12:15;17:20;17:25;1;1;2;1;1;1;1;1;0;0;GENERAL;12:45;735;765;-1;216;0;216;4748,307831;21,69899187;1127;993324,8185;1013624,117;995634,2195;1011624,117;6;20;5;8,856;Fontibón
R1;T-923;10;ENGATIVA;9_SII_2025;UNIÓN TEMPORAL LCT-2022;TRASLADO;10;BUS;NO;DISTRITAL;1,11265E+11;COLEGIO GENERAL SANTANDER (IED);B;TARDE;URBANO;12:15;17:20;17:25;1;1;2;1;1;1;1;1;0;0;GENERAL;12:45;735;765;-1;216;0;216;4748,307831;21,69899187;1127;993324,8185;1013624,117;995634,2195;1011624,117;6;20;5;8,856;Fontibón
R1;T-924;10;ENGATIVA;9_SII_2025;UNIÓN TEMPORAL LCT-2022;TRASLADO;10;BUS;NO;DISTRITAL;1,11265E+11;COLEGIO GENERAL SANTANDER (IED);B;TARDE;URBANO;12:15;17:20;17:25;1;1;2;1;1;1;1;1;0;0;GENERAL;12:45;735;765;-1;216;0;216;4748,307831;21,69899187;1127;993324,8185;1013624,117;995634,2195;1011624,117;6;20;5;8,572;Fontibón
R1;T-925;10;ENGATIVA;9_SII_2025;UNIÓN TEMPORAL LCT-2022;TRASLADO;10;BUS;NO;DISTRITAL;1,11265E+11;COLEGIO GENERAL SANTANDER (IED);B;TARDE;URBANO;12:15;17:20;17:25;1;1;2;1;1;1;1;1;0;0;GENERAL;12:45;735;765;-1;216;0;216;4748,307831;21,69899187;1127;993324,8185;1013624,117;995634,2195;1011624,117;6;20;5;8,572;Fontibón
R1;T-926;10;ENGATIVA;9_SII_2025;UNIÓN TEMPORAL LCT-2022;TRASLADO;10;BUS;NO;DISTRITAL;1,11265E+11;COLEGIO GENERAL SANTANDER (IED);B;TARDE;URBANO;12:15;17:20;17:25;1;1;2;1;1;1;1;1;0;0;GENERAL;12:45;735;765;-1;216;0;216;4748,307831;21,69899187;1127;993324,8185;1013624,117;995634,2195;1011624,117;6;20;5;8,572;Fontibón
R1;T-927;10;ENGATIVA;9_SII_2025;UNIÓN TEMPORAL LCT-2022;TRASLADO;10;BUS;NO;DISTRITAL;1,11265E+11;COLEGIO GENERAL SANTANDER (IED);B;TARDE;URBANO;12:15;17:20;17:25;1;1;2;1;1;1;1;1;0;0;GENERAL;12:45;735;765;-1;216;0;216;4748,307831;21,69899187;1127;993324,8185;1013624,117;995634,2195;1011624,117;6;20;5;8,572;Fontibón
R1;T-928;10;ENGATIVA;9_SII_2025;UNIÓN TEMPORAL LCT-2022;TRASLADO;10;BUS;NO;DISTRITAL;1,11265E+11;COLEGIO GENERAL SANTANDER (IED);B;TARDE;URBANO;12:00;17:20;17:25;1;1;2;1;1;1;1;1;0;0;GENERAL;12:30;720;750;-1;216;0;216;4748,307831;21,69899187;1127;993324,8185;1013624,117;995634,2195;1011624,117;6;20;5;8,572;Fontibón
R1;T-929;10;ENGATIVA;9_SII_2025;UNIÓN TEMPORAL LCT-2022;TRASLADO;10;BUS;NO;DISTRITAL;1,11265E+11;COLEGIO GENERAL SANTANDER (IED);B;TARDE;URBANO;12:00;17:30;17:35;1;1;2;1;1;1;1;1;0;0;GENERAL;12:30;720;750;-1;216;0;216;4748,307831;21,69899187;1127;993324,8185;1013624,117;995634,2195;1011624,117;6;20;5;8,572;Fontibón
R1;T-930;10;ENGATIVA;9_SII_2025;UNIÓN TEMPORAL LCT-2022;TRASLADO;10;BUS;NO;DISTRITAL;1,11265E+11;COLEGIO GENERAL SANTANDER (IED);B;TARDE;URBANO;12:00;17:30;17:35;1;1;2;1;1;1;1;1;0;0;GENERAL;12:30;720;750;-1;216;0;216;4748,307831;21,69899187;1127;993324,8185;1013624,117;995634,2195;1011624,117;6;20;5;8,572;Fontibón
R1;T-931;10;ENGATIVA;9_SII_2025;UNIÓN TEMPORAL LCT-2022;TRASLADO;10;BUS;NO;DISTRITAL;1,11265E+11;COLEGIO GENERAL SANTANDER (IED);B;TARDE;URBANO;12:00;17:30;17:35;1;1;2;1;1;1;1;1;0;0;GENERAL;12:30;720;750;-1;216;0;216;4748,307831;21,69899187;1127;993324,8185;1013624,117;995634,2195;1011624,117;6;20;5;8,572;Fontibón
R1;T-932;10;ENGATIVA;9_SII_2025;UNIÓN TEMPORAL LCT-2022;TRASLADO;10;BUS;NO;DISTRITAL;1,11265E+11;COLEGIO GENERAL SANTANDER (IED);B;TARDE;URBANO;12:00;17:30;17:35;1;1;2;1;1;1;1;1;0;0;GENERAL;12:30;720;750;-1;216;0;216;4748,307831;21,69899187;1127;993324,8185;1013624,117;995634,2195;1011624,117;6;20;5;8,572;Fontibón
R1;T-933;10;ENGATIVA;9_SII_2025;UNIÓN TEMPORAL LCT-2022;TRASLADO;10;BUS;NO;DISTRITAL;1,11265E+11;COLEGIO GENERAL SANTANDER (IED);B;TARDE;URBANO;12:00;17:30;17:35;1;1;2;1;1;1;1;1;0;0;GENERAL;12:30;720;750;-1;216;0;216;4748,307831;21,69899187;1127;993324,8185;1013624,117;995634,2195;1011624,117;6;20;5;8,572;Fontibón
R1;T-934;10;ENGATIVA;9_SII_2025;UNIÓN TEMPORAL LCT-2022;TRASLADO;10;BUS;NO;DISTRITAL;1,11265E+11;COLEGIO GENERAL SANTANDER (IED);B;TARDE;URBANO;12:00;17:30;17:35;1;1;2;1;1;1;1;1;0;0;GENERAL;12:30;720;750;-1;216;0;216;4748,307831;21,69899187;1127;993324,8185;1013624,117;995634,2195;1011624,117;6;20;5;8,572;Fontibón
R1;T-935;10;ENGATIVA;9_SII_2025;UNIÓN TEMPORAL LCT-2022;TRASLADO;10;BUS;NO;DISTRITAL;1,11265E+11;COLEGIO GENERAL SANTANDER (IED);B;TARDE;URBANO;12:00;17:30;17:35;1;1;2;1;1;1;1;1;0;0;GENERAL;12:30;720;750;-1;216;0;216;4748,307831;21,69899187;1127;993324,8185;1013624,117;995634,2195;1011624,117;6;20;5;8,572;Fontibón
R1;T-936;10;ENGATIVA;9_SII_2025;UNIÓN TEMPORAL LCT-2022;TRASLADO;10;BUS;NO;DISTRITAL;1,11265E+11;COLEGIO GENERAL SANTANDER (IED);B;TARDE;URBANO;12:00;17:30;17:35;1;1;2;1;1;1;1;1;0;0;GENERAL;12:30;720;750;-1;216;0;216;4748,307831;21,69899187;1127;993324,8185;1013624,117;995634,2195;1011624,117;6;20;5;8,572;Fontibón
R1;T-937;10;ENGATIVA;9_SII_2025;UNIÓN TEMPORAL LCT-2022;TRASLADO;10;BUS;NO;DISTRITAL;1,11265E+11;COLEGIO GENERAL SANTANDER (IED);B;TARDE;URBANO;12:00;17:30;17:35;1;1;2;1;1;1;1;1;0;0;GENERAL;12:30;720;750;-1;216;0;216;4748,307831;21,69899187;1127;993324,8185;1013624,117;995634,2195;1011624,117;6;20;5;8,572;Fontibón
R1;T-938;10;ENGATIVA;9_SII_2025;UNIÓN TEMPORAL LCT-2022;TRASLADO;10;BUS;NO;DISTRITAL;1,11265E+11;COLEGIO GENERAL SANTANDER (IED);B;TARDE;URBANO;12:00;17:30;17:35;1;1;2;1;1;1;1;1;0;0;GENERAL;12:30;720;750;-1;216;0;216;4748,307831;21,69899187;1127;993324,8185;1013624,117;995634,2195;1011624,117;6;20;5;8,572;Fontibón
R1;T-939;10;ENGATIVA;9_SII_2025;UNIÓN TEMPORAL LCT-2022;TRASLADO;11;BUSETA;NO;DISTRITAL;1,11265E+11;COLEGIO GENERAL SANTANDER (IED);B;TARDE;URBANO;12:00;17:30;17:35;1;1;2;1;1;1;1;1;0;0;GENERAL;12:30;720;750;-1;216;0;216;4748,307831;21,69899187;1127;993324,8185;1013624,117;995634,2195;1011624,117;6;20;5;8,572;Fontibón
R1;U-1541;10;ENGATIVA;4_SII_2025;UNIÓN TEMPORAL LCT-2022;URBANO;10;BUS-FDS;NO;DISTRITAL;1,11001E+11;COLEGIO CHARRY (IED);A;ÚNICA;URBANO;6:00;17:00;17:05;1;1;2;0;0;0;0;0;0;1;INDIGENAS COMUNIDAD EMBERA;7:00;360;420;-1;217;0;217;6555,219576;228,9107835;1127;993324,8185;1013624,117;995634,2195;1011624,117;6;20;1;15,852;Fontibón
R1;U-376;10;ENGATIVA;1_CV_2025;CONSORCIO RUTAS SEGURAS;URBANO;12;CAMIONETA;NO;DISTRITAL;1,11001E+11;COLEGIO JORGE GAITAN CORTES (IED);C;TARDE;URBANO;11:35;18:15;18:20;1;1;2;1;1;1;1;1;0;0;GENERAL;12:20;695;740;-1;637;0;637;15347,98066;48,80274621;1127;993324,8185;1013624,117;995634,2195;1011624,117;6;20;5;29,864;Fontibón
R1;U-1089;9;FONTIBON;9_SII_2025;UNIÓN TEMPORAL LCT-2022;URBANO;13;MICROBUS;NO;DISTRITAL;1,11279E+11;COLEGIO COSTA RICA (IED);B/C;ÚNICA;URBANO;6:25;12:45;12:50;1;1;2;1;1;1;1;1;0;0;GENERAL;7:00;385;420;-1;225;0;225;6839,836925;132,1828103;1129;993324,8185;1009624,117;995634,2195;1007624,117;8;20;5;12,195;Bolera el Salitre
R1;U-1521;9;FONTIBON;9_SII_2025;UNIÓN TEMPORAL LCT-2022;URBANO;13;MICROBUS;NO;DISTRITAL;1,11279E+11;COLEGIO VILLEMAR EL CARMEN (IED);B/C;MAÑANA;URBANO;5:25;13:55;14:00;1;1;2;1;1;1;1;1;0;0;GENERAL;6:10;325;370;-1;384;0;384;11608,56237;71,79293326;1129;993324,8185;1009624,117;995634,2195;1007624,117;8;20;5;26,612;Bolera el Salitre
R1;U-1522;9;FONTIBON;9_SII_2025;UNIÓN TEMPORAL LCT-2022;URBANO;11;BUSETA;NO;DISTRITAL;1,11279E+11;COLEGIO VILLEMAR EL CARMEN (IED);B/C;TARDE;URBANO;9:00;17:30;17:35;2;2;4;1;1;1;1;1;0;0;GENERAL;10:10;540;610;-1;326;0;326;13607,35913;166,8952743;1129;993324,8185;1009624,117;995634,2195;1007624,117;8;20;5;26,079;Bolera el Salitre
R1;U-1527;9;FONTIBON;9_SII_2025;UNIÓN TEMPORAL LCT-2022;URBANO;11;BUSETA;NO;DISTRITAL;1,11279E+11;COLEGIO VILLEMAR EL CARMEN (IED);B/C;MAÑANA;URBANO;5:25;13:55;14:00;1;1;2;1;1;1;1;1;0;0;GENERAL;6:10;325;370;-1;206;0;206;8837,871026;71,7993466;1129;993324,8185;1009624,117;995634,2195;1007624,117;8;20;5;17,127;Bolera el Salitre
R1;U-341;9;FONTIBON;9_SII_2025;UNIÓN TEMPORAL LCT-2022;URBANO;13;MICROBUS;NO;DISTRITAL;1,11279E+11;COLEGIO COSTA RICA (IED);B/C;ÚNICA;URBANO;6:20;12:45;12:50;1;1;2;1;1;1;1;1;0;0;GENERAL;7:00;380;420;-1;244;0;244;6924,308896;133,2722645;1129;993324,8185;1009624,117;995634,2195;1007624,117;8;20;5;13,887;Bolera el Salitre
R1;U-342;9;FONTIBON;9_SII_2025;UNIÓN TEMPORAL LCT-2022;URBANO;13;MICROBUS;NO;DISTRITAL;1,11279E+11;COLEGIO COSTA RICA (IED);B/C;ÚNICA;URBANO;6:00;12:45;12:50;1;1;2;1;1;1;1;1;0;0;GENERAL;7:00;360;420;-1;248;0;248;6922,600165;131,3331053;1129;993324,8185;1009624,117;995634,2195;1007624,117;8;20;5;13,57;Bolera el Salitre
R1;U-343;9;FONTIBON;1_CV_2025;CONSORCIO RUTAS SEGURAS;URBANO;14;VAN;NO;DISTRITAL;1,11279E+11;COLEGIO COSTA RICA (IED);B/C;ÚNICA;URBANO;6:00;12:45;12:50;1;1;2;1;1;1;1;1;0;0;GENERAL;7:00;360;420;-1;235;0;235;7628,356253;131,8964319;1129;993324,8185;1009624,117;995634,2195;1007624,117;8;20;5;14,695;Bolera el Salitre
R1;U-350;9;FONTIBON;9_SII_2025;UNIÓN TEMPORAL LCT-2022;URBANO;11;BUSETA;NO;DISTRITAL;1,11279E+11;COLEGIO VILLEMAR EL CARMEN (IED);B/C;TARDE;URBANO;11:15;17:10;17:15;2;2;4;1;1;1;1;1;0;0;GENERAL;12:35;675;755;-1;353;0;353;11311,96658;69,14288034;1129;993324,8185;1009624,117;995634,2195;1007624,117;8;20;5;22,196;Bolera el Salitre
R1;U-352;9;FONTIBON;9_SII_2025;UNIÓN TEMPORAL LCT-2022;URBANO;11;BUSETA;NO;DISTRITAL;1,11279E+11;COLEGIO VILLEMAR EL CARMEN (IED);B/C;MAÑANA;URBANO;5:00;11:05;11:10;2;2;4;1;1;1;1;1;0;0;GENERAL;6:15;300;375;-1;460;0;460;13927,46186;157,6165555;1129;993324,8185;1009624,117;995634,2195;1007624,117;8;20;5;28,797;Bolera el Salitre
R1;U-353;9;FONTIBON;9_SII_2025;UNIÓN TEMPORAL LCT-2022;URBANO;10;BUS;NO;DISTRITAL;1,11279E+11;COLEGIO VILLEMAR EL CARMEN (IED);B/C;MAÑANA;URBANO;5:20;11:05;11:10;1;1;2;1;1;1;1;1;0;0;GENERAL;6:15;320;375;-1;287;0;287;8200,10864;70,08187673;1129;993324,8185;1009624,117;995634,2195;1007624,117;8;20;5;16,178;Bolera el Salitre
R1;U-356;9;FONTIBON;9_SII_2025;UNIÓN TEMPORAL LCT-2022;URBANO;13;MICROBUS;NO;DISTRITAL;1,11279E+11;COLEGIO VILLEMAR EL CARMEN (IED);B/C;MAÑANA;URBANO;5:35;11:05;11:10;1;1;2;1;1;1;1;1;0;0;GENERAL;6:15;335;375;-1;231;0;231;6491,300827;161,5110294;1129;993324,8185;1009624,117;995634,2195;1007624,117;8;20;5;13,597;Bolera el Salitre
R1;U-357;9;FONTIBON;9_SII_2025;UNIÓN TEMPORAL LCT-2022;URBANO;13;MICROBUS;NO;DISTRITAL;1,11279E+11;COLEGIO VILLEMAR EL CARMEN (IED);B/C;TARDE;URBANO;11:50;17:10;17:15;1;1;2;1;1;1;1;1;0;0;GENERAL;12:35;710;755;-1;267;0;267;7914,063043;69,14288034;1129;993324,8185;1009624,117;995634,2195;1007624,117;8;20;5;16,076;Bolera el Salitre
R1;U-1121;8;KENNEDY;8_SII_2025;UNIÓN TEMPORAL SRD TRANSPORTE DE PASAJEROS COLOMBIA;URBANO;10;BUS;NO;DISTRITAL;1,11001E+11;COLEGIO MARSELLA (IED);A/B;MAÑANA;URBANO;5:45;12:00;12:05;1;1;2;1;1;1;1;1;0;0;GENERAL;6:45;345;405;-1;484;0;484;11076,39365;201,8727337;1131;993324,8185;1005624,117;995634,2195;1003624,117;10;20;5;21,396;0
R1;U-1419;8;KENNEDY;8_SII_2025;UNIÓN TEMPORAL SRD TRANSPORTE DE PASAJEROS COLOMBIA;URBANO;13;MICROBUS;NO;DISTRITAL;1,11001E+11;COLEGIO MARSELLA (IED);A;TARDE;URBANO;11:35;18:35;18:40;1;1;2;1;1;1;1;1;0;0;GENERAL;12:30;695;750;-1;439;0;439;10047,73948;201,8727337;1131;993324,8185;1005624,117;995634,2195;1003624,117;10;20;5;19,943;0
R1;U-1604;16;PUENTE ARANDA;8_SII_2025;UNIÓN TEMPORAL SRD TRANSPORTE DE PASAJEROS COLOMBIA;URBANO;13;MICROBUS;NO;DISTRITAL;1,11001E+11;COLEGIO JULIO GARAVITO ARMERO (IED);C;ÚNICA;URBANO;5:30;13:55;14:00;1;1;2;1;1;1;1;1;0;0;GENERAL;6:30;330;390;-1;878;0;878;14628,57692;314,9055292;1133;993324,8185;1001624,117;995634,2195;999624,1172;12;20;5;29,012;0
R1;U-1628;16;PUENTE ARANDA;8_SII_2025;UNIÓN TEMPORAL SRD TRANSPORTE DE PASAJEROS COLOMBIA;URBANO;13;MICROBUS;NO;DISTRITAL;1,11001E+11;COLEGIO JULIO GARAVITO ARMERO (IED);C;ÚNICA;URBANO;5:00;13:55;14:00;2;2;4;1;1;1;1;1;0;0;GENERAL;6:30;300;390;-1;548;0;548;22123,60368;314,9055292;1133;993324,8185;1001624,117;995634,2195;999624,1172;12;20;5;45,897;0
R1;U-706;16;PUENTE ARANDA;8_SII_2025;UNIÓN TEMPORAL SRD TRANSPORTE DE PASAJEROS COLOMBIA;URBANO;13;MICROBUS;NO;DISTRITAL;1,11001E+11;COLEGIO ANDRES BELLO (IED);A/B;ÚNICA;URBANO;5:15;13:55;14:00;1;1;2;1;1;1;1;1;0;0;GENERAL;6:15;315;375;-1;710;0;710;17988,32113;136,5421956;1133;993324,8185;1001624,117;995634,2195;999624,1172;12;20;5;34,979;0
R1;U-707;16;PUENTE ARANDA;8_SII_2025;UNIÓN TEMPORAL SRD TRANSPORTE DE PASAJEROS COLOMBIA;URBANO;10;BUS;NO;DISTRITAL;1,11001E+11;COLEGIO ANDRES BELLO (IED);A/B;ÚNICA;URBANO;5:30;13:55;14:00;1;1;2;1;1;1;1;1;0;0;GENERAL;6:30;330;390;-1;433;0;433;11599,41073;136,5421956;1133;993324,8185;1001624,117;995634,2195;999624,1172;12;20;5;22,903;0
R1;U-708;16;PUENTE ARANDA;8_SII_2025;UNIÓN TEMPORAL SRD TRANSPORTE DE PASAJEROS COLOMBIA;URBANO;10;BUS;NO;DISTRITAL;1,11001E+11;COLEGIO ANDRES BELLO (IED);A/B;ÚNICA;URBANO;5:30;13:55;14:00;1;1;2;1;1;1;1;1;0;0;GENERAL;6:30;330;390;-1;611;0;611;14719,83691;136,8471938;1133;993324,8185;1001624,117;995634,2195;999624,1172;12;20;5;29,256;0
R1;U-728;16;PUENTE ARANDA;1_CV_2025;CONSORCIO RUTAS SEGURAS;URBANO;12;CAMIONETA;NO;DISTRITAL;1,11001E+11;COLEGIO TECNICO BENJAMIN HERRERA (IED);A/B;MAÑANA;URBANO;5:45;12:25;12:30;1;1;2;1;1;1;1;1;0;0;GENERAL;6:15;345;375;-1;177;0;177;5122,702522;46,93660175;1133;993324,8185;1001624,117;995634,2195;999624,1172;12;20;5;9,335;0
R1;U-104;6;TUNJUELITO;16_SII_2025;UNIÓN TEMPORAL ALIANZA BT;URBANO;11;BUSETA;NO;DISTRITAL;1,11001E+11;COLEGIO CENTRO INTEGRAL JOSE MARIA CORDOBA (IED);A;TARDE;URBANO;11:20;18:25;18:30;1;1;2;1;1;1;1;1;0;0;GENERAL;12:20;680;740;-1;564;0;564;8408,396981;67,82511352;1134;993324,8185;999624,1172;995634,2195;997624,1172;13;20;5;16,257;0
R1;U-1049;6;TUNJUELITO;16_SII_2025;UNIÓN TEMPORAL ALIANZA BT;URBANO;10;BUS;NO;DISTRITAL;1,11001E+11;COLEGIO INEM SANTIAGO PEREZ (IED);A;ÚNICA;URBANO;5:40;13:35;13:40;1;1;2;1;1;1;1;1;0;0;GENERAL;6:25;340;385;-1;517;0;517;7488,738486;165,9209847;1134;993324,8185;999624,1172;995634,2195;997624,1172;13;20;5;15,325;0
R1;U-105;6;TUNJUELITO;16_SII_2025;UNIÓN TEMPORAL ALIANZA BT;URBANO;13;MICROBUS;NO;DISTRITAL;1,11001E+11;COLEGIO CENTRO INTEGRAL JOSE MARIA CORDOBA (IED);A;TARDE;URBANO;11:45;17:45;17:50;1;1;2;1;1;1;1;1;0;0;GENERAL;12:20;705;740;-1;303;0;303;7030,386202;67,82511352;1134;993324,8185;999624,1172;995634,2195;997624,1172;13;20;5;12,708;0
R1;U-106;6;TUNJUELITO;16_SII_2025;UNIÓN TEMPORAL ALIANZA BT;URBANO;11;BUSETA;NO;DISTRITAL;1,11001E+11;COLEGIO CENTRO INTEGRAL JOSE MARIA CORDOBA (IED);A;TARDE;URBANO;11:45;17:45;17:50;1;1;2;1;1;1;1;1;0;0;GENERAL;12:20;705;740;-1;595;0;595;9417,164102;67,82511352;1134;993324,8185;999624,1172;995634,2195;997624,1172;13;20;5;18,66;0
R1;U-107;6;TUNJUELITO;16_SII_2025;UNIÓN TEMPORAL ALIANZA BT;URBANO;13;MICROBUS;NO;DISTRITAL;1,11001E+11;COLEGIO CENTRO INTEGRAL JOSE MARIA CORDOBA (IED);A;TARDE;URBANO;11:30;18:25;18:30;1;1;2;1;1;1;1;1;0;0;GENERAL;12:20;690;740;-1;594;0;594;9417,125976;67,82511352;1134;993324,8185;999624,1172;995634,2195;997624,1172;13;20;5;18,66;0
R1;U-108;6;TUNJUELITO;16_SII_2025;UNIÓN TEMPORAL ALIANZA BT;URBANO;10;BUS;NO;DISTRITAL;1,11001E+11;COLEGIO CENTRO INTEGRAL JOSE MARIA CORDOBA (IED);A;MAÑANA;URBANO;6:00;12:15;12:20;1;1;2;1;1;1;1;1;0;0;GENERAL;6:40;360;400;-1;625;0;625;9699,371323;67,82511352;1134;993324,8185;999624,1172;995634,2195;997624,1172;13;20;5;19,381;0
R1;U-109;6;TUNJUELITO;16_SII_2025;UNIÓN TEMPORAL ALIANZA BT;URBANO;11;BUSETA;NO;DISTRITAL;1,11001E+11;COLEGIO CENTRO INTEGRAL JOSE MARIA CORDOBA (IED);A;MAÑANA;URBANO;5:30;12:25;12:30;1;1;2;1;1;1;1;1;0;0;GENERAL;6:20;330;380;-1;638;0;638;9867,323959;67,82511352;1134;993324,8185;999624,1172;995634,2195;997624,1172;13;20;5;18,664;0
R1;U-110;6;TUNJUELITO;16_SII_2025;UNIÓN TEMPORAL ALIANZA BT;URBANO;11;BUSETA;NO;DISTRITAL;1,11001E+11;COLEGIO CENTRO INTEGRAL JOSE MARIA CORDOBA (IED);A;TARDE;URBANO;11:20;17:45;17:50;1;1;2;1;1;1;1;1;0;0;GENERAL;12:20;680;740;-1;579;0;579;8846,860219;67,82511352;1134;993324,8185;999624,1172;995634,2195;997624,1172;13;20;5;17,159;0
R1;U-111;6;TUNJUELITO;16_SII_2025;UNIÓN TEMPORAL ALIANZA BT;URBANO;11;BUSETA;NO;DISTRITAL;1,11001E+11;COLEGIO CENTRO INTEGRAL JOSE MARIA CORDOBA (IED);A;MAÑANA;URBANO;6:10;12:15;12:20;1;1;2;1;1;1;1;1;0;0;GENERAL;6:40;370;400;-1;350;0;350;8675,544943;67,82511352;1134;993324,8185;999624,1172;995634,2195;997624,1172;13;20;5;16,067;0
R1;U-112;6;TUNJUELITO;16_SII_2025;UNIÓN TEMPORAL ALIANZA BT;URBANO;11;BUSETA;NO;DISTRITAL;1,11001E+11;COLEGIO CENTRO INTEGRAL JOSE MARIA CORDOBA (IED);A;TARDE;URBANO;11:30;17:45;17:50;1;1;2;1;1;1;1;1;0;0;GENERAL;12:20;690;740;-1;577;0;577;8313,011876;66,57860367;1134;993324,8185;999624,1172;995634,2195;997624,1172;13;20;5;16,164;0
R1;U-1147;18;RAFAEL URIBE URIBE;15_SII_2025;UNIÓN TEMPORAL ANDINO 2022;URBANO;11;BUSETA;NO;DISTRITAL;1,11001E+11;COLEGIO RESTREPO MILLAN (IED);D;TARDE;URBANO;11:35;18:00;18:05;1;1;2;1;1;1;1;1;0;0;INDIGENAS COMUNIDAD EMBERA;12:30;695;750;-1;421;0;421;8735,011452;161,9891408;1134;993324,8185;999624,1172;995634,2195;997624,1172;13;20;5;17,344;0
R1;U-1148;18;RAFAEL URIBE URIBE;15_SII_2025;UNIÓN TEMPORAL ANDINO 2022;URBANO;11;BUSETA;NO;DISTRITAL;1,11001E+11;COLEGIO RESTREPO MILLAN (IED);D;TARDE;URBANO;11:35;18:00;18:05;1;1;2;1;1;1;1;1;0;0;INDIGENAS COMUNIDAD EMBERA;12:30;695;750;-1;421;0;421;8735,011452;161,9891408;1134;993324,8185;999624,1172;995634,2195;997624,1172;13;20;5;17,344;0
R1;U-1149;18;RAFAEL URIBE URIBE;15_SII_2025;UNIÓN TEMPORAL ANDINO 2022;URBANO;10;BUS;NO;DISTRITAL;1,11001E+11;COLEGIO RESTREPO MILLAN (IED);D;TARDE;URBANO;11:40;18:00;18:05;1;1;2;1;1;1;1;1;0;0;INDIGENAS COMUNIDAD EMBERA;12:30;700;750;-1;565;0;565;13810,49547;161,5087271;1134;993324,8185;999624,1172;995634,2195;997624,1172;13;20;5;25,211;0
R1;U-120;6;TUNJUELITO;16_SII_2025;UNIÓN TEMPORAL ALIANZA BT;URBANO;13;MICROBUS;NO;DISTRITAL;1,11001E+11;COLEGIO INEM SANTIAGO PEREZ (IED);A;ÚNICA;URBANO;6:05;12:40;12:45;1;1;2;1;1;1;1;1;0;0;GENERAL;6:50;365;410;-1;659;0;659;11905,14654;160,5014992;1134;993324,8185;999624,1172;995634,2195;997624,1172;13;20;5;22,792;0
R1;U-121;6;TUNJUELITO;16_SII_2025;UNIÓN TEMPORAL ALIANZA BT;URBANO;11;BUSETA;NO;DISTRITAL;1,11001E+11;COLEGIO INEM SANTIAGO PEREZ (IED);A;ÚNICA;URBANO;5:45;14:05;14:10;1;1;2;1;1;1;1;1;0;0;GENERAL;6:25;345;385;-1;420;0;420;7981,665289;166,9658265;1134;993324,8185;999624,1172;995634,2195;997624,1172;13;20;5;14,515;0
R1;U-122;6;TUNJUELITO;16_SII_2025;UNIÓN TEMPORAL ALIANZA BT;URBANO;11;BUSETA;NO;DISTRITAL;1,11001E+11;COLEGIO INEM SANTIAGO PEREZ (IED);A;ÚNICA;URBANO;5:50;13:35;13:40;1;1;2;1;1;1;1;1;0;0;GENERAL;6:25;350;385;-1;415;0;415;7943,418559;164,4286047;1134;993324,8185;999624,1172;995634,2195;997624,1172;13;20;5;14,528;0
R1;U-123;6;TUNJUELITO;16_SII_2025;UNIÓN TEMPORAL ALIANZA BT;URBANO;10;BUS;NO;DISTRITAL;1,11001E+11;COLEGIO INEM SANTIAGO PEREZ (IED);A;ÚNICA;URBANO;5:50;14:05;14:10;1;1;2;1;1;1;1;1;0;0;GENERAL;6:25;350;385;-1;520;0;520;7555,644756;165,9209635;1134;993324,8185;999624,1172;995634,2195;997624,1172;13;20;5;15,318;0
R1;U-124;6;TUNJUELITO;16_SII_2025;UNIÓN TEMPORAL ALIANZA BT;URBANO;10;BUS;NO;DISTRITAL;1,11001E+11;COLEGIO INEM SANTIAGO PEREZ (IED);A;ÚNICA;URBANO;5:45;13:35;13:40;1;1;2;1;1;1;1;1;0;0;GENERAL;6:25;345;385;-1;263;0;263;7679,658166;164,2008673;1134;993324,8185;999624,1172;995634,2195;997624,1172;13;20;5;15,034;0
R1;U-125;6;TUNJUELITO;16_SII_2025;UNIÓN TEMPORAL ALIANZA BT;URBANO;10;BUS;NO;DISTRITAL;1,11001E+11;COLEGIO INEM SANTIAGO PEREZ (IED);A;ÚNICA;URBANO;5:50;14:05;14:10;1;1;2;1;1;1;1;1;0;0;GENERAL;6:25;350;385;-1;446;0;446;7348,467999;161,509361;1134;993324,8185;999624,1172;995634,2195;997624,1172;13;20;5;14,283;0
R1;U-126;6;TUNJUELITO;16_SII_2025;UNIÓN TEMPORAL ALIANZA BT;URBANO;10;BUS;NO;DISTRITAL;1,11001E+11;COLEGIO INEM SANTIAGO PEREZ (IED);A;ÚNICA;URBANO;5:40;14:05;14:10;1;1;2;1;1;1;1;1;0;0;GENERAL;6:25;340;385;-1;649;0;649;8879,985849;164,0060521;1134;993324,8185;999624,1172;995634,2195;997624,1172;13;20;5;16,455;0
R1;U-127;6;TUNJUELITO;16_SII_2025;UNIÓN TEMPORAL ALIANZA BT;URBANO;10;BUS;NO;DISTRITAL;1,11001E+11;COLEGIO INEM SANTIAGO PEREZ (IED);A;ÚNICA;URBANO;5:55;13:35;13:40;1;1;2;1;1;1;1;1;0;0;GENERAL;6:25;355;385;-1;333;0;333;8025,468924;165,9209823;1134;993324,8185;999624,1172;995634,2195;997624,1172;13;20;5;15,377;0
R1;U-128;6;TUNJUELITO;16_SII_2025;UNIÓN TEMPORAL ALIANZA BT;URBANO;10;BUS;NO;DISTRITAL;1,11001E+11;COLEGIO INEM SANTIAGO PEREZ (IED);A;ÚNICA;URBANO;6:00;13:35;13:40;1;1;2;1;1;1;1;1;0;0;GENERAL;6:25;360;385;-1;185;0;185;3993,222614;165,0230795;1134;993324,8185;999624,1172;995634,2195;997624,1172;13;20;5;7,057;0
R1;U-129;6;TUNJUELITO;16_SII_2025;UNIÓN TEMPORAL ALIANZA BT;URBANO;10;BUS;NO;DISTRITAL;1,11001E+11;COLEGIO INEM SANTIAGO PEREZ (IED);A;ÚNICA;URBANO;5:45;13:35;13:40;1;1;2;1;1;1;1;1;0;0;GENERAL;6:25;345;385;-1;402;0;402;7081,635532;165,0230795;1134;993324,8185;999624,1172;995634,2195;997624,1172;13;20;5;13,403;0
R1;U-130;6;TUNJUELITO;16_SII_2025;UNIÓN TEMPORAL ALIANZA BT;URBANO;10;BUS;NO;DISTRITAL;1,11001E+11;COLEGIO INEM SANTIAGO PEREZ (IED);A;ÚNICA;URBANO;5:30;14:05;14:10;1;1;2;1;1;1;1;1;0;0;GENERAL;6:25;330;385;-1;532;0;532;7619,321515;158,1339445;1134;993324,8185;999624,1172;995634,2195;997624,1172;13;20;5;14,924;0
R1;U-131;6;TUNJUELITO;16_SII_2025;UNIÓN TEMPORAL ALIANZA BT;URBANO;11;BUSETA;NO;DISTRITAL;1,11001E+11;COLEGIO INEM SANTIAGO PEREZ (IED);A;ÚNICA;URBANO;6:05;13:35;13:40;1;1;2;1;1;1;1;1;0;0;GENERAL;6:25;365;385;-1;206;0;206;4525,962821;165,9209831;1134;993324,8185;999624,1172;995634,2195;997624,1172;13;20;5;8,153;0
R1;U-132;6;TUNJUELITO;16_SII_2025;UNIÓN TEMPORAL ALIANZA BT;URBANO;13;MICROBUS;NO;DISTRITAL;1,11001E+11;COLEGIO INEM SANTIAGO PEREZ (IED);A;ÚNICA;URBANO;6:25;12:40;12:45;1;1;2;1;1;1;1;1;0;0;GENERAL;6:50;385;410;-1;365;0;365;7486,142794;164,0060505;1134;993324,8185;999624,1172;995634,2195;997624,1172;13;20;5;13,705;0
R1;U-133;6;TUNJUELITO;16_SII_2025;UNIÓN TEMPORAL ALIANZA BT;URBANO;11;BUSETA;NO;DISTRITAL;1,11001E+11;COLEGIO INEM SANTIAGO PEREZ (IED);A;ÚNICA;URBANO;5:55;14:05;14:10;1;1;2;1;1;1;1;1;0;0;GENERAL;6:25;355;385;-1;339;0;339;8381,867188;165,9209839;1134;993324,8185;999624,1172;995634,2195;997624,1172;13;20;5;15,739;0
R1;U-1330;18;RAFAEL URIBE URIBE;15_SII_2025;UNIÓN TEMPORAL ANDINO 2022;URBANO;10;BUS;NO;DISTRITAL;1,11001E+11;COLEGIO MANUEL DEL SOCORRO RODRIGUEZ (IED);A/B;MAÑANA;URBANO;5:25;12:00;12:05;1;1;2;1;1;1;1;1;0;0;GENERAL;6:15;325;375;-1;507;0;507;9177,294528;345,9209548;1134;993324,8185;999624,1172;995634,2195;997624,1172;13;20;5;18,153;0
R1;U-134;6;TUNJUELITO;16_SII_2025;UNIÓN TEMPORAL ALIANZA BT;URBANO;11;BUSETA;NO;DISTRITAL;1,11001E+11;COLEGIO INEM SANTIAGO PEREZ (IED);A;ÚNICA;URBANO;5:50;14:05;14:10;1;1;2;1;1;1;1;1;0;0;GENERAL;6:25;350;385;-1;342;0;342;6664,57335;163,2500096;1134;993324,8185;999624,1172;995634,2195;997624,1172;13;20;5;12,106;0
R1;U-135;6;TUNJUELITO;16_SII_2025;UNIÓN TEMPORAL ALIANZA BT;URBANO;10;BUS;NO;DISTRITAL;1,11001E+11;COLEGIO INEM SANTIAGO PEREZ (IED);A;ÚNICA;URBANO;5:40;13:35;13:40;1;1;2;1;1;1;1;1;0;0;GENERAL;6:25;340;385;-1;584;0;584;9348,244928;161,509361;1134;993324,8185;999624,1172;995634,2195;997624,1172;13;20;5;18,221;0
R1;U-136;6;TUNJUELITO;16_SII_2025;UNIÓN TEMPORAL ALIANZA BT;URBANO;10;BUS;NO;DISTRITAL;1,11001E+11;COLEGIO INEM SANTIAGO PEREZ (IED);A;ÚNICA;URBANO;5:50;13:35;13:40;1;1;2;1;1;1;1;1;0;0;GENERAL;6:25;350;385;-1;314;0;314;5829,352698;161,5093618;1134;993324,8185;999624,1172;995634,2195;997624,1172;13;20;5;11,055;0
R1;U-137;6;TUNJUELITO;16_SII_2025;UNIÓN TEMPORAL ALIANZA BT;URBANO;10;BUS;NO;DISTRITAL;1,11001E+11;COLEGIO INEM SANTIAGO PEREZ (IED);A;ÚNICA;URBANO;6:00;14:05;14:10;1;1;2;1;1;1;1;1;0;0;GENERAL;6:25;360;385;-1;202;0;202;4618,001761;164,0060749;1134;993324,8185;999624,1172;995634,2195;997624,1172;13;20;5;7,976;0
R1;U-138;6;TUNJUELITO;16_SII_2025;UNIÓN TEMPORAL ALIANZA BT;URBANO;11;BUSETA;NO;DISTRITAL;1,11001E+11;COLEGIO INEM SANTIAGO PEREZ (IED);A;ÚNICA;URBANO;5:45;13:35;13:40;1;1;2;1;1;1;1;1;0;0;GENERAL;6:25;345;385;-1;768;0;768;9205,051421;66,11580119;1134;993324,8185;999624,1172;995634,2195;997624,1172;13;20;5;20,297;0
R1;U-139;6;TUNJUELITO;16_SII_2025;UNIÓN TEMPORAL ALIANZA BT;URBANO;11;BUSETA;NO;DISTRITAL;1,11001E+11;COLEGIO INEM SANTIAGO PEREZ (IED);A;ÚNICA;URBANO;6:00;12:40;12:45;1;1;2;1;1;1;1;1;0;0;GENERAL;6:50;360;410;-1;864;0;864;12088,43933;170,60003;1134;993324,8185;999624,1172;995634,2195;997624,1172;13;20;5;24,037;0
R1;U-140;6;TUNJUELITO;16_SII_2025;UNIÓN TEMPORAL ALIANZA BT;URBANO;10;BUS;NO;DISTRITAL;1,11001E+11;COLEGIO INEM SANTIAGO PEREZ (IED);A;ÚNICA;URBANO;6:00;13:35;13:40;1;1;2;1;1;1;1;1;0;0;GENERAL;6:25;360;385;-1;414;0;414;6609,603832;164,0060702;1134;993324,8185;999624,1172;995634,2195;997624,1172;13;20;5;13,041;0
R1;U-1404;6;TUNJUELITO;16_SII_2025;UNIÓN TEMPORAL ALIANZA BT;URBANO;11;BUSETA;NO;DISTRITAL;1,11001E+11;COLEGIO RAFAEL URIBE URIBE (IED);A/B;MAÑANA/ÚNICA;URBANO;5:30;12:15;12:20;1;1;2;1;1;1;1;1;0;0;GENERAL;6:30;330;390;-1;647;0;647;9746,454804;153,3596434;1134;993324,8185;999624,1172;995634,2195;997624,1172;13;20;5;18,964;0
R1;U-141;6;TUNJUELITO;16_SII_2025;UNIÓN TEMPORAL ALIANZA BT;URBANO;10;BUS;NO;DISTRITAL;1,11001E+11;COLEGIO INEM SANTIAGO PEREZ (IED);A;ÚNICA;URBANO;5:55;13:35;13:40;1;1;2;1;1;1;1;1;0;0;GENERAL;6:25;355;385;-1;310;0;310;5027,441323;158,1339569;1134;993324,8185;999624,1172;995634,2195;997624,1172;13;20;5;10,142;0
R1;U-142;6;TUNJUELITO;16_SII_2025;UNIÓN TEMPORAL ALIANZA BT;URBANO;13;MICROBUS;NO;DISTRITAL;1,11001E+11;COLEGIO INEM SANTIAGO PEREZ (IED);A;ÚNICA;URBANO;6:30;12:40;12:45;1;1;2;1;1;1;1;1;0;0;GENERAL;6:50;390;410;-1;429;0;429;8017,223472;166,9658265;1134;993324,8185;999624,1172;995634,2195;997624,1172;13;20;5;14,661;0
R1;U-1420;18;RAFAEL URIBE URIBE;2_CV_2025;CONSORCIO RUTAS SEGURAS;URBANO;14;VAN-MR;SI;DISTRITAL;1,11001E+11;COLEGIO RAFAEL DELGADO SALGUERO (IED);B;ÚNICA;URBANO;6:00;13:15;13:20;1;1;2;1;1;1;1;1;0;0;GENERAL;6:20;360;380;-1;96;0;96;2233,143923;264,8268;1134;993324,8185;999624,1172;995634,2195;997624,1172;13;20;5;4,952;0
R1;U-143;6;TUNJUELITO;16_SII_2025;UNIÓN TEMPORAL ALIANZA BT;URBANO;11;BUSETA;NO;DISTRITAL;1,11001E+11;COLEGIO INEM SANTIAGO PEREZ (IED);A;ÚNICA;URBANO;5:45;14:05;14:10;1;1;2;1;1;1;1;1;0;0;GENERAL;6:25;345;385;-1;768;0;768;9205,051421;66,11580119;1134;993324,8185;999624,1172;995634,2195;997624,1172;13;20;5;20,297;0
R1;U-144;6;TUNJUELITO;16_SII_2025;UNIÓN TEMPORAL ALIANZA BT;URBANO;10;BUS;NO;DISTRITAL;1,11001E+11;COLEGIO INEM SANTIAGO PEREZ (IED);A;ÚNICA;URBANO;5:55;14:05;14:10;1;1;2;1;1;1;1;1;0;0;GENERAL;6:25;355;385;-1;310;0;310;5027,441323;158,1339569;1134;993324,8185;999624,1172;995634,2195;997624,1172;13;20;5;10,142;0
R1;U-1445;18;RAFAEL URIBE URIBE;15_SII_2025;UNIÓN TEMPORAL ANDINO 2022;URBANO;10;BUS;NO;DISTRITAL;1,11001E+11;COLEGIO RESTREPO MILLAN (IED);D;TARDE;URBANO;11:45;18:00;18:05;1;1;2;1;1;1;1;1;0;0;INDIGENAS COMUNIDAD EMBERA;12:30;705;750;-1;180;0;180;5360,98765;161,5087271;1134;993324,8185;999624,1172;995634,2195;997624,1172;13;20;5;11,541;0
R1;U-1508;6;TUNJUELITO;2_CV_2025;CONSORCIO RUTAS SEGURAS;URBANO;14;VAN;NO;DISTRITAL;1,11001E+11;COLEGIO INEM SANTIAGO PEREZ (IED);A;ÚNICA;URBANO;5:25;13:35;13:40;1;1;2;1;1;1;1;1;0;0;GENERAL;6:25;325;385;-1;566;0;566;13852,88725;164,0060702;1134;993324,8185;999624,1172;995634,2195;997624,1172;13;20;5;28,803;0
R1;U-1532;6;TUNJUELITO;2_CV_2025;CONSORCIO RUTAS SEGURAS;URBANO;14;VAN;NO;DISTRITAL;1,11001E+11;COLEGIO INEM SANTIAGO PEREZ (IED);A;ÚNICA;URBANO;5:30;14:05;14:10;1;1;2;1;1;1;1;1;0;0;GENERAL;6:25;330;385;-1;462;0;462;13402,41942;164,0060702;1134;993324,8185;999624,1172;995634,2195;997624,1172;13;20;5;27,902;0
R1;U-161;6;TUNJUELITO;16_SII_2025;UNIÓN TEMPORAL ALIANZA BT;URBANO;13;MICROBUS;NO;DISTRITAL;1,11001E+11;COLEGIO RAFAEL URIBE URIBE (IED);A;ÚNICA;URBANO;5:40;13:20;13:25;1;1;2;1;1;1;1;1;0;0;GENERAL;6:30;340;390;-1;146;0;146;8554,405197;84,63573846;1134;993324,8185;999624,1172;995634,2195;997624,1172;13;20;5;17,255;0
R1;U-163;6;TUNJUELITO;16_SII_2025;UNIÓN TEMPORAL ALIANZA BT;URBANO;13;MICROBUS;NO;DISTRITAL;1,11001E+11;COLEGIO RAFAEL URIBE URIBE (IED);A/B;MAÑANA/ÚNICA;URBANO;5:30;12:15;12:20;1;1;2;1;1;1;1;1;0;0;GENERAL;6:30;330;390;-1;804;0;804;10726,62692;254,2755662;1134;993324,8185;999624,1172;995634,2195;997624,1172;13;20;5;20,98;0
R1;U-1633;6;TUNJUELITO;16_SII_2025;UNIÓN TEMPORAL ALIANZA BT;URBANO;13;MICROBUS;NO;DISTRITAL;1,11001E+11;COLEGIO CENTRO INTEGRAL JOSE MARIA CORDOBA (IED);A;MAÑANA;URBANO;5:55;12:15;12:20;1;1;2;1;1;1;1;1;0;0;GENERAL;6:40;355;400;-1;731;0;731;10415,21553;67,82511352;1134;993324,8185;999624,1172;995634,2195;997624,1172;13;20;5;20,295;0
R1;U-1634;6;TUNJUELITO;16_SII_2025;UNIÓN TEMPORAL ALIANZA BT;URBANO;13;MICROBUS;NO;DISTRITAL;1,11001E+11;COLEGIO CENTRO INTEGRAL JOSE MARIA CORDOBA (IED);A;MAÑANA;URBANO;5:20;12:25;12:30;1;1;2;1;1;1;1;1;0;0;GENERAL;6:20;320;380;-1;749;0;749;10677,07395;256,0148622;1134;993324,8185;999624,1172;995634,2195;997624,1172;13;20;5;20,349;0
R1;U-1635;6;TUNJUELITO;16_SII_2025;UNIÓN TEMPORAL ALIANZA BT;URBANO;13;MICROBUS;NO;DISTRITAL;1,11001E+11;COLEGIO CENTRO INTEGRAL JOSE MARIA CORDOBA (IED);A;MAÑANA;URBANO;5:20;12:25;12:30;1;1;2;1;1;1;1;1;0;0;GENERAL;6:20;320;380;-1;349;0;349;8645,46813;155,9678646;1134;993324,8185;999624,1172;995634,2195;997624,1172;13;20;5;16,695;0
R1;U-1636;6;TUNJUELITO;16_SII_2025;UNIÓN TEMPORAL ALIANZA BT;URBANO;13;MICROBUS;NO;DISTRITAL;1,11001E+11;COLEGIO CENTRO INTEGRAL JOSE MARIA CORDOBA (IED);A;TARDE;URBANO;11:30;18:25;18:30;1;1;2;1;1;1;1;1;0;0;GENERAL;12:20;690;740;-1;311;0;311;7120,824134;155,9678646;1134;993324,8185;999624,1172;995634,2195;997624,1172;13;20;5;12,9;0
R1;U-1637;6;TUNJUELITO;16_SII_2025;UNIÓN TEMPORAL ALIANZA BT;URBANO;13;MICROBUS;NO;DISTRITAL;1,11001E+11;COLEGIO CENTRO INTEGRAL JOSE MARIA CORDOBA (IED);A;TARDE;URBANO;11:20;18:25;18:30;1;1;2;1;1;1;1;1;0;0;GENERAL;12:20;680;740;-1;713;0;713;10941,3227;155,9678646;1134;993324,8185;999624,1172;995634,2195;997624,1172;13;20;5;21,015;0
R1;U-164;6;TUNJUELITO;16_SII_2025;UNIÓN TEMPORAL ALIANZA BT;URBANO;13;MICROBUS;NO;DISTRITAL;1,11001E+11;COLEGIO RAFAEL URIBE URIBE (IED);A/B;MAÑANA/ÚNICA;URBANO;5:35;12:15;12:20;1;1;2;1;1;1;1;1;0;0;GENERAL;6:30;335;390;-1;443;0;443;7882,381221;253,6685617;1134;993324,8185;999624,1172;995634,2195;997624,1172;13;20;5;15,132;0
R1;U-165;6;TUNJUELITO;16_SII_2025;UNIÓN TEMPORAL ALIANZA BT;URBANO;11;BUSETA;NO;DISTRITAL;1,11001E+11;COLEGIO RAFAEL URIBE URIBE (IED);A/B;MAÑANA/ÚNICA;URBANO;5:40;12:15;12:20;1;1;2;1;1;1;1;1;0;0;GENERAL;6:30;340;390;-1;286;0;286;6370,165982;254,2755662;1134;993324,8185;999624,1172;995634,2195;997624,1172;13;20;5;12,552;0
R1;U-166;6;TUNJUELITO;16_SII_2025;UNIÓN TEMPORAL ALIANZA BT;URBANO;13;MICROBUS;NO;DISTRITAL;1,11001E+11;COLEGIO RAFAEL URIBE URIBE (IED);A/B;MAÑANA/ÚNICA;URBANO;5:30;12:15;12:20;1;1;2;1;1;1;1;1;0;0;GENERAL;6:30;330;390;-1;557;0;557;8668,11077;253,6685617;1134;993324,8185;999624,1172;995634,2195;997624,1172;13;20;5;18,062;0
R1;U-168;6;TUNJUELITO;16_SII_2025;UNIÓN TEMPORAL ALIANZA BT;URBANO;11;BUSETA;NO;DISTRITAL;1,11001E+11;COLEGIO RAFAEL URIBE URIBE (IED);A;ÚNICA;URBANO;5:40;13:20;13:25;1;1;2;1;1;1;1;1;0;0;GENERAL;6:30;340;390;-1;515;0;515;8675,863514;90,00410016;1134;993324,8185;999624,1172;995634,2195;997624,1172;13;20;5;17,509;0
R1;U-169;6;TUNJUELITO;16_SII_2025;UNIÓN TEMPORAL ALIANZA BT;URBANO;11;BUSETA;NO;DISTRITAL;1,11001E+11;COLEGIO RAFAEL URIBE URIBE (IED);A;ÚNICA;URBANO;5:45;13:20;13:25;1;1;2;1;1;1;1;1;0;0;GENERAL;6:30;345;390;-1;716;0;716;9483,493414;341,5093249;1134;993324,8185;999624,1172;995634,2195;997624,1172;13;20;5;17,712;0
R1;U-731;18;RAFAEL URIBE URIBE;15_SII_2025;UNIÓN TEMPORAL ANDINO 2022;URBANO;13;MICROBUS;NO;DISTRITAL;1,11001E+11;COLEGIO BRAVO PAEZ (IED);A;MAÑANA;URBANO;5:25;12:05;12:10;1;1;2;1;1;1;1;1;0;0;GENERAL;6:05;325;365;-1;572;0;572;9368,357657;159,0825257;1134;993324,8185;999624,1172;995634,2195;997624,1172;13;20;5;18,815;0
R1;U-732;18;RAFAEL URIBE URIBE;15_SII_2025;UNIÓN TEMPORAL ANDINO 2022;URBANO;13;MICROBUS;NO;DISTRITAL;1,11001E+11;COLEGIO BRAVO PAEZ (IED);A;TARDE;URBANO;11:40;18:15;18:20;1;1;2;1;1;1;1;1;0;0;GENERAL;12:15;700;735;-1;578;0;578;8256,202711;159,3817204;1134;993324,8185;999624,1172;995634,2195;997624,1172;13;20;5;16,468;0
R1;U-735;18;RAFAEL URIBE URIBE;15_SII_2025;UNIÓN TEMPORAL ANDINO 2022;URBANO;11;BUSETA;NO;DISTRITAL;1,11001E+11;COLEGIO BRAVO PAEZ (IED);A;ÚNICA;URBANO;6:10;12:00;12:05;1;1;2;1;1;1;1;1;0;0;GENERAL;7:00;370;420;-1;504;0;504;9639,024145;157,098356;1134;993324,8185;999624,1172;995634,2195;997624,1172;13;20;5;19,219;0
R1;U-736;18;RAFAEL URIBE URIBE;2_CV_2025;CONSORCIO RUTAS SEGURAS;URBANO;14;VAN;NO;DISTRITAL;1,11001E+11;COLEGIO BRAVO PAEZ (IED);A;MAÑANA;URBANO;5:15;12:05;12:10;1;1;2;1;1;1;1;1;0;0;GENERAL;6:05;315;365;-1;659;0;659;10538,58977;158,1331535;1134;993324,8185;999624,1172;995634,2195;997624,1172;13;20;5;22,707;0
R1;U-737;18;RAFAEL URIBE URIBE;15_SII_2025;UNIÓN TEMPORAL ANDINO 2022;URBANO;13;MICROBUS;NO;DISTRITAL;1,11001E+11;COLEGIO BRAVO PAEZ (IED);A;MAÑANA;URBANO;5:15;12:05;12:10;1;1;2;1;1;1;1;1;0;0;GENERAL;6:05;315;365;-1;736;0;736;11928,15586;339,9561477;1134;993324,8185;999624,1172;995634,2195;997624,1172;13;20;5;23,548;0
R1;U-818;18;RAFAEL URIBE URIBE;15_SII_2025;UNIÓN TEMPORAL ANDINO 2022;URBANO;13;MICROBUS;NO;DISTRITAL;1,11001E+11;COLEGIO MANUEL DEL SOCORRO RODRIGUEZ (IED);A/B;TARDE;URBANO;11:25;18:05;18:10;1;1;2;1;1;1;1;1;0;0;GENERAL;12:00;685;720;-1;501;0;501;8388,498725;346,8259659;1134;993324,8185;999624,1172;995634,2195;997624,1172;13;20;5;16,536;0
R1;U-819;18;RAFAEL URIBE URIBE;15_SII_2025;UNIÓN TEMPORAL ANDINO 2022;URBANO;11;BUSETA;NO;DISTRITAL;1,11001E+11;COLEGIO MANUEL DEL SOCORRO RODRIGUEZ (IED);A/B;MAÑANA;URBANO;5:40;12:00;12:05;1;1;2;1;1;1;1;1;0;0;GENERAL;6:20;340;380;-1;437;0;437;7440,780381;250,6263569;1134;993324,8185;999624,1172;995634,2195;997624,1172;13;20;5;13,91;0
R1;U-822;18;RAFAEL URIBE URIBE;15_SII_2025;UNIÓN TEMPORAL ANDINO 2022;URBANO;13;MICROBUS;NO;DISTRITAL;1,11001E+11;COLEGIO MANUEL DEL SOCORRO RODRIGUEZ (IED);A/B;TARDE;URBANO;11:00;18:05;18:10;1;1;2;1;1;1;1;1;0;0;GENERAL;12:00;660;720;-1;866;0;866;14070,2258;251,1403379;1134;993324,8185;999624,1172;995634,2195;997624,1172;13;20;5;31,814;0
R1;U-823;18;RAFAEL URIBE URIBE;15_SII_2025;UNIÓN TEMPORAL ANDINO 2022;URBANO;11;BUSETA;NO;DISTRITAL;1,11001E+11;COLEGIO MANUEL DEL SOCORRO RODRIGUEZ (IED);A;TARDE;URBANO;11:35;18:05;18:10;1;1;2;1;1;1;1;1;0;0;GENERAL;12:00;695;720;-1;159;0;159;13596,30613;38,76095376;1134;993324,8185;999624,1172;995634,2195;997624,1172;13;20;5;26,498;0
R1;U-826;18;RAFAEL URIBE URIBE;15_SII_2025;UNIÓN TEMPORAL ANDINO 2022;URBANO;11;BUSETA;NO;DISTRITAL;1,11001E+11;COLEGIO MANUEL DEL SOCORRO RODRIGUEZ (IED);A/B;MAÑANA;URBANO;5:25;12:00;12:05;1;1;2;1;1;1;1;1;0;0;GENERAL;6:15;325;375;-1;75;0;75;8207,031373;348,5398252;1134;993324,8185;999624,1172;995634,2195;997624,1172;13;20;5;15,668;0
R1;U-827;18;RAFAEL URIBE URIBE;15_SII_2025;UNIÓN TEMPORAL ANDINO 2022;URBANO;11;BUSETA;NO;DISTRITAL;1,11001E+11;COLEGIO MANUEL DEL SOCORRO RODRIGUEZ (IED);A/B;MAÑANA;URBANO;5:20;12:00;12:05;1;1;2;1;1;1;1;1;0;0;GENERAL;6:15;320;375;-1;771;0;771;12524,80127;346,9658056;1134;993324,8185;999624,1172;995634,2195;997624,1172;13;20;5;25,623;0
R1;U-843;18;RAFAEL URIBE URIBE;15_SII_2025;UNIÓN TEMPORAL ANDINO 2022;URBANO;13;MICROBUS;NO;DISTRITAL;1,11001E+11;COLEGIO RAFAEL DELGADO SALGUERO (IED);A/B/C;ÚNICA;URBANO;5:30;13:15;13:20;1;1;2;1;1;1;1;1;0;0;GENERAL;6:30;330;390;-1;455;0;455;8137,366689;336,1810193;1134;993324,8185;999624,1172;995634,2195;997624,1172;13;20;5;17,304;0
R1;U-844;18;RAFAEL URIBE URIBE;15_SII_2025;UNIÓN TEMPORAL ANDINO 2022;URBANO;13;MICROBUS;NO;DISTRITAL;1,11001E+11;COLEGIO RAFAEL DELGADO SALGUERO (IED);A/B/C;ÚNICA;URBANO;5:30;13:15;13:20;1;1;2;1;1;1;1;1;0;0;GENERAL;6:30;330;390;-1;545;0;545;9419,437344;336,1810193;1134;993324,8185;999624,1172;995634,2195;997624,1172;13;20;5;19,151;0
R1;U-845;18;RAFAEL URIBE URIBE;15_SII_2025;UNIÓN TEMPORAL ANDINO 2022;URBANO;11;BUSETA;NO;DISTRITAL;1,11001E+11;COLEGIO RAFAEL DELGADO SALGUERO (IED);A/B/C;ÚNICA;URBANO;5:40;13:15;13:20;1;1;2;1;1;1;1;1;0;0;GENERAL;6:30;340;390;-1;787;0;787;11503,96122;335,1530159;1134;993324,8185;999624,1172;995634,2195;997624,1172;13;20;5;23,444;0
R1;U-846;18;RAFAEL URIBE URIBE;15_SII_2025;UNIÓN TEMPORAL ANDINO 2022;URBANO;10;BUS;NO;DISTRITAL;1,11001E+11;COLEGIO RAFAEL DELGADO SALGUERO (IED);A/B/C;ÚNICA;URBANO;5:30;13:15;13:20;1;1;2;1;1;1;1;1;0;0;GENERAL;6:30;330;390;-1;695;0;695;11613,72768;153,3592826;1134;993324,8185;999624,1172;995634,2195;997624,1172;13;20;5;22,439;0
R1;U-847;18;RAFAEL URIBE URIBE;2_CV_2025;CONSORCIO RUTAS SEGURAS;URBANO;14;VAN;NO;DISTRITAL;1,11001E+11;COLEGIO RAFAEL DELGADO SALGUERO (IED);A/B/C;ÚNICA;URBANO;5:30;13:15;13:20;1;1;2;1;1;1;1;1;0;0;GENERAL;6:30;330;390;-1;410;0;410;9447,98934;246,3274489;1134;993324,8185;999624,1172;995634,2195;997624,1172;13;20;5;17,483;0
R1;U-848;18;RAFAEL URIBE URIBE;15_SII_2025;UNIÓN TEMPORAL ANDINO 2022;URBANO;13;MICROBUS;NO;DISTRITAL;1,11001E+11;COLEGIO RAFAEL DELGADO SALGUERO (IED);A/B/C;ÚNICA;URBANO;5:30;13:15;13:20;1;1;2;1;1;1;1;1;0;0;GENERAL;6:30;330;390;-1;614;0;614;10309,09047;338,4884288;1134;993324,8185;999624,1172;995634,2195;997624,1172;13;20;5;19,744;0
R1;U-854;18;RAFAEL URIBE URIBE;15_SII_2025;UNIÓN TEMPORAL ANDINO 2022;URBANO;10;BUS;NO;DISTRITAL;1,11001E+11;COLEGIO REPUBLICA FEDERAL DE ALEMANIA (IED);A;ÚNICA;URBANO;5:30;13:25;13:30;1;1;2;1;1;1;1;1;0;0;GENERAL;6:25;330;385;-1;449;0;449;7075,981829;78,7321237;1134;993324,8185;999624,1172;995634,2195;997624,1172;13;20;5;14,513;0
R1;U-855;18;RAFAEL URIBE URIBE;15_SII_2025;UNIÓN TEMPORAL ANDINO 2022;URBANO;11;BUSETA;NO;DISTRITAL;1,11001E+11;COLEGIO REPUBLICA FEDERAL DE ALEMANIA (IED);A;ÚNICA;URBANO;5:25;13:25;13:30;1;1;2;1;1;1;1;1;0;0;GENERAL;6:25;325;385;-1;481;0;481;9032,948159;158,394705;1134;993324,8185;999624,1172;995634,2195;997624,1172;13;20;5;17,589;0
R1;U-858;18;RAFAEL URIBE URIBE;15_SII_2025;UNIÓN TEMPORAL ANDINO 2022;URBANO;13;MICROBUS;NO;DISTRITAL;1,11001E+11;COLEGIO REPUBLICA FEDERAL DE ALEMANIA (IED);A;ÚNICA;URBANO;5:50;13:25;13:30;1;1;2;1;1;1;1;1;0;0;GENERAL;6:25;350;385;-1;597;0;597;8923,157151;71,62857256;1134;993324,8185;999624,1172;995634,2195;997624,1172;13;20;5;19,485;0
R1;U-859;18;RAFAEL URIBE URIBE;15_SII_2025;UNIÓN TEMPORAL ANDINO 2022;URBANO;13;MICROBUS;NO;DISTRITAL;1,11001E+11;COLEGIO REPUBLICA FEDERAL DE ALEMANIA (IED);A;ÚNICA;URBANO;5:45;13:25;13:30;1;1;2;1;1;1;1;1;0;0;GENERAL;6:30;345;390;-1;590;0;590;9513,918999;157,8982048;1134;993324,8185;999624,1172;995634,2195;997624,1172;13;20;5;18,6;0
R1;U-860;18;RAFAEL URIBE URIBE;15_SII_2025;UNIÓN TEMPORAL ANDINO 2022;URBANO;10;BUS;NO;DISTRITAL;1,11001E+11;COLEGIO REPUBLICA FEDERAL DE ALEMANIA (IED);A;ÚNICA;URBANO;5:40;13:25;13:30;1;1;2;1;1;1;1;1;0;0;GENERAL;6:25;340;385;-1;572;0;572;7495,114418;157,8982048;1134;993324,8185;999624,1172;995634,2195;997624,1172;13;20;5;15,135;0
R1;U-867;18;RAFAEL URIBE URIBE;15_SII_2025;UNIÓN TEMPORAL ANDINO 2022;URBANO;13;MICROBUS;NO;DISTRITAL;1,11001E+11;COLEGIO RESTREPO MILLAN (IED);B/C;MAÑANA/ÚNICA;URBANO;6:35;13:25;13:30;1;1;2;1;1;1;1;1;0;0;GENERAL;7:30;395;450;-1;437;0;437;8410,291736;161,5087294;1134;993324,8185;999624,1172;995634,2195;997624,1172;13;20;5;16,557;0
R1;U-868;18;RAFAEL URIBE URIBE;15_SII_2025;UNIÓN TEMPORAL ANDINO 2022;URBANO;13;MICROBUS;NO;DISTRITAL;1,11001E+11;COLEGIO RESTREPO MILLAN (IED);B/C;MAÑANA/ÚNICA;URBANO;6:30;13:25;13:30;1;1;2;1;1;1;1;1;0;0;GENERAL;7:30;390;450;-1;403;0;403;7906,988732;161,7784722;1134;993324,8185;999624,1172;995634,2195;997624,1172;13;20;5;16,892;0
R1;U-869;18;RAFAEL URIBE URIBE;15_SII_2025;UNIÓN TEMPORAL ANDINO 2022;URBANO;10;BUS;NO;DISTRITAL;1,11001E+11;COLEGIO RESTREPO MILLAN (IED);A;MAÑANA/ÚNICA;URBANO;5:20;13:55;14:00;1;1;2;1;1;1;1;1;0;0;GENERAL;6:15;320;375;-1;593;0;593;8698,960708;70,93148297;1134;993324,8185;999624,1172;995634,2195;997624,1172;13;20;5;18,605;0
R1;U-872;18;RAFAEL URIBE URIBE;15_SII_2025;UNIÓN TEMPORAL ANDINO 2022;URBANO;13;MICROBUS;NO;DISTRITAL;1,11001E+11;COLEGIO RESTREPO MILLAN (IED);B/C;MAÑANA/ÚNICA;URBANO;6:30;13:25;13:30;1;1;2;1;1;1;1;1;0;0;GENERAL;7:30;390;450;-1;701;0;701;11855,00257;161,8064262;1134;993324,8185;999624,1172;995634,2195;997624,1172;13;20;5;23,538;0
R1;U-873;18;RAFAEL URIBE URIBE;15_SII_2025;UNIÓN TEMPORAL ANDINO 2022;URBANO;10;BUS;NO;DISTRITAL;1,11001E+11;COLEGIO RESTREPO MILLAN (IED);A;ÚNICA;URBANO;5:15;13:55;14:00;1;1;2;1;1;1;1;1;0;0;GENERAL;6:15;315;375;-1;526;0;526;10723,92516;251,2411901;1134;993324,8185;999624,1172;995634,2195;997624,1172;13;20;5;21,907;0
R1;U-875;18;RAFAEL URIBE URIBE;15_SII_2025;UNIÓN TEMPORAL ANDINO 2022;URBANO;13;MICROBUS;NO;DISTRITAL;1,11001E+11;COLEGIO RESTREPO MILLAN (IED);A/B/D;MAÑANA/ÚNICA;URBANO;6:25;13:30;13:35;1;1;2;1;1;1;1;1;0;0;GENERAL;7:25;385;445;-1;968;0;968;14924,98701;338,8994267;1134;993324,8185;999624,1172;995634,2195;997624,1172;13;20;5;30,012;0
R1;U-877;18;RAFAEL URIBE URIBE;15_SII_2025;UNIÓN TEMPORAL ANDINO 2022;URBANO;11;BUSETA;NO;DISTRITAL;1,11001E+11;COLEGIO RESTREPO MILLAN (IED);A;ÚNICA;URBANO;5:30;13:55;14:00;1;1;2;1;1;1;1;1;0;0;GENERAL;6:15;330;375;-1;681;0;681;9791,638974;162,3535577;1134;993324,8185;999624,1172;995634,2195;997624,1172;13;20;5;19,475;0
R1;U-879;18;RAFAEL URIBE URIBE;15_SII_2025;UNIÓN TEMPORAL ANDINO 2022;URBANO;13;MICROBUS;NO;DISTRITAL;1,11001E+11;COLEGIO RESTREPO MILLAN (IED);A;ÚNICA;URBANO;5:30;13:55;14:00;1;1;2;1;1;1;1;1;0;0;GENERAL;6:15;330;375;-1;586;0;586;9026,582316;162,5926398;1134;993324,8185;999624,1172;995634,2195;997624,1172;13;20;5;17,811;0
R1;U-880;18;RAFAEL URIBE URIBE;15_SII_2025;UNIÓN TEMPORAL ANDINO 2022;URBANO;11;BUSETA;NO;DISTRITAL;1,11001E+11;COLEGIO RESTREPO MILLAN (IED);A;ÚNICA;URBANO;5:15;13:55;14:00;1;1;2;1;1;1;1;1;0;0;GENERAL;6:15;315;375;-1;767;0;767;10868,19847;70,62588954;1134;993324,8185;999624,1172;995634,2195;997624,1172;13;20;5;21;0
R1;U-882;18;RAFAEL URIBE URIBE;15_SII_2025;UNIÓN TEMPORAL ANDINO 2022;URBANO;13;MICROBUS;NO;DISTRITAL;1,11001E+11;COLEGIO RESTREPO MILLAN (IED);A;ÚNICA;URBANO;5:35;13:55;14:00;1;1;2;1;1;1;1;1;0;0;GENERAL;6:15;335;375;-1;630;0;630;9832,197509;161,940656;1134;993324,8185;999624,1172;995634,2195;997624,1172;13;20;5;19,165;0
R1;U-177;6;TUNJUELITO;16_SII_2025;UNIÓN TEMPORAL ALIANZA BT;URBANO;11;BUSETA;NO;DISTRITAL;1,11001E+11;COLEGIO SAN CARLOS (IED);A/B;MAÑANA;URBANO;6:20;13:55;14:00;1;1;2;1;1;1;1;1;0;0;GENERAL;7:00;380;420;-1;736;0;736;9964,639793;242,5331389;1135;993324,8185;997624,1172;995634,2195;995624,1172;14;20;5;20,981;0
R1;U-178;6;TUNJUELITO;16_SII_2025;UNIÓN TEMPORAL ALIANZA BT;URBANO;13;MICROBUS;NO;DISTRITAL;1,11001E+11;COLEGIO SAN CARLOS (IED);A/B;TARDE;URBANO;9:20;18:05;18:10;1;1;2;1;1;1;1;1;0;0;GENERAL;9:45;560;585;-1;188;0;188;5171,05323;242,6780824;1135;993324,8185;997624,1172;995634,2195;995624,1172;14;20;5;10,459;0
R1;U-179;6;TUNJUELITO;16_SII_2025;UNIÓN TEMPORAL ALIANZA BT;URBANO;13;MICROBUS;NO;DISTRITAL;1,11001E+11;COLEGIO SAN CARLOS (IED);A/B;MAÑANA;URBANO;6:20;13:55;14:00;1;1;2;1;1;1;1;1;0;0;GENERAL;7:00;380;420;-1;337;0;337;6981,151497;242,904093;1135;993324,8185;997624,1172;995634,2195;995624,1172;14;20;5;14,28;0
R1;U-181;6;TUNJUELITO;16_SII_2025;UNIÓN TEMPORAL ALIANZA BT;URBANO;10;BUS;NO;DISTRITAL;1,11001E+11;COLEGIO SAN CARLOS (IED);A/B;MAÑANA;URBANO;6:03;13:55;14:00;1;1;2;1;1;1;1;1;0;0;GENERAL;7:00;363;420;-1;515;0;515;8826,831001;242,2623959;1135;993324,8185;997624,1172;995634,2195;995624,1172;14;20;5;17,995;0
R1;U-806;18;RAFAEL URIBE URIBE;14_SII_2025;UNIÓN TEMPORAL BUS-ING;URBANO;13;MICROBUS;NO;DISTRITAL;1,11001E+11;COLEGIO JOSE MARTI (IED);A;ÚNICA;URBANO;5:00;13:55;14:00;1;1;2;1;1;1;1;1;0;0;GENERAL;5:30;300;330;-1;163;0;163;4354,518647;299,7709519;1135;993324,8185;997624,1172;995634,2195;995624,1172;14;20;5;8,959;0
R1;U-172;6;TUNJUELITO;2_CV_2025;CONSORCIO RUTAS SEGURAS;URBANO;14;VAN;NO;DISTRITAL;1,11001E+11;COLEGIO RUFINO JOSE CUERVO (IED);A/B;MAÑANA;URBANO;5:15;11:55;12:00;1;1;2;1;1;1;1;1;0;0;GENERAL;6:15;315;375;-1;145;0;145;13787,81714;326,9726295;1136;993324,8185;995624,1172;995634,2195;993624,1172;15;20;5;26,862;0
R1;R-012;5;USME;18_SIII_2025;UNIÓN TEMPORAL SRD TRANSPORTE DE PASAJEROS COLOMBIA;RURAL;10;BUS;NO;DISTRITAL;2,1185E+11;COLEGIO EL DESTINO (IED);A;ÚNICA;RURAL;6:30;14:55;15:00;1;1;2;1;1;1;1;1;0;0;GENERAL;7:00;390;420;-1;522;0;522;7141,468456;31,16120168;1140;993324,8185;987624,1172;995634,2195;985624,1172;19;20;5;17,331;Usme I y II
R1;U-097;5;USME;18_SIII_2025;UNIÓN TEMPORAL SRD TRANSPORTE DE PASAJEROS COLOMBIA;URBANO;10;BUS;NO;DISTRITAL;1,1185E+11;COLEGIO FRANCISCO ANTONIO ZEA DE USME (IED);A;MAÑANA;URBANO;5:20;12:10;12:15;1;1;2;1;1;1;1;1;0;0;GENERAL;6:00;320;360;-1;962;0;962;12926,512;146,6332058;1140;993324,8185;987624,1172;995634,2195;985624,1172;19;20;5;26,377;Usme I y II
R1;U-098;5;USME;18_SIII_2025;UNIÓN TEMPORAL SRD TRANSPORTE DE PASAJEROS COLOMBIA;URBANO;10;BUS;NO;DISTRITAL;1,1185E+11;COLEGIO FRANCISCO ANTONIO ZEA DE USME (IED);B;MAÑANA;URBANO;6:05;12:00;12:05;1;1;2;1;1;1;1;1;0;0;GENERAL;6:50;365;410;-1;634;0;634;15799,14685;147,9047667;1140;993324,8185;987624,1172;995634,2195;985624,1172;19;20;5;31,598;Usme I y II
R1;U-1619;5;USME;1_CV_2025;CONSORCIO RUTAS SEGURAS;URBANO;14;VAN;NO;DISTRITAL;1,1185E+11;COLEGIO FRANCISCO ANTONIO ZEA DE USME (IED);A/C;MAÑANA;URBANO;5:20;15:05;15:10;1;1;2;1;1;1;1;1;0;0;GENERAL;6:00;320;360;-1;613;0;613;8329,86694;147,1245351;1140;993324,8185;987624,1172;995634,2195;985624,1172;19;20;5;17,836;Usme I y II
R1;R-014;5;USME;18_SIII_2025;UNIÓN TEMPORAL SRD TRANSPORTE DE PASAJEROS COLOMBIA;RURAL;10;BUS;NO;DISTRITAL;2,1185E+11;COLEGIO EL DESTINO (IED);A;ÚNICA;RURAL;6:20;14:55;15:00;1;1;2;1;1;1;1;1;0;0;GENERAL;7:00;380;420;-1;569;1;10;8982,173175;196,1926485;1140;993324,8185;987624,1172;995634,2195;985624,1172;19;20;5;8,982;Usme I y II
R1;R-024;5;USME;18_SIII_2025;UNIÓN TEMPORAL SRD TRANSPORTE DE PASAJEROS COLOMBIA;RURAL;10;BUS;NO;DISTRITAL;2,1185E+11;COLEGIO EL DESTINO (IED);A;ÚNICA;RURAL;6:30;14:55;15:00;1;1;2;1;1;1;1;1;0;0;GENERAL;7:00;390;420;-1;571;1;31;8613,243205;260,3647385;1140;993324,8185;987624,1172;995634,2195;985624,1172;19;20;5;8,613;Usme I y II
R1;R-042;5;USME;18_SIII_2025;UNIÓN TEMPORAL SRD TRANSPORTE DE PASAJEROS COLOMBIA;RURAL;11;BUSETA;NO;DISTRITAL;2,1185E+11;COLEGIO EL UVAL (IED);A;MAÑANA/ÚNICA;RURAL;6:05;12:25;12:30;1;1;2;1;1;1;1;1;0;0;GENERAL;6:20;365;380;-1;284;1;69;3718,394699;164,4258484;1140;993324,8185;987624,1172;995634,2195;985624,1172;19;20;5;7,552;Usme I y II
R1;R-361;5;USME;18_SIII_2025;UNIÓN TEMPORAL SRD TRANSPORTE DE PASAJEROS COLOMBIA;RURAL;13;MICROBUS;NO;DISTRITAL;2,1185E+11;COLEGIO EL UVAL (IED);A;TARDE/ÚNICA;RURAL;12:05;18:25;18:30;1;1;2;1;1;1;1;1;0;0;GENERAL;12:20;725;740;-1;284;1;69;3718,394699;164,4258484;1140;993324,8185;987624,1172;995634,2195;985624,1172;19;20;5;7,552;Usme I y II
R1;R-476;5;USME;18_SIII_2025;UNIÓN TEMPORAL SRD TRANSPORTE DE PASAJEROS COLOMBIA;RURAL;11;BUSETA;NO;DISTRITAL;2,1185E+11;COLEGIO EL UVAL (IED);A;MAÑANA/ÚNICA;RURAL;6:05;11:25;11:30;1;1;2;1;1;1;1;1;0;0;GENERAL;6:20;365;380;-1;284;1;69;3718,394699;164,4258484;1140;993324,8185;987624,1172;995634,2195;985624,1172;19;20;5;7,552;Usme I y II
R1;R-477;5;USME;18_SIII_2025;UNIÓN TEMPORAL SRD TRANSPORTE DE PASAJEROS COLOMBIA;RURAL;13;MICROBUS;NO;DISTRITAL;2,1185E+11;COLEGIO EL UVAL (IED);A;TARDE/ÚNICA;RURAL;12:05;17:25;17:30;1;1;2;1;1;1;1;1;0;0;GENERAL;12:20;725;740;-1;284;1;69;3718,394699;164,4258484;1140;993324,8185;987624,1172;995634,2195;985624,1172;19;20;5;7,552;Usme I y II
R1;U-1010;5;USME;18_SIII_2025;UNIÓN TEMPORAL SRD TRANSPORTE DE PASAJEROS COLOMBIA;URBANO;11;BUSETA;NO;DISTRITAL;1,1185E+11;COLEGIO FRANCISCO ANTONIO ZEA DE USME (IED);D;MAÑANA;URBANO;5:40;12:00;12:05;1;1;2;1;1;1;1;1;0;0;GENERAL;6:30;340;390;-1;688;1;8;9476,866924;25,71372859;1141;993324,8185;985624,1172;995634,2195;983624,1172;20;20;5;18,954;Usme I y II
R1;R-057;5;USME;18_SIII_2025;UNIÓN TEMPORAL SRD TRANSPORTE DE PASAJEROS COLOMBIA;RURAL;10;BUS;NO;DISTRITAL;2,1185E+11;COLEGIO RURAL OLARTE (CED);A;ÚNICA;RURAL;6:25;13:55;14:00;1;1;2;1;1;1;1;1;0;0;GENERAL;7:00;385;420;-1;654;0;654;10525,79755;296,2442243;1142;993324,8185;983624,1172;995634,2195;981624,1172;21;20;5;21,171;Usme I y II
R1;R-059;5;USME;18_SIII_2025;UNIÓN TEMPORAL SRD TRANSPORTE DE PASAJEROS COLOMBIA;RURAL;10;BUS;NO;DISTRITAL;2,1185E+11;COLEGIO RURAL OLARTE (CED);A;ÚNICA;RURAL;6:35;13:55;14:00;1;1;2;1;1;1;1;1;0;0;GENERAL;7:00;395;420;-1;322;0;322;4772,342528;296,485482;1142;993324,8185;983624,1172;995634,2195;981624,1172;21;20;5;9,533;Usme I y II
R1;R-060;5;USME;18_SIII_2025;UNIÓN TEMPORAL SRD TRANSPORTE DE PASAJEROS COLOMBIA;RURAL;10;BUS;NO;DISTRITAL;2,1185E+11;COLEGIO RURAL OLARTE (CED);A;ÚNICA;RURAL;6:25;13:55;14:00;1;1;2;1;1;1;1;1;0;0;GENERAL;7:00;385;420;-1;499;0;499;7400,241069;300,378123;1142;993324,8185;983624,1172;995634,2195;981624,1172;21;20;5;14,785;Usme I y II
R1;R-474;5;USME;18_SIII_2025;UNIÓN TEMPORAL SRD TRANSPORTE DE PASAJEROS COLOMBIA;RURAL;13;MICROBUS;NO;DISTRITAL;2,1185E+11;COLEGIO RURAL OLARTE (CED);A;ÚNICA;RURAL;6:10;13:55;14:00;1;1;2;1;1;1;1;1;0;0;GENERAL;7:00;370;420;-1;788;0;788;12437,01799;296,485482;1142;993324,8185;983624,1172;995634,2195;981624,1172;21;20;5;24,874;Usme I y II
R1;R-496;5;USME;18_SIII_2025;UNIÓN TEMPORAL SRD TRANSPORTE DE PASAJEROS COLOMBIA;RURAL;13;MICROBUS;NO;DISTRITAL;2,1185E+11;COLEGIO RURAL OLARTE (CED);A;ÚNICA;RURAL;6:10;13:55;14:00;1;1;2;1;1;1;1;1;0;0;GENERAL;7:00;370;420;-1;807;0;807;18515,16948;299,310631;1142;993324,8185;983624,1172;995634,2195;981624,1172;21;20;5;37,02;Usme I y II
R1;R-021;5;USME;18_SIII_2025;UNIÓN TEMPORAL SRD TRANSPORTE DE PASAJEROS COLOMBIA;RURAL;10;BUS;NO;DISTRITAL;2,1185E+11;COLEGIO EL DESTINO (IED);A;ÚNICA;RURAL;5:25;14:55;15:00;2;2;4;1;1;1;1;1;0;0;GENERAL;7:00;325;420;-1;100;0;100;3944,279595;1,503316202;1142;993324,8185;983624,1172;995634,2195;981624,1172;21;20;5;45,835;Usme I y II
R1;R-061;5;USME;18_SIII_2025;UNIÓN TEMPORAL SRD TRANSPORTE DE PASAJEROS COLOMBIA;RURAL;11;BUSETA;NO;DISTRITAL;2,1185E+11;COLEGIO RURAL EL CURUBITAL (CED);A;ÚNICA;RURAL;6:00;14:00;14:05;1;1;2;1;1;1;1;1;0;0;GENERAL;7:00;360;420;-1;1323;2;568;17478,24561;348,9915558;1147;993324,8185;973624,1172;995634,2195;971624,1172;26;20;5;34,981;0
R1;S-062;20;SUMAPAZ;2_CV_2025;CONSORCIO RUTAS SEGURAS;SUMAPAZ;12;CAMIONETA 4X4;NO;DISTRITAL;2,11001E+11;COLEGIO CAMPESTRE JAIME GARZON (IED);E;ÚNICA;RURAL-S;7:50;14:55;15:00;1;1;2;1;1;1;1;1;0;0;GENERAL;8:00;470;480;-1;65;0;65;889,1246692;38,30620561;1156;993324,8185;955624,1172;995634,2195;953624,1172;35;20;5;1,778;0
R1;U-1460;11;SUBA;4_SII_2025;UNIÓN TEMPORAL LCT-2022;URBANO;10;BUS;NO;OFICIAL;1,11001E+11;COLEGIO LA TOSCANA - LISBOA (IED);D;ÚNICA;URBANO;6:30;12:05;12:10;1;1;2;1;1;1;1;1;0;0;GENERAL;7:00;390;420;-1;164;0;164;3336,305422;16,24154702;1180;995056,8693;1018624,117;997366,2703;1016624,117;3;21;5;6,535;Las Mercedes
R1;U-1463;11;SUBA;4_SII_2025;UNIÓN TEMPORAL LCT-2022;URBANO;10;BUS;NO;OFICIAL;1,11001E+11;COLEGIO LA TOSCANA - LISBOA (IED);D;ÚNICA;URBANO;11:50;17:30;17:35;1;1;2;1;1;1;1;1;0;0;GENERAL;12:30;710;750;-1;164;0;164;3336,305422;16,24154702;1180;995056,8693;1018624,117;997366,2703;1016624,117;3;21;5;6,535;Las Mercedes
R1;U-1441;11;SUBA;1_CV_2025;CONSORCIO RUTAS SEGURAS;URBANO;14;VAN;NO;DISTRITAL;1,11769E+11;COLEGIO REPUBLICA DOMINICANA (IED);A;MAÑANA;URBANO;4:50;11:10;11:15;2;2;4;1;1;1;1;1;0;0;GENERAL;6:10;290;370;-1;899;0;899;19597,93901;165,9225139;1181;995056,8693;1016624,117;997366,2703;1014624,117;4;21;5;38,975;0
R1;U-1442;11;SUBA;1_CV_2025;CONSORCIO RUTAS SEGURAS;URBANO;14;VAN;NO;DISTRITAL;1,11769E+11;COLEGIO REPUBLICA DOMINICANA (IED);A;MAÑANA;URBANO;4:40;12:10;12:15;2;2;4;1;1;1;1;1;0;0;GENERAL;6:10;280;370;-1;576;0;576;21075,62719;326,2266044;1181;995056,8693;1016624,117;997366,2703;1014624,117;4;21;5;43,883;0
R1;U-1510;11;SUBA;4_SII_2025;UNIÓN TEMPORAL LCT-2022;URBANO;11;BUSETA;NO;DISTRITAL;1,11002E+11;COLEGIO ELISA MUJICA VELASQUEZ (IED);A;ÚNICA;URBANO;5:30;14:00;14:05;1;1;2;1;1;1;1;1;0;0;GENERAL;6:30;330;390;-1;650;0;650;13078,43105;26,64227471;1181;995056,8693;1016624,117;997366,2703;1014624,117;4;21;5;29,665;0
R1;U-1511;11;SUBA;4_SII_2025;UNIÓN TEMPORAL LCT-2022;URBANO;13;MICROBUS;NO;DISTRITAL;1,11002E+11;COLEGIO ELISA MUJICA VELASQUEZ (IED);A;ÚNICA;URBANO;5:45;13:00;13:05;1;1;2;1;1;1;1;1;0;0;GENERAL;6:30;345;390;-1;427;0;427;7413,424884;26,64227471;1181;995056,8693;1016624,117;997366,2703;1014624,117;4;21;5;14,609;0
R1;U-1512;11;SUBA;4_SII_2025;UNIÓN TEMPORAL LCT-2022;URBANO;13;MICROBUS;NO;DISTRITAL;1,11002E+11;COLEGIO ELISA MUJICA VELASQUEZ (IED);A;ÚNICA;URBANO;5:30;13:00;13:05;1;1;2;1;1;1;1;1;0;0;GENERAL;6:30;330;390;-1;703;0;703;13703,17007;286,6511533;1181;995056,8693;1016624,117;997366,2703;1014624,117;4;21;5;25,737;0
R1;U-1557;11;SUBA;4_SII_2025;UNIÓN TEMPORAL LCT-2022;URBANO;11;BUSETA;NO;DISTRITAL;1,11769E+11;COLEGIO REPUBLICA DOMINICANA (IED);A;TARDE;URBANO;12:05;17:40;17:45;1;1;2;1;1;1;1;1;0;0;GENERAL;12:25;725;745;-1;196;0;196;3171,075174;228,1078214;1181;995056,8693;1016624,117;997366,2703;1014624,117;4;21;5;7,962;0
R1;U-1605;11;SUBA;4_SII_2025;UNIÓN TEMPORAL LCT-2022;URBANO;11;BUSETA;NO;DISTRITAL;1,11769E+11;COLEGIO REPUBLICA DOMINICANA (IED);A;MAÑANA;URBANO;5:50;11:15;11:20;1;1;2;1;1;1;1;1;0;0;GENERAL;6:10;350;370;-1;263;0;263;4319,097276;165,9225139;1181;995056,8693;1016624,117;997366,2703;1014624,117;4;21;5;8,304;0
R1;U-1606;11;SUBA;4_SII_2025;UNIÓN TEMPORAL LCT-2022;URBANO;11;BUSETA;NO;DISTRITAL;1,11769E+11;COLEGIO REPUBLICA DOMINICANA (IED);A;TARDE;URBANO;12:10;18:20;18:25;1;1;2;1;1;1;1;1;0;0;GENERAL;12:30;730;750;-1;214;0;214;3426,463277;180,0025854;1181;995056,8693;1016624,117;997366,2703;1014624,117;4;21;5;7,422;0
R1;U-1610;11;SUBA;4_SII_2025;UNIÓN TEMPORAL LCT-2022;URBANO;13;MICROBUS;NO;DISTRITAL;1,11001E+11;COLEGIO TIBABUYES UNIVERSAL (IED);A;TARDE;URBANO;11:50;17:25;17:30;1;1;2;1;1;1;1;1;0;0;GENERAL;12:30;710;750;-1;207;0;207;4245,213776;8,158831314;1181;995056,8693;1016624,117;997366,2703;1014624,117;4;21;5;6,83;0
R1;U-1645;11;SUBA;4_SII_2025;UNIÓN TEMPORAL LCT-2022;URBANO;11;BUSETA;NO;DISTRITAL;1,11002E+11;COLEGIO ELISA MUJICA VELASQUEZ (IED);B;ÚNICA;URBANO;5:40;11:45;11:50;1;1;2;1;1;1;1;1;0;0;GENERAL;6:30;340;390;-1;441;0;441;8394,286527;126,1680916;1181;995056,8693;1016624,117;997366,2703;1014624,117;4;21;5;16,681;0
R1;U-549;11;SUBA;4_SII_2025;UNIÓN TEMPORAL LCT-2022;URBANO;10;BUS;NO;DISTRITAL;1,11769E+11;COLEGIO REPUBLICA DOMINICANA (IED);A;TARDE;URBANO;12:05;17:40;17:45;1;1;2;1;1;1;1;1;0;0;GENERAL;12:25;725;745;-1;196;0;196;3171,075174;228,1078214;1181;995056,8693;1016624,117;997366,2703;1014624,117;4;21;5;12,715;0
R1;U-550;11;SUBA;4_SII_2025;UNIÓN TEMPORAL LCT-2022;URBANO;11;BUSETA;NO;DISTRITAL;1,11769E+11;COLEGIO REPUBLICA DOMINICANA (IED);B;TARDE;URBANO;11:55;18:00;18:05;1;1;2;1;1;1;1;1;0;0;GENERAL;12:30;715;750;-1;435;0;435;8031,395783;180,0024873;1181;995056,8693;1016624,117;997366,2703;1014624,117;4;21;5;15,262;0
R1;U-551;11;SUBA;4_SII_2025;UNIÓN TEMPORAL LCT-2022;URBANO;11;BUSETA;NO;DISTRITAL;1,11769E+11;COLEGIO REPUBLICA DOMINICANA (IED);B;TARDE;URBANO;11:55;18:00;18:05;1;1;2;1;1;1;1;1;0;0;GENERAL;12:30;715;750;-1;187;0;187;4036,121135;280,2746483;1181;995056,8693;1016624,117;997366,2703;1014624,117;4;21;5;9,203;0
R1;U-552;11;SUBA;4_SII_2025;UNIÓN TEMPORAL LCT-2022;URBANO;11;BUSETA;NO;DISTRITAL;1,11769E+11;COLEGIO REPUBLICA DOMINICANA (IED);B;MAÑANA;URBANO;5:30;11:25;11:30;1;1;2;1;1;1;1;1;0;0;GENERAL;6:00;330;360;-1;351;0;351;6897,496799;279,4346736;1181;995056,8693;1016624,117;997366,2703;1014624,117;4;21;5;12,5;0
R1;U-553;11;SUBA;4_SII_2025;UNIÓN TEMPORAL LCT-2022;URBANO;10;BUS;NO;DISTRITAL;1,11769E+11;COLEGIO REPUBLICA DOMINICANA (IED);B;MAÑANA;URBANO;6:30;11:25;11:30;1;1;2;1;1;1;1;1;0;0;GENERAL;7:00;390;420;-1;253;0;253;5121,942129;280,2746224;1181;995056,8693;1016624,117;997366,2703;1014624,117;4;21;5;9,571;0
R1;U-1520;10;ENGATIVA;4_SII_2025;UNIÓN TEMPORAL LCT-2022;URBANO;13;MICROBUS;NO;DISTRITAL;1,11001E+11;COLEGIO REPUBLICA DE CHINA (IED);A/B;MAÑANA;URBANO;6:10;11:55;12:00;1;1;2;1;1;1;1;1;0;0;GENERAL;7:00;370;420;-1;569;0;569;14629,79359;312,5223185;1183;995056,8693;1012624,117;997366,2703;1010624,117;6;21;5;29,499;Fontibón
R1;U-418;10;ENGATIVA;4_SII_2025;UNIÓN TEMPORAL LCT-2022;URBANO;13;MICROBUS;NO;DISTRITAL;1,11001E+11;COLEGIO REPUBLICA DE CHINA (IED);A/B;MAÑANA;URBANO;5:10;11:55;12:00;1;2;3;1;1;1;1;1;0;0;GENERAL;6:10;310;370;-1;604;0;604;13752,89036;312,7056163;1183;995056,8693;1012624,117;997366,2703;1010624,117;6;21;5;30,305;Fontibón
R1;U-419;10;ENGATIVA;4_SII_2025;UNIÓN TEMPORAL LCT-2022;URBANO;13;MICROBUS;SI;DISTRITAL;1,11001E+11;COLEGIO REPUBLICA DE CHINA (IED);A/B;MAÑANA;URBANO;5:05;11:55;12:00;1;1;2;1;1;1;1;1;0;0;GENERAL;6:05;305;365;-1;443;0;443;9418,158226;312,7056163;1183;995056,8693;1012624,117;997366,2703;1010624,117;6;21;5;19,424;Fontibón
R1;U-436;10;ENGATIVA;4_SII_2025;UNIÓN TEMPORAL LCT-2022;URBANO;11;BUSETA;NO;DISTRITAL;1,11001E+11;COLEGIO ROBERT F. KENNEDY (IED);A;TARDE;URBANO;11:30;18:10;18:15;1;1;2;1;1;1;1;1;0;0;GENERAL;12:10;690;730;-1;347;0;347;8865,833204;128,762261;1184;995056,8693;1010624,117;997366,2703;1008624,117;7;21;5;19,127;Bolera el Salitre
R1;U-709;16;PUENTE ARANDA;7_SII_2025;UNIÓN TEMPORAL AMP 2022;URBANO;10;BUS;NO;DISTRITAL;1,11001E+11;COLEGIO ANTONIO JOSE DE SUCRE (IED);A;ÚNICA;URBANO;4:45;13:15;13:20;2;2;4;1;1;1;1;1;0;0;GENERAL;6:20;285;380;-1;951;0;951;21520,68956;296,4905092;1187;995056,8693;1004624,117;997366,2703;1002624,117;10;21;5;44,129;0
R1;U-710;16;PUENTE ARANDA;7_SII_2025;UNIÓN TEMPORAL AMP 2022;URBANO;11;BUSETA;NO;DISTRITAL;1,11001E+11;COLEGIO ANTONIO JOSE DE SUCRE (IED);A;ÚNICA;URBANO;4:50;14:15;14:20;2;2;4;1;1;1;1;1;0;0;GENERAL;6:20;290;380;-1;865;0;865;19447,1911;314,9058978;1187;995056,8693;1004624,117;997366,2703;1002624,117;10;21;5;40,509;0
R1;U-719;16;PUENTE ARANDA;7_SII_2025;UNIÓN TEMPORAL AMP 2022;URBANO;11;BUSETA;NO;DISTRITAL;1,11001E+11;COLEGIO SILVERIA ESPINOSA DE RENDON (IED);A/B/C;TARDE/ÚNICA;URBANO;10:30;17:25;17:30;2;2;4;1;1;1;1;1;0;0;GENERAL;12:20;630;740;-1;915;0;915;21285,69557;45,10039709;1187;995056,8693;1004624,117;997366,2703;1002624,117;10;21;5;44,545;0
R1;U-1071;16;PUENTE ARANDA;2_CV_2025;CONSORCIO RUTAS SEGURAS;URBANO;12;CAMIONETA;NO;DISTRITAL;1,11001E+11;COLEGIO EL JAZMIN (IED);B;TARDE;URBANO;11:40;17:30;17:35;1;1;2;1;1;1;1;1;0;0;GENERAL;12:25;700;745;-1;439;0;439;12106,89614;338,1333889;1188;995056,8693;1002624,117;997366,2703;1000624,117;11;21;5;24,911;0
R1;U-724;18;RAFAEL URIBE URIBE;14_SII_2025;UNIÓN TEMPORAL BUS-ING;URBANO;11;BUSETA;NO;DISTRITAL;1,11001E+11;COLEGIO ANTONIO BARAYA (IED);A/B;ÚNICA;URBANO;5:30;14:15;14:20;1;1;2;1;1;1;1;1;0;0;GENERAL;6:15;330;375;-1;427;0;427;10552,37084;236,4041124;1189;995056,8693;1000624,117;997366,2703;998624,1172;12;21;5;20,943;0
R1;U-725;18;RAFAEL URIBE URIBE;14_SII_2025;UNIÓN TEMPORAL BUS-ING;URBANO;13;MICROBUS;NO;DISTRITAL;1,11001E+11;COLEGIO ANTONIO BARAYA (IED);A/B;ÚNICA;URBANO;5:20;14:15;14:20;1;1;2;1;1;1;1;1;0;0;GENERAL;6:20;320;380;-1;749;0;749;14550,62802;236,4041124;1189;995056,8693;1000624,117;997366,2703;998624,1172;12;21;5;29,917;0
R1;U-726;18;RAFAEL URIBE URIBE;14_SII_2025;UNIÓN TEMPORAL BUS-ING;URBANO;13;MICROBUS;NO;DISTRITAL;1,11001E+11;COLEGIO ANTONIO BARAYA (IED);A/B;ÚNICA;URBANO;5:25;14:15;14:20;1;1;2;1;1;1;1;1;0;0;GENERAL;6:25;325;385;-1;496;0;496;9365,800865;332,4089838;1189;995056,8693;1000624,117;997366,2703;998624,1172;12;21;5;18,306;0
R1;U-749;18;RAFAEL URIBE URIBE;15_SII_2025;UNIÓN TEMPORAL ANDINO 2022;URBANO;11;BUSETA;NO;DISTRITAL;1,11001E+11;COLEGIO EL LIBERTADOR (IED);A;MAÑANA/ÚNICA;URBANO;5:30;14:00;14:05;1;1;2;1;1;1;1;1;0;0;GENERAL;6:30;330;390;-1;576;0;576;15350,47896;348,9879371;1189;995056,8693;1000624,117;997366,2703;998624,1172;12;21;5;30,884;0
R1;U-750;18;RAFAEL URIBE URIBE;15_SII_2025;UNIÓN TEMPORAL ANDINO 2022;URBANO;10;BUS;NO;DISTRITAL;1,11001E+11;COLEGIO EL LIBERTADOR (IED);A;MAÑANA/ÚNICA;URBANO;5:25;14:00;14:05;2;2;4;1;1;1;1;1;0;0;GENERAL;6:30;325;390;-1;565;0;565;17588,87789;348,1168412;1189;995056,8693;1000624,117;997366,2703;998624,1172;12;21;5;36,482;0
R1;U-752;18;RAFAEL URIBE URIBE;15_SII_2025;UNIÓN TEMPORAL ANDINO 2022;URBANO;13;MICROBUS;NO;DISTRITAL;1,11001E+11;COLEGIO EL LIBERTADOR (IED);B;MAÑANA/ÚNICA;URBANO;5:25;13:00;13:05;2;2;4;1;1;1;1;1;0;0;GENERAL;6:30;325;390;-1;618;0;618;18661,62752;345,8718748;1189;995056,8693;1000624,117;997366,2703;998624,1172;12;21;5;37,448;0
R1;U-754;18;RAFAEL URIBE URIBE;15_SII_2025;UNIÓN TEMPORAL ANDINO 2022;URBANO;13;MICROBUS;NO;DISTRITAL;1,11001E+11;COLEGIO EL LIBERTADOR (IED);B;MAÑANA/ÚNICA;URBANO;5:30;13:00;13:05;1;1;2;1;1;1;1;1;0;0;GENERAL;6:30;330;390;-1;656;0;656;12200,4146;346,3179583;1189;995056,8693;1000624,117;997366,2703;998624,1172;12;21;5;22,051;0
R1;U-757;18;RAFAEL URIBE URIBE;15_SII_2025;UNIÓN TEMPORAL ANDINO 2022;URBANO;10;BUS;NO;DISTRITAL;1,11001E+11;COLEGIO EL LIBERTADOR (IED);B;MAÑANA/ÚNICA;URBANO;5:35;13:00;13:05;1;1;2;1;1;1;1;1;0;0;GENERAL;6:30;335;390;-1;980;0;980;13210,81236;164,1000869;1189;995056,8693;1000624,117;997366,2703;998624,1172;12;21;5;27,799;0
R1;U-759;18;RAFAEL URIBE URIBE;15_SII_2025;UNIÓN TEMPORAL ANDINO 2022;URBANO;11;BUSETA;NO;DISTRITAL;1,11001E+11;COLEGIO EL LIBERTADOR (IED);A;MAÑANA/ÚNICA;URBANO;5:25;14:00;14:05;2;1;3;1;1;1;1;1;0;0;GENERAL;6:30;325;390;-1;554;0;554;16045,86158;140,9783535;1189;995056,8693;1000624,117;997366,2703;998624,1172;12;21;5;33,231;0
R1;U-730;18;RAFAEL URIBE URIBE;15_SII_2025;UNIÓN TEMPORAL ANDINO 2022;URBANO;13;MICROBUS;NO;DISTRITAL;1,11001E+11;COLEGIO BRAVO PAEZ (IED);A;ÚNICA;URBANO;5:50;13:30;13:35;2;1;3;1;1;1;1;1;0;0;GENERAL;7:00;350;420;-1;819;0;819;12525,06759;251,6280455;1190;995056,8693;998624,1172;997366,2703;996624,1172;13;21;5;24,73;0
R1;U-734;18;RAFAEL URIBE URIBE;15_SII_2025;UNIÓN TEMPORAL ANDINO 2022;URBANO;11;BUSETA;NO;DISTRITAL;1,11001E+11;COLEGIO BRAVO PAEZ (IED);A;ÚNICA;URBANO;6:10;12:00;12:05;1;1;2;1;1;1;1;1;0;0;GENERAL;7:00;370;420;-1;598;0;598;8609,075694;340,7106057;1190;995056,8693;998624,1172;997366,2703;996624,1172;13;21;5;17,605;0
R1;U-738;18;RAFAEL URIBE URIBE;15_SII_2025;UNIÓN TEMPORAL ANDINO 2022;URBANO;11;BUSETA;NO;DISTRITAL;1,11001E+11;COLEGIO BRAVO PAEZ (IED);A;TARDE;URBANO;11:30;18:15;18:20;1;1;2;1;1;1;1;1;0;0;GENERAL;12:15;690;735;-1;495;0;495;8702,812777;340,1930469;1190;995056,8693;998624,1172;997366,2703;996624,1172;13;21;5;17,522;0
R1;U-740;18;RAFAEL URIBE URIBE;14_SII_2025;UNIÓN TEMPORAL BUS-ING;URBANO;13;MICROBUS;NO;DISTRITAL;1,11001E+11;COLEGIO CLEMENCIA HOLGUIN DE URDANETA (IED);A;ÚNICA;URBANO;5:35;12:10;12:15;1;1;2;1;1;1;1;1;0;0;GENERAL;6:15;335;375;-1;500;0;500;7691,461388;151,308347;1190;995056,8693;998624,1172;997366,2703;996624,1172;13;21;5;15,241;0
R1;U-741;18;RAFAEL URIBE URIBE;14_SII_2025;UNIÓN TEMPORAL BUS-ING;URBANO;13;MICROBUS;NO;DISTRITAL;1,11001E+11;COLEGIO CLEMENCIA HOLGUIN DE URDANETA (IED);A;ÚNICA;URBANO;5:25;13:25;13:30;1;1;2;1;1;1;1;1;0;0;GENERAL;6:20;325;380;-1;589;0;589;9151,274365;153,3578287;1190;995056,8693;998624,1172;997366,2703;996624,1172;13;21;5;19,285;0
R1;U-742;18;RAFAEL URIBE URIBE;14_SII_2025;UNIÓN TEMPORAL BUS-ING;URBANO;10;BUS;NO;DISTRITAL;1,11001E+11;COLEGIO CLEMENCIA HOLGUIN DE URDANETA (IED);A;ÚNICA;URBANO;5:25;12:30;12:35;1;1;2;1;1;1;1;1;0;0;GENERAL;6:25;325;385;-1;721;0;721;10992,47902;152,1619205;1190;995056,8693;998624,1172;997366,2703;996624,1172;13;21;5;21,599;0
R1;U-779;18;RAFAEL URIBE URIBE;13_SII_2025;UNIÓN TEMPORAL SRD TRANSPORTE DE PASAJEROS COLOMBIA;URBANO;13;MICROBUS;NO;DISTRITAL;1,11001E+11;COLEGIO GUSTAVO RESTREPO (IED);B;ÚNICA;URBANO;6:00;12:55;13:00;1;1;2;1;1;1;1;1;0;0;GENERAL;7:00;360;420;-1;677;0;677;12032,04458;306,7762295;1190;995056,8693;998624,1172;997366,2703;996624,1172;13;21;5;23,701;0
R1;U-796;18;RAFAEL URIBE URIBE;14_SII_2025;UNIÓN TEMPORAL BUS-ING;URBANO;11;BUSETA;NO;DISTRITAL;1,11001E+11;COLEGIO JOSE MARTI (IED);A;ÚNICA;URBANO;5:10;13:55;14:00;1;1;2;1;1;1;1;1;0;0;GENERAL;5:30;310;330;-1;510;0;510;6624,50728;18,49762796;1190;995056,8693;998624,1172;997366,2703;996624,1172;13;21;5;13,248;0
R1;U-797;18;RAFAEL URIBE URIBE;14_SII_2025;UNIÓN TEMPORAL BUS-ING;URBANO;13;MICROBUS;NO;DISTRITAL;1,11001E+11;COLEGIO JOSE MARTI (IED);A;ÚNICA;URBANO;5:05;13:55;14:00;1;1;2;1;1;1;1;1;0;0;GENERAL;5:30;305;330;-1;614;0;614;6999,188543;18,49762796;1190;995056,8693;998624,1172;997366,2703;996624,1172;13;21;5;15,577;0
R1;U-798;18;RAFAEL URIBE URIBE;14_SII_2025;UNIÓN TEMPORAL BUS-ING;URBANO;13;MICROBUS;NO;DISTRITAL;1,11001E+11;COLEGIO JOSE MARTI (IED);A;ÚNICA;URBANO;5:05;13:55;14:00;1;1;2;1;1;1;1;1;0;0;GENERAL;5:30;305;330;-1;65;0;65;5180,232229;348,4752396;1190;995056,8693;998624,1172;997366,2703;996624,1172;13;21;5;10,462;0
R1;U-800;18;RAFAEL URIBE URIBE;14_SII_2025;UNIÓN TEMPORAL BUS-ING;URBANO;13;MICROBUS;NO;DISTRITAL;1,11001E+11;COLEGIO JOSE MARTI (IED);E;ÚNICA;URBANO;5:40;12:55;13:00;1;1;2;1;1;1;1;1;0;0;GENERAL;6:00;340;360;-1;372;0;372;5331,055198;180,0030636;1190;995056,8693;998624,1172;997366,2703;996624,1172;13;21;5;10,661;0
R1;U-801;18;RAFAEL URIBE URIBE;14_SII_2025;UNIÓN TEMPORAL BUS-ING;URBANO;13;MICROBUS;NO;DISTRITAL;1,11001E+11;COLEGIO JOSE MARTI (IED);A;ÚNICA;URBANO;5:05;13:55;14:00;1;1;2;1;1;1;1;1;0;0;GENERAL;5:30;305;330;-1;474;0;474;6111,735729;26,64770906;1190;995056,8693;998624,1172;997366,2703;996624,1172;13;21;5;12,169;0
R1;U-802;18;RAFAEL URIBE URIBE;2_CV_2025;CONSORCIO RUTAS SEGURAS;URBANO;14;VAN;NO;DISTRITAL;1,11001E+11;COLEGIO JOSE MARTI (IED);A;ÚNICA;URBANO;5:05;13:55;14:00;1;1;2;1;1;1;1;1;0;0;GENERAL;5:30;305;330;-1;878;0;878;11386,06398;328,9507162;1190;995056,8693;998624,1172;997366,2703;996624,1172;13;21;5;22,41;0
R1;U-803;18;RAFAEL URIBE URIBE;2_CV_2025;CONSORCIO RUTAS SEGURAS;URBANO;14;VAN;NO;DISTRITAL;1,11001E+11;COLEGIO JOSE MARTI (IED);C;MAÑANA/ÚNICA;URBANO;5:40;11:55;12:00;1;1;2;1;1;1;1;1;0;0;GENERAL;6:00;340;360;-1;147;0;147;2589,17051;258,482094;1190;995056,8693;998624,1172;997366,2703;996624,1172;13;21;5;5,266;0
R1;U-805;18;RAFAEL URIBE URIBE;14_SII_2025;UNIÓN TEMPORAL BUS-ING;URBANO;13;MICROBUS;NO;DISTRITAL;1,11001E+11;COLEGIO JOSE MARTI (IED);E;ÚNICA;URBANO;5:45;12:55;13:00;1;1;2;1;1;1;1;1;0;0;GENERAL;6:00;345;360;-1;141;0;141;2721,914438;357,3914308;1190;995056,8693;998624,1172;997366,2703;996624,1172;13;21;5;5,746;0
R1;U-807;18;RAFAEL URIBE URIBE;14_SII_2025;UNIÓN TEMPORAL BUS-ING;URBANO;13;MICROBUS;NO;DISTRITAL;1,11001E+11;COLEGIO JOSE MARTI (IED);D;MAÑANA/ÚNICA;URBANO;5:30;11:55;12:00;1;1;2;1;1;1;1;1;0;0;GENERAL;6:00;330;360;-1;429;0;429;5720,194373;127,4744361;1190;995056,8693;998624,1172;997366,2703;996624,1172;13;21;5;12,033;0
R1;U-808;18;RAFAEL URIBE URIBE;14_SII_2025;UNIÓN TEMPORAL BUS-ING;URBANO;13;MICROBUS;NO;DISTRITAL;1,11001E+11;COLEGIO JOSE MARTI (IED);A;ÚNICA;URBANO;5:00;13:55;14:00;1;1;2;1;1;1;1;1;0;0;GENERAL;5:30;300;330;-1;24;0;24;2055,719483;15,47439524;1190;995056,8693;998624,1172;997366,2703;996624,1172;13;21;5;4,103;0
R1;U-810;18;RAFAEL URIBE URIBE;14_SII_2025;UNIÓN TEMPORAL BUS-ING;URBANO;13;MICROBUS;NO;DISTRITAL;1,11001E+11;COLEGIO JOSE MARTI (IED);D;MAÑANA/ÚNICA;URBANO;5:35;11:55;12:00;1;1;2;1;1;1;1;1;0;0;GENERAL;6:00;335;360;-1;406;0;406;6841,837164;134,9024429;1190;995056,8693;998624,1172;997366,2703;996624,1172;13;21;5;12,7;0
R1;U-812;18;RAFAEL URIBE URIBE;14_SII_2025;UNIÓN TEMPORAL BUS-ING;URBANO;11;BUSETA;NO;DISTRITAL;1,11001E+11;COLEGIO JOSE MARTI (IED);A;ÚNICA;URBANO;5:05;13:55;14:00;1;1;2;1;1;1;1;1;0;0;GENERAL;5:30;305;330;-1;395;0;395;5234,283849;342,6637126;1190;995056,8693;998624,1172;997366,2703;996624,1172;13;21;5;10,53;0
R1;U-813;18;RAFAEL URIBE URIBE;14_SII_2025;UNIÓN TEMPORAL BUS-ING;URBANO;11;BUSETA;NO;DISTRITAL;1,11001E+11;COLEGIO JOSE MARTI (IED);D;MAÑANA/ÚNICA;URBANO;5:45;11:55;12:00;1;1;2;1;1;1;1;1;0;0;GENERAL;6:00;345;360;-1;314;0;314;4160,207686;326,220039;1190;995056,8693;998624,1172;997366,2703;996624,1172;13;21;5;8,226;0
R1;U-837;18;RAFAEL URIBE URIBE;15_SII_2025;UNIÓN TEMPORAL ANDINO 2022;URBANO;11;BUSETA;NO;DISTRITAL;1,11001E+11;COLEGIO QUIROGA ALIANZA (IED);A;ÚNICA;URBANO;5:15;13:25;13:30;1;1;2;1;1;1;1;1;0;0;GENERAL;6:15;315;375;-1;425;0;425;7446,158052;68,70011649;1190;995056,8693;998624,1172;997366,2703;996624,1172;13;21;5;14,826;0
R1;U-839;18;RAFAEL URIBE URIBE;15_SII_2025;UNIÓN TEMPORAL ANDINO 2022;URBANO;13;MICROBUS;NO;DISTRITAL;1,11001E+11;COLEGIO QUIROGA ALIANZA (IED);A;ÚNICA;URBANO;5:40;13:25;13:30;1;1;2;1;1;1;1;1;0;0;GENERAL;6:15;340;375;-1;475;0;475;9327,29519;68,70011649;1190;995056,8693;998624,1172;997366,2703;996624,1172;13;21;5;17,804;0
R1;U-840;18;RAFAEL URIBE URIBE;15_SII_2025;UNIÓN TEMPORAL ANDINO 2022;URBANO;13;MICROBUS;NO;DISTRITAL;1,11001E+11;COLEGIO QUIROGA ALIANZA (IED);A;ÚNICA;URBANO;5:25;13:30;13:35;1;1;2;1;1;1;1;1;0;0;GENERAL;6:15;325;375;-1;953;0;953;16198,62824;68,70011649;1190;995056,8693;998624,1172;997366,2703;996624,1172;13;21;5;31,646;0
R1;U-957;18;RAFAEL URIBE URIBE;15_SII_2025;UNIÓN TEMPORAL ANDINO 2022;URBANO;13;MICROBUS;NO;DISTRITAL;1,11001E+11;COLEGIO BRAVO PAEZ (IED);A;ÚNICA;URBANO;5:50;13:30;13:35;2;2;4;1;1;1;1;1;0;0;GENERAL;7:00;350;420;-1;514;0;514;15297,47473;71,29920241;1190;995056,8693;998624,1172;997366,2703;996624,1172;13;21;5;31,922;0
R1;U-788;18;RAFAEL URIBE URIBE;13_SII_2025;UNIÓN TEMPORAL SRD TRANSPORTE DE PASAJEROS COLOMBIA;URBANO;11;BUSETA;NO;DISTRITAL;1,11001E+11;COLEGIO GUSTAVO RESTREPO (IED);B;ÚNICA;URBANO;5:30;12:50;12:55;2;2;4;1;1;1;1;1;0;0;GENERAL;7:00;330;420;-1;280;8;3;17765,95754;39,4818274;1190;995056,8693;998624,1172;997366,2703;996624,1172;13;21;5;35,824;0
R1;U-795;18;RAFAEL URIBE URIBE;14_SII_2025;UNIÓN TEMPORAL BUS-ING;URBANO;13;MICROBUS;NO;DISTRITAL;1,11001E+11;COLEGIO JOSE MARTI (IED);D;MAÑANA/ÚNICA;URBANO;5:35;11:55;12:00;1;1;2;1;1;1;1;1;0;0;GENERAL;6:00;335;360;-1;298;0;298;4838,408521;308,5647491;1190;995056,8693;998624,1172;997366,2703;996624,1172;13;21;5;9,586;0
R1;U-1000;18;RAFAEL URIBE URIBE;14_SII_2025;UNIÓN TEMPORAL BUS-ING;URBANO;10;BUS;NO;DISTRITAL;1,11001E+11;COLEGIO MARIA CANO (IED);A;ÚNICA;URBANO;5:50;14:15;14:20;1;1;2;1;1;1;1;1;0;0;GENERAL;6:20;350;380;-1;365;0;365;5069,547597;38,76093261;1191;995056,8693;996624,1172;997366,2703;994624,1172;14;21;5;9,502;0
R1;U-1046;18;RAFAEL URIBE URIBE;14_SII_2025;UNIÓN TEMPORAL BUS-ING;URBANO;13;MICROBUS;NO;DISTRITAL;1,11001E+11;COLEGIO MARIA CANO (IED);A;ÚNICA;URBANO;6:40;14:05;14:10;1;1;2;1;1;1;1;1;0;0;GENERAL;7:00;400;420;-1;251;0;251;3888,651582;341,5077267;1191;995056,8693;996624,1172;997366,2703;994624,1172;14;21;5;8,71;0
R1;U-833;18;RAFAEL URIBE URIBE;14_SII_2025;UNIÓN TEMPORAL BUS-ING;URBANO;10;BUS;NO;DISTRITAL;1,11001E+11;COLEGIO MISAEL PASTRANA BORRERO (IED);A;MAÑANA;URBANO;5:35;12:05;12:10;1;1;2;1;1;1;1;1;0;0;GENERAL;6:10;335;370;-1;499;0;499;7173,030907;101,2739212;1191;995056,8693;996624,1172;997366,2703;994624,1172;14;21;5;12,979;0
R1;U-834;18;RAFAEL URIBE URIBE;14_SII_2025;UNIÓN TEMPORAL BUS-ING;URBANO;13;MICROBUS;NO;DISTRITAL;1,11001E+11;COLEGIO MISAEL PASTRANA BORRERO (IED);A;TARDE;URBANO;11:20;18:00;18:05;1;1;2;1;1;1;1;1;0;0;GENERAL;12:00;680;720;-1;263;0;263;6613,260725;99,97620543;1191;995056,8693;996624,1172;997366,2703;994624,1172;14;21;5;11,829;0
R1;U-976;18;RAFAEL URIBE URIBE;14_SII_2025;UNIÓN TEMPORAL BUS-ING;URBANO;11;BUSETA;NO;DISTRITAL;1,11001E+11;COLEGIO MARIA CANO (IED);A;ÚNICA;URBANO;6:15;13:55;14:00;1;1;2;1;1;1;1;1;0;0;GENERAL;6:50;375;410;-1;303;0;303;4337,629;38,76093261;1191;995056,8693;996624,1172;997366,2703;994624,1172;14;21;5;9,798;0
R1;U-977;18;RAFAEL URIBE URIBE;14_SII_2025;UNIÓN TEMPORAL BUS-ING;URBANO;11;BUSETA;NO;DISTRITAL;1,11001E+11;COLEGIO MARIA CANO (IED);A;ÚNICA;URBANO;6:20;13:55;14:00;1;1;2;1;1;1;1;1;0;0;GENERAL;6:50;380;410;-1;250;0;250;4188,564773;38,76093261;1191;995056,8693;996624,1172;997366,2703;994624,1172;14;21;5;8,321;0
R1;U-998;18;RAFAEL URIBE URIBE;14_SII_2025;UNIÓN TEMPORAL BUS-ING;URBANO;11;BUSETA;NO;DISTRITAL;1,11001E+11;COLEGIO MARIA CANO (IED);A;ÚNICA;URBANO;6:00;14:15;14:20;1;1;2;1;1;1;1;1;0;0;GENERAL;6:20;360;380;-1;220;0;220;3223,221376;334,0691664;1191;995056,8693;996624,1172;997366,2703;994624,1172;14;21;5;6,446;0
R1;U-999;18;RAFAEL URIBE URIBE;14_SII_2025;UNIÓN TEMPORAL BUS-ING;URBANO;11;BUSETA;NO;DISTRITAL;1,11001E+11;COLEGIO MARIA CANO (IED);A;ÚNICA;URBANO;6:00;14:15;14:20;1;1;2;1;1;1;1;1;0;0;GENERAL;6:20;360;380;-1;213;0;213;3541,287379;337,4553908;1191;995056,8693;996624,1172;997366,2703;994624,1172;14;21;5;6,979;0
R1;U-1390;5;USME;17_SII_2025;UNIÓN TEMPORAL VET 2023;URBANO;10;BUS;NO;DISTRITAL;1,11001E+11;COLEGIO MIGUEL DE CERVANTES SAAVEDRA (IED);A/B;MAÑANA/ÚNICA;URBANO;5:45;11:15;11:20;1;1;2;1;1;1;1;1;0;0;GENERAL;6:20;345;380;-1;472;0;472;7858,109696;348,6536264;1193;995056,8693;992624,1172;997366,2703;990624,1172;16;21;5;15,874;0
R1;E-003;5;USME;18_SIII_2025;UNIÓN TEMPORAL SRD TRANSPORTE DE PASAJEROS COLOMBIA;ESPECIAL;10;BUS;NO;DISTRITAL;2,1185E+11;COLEGIO EL UVAL (IED);A;ÚNICA;RURAL;#N/A;17:55;18:00;0;1;1;1;0;0;0;1;0;0;GENERAL;#N/A;;;-1;1283;0;1283;29745,2802;325,2108683;1194;995056,8693;990624,1172;997366,2703;988624,1172;17;21;2;29,745;Usme I y II
R1;E-005;5;USME;18_SIII_2025;UNIÓN TEMPORAL SRD TRANSPORTE DE PASAJEROS COLOMBIA;ESPECIAL;10;BUS;NO;DISTRITAL;2,1185E+11;COLEGIO EL UVAL (IED);A;ÚNICA;RURAL;#N/A;18:05;18:10;0;1;1;0;1;0;1;0;0;0;GENERAL;#N/A;;;-1;727;0;727;20395,50331;322,3343218;1194;995056,8693;990624,1172;997366,2703;988624,1172;17;21;2;20,396;Usme I y II
R1;R-222;5;USME;18_SIII_2025;UNIÓN TEMPORAL SRD TRANSPORTE DE PASAJEROS COLOMBIA;RURAL;10;BUS;NO;DISTRITAL;2,1185E+11;COLEGIO EL DESTINO (IED);A;ÚNICA;RURAL;6:15;14:55;15:00;1;1;2;1;1;1;1;1;0;0;GENERAL;7:00;375;420;-1;872;0;872;11738,48581;27,42955065;1194;995056,8693;990624,1172;997366,2703;988624,1172;17;21;5;11,738;Usme I y II
R1;T-1063;5;USME;17_SII_2025;UNIÓN TEMPORAL VET 2023;URBANO;10;BUS;NO;DISTRITAL;2,1185E+11;COLEGIO TENERIFE - GRANADA SUR (IED);B;MAÑANA;URBANO;6:00;11:40;11:45;1;1;2;1;1;1;1;1;0;0;GENERAL;6:20;360;380;-1;173;0;173;2216,849652;33,78777212;1194;995056,8693;990624,1172;997366,2703;988624,1172;17;21;5;7,675;Usme I y II
R1;T-1064;5;USME;17_SII_2025;UNIÓN TEMPORAL VET 2023;URBANO;11;BUSETA;NO;DISTRITAL;2,1185E+11;COLEGIO TENERIFE - GRANADA SUR (IED);B;MAÑANA;URBANO;6:00;11:40;11:45;1;1;2;1;1;1;1;1;0;0;GENERAL;6:20;360;380;-1;173;0;173;2216,849652;33,78777212;1194;995056,8693;990624,1172;997366,2703;988624,1172;17;21;5;7,675;Usme I y II
R1;U-085;5;USME;17_SII_2025;UNIÓN TEMPORAL VET 2023;URBANO;11;BUSETA;NO;DISTRITAL;1,11001E+11;COLEGIO DIEGO MONTAÑA CUELLAR (IED);A/B/C;MAÑANA;URBANO;5:50;11:10;11:15;1;1;2;1;1;1;1;1;0;0;GENERAL;6:10;350;370;-1;527;0;527;5733,888376;60,34661232;1194;995056,8693;990624,1172;997366,2703;988624,1172;17;21;5;12,321;Usme I y II
R1;U-086;5;USME;17_SII_2025;UNIÓN TEMPORAL VET 2023;URBANO;11;BUSETA;NO;DISTRITAL;1,11001E+11;COLEGIO DIEGO MONTAÑA CUELLAR (IED);A/B/C;TARDE;URBANO;11:40;17:25;17:30;1;1;2;1;1;1;1;1;0;0;GENERAL;12:00;700;720;-1;527;0;527;5733,888376;60,34661232;1194;995056,8693;990624,1172;997366,2703;988624,1172;17;21;5;12,321;Usme I y II
R1;U-089;5;USME;17_SII_2025;UNIÓN TEMPORAL VET 2023;URBANO;10;BUS;NO;DISTRITAL;1,11001E+11;COLEGIO DIEGO MONTAÑA CUELLAR (IED);A/B;MAÑANA;URBANO;5:50;12:10;12:15;1;1;2;1;1;1;1;1;0;0;GENERAL;6:10;350;370;-1;529;0;529;6247,501593;60,34661232;1194;995056,8693;990624,1172;997366,2703;988624,1172;17;21;5;12,512;Usme I y II
R1;U-090;5;USME;17_SII_2025;UNIÓN TEMPORAL VET 2023;URBANO;11;BUSETA;NO;DISTRITAL;1,11001E+11;COLEGIO DIEGO MONTAÑA CUELLAR (IED);A/B;TARDE;URBANO;11:50;18:10;18:15;1;1;2;1;1;1;1;1;0;0;GENERAL;12:10;710;730;-1;529;0;529;6247,501593;60,34661232;1194;995056,8693;990624,1172;997366,2703;988624,1172;17;21;5;12,512;Usme I y II
R1;U-095;5;USME;1_CV_2025;CONSORCIO RUTAS SEGURAS;URBANO;14;VAN;NO;DISTRITAL;1,1185E+11;COLEGIO FEDERICO GARCIA LORCA (IED);A/B;TARDE/ÚNICA;URBANO;12:05;17:15;17:20;1;1;2;1;1;1;1;1;0;0;GENERAL;12:30;725;750;-1;105;0;105;1896,196109;350,5067463;1194;995056,8693;990624,1172;997366,2703;988624,1172;17;21;5;3,792;Usme I y II
R1;U-096;5;USME;17_SII_2025;UNIÓN TEMPORAL VET 2023;URBANO;13;MICROBUS;NO;DISTRITAL;1,1185E+11;COLEGIO FEDERICO GARCIA LORCA (IED);A/B;MAÑANA/ÚNICA;URBANO;5:55;11:25;11:30;1;1;2;1;1;1;1;1;0;0;GENERAL;6:30;355;390;-1;530;0;530;6353,718531;173,6396089;1194;995056,8693;990624,1172;997366,2703;988624,1172;17;21;5;12,592;Usme I y II
R1;U-099;5;USME;17_SII_2025;UNIÓN TEMPORAL VET 2023;URBANO;11;BUSETA;NO;DISTRITAL;2,1185E+11;COLEGIO GRAN YOMASA (IED);A;TARDE;URBANO;11:25;18:00;18:05;1;1;2;1;1;1;1;1;0;0;GENERAL;12:10;685;730;-1;638;0;638;9931,132338;255,2266442;1194;995056,8693;990624,1172;997366,2703;988624,1172;17;21;5;19,844;Usme I y II
R1;U-100;5;USME;17_SII_2025;UNIÓN TEMPORAL VET 2023;URBANO;11;BUSETA;SI;DISTRITAL;2,1185E+11;COLEGIO GRAN YOMASA (IED);A;MAÑANA;URBANO;5:35;12:10;12:15;1;1;2;1;1;1;1;1;0;0;GENERAL;6:15;335;375;-1;815;0;815;11935,70133;349,360454;1194;995056,8693;990624,1172;997366,2703;988624,1172;17;21;5;24,017;Usme I y II
R1;U-1395;5;USME;2_CV_2025;CONSORCIO RUTAS SEGURAS;URBANO;12;CAMIONETA;NO;DISTRITAL;1,1185E+11;COLEGIO FEDERICO GARCIA LORCA (IED);A;MAÑANA;URBANO;6:00;11:30;11:35;1;1;2;1;1;1;1;1;0;0;GENERAL;6:30;360;390;-1;65;0;65;7334,743218;173,0497406;1194;995056,8693;990624,1172;997366,2703;988624,1172;17;21;5;13,162;Usme I y II
R1;E-002;5;USME;18_SIII_2025;UNIÓN TEMPORAL SRD TRANSPORTE DE PASAJEROS COLOMBIA;ESPECIAL;11;BUSETA;NO;DISTRITAL;2,1185E+11;COLEGIO EL UVAL (IED);A;ÚNICA;RURAL;5:30;#N/A;#N/A;1;0;1;1;0;0;0;1;0;0;GENERAL;6:20;330;380;-1;1346;0;1346;27183,03972;90,00218156;1195;995056,8693;988624,1172;997366,2703;986624,1172;18;21;2;27,183;Usme I y II
R1;E-004;5;USME;18_SIII_2025;UNIÓN TEMPORAL SRD TRANSPORTE DE PASAJEROS COLOMBIA;ESPECIAL;11;BUSETA;NO;DISTRITAL;2,1185E+11;COLEGIO EL UVAL (IED);A;ÚNICA;RURAL;5:30;#N/A;#N/A;1;0;1;0;1;0;1;0;0;0;GENERAL;6:30;330;390;-1;899;0;899;13150,90911;121,9147055;1195;995056,8693;988624,1172;997366,2703;986624,1172;18;21;2;13,151;Usme I y II
R1;R-026;5;USME;18_SIII_2025;UNIÓN TEMPORAL SRD TRANSPORTE DE PASAJEROS COLOMBIA;RURAL;10;BUS;NO;DISTRITAL;2,1185E+11;COLEGIO EL UVAL (IED);A;TARDE/ÚNICA;RURAL;12:00;17:25;17:30;1;1;2;1;1;1;1;1;0;0;GENERAL;12:20;720;740;-1;368;0;368;6686,362928;253,1186156;1195;995056,8693;988624,1172;997366,2703;986624,1172;18;21;5;12,75;Usme I y II
R1;R-027;5;USME;18_SIII_2025;UNIÓN TEMPORAL SRD TRANSPORTE DE PASAJEROS COLOMBIA;RURAL;10;BUS;NO;DISTRITAL;2,1185E+11;COLEGIO EL UVAL (IED);A;MAÑANA/ÚNICA;RURAL;6:00;11:25;11:30;1;1;2;1;1;1;1;1;0;0;GENERAL;6:20;360;380;-1;368;0;368;6686,362928;253,1186156;1195;995056,8693;988624,1172;997366,2703;986624,1172;18;21;5;12,75;Usme I y II
R1;R-029;5;USME;18_SIII_2025;UNIÓN TEMPORAL SRD TRANSPORTE DE PASAJEROS COLOMBIA;RURAL;10;BUS;NO;DISTRITAL;2,1185E+11;COLEGIO EL UVAL (IED);A;MAÑANA/ÚNICA;RURAL;6:00;12:25;12:30;1;1;2;1;1;1;1;1;0;0;GENERAL;6:20;360;380;-1;368;0;368;6692,79928;253,1186156;1195;995056,8693;988624,1172;997366,2703;986624,1172;18;21;5;12,757;Usme I y II
R1;R-030;5;USME;18_SIII_2025;UNIÓN TEMPORAL SRD TRANSPORTE DE PASAJEROS COLOMBIA;RURAL;10;BUS;NO;DISTRITAL;2,1185E+11;COLEGIO EL UVAL (IED);A;MAÑANA/ÚNICA;RURAL;6:00;12:25;12:30;1;1;2;1;1;1;1;1;0;0;GENERAL;6:20;360;380;-1;368;0;368;6683,793831;253,1186156;1195;995056,8693;988624,1172;997366,2703;986624,1172;18;21;5;12,748;Usme I y II
R1;R-031;5;USME;18_SIII_2025;UNIÓN TEMPORAL SRD TRANSPORTE DE PASAJEROS COLOMBIA;RURAL;10;BUS;NO;DISTRITAL;2,1185E+11;COLEGIO EL UVAL (IED);A;MAÑANA/ÚNICA;RURAL;5:50;11:25;11:30;1;1;2;1;1;1;1;1;0;0;GENERAL;6:20;350;380;-1;446;0;446;8680,97634;54,08631482;1195;995056,8693;988624,1172;997366,2703;986624,1172;18;21;5;14,745;Usme I y II
R1;R-032;5;USME;18_SIII_2025;UNIÓN TEMPORAL SRD TRANSPORTE DE PASAJEROS COLOMBIA;RURAL;10;BUS;NO;DISTRITAL;2,1185E+11;COLEGIO EL UVAL (IED);A;MAÑANA/ÚNICA;RURAL;6:00;11:25;11:30;1;1;2;1;1;1;1;1;0;0;GENERAL;6:20;360;380;-1;368;0;368;6687,195959;253,1186156;1195;995056,8693;988624,1172;997366,2703;986624,1172;18;21;5;12,751;Usme I y II
R1;R-033;5;USME;18_SIII_2025;UNIÓN TEMPORAL SRD TRANSPORTE DE PASAJEROS COLOMBIA;RURAL;10;BUS;NO;DISTRITAL;2,1185E+11;COLEGIO EL UVAL (IED);A;TARDE/ÚNICA;RURAL;12:00;17:25;17:30;1;1;2;1;1;1;1;1;0;0;GENERAL;12:20;720;740;-1;368;0;368;6685,190953;253,1186156;1195;995056,8693;988624,1172;997366,2703;986624,1172;18;21;5;12,749;Usme I y II
R1;R-034;5;USME;18_SIII_2025;UNIÓN TEMPORAL SRD TRANSPORTE DE PASAJEROS COLOMBIA;RURAL;10;BUS;NO;DISTRITAL;2,1185E+11;COLEGIO EL UVAL (IED);A;TARDE/ÚNICA;RURAL;12:00;17:25;17:30;1;1;2;1;1;1;1;1;0;0;GENERAL;12:20;720;740;-1;368;0;368;6682,98157;253,1186156;1195;995056,8693;988624,1172;997366,2703;986624,1172;18;21;5;12,747;Usme I y II
R1;R-035;5;USME;18_SIII_2025;UNIÓN TEMPORAL SRD TRANSPORTE DE PASAJEROS COLOMBIA;RURAL;10;BUS;NO;DISTRITAL;2,1185E+11;COLEGIO EL UVAL (IED);A;MAÑANA/ÚNICA;RURAL;6:00;12:25;12:30;1;1;2;1;1;1;1;1;0;0;GENERAL;6:20;360;380;-1;369;0;369;6690,506509;253,1186156;1195;995056,8693;988624,1172;997366,2703;986624,1172;18;21;5;12,755;Usme I y II
R1;R-037;5;USME;18_SIII_2025;UNIÓN TEMPORAL SRD TRANSPORTE DE PASAJEROS COLOMBIA;RURAL;10;BUS;NO;DISTRITAL;2,1185E+11;COLEGIO EL UVAL (IED);A;TARDE/ÚNICA;RURAL;12:00;18:25;18:30;1;1;2;1;1;1;1;1;0;0;GENERAL;12:20;720;740;-1;369;0;369;6639,548355;251,6293506;1195;995056,8693;988624,1172;997366,2703;986624,1172;18;21;5;12,7;Usme I y II
R1;R-038;5;USME;18_SIII_2025;UNIÓN TEMPORAL SRD TRANSPORTE DE PASAJEROS COLOMBIA;RURAL;11;BUSETA;NO;DISTRITAL;2,1185E+11;COLEGIO EL UVAL (IED);A;TARDE/ÚNICA;RURAL;11:45;17:25;17:30;1;1;2;1;1;1;1;1;0;0;GENERAL;12:20;705;740;-1;705;0;705;8148,983951;288,375021;1195;995056,8693;988624,1172;997366,2703;986624,1172;18;21;5;16,298;Usme I y II
R1;R-039;5;USME;18_SIII_2025;UNIÓN TEMPORAL SRD TRANSPORTE DE PASAJEROS COLOMBIA;RURAL;10;BUS;NO;DISTRITAL;2,1185E+11;COLEGIO EL UVAL (IED);A;TARDE/ÚNICA;RURAL;12:00;18:25;18:30;1;1;2;1;1;1;1;1;0;0;GENERAL;12:20;720;740;-1;368;0;368;6686,415143;253,1186156;1195;995056,8693;988624,1172;997366,2703;986624,1172;18;21;5;12,75;Usme I y II
R1;R-041;5;USME;18_SIII_2025;UNIÓN TEMPORAL SRD TRANSPORTE DE PASAJEROS COLOMBIA;RURAL;11;BUSETA;NO;DISTRITAL;2,1185E+11;COLEGIO EL UVAL (IED);A;TARDE/ÚNICA;RURAL;12:00;18:25;18:30;1;1;2;1;1;1;1;1;0;0;GENERAL;12:20;720;740;-1;368;0;368;6639,497927;253,1186156;1195;995056,8693;988624,1172;997366,2703;986624,1172;18;21;5;12,703;Usme I y II
R1;R-046;5;USME;18_SIII_2025;UNIÓN TEMPORAL SRD TRANSPORTE DE PASAJEROS COLOMBIA;RURAL;13;MICROBUS;NO;DISTRITAL;2,1185E+11;COLEGIO EL UVAL (IED);A;MAÑANA/ÚNICA;RURAL;6:00;11:25;11:30;1;1;2;1;1;1;1;1;0;0;GENERAL;6:20;360;380;-1;368;0;368;6639,497927;253,1186156;1195;995056,8693;988624,1172;997366,2703;986624,1172;18;21;5;12,703;Usme I y II
R1;R-047;5;USME;18_SIII_2025;UNIÓN TEMPORAL SRD TRANSPORTE DE PASAJEROS COLOMBIA;RURAL;10;BUS;NO;DISTRITAL;2,1185E+11;COLEGIO EL UVAL (IED);A;MAÑANA/ÚNICA;RURAL;6:00;12:25;12:30;1;1;2;1;1;1;1;1;0;0;GENERAL;6:20;360;380;-1;368;0;368;6639,497927;253,1186156;1195;995056,8693;988624,1172;997366,2703;986624,1172;18;21;5;12,703;Usme I y II
R1;R-048;5;USME;18_SIII_2025;UNIÓN TEMPORAL SRD TRANSPORTE DE PASAJEROS COLOMBIA;RURAL;10;BUS;NO;DISTRITAL;2,1185E+11;COLEGIO EL UVAL (IED);A;TARDE/ÚNICA;RURAL;12:00;18:25;18:30;1;1;2;1;1;1;1;1;0;0;GENERAL;12:20;720;740;-1;369;0;369;6686,646258;253,1186156;1195;995056,8693;988624,1172;997366,2703;986624,1172;18;21;5;12,751;Usme I y II
R1;R-050;5;USME;18_SIII_2025;UNIÓN TEMPORAL SRD TRANSPORTE DE PASAJEROS COLOMBIA;RURAL;10;BUS;NO;DISTRITAL;2,1185E+11;COLEGIO EL UVAL (IED);A;MAÑANA/ÚNICA;RURAL;5:50;12:25;12:30;1;1;2;1;1;1;1;1;0;0;GENERAL;6:20;350;380;-1;597;0;597;7737,321987;137,9577868;1195;995056,8693;988624,1172;997366,2703;986624,1172;18;21;5;15,101;Usme I y II
R1;R-051;5;USME;18_SIII_2025;UNIÓN TEMPORAL SRD TRANSPORTE DE PASAJEROS COLOMBIA;RURAL;11;BUSETA;NO;DISTRITAL;2,1185E+11;COLEGIO EL UVAL (IED);A;MAÑANA/ÚNICA;RURAL;5:50;11:25;11:30;1;1;2;1;1;1;1;1;0;0;GENERAL;6:20;350;380;-1;597;0;597;7737,321987;137,9577868;1195;995056,8693;988624,1172;997366,2703;986624,1172;18;21;5;15,101;Usme I y II
R1;R-052;5;USME;18_SIII_2025;UNIÓN TEMPORAL SRD TRANSPORTE DE PASAJEROS COLOMBIA;RURAL;11;BUSETA;NO;DISTRITAL;2,1185E+11;COLEGIO EL UVAL (IED);A;TARDE/ÚNICA;RURAL;11:45;18:25;18:30;1;1;2;1;1;1;1;1;0;0;GENERAL;12:20;705;740;-1;705;0;705;8148,983951;288,375021;1195;995056,8693;988624,1172;997366,2703;986624,1172;18;21;5;16,298;Usme I y II
R1;R-058;5;USME;18_SIII_2025;UNIÓN TEMPORAL SRD TRANSPORTE DE PASAJEROS COLOMBIA;RURAL;10;BUS;NO;DISTRITAL;2,1185E+11;COLEGIO RURAL OLARTE (CED);A;ÚNICA;RURAL;6:30;13:55;14:00;1;1;2;1;1;1;1;1;0;0;GENERAL;7:00;390;420;-1;696;1;28;9655,580669;56,65235789;1196;995056,8693;986624,1172;997366,2703;984624,1172;19;21;5;19,311;Usme I y II
R1;R-062;11;SUBA;3_SII_2025;UNIÓN TEMPORAL VET 2023;RURAL;10;BUS;NO;DISTRITAL;1,11001E+11;COLEGIO NICOLAS BUENAVENTURA (IED);B;MAÑANA;RURAL;5:00;10:55;11:00;1;1;2;1;1;1;1;1;0;0;GENERAL;6:00;300;360;-1;416;0;416;9469,772241;328,9569331;1235;996788,9201;1021624,117;999098,3211;1019624,117;2;22;5;20,049;Las Mercedes
R1;R-063;11;SUBA;3_SII_2025;UNIÓN TEMPORAL VET 2023;RURAL;10;BUS;NO;DISTRITAL;1,11001E+11;COLEGIO NICOLAS BUENAVENTURA (IED);B;TARDE;RURAL;11:40;17:25;17:30;1;1;2;1;1;1;1;1;0;0;GENERAL;12:30;700;750;-1;59;0;59;9289,843137;330,712333;1235;996788,9201;1021624,117;999098,3211;1019624,117;2;22;5;17,638;Las Mercedes
R1;R-064;11;SUBA;3_SII_2025;UNIÓN TEMPORAL VET 2023;RURAL;11;BUSETA;NO;DISTRITAL;1,11001E+11;COLEGIO NICOLAS BUENAVENTURA (IED);B;TARDE;RURAL;11:40;17:25;17:30;1;1;2;1;1;1;1;1;0;0;GENERAL;12:30;700;750;-1;479;0;479;11117,34531;328,9569331;1235;996788,9201;1021624,117;999098,3211;1019624,117;2;22;5;19,864;Las Mercedes
R1;R-065;11;SUBA;3_SII_2025;UNIÓN TEMPORAL VET 2023;RURAL;11;BUSETA;NO;DISTRITAL;1,11001E+11;COLEGIO NICOLAS BUENAVENTURA (IED);B;MAÑANA;RURAL;5:00;10:55;11:00;1;1;2;1;1;1;1;1;0;0;GENERAL;6:00;300;360;-1;257;0;257;7867,266776;329,6653338;1235;996788,9201;1021624,117;999098,3211;1019624,117;2;22;5;16,062;Las Mercedes
R1;R-066;11;SUBA;3_SII_2025;UNIÓN TEMPORAL VET 2023;RURAL;10;BUS;NO;DISTRITAL;1,11001E+11;COLEGIO NICOLAS BUENAVENTURA (IED);B;MAÑANA;RURAL;4:50;10:55;11:00;2;2;4;1;1;1;1;1;0;0;GENERAL;6:00;290;360;-1;451;0;451;10770,54505;328,9569309;1235;996788,9201;1021624,117;999098,3211;1019624,117;2;22;5;23,224;Las Mercedes
R1;R-067;11;SUBA;3_SII_2025;UNIÓN TEMPORAL VET 2023;RURAL;10;BUS;NO;DISTRITAL;1,11001E+11;COLEGIO NICOLAS BUENAVENTURA (IED);B;TARDE;RURAL;11:40;17:25;17:30;1;1;2;1;1;1;1;1;0;0;GENERAL;12:30;700;750;-1;450;0;450;10770,54366;328,9569309;1235;996788,9201;1021624,117;999098,3211;1019624,117;2;22;5;23,224;Las Mercedes
R1;R-068;11;SUBA;3_SII_2025;UNIÓN TEMPORAL VET 2023;RURAL;11;BUSETA;NO;DISTRITAL;1,11001E+11;COLEGIO NICOLAS BUENAVENTURA (IED);B;TARDE;RURAL;11:30;17:25;17:30;1;1;2;1;1;1;1;1;0;0;GENERAL;12:30;690;750;-1;461;0;461;10450,48893;328,9569331;1235;996788,9201;1021624,117;999098,3211;1019624,117;2;22;5;23,419;Las Mercedes
R1;R-069;11;SUBA;3_SII_2025;UNIÓN TEMPORAL VET 2023;RURAL;13;MICROBUS;NO;DISTRITAL;1,11001E+11;COLEGIO NICOLAS BUENAVENTURA (IED);B;MAÑANA;RURAL;5:00;10:55;11:00;1;1;2;1;1;1;1;1;0;0;GENERAL;6:00;300;360;-1;302;0;302;7883,733929;328,9569331;1235;996788,9201;1021624,117;999098,3211;1019624,117;2;22;5;15,224;Las Mercedes
R1;U-467;11;SUBA;3_SII_2025;UNIÓN TEMPORAL VET 2023;URBANO;10;BUS;NO;DISTRITAL;1,11001E+11;COLEGIO NICOLAS BUENAVENTURA (IED);A;TARDE;URBANO;11:50;17:30;17:35;1;1;2;1;1;1;1;1;0;0;GENERAL;12:30;710;750;-1;494;0;494;10188,73916;108,8692081;1236;996788,9201;1019624,117;999098,3211;1017624,117;3;22;5;19,17;Las Mercedes
R1;U-468;11;SUBA;3_SII_2025;UNIÓN TEMPORAL VET 2023;URBANO;11;BUSETA;NO;DISTRITAL;1,11001E+11;COLEGIO NICOLAS BUENAVENTURA (IED);A;TARDE;URBANO;11:40;18:15;18:20;1;1;2;1;1;1;1;1;0;0;GENERAL;12:15;700;735;-1;651;0;651;12481,17106;108,8692081;1236;996788,9201;1019624,117;999098,3211;1017624,117;3;22;5;21,462;Las Mercedes
R1;U-469;11;SUBA;3_SII_2025;UNIÓN TEMPORAL VET 2023;URBANO;13;MICROBUS;NO;DISTRITAL;1,11001E+11;COLEGIO NICOLAS BUENAVENTURA (IED);A;MAÑANA;URBANO;6:20;11:40;11:45;1;1;2;1;1;1;1;1;0;0;GENERAL;6:45;380;405;-1;176;0;176;3886,559032;108,8692081;1236;996788,9201;1019624,117;999098,3211;1017624,117;3;22;5;7,864;Las Mercedes
R1;U-1054;11;SUBA;3_SII_2025;UNIÓN TEMPORAL VET 2023;URBANO;13;MICROBUS;NO;DISTRITAL;1,11001E+11;COLEGIO NICOLAS BUENAVENTURA (IED);A;MAÑANA;URBANO;5:50;11:40;11:45;1;1;2;1;1;1;1;1;0;0;GENERAL;6:45;350;405;-1;35;0;35;6535,334643;106,1979952;1237;996788,9201;1017624,117;999098,3211;1015624,117;4;22;5;13,206;Las Mercedes
R1;U-1552;11;SUBA;4_SII_2025;UNIÓN TEMPORAL LCT-2022;URBANO;13;MICROBUS;NO;DISTRITAL;1,11001E+11;COLEGIO TIBABUYES UNIVERSAL (IED);B/C;MAÑANA;URBANO;5:20;10:50;10:55;1;1;2;1;1;1;1;1;0;0;GENERAL;5:50;320;350;-1;387;0;387;8522,507728;26,64120312;1237;996788,9201;1017624,117;999098,3211;1015624,117;4;22;5;13,274;Las Mercedes
R1;U-1553;11;SUBA;4_SII_2025;UNIÓN TEMPORAL LCT-2022;URBANO;11;BUSETA;NO;DISTRITAL;1,11001E+11;COLEGIO TIBABUYES UNIVERSAL (IED);B/C;MAÑANA;URBANO;5:20;10:50;10:55;1;1;2;1;1;1;1;1;0;0;GENERAL;5:50;320;350;-1;387;0;387;8522,507728;26,64120312;1237;996788,9201;1017624,117;999098,3211;1015624,117;4;22;5;13,274;Las Mercedes
R1;U-1554;11;SUBA;4_SII_2025;UNIÓN TEMPORAL LCT-2022;URBANO;11;BUSETA;NO;DISTRITAL;1,11001E+11;COLEGIO ALBERTO LLERAS CAMARGO (IED);A;MAÑANA;URBANO;5:30;11:15;11:20;1;1;2;1;1;1;1;1;0;0;GENERAL;6:00;330;360;-1;142;0;142;3068,928788;24,25058607;1237;996788,9201;1017624,117;999098,3211;1015624,117;4;22;5;7,605;Las Mercedes
R1;U-1555;11;SUBA;4_SII_2025;UNIÓN TEMPORAL LCT-2022;URBANO;13;MICROBUS;NO;DISTRITAL;1,11001E+11;COLEGIO ALBERTO LLERAS CAMARGO (IED);A;MAÑANA;URBANO;5:20;11:10;11:15;1;1;2;1;1;1;1;1;0;0;GENERAL;6:00;320;360;-1;316;0;316;6141,22138;24,77502304;1237;996788,9201;1017624,117;999098,3211;1015624,117;4;22;5;13,283;Las Mercedes
R1;U-1607;11;SUBA;3_SII_2025;UNIÓN TEMPORAL VET 2023;URBANO;13;MICROBUS;NO;DISTRITAL;1,11769E+11;COLEGIO JUAN LOZANO Y LOZANO (IED);A;TARDE;URBANO;11:30;18:10;18:15;1;1;2;1;1;1;1;1;0;0;GENERAL;12:15;690;735;-1;459;0;459;8386,053151;117,4779407;1237;996788,9201;1017624,117;999098,3211;1015624,117;4;22;5;16,145;Las Mercedes
R1;U-1608;11;SUBA;3_SII_2025;UNIÓN TEMPORAL VET 2023;URBANO;13;MICROBUS;NO;DISTRITAL;1,11769E+11;COLEGIO JUAN LOZANO Y LOZANO (IED);A;MAÑANA;URBANO;5:30;12:10;12:15;1;1;2;1;1;1;1;1;0;0;GENERAL;6:15;330;375;-1;446;0;446;8293,51618;118,7336615;1237;996788,9201;1017624,117;999098,3211;1015624,117;4;22;5;18,102;Las Mercedes
R1;U-1609;11;SUBA;4_SII_2025;UNIÓN TEMPORAL LCT-2022;URBANO;11;BUSETA;NO;DISTRITAL;1,11001E+11;COLEGIO TIBABUYES UNIVERSAL (IED);B/C;MAÑANA;URBANO;5:20;11:50;11:55;1;1;2;1;1;1;1;1;0;0;GENERAL;5:50;320;350;-1;224;0;224;4896,114912;27,29350782;1237;996788,9201;1017624,117;999098,3211;1015624,117;4;22;5;9,512;Las Mercedes
R1;U-1611;11;SUBA;4_SII_2025;UNIÓN TEMPORAL LCT-2022;URBANO;11;BUSETA;NO;DISTRITAL;1,11001E+11;COLEGIO TIBABUYES UNIVERSAL (IED);B/C;TARDE;URBANO;11:50;17:20;17:25;1;1;2;1;1;1;1;1;0;0;GENERAL;12:20;710;740;-1;235;0;235;5144,223971;27,29350782;1237;996788,9201;1017624,117;999098,3211;1015624,117;4;22;5;10,008;Las Mercedes
R1;U-1612;11;SUBA;4_SII_2025;UNIÓN TEMPORAL LCT-2022;URBANO;11;BUSETA;NO;DISTRITAL;1,11001E+11;COLEGIO TIBABUYES UNIVERSAL (IED);B/C;TARDE;URBANO;11:50;18:20;18:25;1;1;2;1;1;1;1;1;0;0;GENERAL;12:20;710;740;-1;235;0;235;5144,223971;27,29350782;1237;996788,9201;1017624,117;999098,3211;1015624,117;4;22;5;10,008;Las Mercedes
R1;U-1623;11;SUBA;4_SII_2025;UNIÓN TEMPORAL LCT-2022;URBANO;11;BUSETA;NO;DISTRITAL;1,11001E+11;COLEGIO ALBERTO LLERAS CAMARGO (IED);A;MAÑANA;URBANO;5:40;12:10;12:15;1;1;2;1;1;1;1;1;0;0;GENERAL;6:15;340;375;-1;330;0;330;6445,568464;24,77502304;1237;996788,9201;1017624,117;999098,3211;1015624,117;4;22;5;13,111;Las Mercedes
R1;U-1624;11;SUBA;4_SII_2025;UNIÓN TEMPORAL LCT-2022;URBANO;11;BUSETA;NO;DISTRITAL;1,11001E+11;COLEGIO ALBERTO LLERAS CAMARGO (IED);A;TARDE;URBANO;11:45;17:25;17:30;1;1;2;1;1;1;1;1;0;0;GENERAL;12:20;705;740;-1;329;0;329;6667,319809;24,77502304;1237;996788,9201;1017624,117;999098,3211;1015624,117;4;22;5;13,986;Las Mercedes
R1;U-1625;11;SUBA;4_SII_2025;UNIÓN TEMPORAL LCT-2022;URBANO;13;MICROBUS;NO;DISTRITAL;1,11001E+11;COLEGIO ALBERTO LLERAS CAMARGO (IED);A;TARDE;URBANO;11:30;18:25;18:30;1;1;2;1;1;1;1;1;0;0;GENERAL;12:30;690;750;-1;333;0;333;6607,122942;23,09447325;1237;996788,9201;1017624,117;999098,3211;1015624,117;4;22;5;13,169;Las Mercedes
R1;U-1649;11;SUBA;1_CV_2025;CONSORCIO RUTAS SEGURAS;URBANO;12;CAMIONETA;NO;DISTRITAL;1,11002E+11;COLEGIO JAIME NIÑO DIEZ (IED);A;ÚNICA;URBANO;5:30;13:30;13:35;1;1;2;1;1;1;1;1;0;0;GENERAL;5:45;330;345;-1;130;0;130;3028,006137;207,8366964;1237;996788,9201;1017624,117;999098,3211;1015624,117;4;22;5;5,012;Las Mercedes
R1;U-518;11;SUBA;3_SII_2025;UNIÓN TEMPORAL VET 2023;URBANO;10;BUS;NO;DISTRITAL;1,11769E+11;COLEGIO JUAN LOZANO Y LOZANO (IED);B/C;MAÑANA/ÚNICA;URBANO;5:20;11:25;11:30;1;1;2;1;1;1;1;1;0;0;GENERAL;6:20;320;380;-1;558;0;558;10728,15489;303,6061932;1237;996788,9201;1017624,117;999098,3211;1015624,117;4;22;5;24,447;Las Mercedes
R1;U-519;11;SUBA;3_SII_2025;UNIÓN TEMPORAL VET 2023;URBANO;13;MICROBUS;NO;DISTRITAL;1,11769E+11;COLEGIO JUAN LOZANO Y LOZANO (IED);B/C;MAÑANA/ÚNICA;URBANO;5:30;11:25;11:30;1;1;2;1;1;1;1;1;0;0;GENERAL;6:20;330;380;-1;516;0;516;9738,982086;301,3487679;1237;996788,9201;1017624,117;999098,3211;1015624,117;4;22;5;18,24;Las Mercedes
R1;U-523;11;SUBA;3_SII_2025;UNIÓN TEMPORAL VET 2023;URBANO;10;BUS;NO;DISTRITAL;1,11769E+11;COLEGIO JUAN LOZANO Y LOZANO (IED);B/C;MAÑANA/ÚNICA;URBANO;5:30;11:25;11:30;1;1;2;1;1;1;1;1;0;0;GENERAL;6:20;330;380;-1;492;0;492;9830,535982;301,9237519;1237;996788,9201;1017624,117;999098,3211;1015624,117;4;22;5;18,454;Las Mercedes
R1;U-525;11;SUBA;3_SII_2025;UNIÓN TEMPORAL VET 2023;URBANO;13;MICROBUS;NO;DISTRITAL;1,11769E+11;COLEGIO JUAN LOZANO Y LOZANO (IED);B/C;MAÑANA/ÚNICA;URBANO;5:20;12:10;12:15;1;1;2;1;1;1;1;1;0;0;GENERAL;6:20;320;380;-1;715;0;715;12903,02926;208,1507179;1237;996788,9201;1017624,117;999098,3211;1015624,117;4;22;5;24,465;Las Mercedes
R1;U-527;11;SUBA;3_SII_2025;UNIÓN TEMPORAL VET 2023;URBANO;13;MICROBUS;NO;DISTRITAL;1,11769E+11;COLEGIO JUAN LOZANO Y LOZANO (IED);B/C;MAÑANA/ÚNICA;URBANO;5:40;12:10;12:15;1;1;2;1;1;1;1;1;0;0;GENERAL;6:20;340;380;-1;444;0;444;8125,36141;208,1507179;1237;996788,9201;1017624,117;999098,3211;1015624,117;4;22;5;16,97;Las Mercedes
R1;U-557;11;SUBA;4_SII_2025;UNIÓN TEMPORAL LCT-2022;URBANO;10;BUS;NO;DISTRITAL;1,11001E+11;COLEGIO TIBABUYES UNIVERSAL (IED);B/C;MAÑANA;URBANO;5:20;10:50;10:55;1;1;2;1;1;1;1;1;0;0;GENERAL;5:50;320;350;-1;387;0;387;8522,507728;26,64120312;1237;996788,9201;1017624,117;999098,3211;1015624,117;4;22;5;13,274;Las Mercedes
R1;U-560;11;SUBA;4_SII_2025;UNIÓN TEMPORAL LCT-2022;URBANO;13;MICROBUS;NO;DISTRITAL;1,11001E+11;COLEGIO TIBABUYES UNIVERSAL (IED);B/C;MAÑANA;URBANO;5:10;11:50;11:55;1;1;2;1;1;1;1;1;0;0;GENERAL;5:50;310;350;-1;353;0;353;6730,113698;26,64120386;1237;996788,9201;1017624,117;999098,3211;1015624,117;4;22;5;13,008;Las Mercedes
R1;U-1073;11;SUBA;1_CV_2025;CONSORCIO RUTAS SEGURAS;URBANO;14;VAN;NO;DISTRITAL;1,11769E+11;COLEGIO GERARDO PAREDES (IED);A/B;MAÑANA;URBANO;5:30;11:55;12:00;1;1;2;1;1;1;1;1;0;0;GENERAL;6:30;330;390;-1;758;0;758;16188,51417;300,8827725;1238;996788,9201;1015624,117;999098,3211;1013624,117;5;22;5;31,432;0
R1;U-530;11;SUBA;4_SII_2025;UNIÓN TEMPORAL LCT-2022;URBANO;10;BUS;NO;DISTRITAL;1,11001E+11;COLEGIO LA GAITANA (IED);B;TARDE;URBANO;11:40;17:25;17:30;1;1;2;1;1;1;1;1;0;0;GENERAL;12:30;700;750;-1;575;0;575;10897,86486;308,5695514;1238;996788,9201;1015624,117;999098,3211;1013624,117;5;22;5;21,117;0
R1;U-540;11;SUBA;3_SII_2025;UNIÓN TEMPORAL VET 2023;URBANO;13;MICROBUS;NO;DISTRITAL;1,11001E+11;COLEGIO RAMON DE ZUBIRIA (IED);A;TARDE;URBANO;11:50;17:25;17:30;1;1;2;1;1;1;1;1;0;0;GENERAL;12:30;710;750;-1;427;0;427;7287,156828;293,4650985;1238;996788,9201;1015624,117;999098,3211;1013624,117;5;22;5;17,733;0
R1;U-541;11;SUBA;3_SII_2025;UNIÓN TEMPORAL VET 2023;URBANO;13;MICROBUS;NO;DISTRITAL;1,11001E+11;COLEGIO RAMON DE ZUBIRIA (IED);B;TARDE;URBANO;11:00;17:25;17:30;1;1;2;1;1;1;1;1;0;0;GENERAL;11:45;660;705;-1;241;0;241;5938,704897;101,2747962;1238;996788,9201;1015624,117;999098,3211;1013624,117;5;22;5;12,911;0
R1;U-543;11;SUBA;3_SII_2025;UNIÓN TEMPORAL VET 2023;URBANO;13;MICROBUS;NO;DISTRITAL;1,11001E+11;COLEGIO RAMON DE ZUBIRIA (IED);C;MAÑANA;URBANO;5:25;12:25;12:30;1;1;2;1;1;1;1;1;0;0;GENERAL;6:15;325;375;-1;574;0;574;9737,012772;10,33858012;1238;996788,9201;1015624,117;999098,3211;1013624,117;5;22;5;19,284;0
R1;U-544;11;SUBA;3_SII_2025;UNIÓN TEMPORAL VET 2023;URBANO;13;MICROBUS;NO;DISTRITAL;1,11001E+11;COLEGIO RAMON DE ZUBIRIA (IED);B;TARDE;URBANO;12:00;17:25;17:30;1;1;2;1;1;1;1;1;0;0;GENERAL;12:30;720;750;-1;501;0;501;8585,752903;8,454890619;1238;996788,9201;1015624,117;999098,3211;1013624,117;5;22;5;16,975;0
R1;U-545;11;SUBA;3_SII_2025;UNIÓN TEMPORAL VET 2023;URBANO;13;MICROBUS;NO;DISTRITAL;1,11001E+11;COLEGIO RAMON DE ZUBIRIA (IED);B;MAÑANA;URBANO;5:30;11:25;11:30;1;1;2;1;1;1;1;1;0;0;GENERAL;6:30;330;390;-1;645;0;645;11484,7789;0,000769886;1238;996788,9201;1015624,117;999098,3211;1013624,117;5;22;5;26,39;0
R1;U-547;11;SUBA;3_SII_2025;UNIÓN TEMPORAL VET 2023;URBANO;13;MICROBUS;NO;DISTRITAL;1,11001E+11;COLEGIO RAMON DE ZUBIRIA (IED);B;TARDE;URBANO;11:50;17:25;17:30;1;1;2;1;1;1;1;1;0;0;GENERAL;12:45;710;765;-1;615;0;615;10339,19267;9,898193591;1238;996788,9201;1015624,117;999098,3211;1013624,117;5;22;5;22,332;0
R1;U-548;11;SUBA;3_SII_2025;UNIÓN TEMPORAL VET 2023;URBANO;11;BUSETA;NO;DISTRITAL;1,11001E+11;COLEGIO RAMON DE ZUBIRIA (IED);C;TARDE;URBANO;11:30;18:05;18:10;1;1;2;1;1;1;1;1;0;0;GENERAL;12:15;690;735;-1;536;0;536;8915,93972;33,97500309;1238;996788,9201;1015624,117;999098,3211;1013624,117;5;22;5;18,389;0
R1;U-907;11;SUBA;3_SII_2025;UNIÓN TEMPORAL VET 2023;URBANO;13;MICROBUS;NO;DISTRITAL;1,11769E+11;COLEGIO GERARDO PAREDES (IED);A;TARDE;URBANO;11:30;17:10;17:15;1;1;2;1;1;1;1;1;0;0;GENERAL;12:30;690;750;-1;287;0;287;5705,442182;217,3263375;1238;996788,9201;1015624,117;999098,3211;1013624,117;5;22;5;11,83;0
R1;U-908;11;SUBA;1_CV_2025;CONSORCIO RUTAS SEGURAS;URBANO;14;VAN;NO;DISTRITAL;1,11769E+11;COLEGIO GERARDO PAREDES (IED);A/B;TARDE;URBANO;11:00;17:05;17:10;1;2;3;1;1;1;1;1;0;0;GENERAL;12:00;660;720;-1;731;0;731;14598,05252;270,0013386;1238;996788,9201;1015624,117;999098,3211;1013624,117;5;22;5;27,148;0
R1;U-910;11;SUBA;3_SII_2025;UNIÓN TEMPORAL VET 2023;URBANO;13;MICROBUS;NO;DISTRITAL;1,11769E+11;COLEGIO GERARDO PAREDES (IED);A/D;TARDE;URBANO;11:30;17:10;17:15;1;1;2;1;1;1;1;1;0;0;GENERAL;12:30;690;750;-1;577;0;577;11604,42298;33,77776357;1238;996788,9201;1015624,117;999098,3211;1013624,117;5;22;5;23,132;0
R1;U-912;11;SUBA;3_SII_2025;UNIÓN TEMPORAL VET 2023;URBANO;13;MICROBUS;NO;DISTRITAL;1,11769E+11;COLEGIO GERARDO PAREDES (IED);A/D;TARDE;URBANO;11:30;17:15;17:20;1;1;2;1;1;1;1;1;0;0;GENERAL;12:30;690;750;-1;360;0;360;6987,972546;216,6197183;1238;996788,9201;1015624,117;999098,3211;1013624,117;5;22;5;14,478;0
R1;U-1042;10;ENGATIVA;4_SII_2025;UNIÓN TEMPORAL LCT-2022;URBANO;13;MICROBUS;SI;DISTRITAL;1,11001E+11;COLEGIO REPUBLICA DE CHINA (IED);A;MAÑANA;URBANO;5:30;12:05;12:10;1;1;2;1;1;1;1;1;0;0;GENERAL;6:00;330;360;-1;179;0;179;5939,507616;131,0946007;1239;996788,9201;1013624,117;999098,3211;1011624,117;6;22;5;12,468;0
R1;U-1096;10;ENGATIVA;1_CV_2025;CONSORCIO RUTAS SEGURAS;URBANO;14;VAN;NO;DISTRITAL;1,11001E+11;COLEGIO JORGE GAITAN CORTES (IED);A;MAÑANA;URBANO;5:20;11:25;11:30;1;1;2;1;1;1;1;1;0;0;GENERAL;6:15;320;375;-1;539;0;539;10979,31373;220,6962576;1239;996788,9201;1013624,117;999098,3211;1011624,117;6;22;5;23,641;0
R1;U-1536;10;ENGATIVA;4_SII_2025;UNIÓN TEMPORAL LCT-2022;URBANO;11;BUSETA;NO;DISTRITAL;1,11265E+11;COLEGIO SIMON BOLIVAR (IED);B;TARDE;URBANO;11:25;17:30;17:35;1;1;2;1;1;1;1;1;0;0;INDIGENAS COMUNIDAD EMBERA;12:25;685;745;-1;316;0;316;10196,41054;223,2479119;1239;996788,9201;1013624,117;999098,3211;1011624,117;6;22;5;22,448;0
R1;U-1537;10;ENGATIVA;4_SII_2025;UNIÓN TEMPORAL LCT-2022;URBANO;13;MICROBUS;NO;DISTRITAL;1,11265E+11;COLEGIO SIMON BOLIVAR (IED);B;MAÑANA;URBANO;5:50;11:50;11:55;1;1;2;1;1;1;1;1;0;0;INDIGENAS COMUNIDAD EMBERA;6:50;350;410;-1;314;0;314;10149,1409;131,6616715;1239;996788,9201;1013624,117;999098,3211;1011624,117;6;22;5;22,415;0
R1;U-1540;10;ENGATIVA;4_SII_2025;UNIÓN TEMPORAL LCT-2022;URBANO;13;MICROBUS;NO;DISTRITAL;1,11265E+11;COLEGIO SIMON BOLIVAR (IED);A;ÚNICA;URBANO;5:00;13:00;13:05;1;1;2;1;1;1;1;1;0;0;INDIGENAS COMUNIDAD EMBERA;6:00;300;360;-1;290;0;290;8821,449761;53,22233531;1239;996788,9201;1013624,117;999098,3211;1011624,117;6;22;5;20,482;0
R1;U-1630;10;ENGATIVA;1_CV_2025;CONSORCIO RUTAS SEGURAS;URBANO;14;VAN;NO;DISTRITAL;1,11001E+11;COLEGIO REPUBLICA DE CHINA (IED);A/B;TARDE;URBANO;11:30;17:15;17:20;1;1;2;1;1;1;1;1;0;0;GENERAL;12:30;690;750;-1;482;0;482;9986,929258;129,7149666;1239;996788,9201;1013624,117;999098,3211;1011624,117;6;22;5;16,287;0
R1;U-1631;10;ENGATIVA;2_CV_2025;CONSORCIO RUTAS SEGURAS;URBANO;14;VAN;NO;DISTRITAL;1,11001E+11;COLEGIO REPUBLICA DE CHINA (IED);A;TARDE;URBANO;11:25;17:00;17:05;1;1;2;1;1;1;1;1;0;0;GENERAL;12:20;685;740;-1;526;0;526;10833,19128;313,0604041;1239;996788,9201;1013624,117;999098,3211;1011624,117;6;22;5;21,986;0
R1;U-377;10;ENGATIVA;4_SII_2025;UNIÓN TEMPORAL LCT-2022;URBANO;13;MICROBUS;NO;DISTRITAL;1,11001E+11;COLEGIO JORGE GAITAN CORTES (IED);A;TARDE;URBANO;11:30;17:55;18:00;1;1;2;1;1;1;1;1;0;0;GENERAL;12:30;690;750;-1;418;0;418;8370,745449;220,6962576;1239;996788,9201;1013624,117;999098,3211;1011624,117;6;22;5;20,325;0
R1;U-378;10;ENGATIVA;4_SII_2025;UNIÓN TEMPORAL LCT-2022;URBANO;10;BUS;NO;DISTRITAL;1,11001E+11;COLEGIO JORGE GAITAN CORTES (IED);A/C;MAÑANA;URBANO;5:20;11:30;11:35;1;1;2;1;1;1;1;1;0;0;GENERAL;6:20;320;380;-1;660;0;660;13315,73126;45,09605679;1239;996788,9201;1013624,117;999098,3211;1011624,117;6;22;5;28,005;0
R1;U-379;10;ENGATIVA;4_SII_2025;UNIÓN TEMPORAL LCT-2022;URBANO;13;MICROBUS;NO;DISTRITAL;1,11001E+11;COLEGIO JOSE ASUNCION SILVA (IED);A/B;ÚNICA;URBANO;5:30;14:10;14:15;1;1;2;1;1;1;1;1;0;0;GENERAL;6:30;330;390;-1;637;0;637;13533,6257;314,9074317;1239;996788,9201;1013624,117;999098,3211;1011624,117;6;22;5;27,283;0
R1;U-380;10;ENGATIVA;4_SII_2025;UNIÓN TEMPORAL LCT-2022;URBANO;13;MICROBUS;NO;DISTRITAL;1,11001E+11;COLEGIO JOSE ASUNCION SILVA (IED);A/B;ÚNICA;URBANO;5:30;14:10;14:15;1;1;2;1;1;1;1;1;0;0;GENERAL;6:30;330;390;-1;401;0;401;8799,19714;314,9074353;1239;996788,9201;1013624,117;999098,3211;1011624,117;6;22;5;17,366;0
R1;U-381;10;ENGATIVA;4_SII_2025;UNIÓN TEMPORAL LCT-2022;URBANO;11;BUSETA;NO;DISTRITAL;1,11001E+11;COLEGIO JOSE ASUNCION SILVA (IED);A/B;ÚNICA;URBANO;5:30;14:10;14:15;1;1;2;1;1;1;1;1;0;0;GENERAL;6:30;330;390;-1;456;0;456;10733,44503;310,6018859;1239;996788,9201;1013624,117;999098,3211;1011624,117;6;22;5;19,717;0
R1;U-383;10;ENGATIVA;4_SII_2025;UNIÓN TEMPORAL LCT-2022;URBANO;10;BUS;NO;DISTRITAL;1,11001E+11;COLEGIO JOSE ASUNCION SILVA (IED);A/B;ÚNICA;URBANO;5:30;14:30;14:35;1;1;2;1;1;1;1;1;0;0;GENERAL;6:30;330;390;-1;168;0;168;11483,52623;312,9375393;1239;996788,9201;1013624,117;999098,3211;1011624,117;6;22;5;22,142;0
R1;U-390;10;ENGATIVA;4_SII_2025;UNIÓN TEMPORAL LCT-2022;URBANO;10;BUS;NO;DISTRITAL;1,11001E+11;COLEGIO MIGUEL ANTONIO CARO (IED);A;MAÑANA;URBANO;5:25;11:50;11:55;1;1;2;1;1;1;1;1;0;0;GENERAL;6:05;325;365;-1;275;0;275;6043,213452;56,07030605;1239;996788,9201;1013624,117;999098,3211;1011624,117;6;22;5;12,865;0
R1;U-391;10;ENGATIVA;4_SII_2025;UNIÓN TEMPORAL LCT-2022;URBANO;11;BUSETA;NO;DISTRITAL;1,11001E+11;COLEGIO MIGUEL ANTONIO CARO (IED);A;TARDE;URBANO;11:10;17:50;17:55;1;1;2;1;1;1;1;1;0;0;GENERAL;11:50;670;710;-1;280;0;280;6352,378171;55,38167313;1239;996788,9201;1013624,117;999098,3211;1011624,117;6;22;5;14,264;0
R1;U-392;10;ENGATIVA;4_SII_2025;UNIÓN TEMPORAL LCT-2022;URBANO;10;BUS;NO;DISTRITAL;1,11001E+11;COLEGIO MIGUEL ANTONIO CARO (IED);A;MAÑANA;URBANO;5:30;11:50;11:55;1;1;2;1;1;1;1;1;0;0;GENERAL;6:05;330;365;-1;244;0;244;7977,018296;313,9286836;1239;996788,9201;1013624,117;999098,3211;1011624,117;6;22;5;14,621;0
R1;U-393;10;ENGATIVA;4_SII_2025;UNIÓN TEMPORAL LCT-2022;URBANO;10;BUS;NO;DISTRITAL;1,11001E+11;COLEGIO MIGUEL ANTONIO CARO (IED);A;MAÑANA;URBANO;5:25;11:50;11:55;1;1;2;1;1;1;1;1;0;0;GENERAL;6:05;325;365;-1;876;0;876;12223,55026;311,5776798;1239;996788,9201;1013624,117;999098,3211;1011624,117;6;22;5;25,045;0
R1;U-394;10;ENGATIVA;4_SII_2025;UNIÓN TEMPORAL LCT-2022;URBANO;10;BUS;NO;DISTRITAL;1,11001E+11;COLEGIO MIGUEL ANTONIO CARO (IED);A;TARDE;URBANO;10:50;17:50;17:55;1;1;2;1;1;1;1;1;0;0;GENERAL;11:50;650;710;-1;658;0;658;14910,16919;57,35275589;1239;996788,9201;1013624,117;999098,3211;1011624,117;6;22;5;31,411;0
R1;U-395;10;ENGATIVA;4_SII_2025;UNIÓN TEMPORAL LCT-2022;URBANO;13;MICROBUS;NO;DISTRITAL;1,11001E+11;COLEGIO MIGUEL ANTONIO CARO (IED);A;MAÑANA;URBANO;5:05;11:50;11:55;1;1;2;1;1;1;1;1;0;0;GENERAL;6:05;305;365;-1;381;0;381;7395,939793;309,7150864;1239;996788,9201;1013624,117;999098,3211;1011624,117;6;22;5;14,629;0
R1;U-396;10;ENGATIVA;4_SII_2025;UNIÓN TEMPORAL LCT-2022;URBANO;13;MICROBUS;NO;DISTRITAL;1,11001E+11;COLEGIO MORISCO (IED);A;MAÑANA;URBANO;5:30;12:35;12:40;1;1;2;1;1;1;1;1;0;0;GENERAL;6:30;330;390;-1;322;0;322;11344,2551;264,8236075;1239;996788,9201;1013624,117;999098,3211;1011624,117;6;22;5;21,93;0
R1;U-397;10;ENGATIVA;4_SII_2025;UNIÓN TEMPORAL LCT-2022;URBANO;11;BUSETA;NO;DISTRITAL;1,11001E+11;COLEGIO MORISCO (IED);A;TARDE;URBANO;11:30;17:45;17:50;2;2;4;1;1;1;1;1;0;0;GENERAL;12:40;690;760;-1;322;0;322;15121,12531;315,7127466;1239;996788,9201;1013624,117;999098,3211;1011624,117;6;22;5;30,897;0
R1;U-398;10;ENGATIVA;4_SII_2025;UNIÓN TEMPORAL LCT-2022;URBANO;13;MICROBUS;NO;DISTRITAL;1,11001E+11;COLEGIO MORISCO (IED);A;MAÑANA;URBANO;5:30;12:35;12:40;1;1;2;1;1;1;1;1;0;0;GENERAL;6:30;330;390;-1;535;0;535;13614,39252;270,0010329;1239;996788,9201;1013624,117;999098,3211;1011624,117;6;22;5;26,627;0
R1;U-400;10;ENGATIVA;4_SII_2025;UNIÓN TEMPORAL LCT-2022;URBANO;10;BUS;NO;DISTRITAL;1,11001E+11;COLEGIO MORISCO (IED);A;TARDE;URBANO;11:40;17:45;17:50;1;2;3;1;1;1;1;1;0;0;GENERAL;12:40;700;760;-1;807;0;807;15444,39525;134,9065747;1239;996788,9201;1013624,117;999098,3211;1011624,117;6;22;5;26,284;0
R1;U-401;10;ENGATIVA;4_SII_2025;UNIÓN TEMPORAL LCT-2022;URBANO;10;BUS;NO;DISTRITAL;1,11001E+11;COLEGIO MORISCO (IED);A;MAÑANA;URBANO;5:30;12:35;12:40;1;1;2;1;1;1;1;1;0;0;GENERAL;6:30;330;390;-1;558;0;558;13328,43534;266,5231663;1239;996788,9201;1013624,117;999098,3211;1011624,117;6;22;5;25,071;0
R1;U-531;10;ENGATIVA;4_SII_2025;UNIÓN TEMPORAL LCT-2022;URBANO;10;BUS;NO;DISTRITAL;1,11001E+11;COLEGIO MIGUEL ANTONIO CARO (IED);A;TARDE;URBANO;11:15;17:50;17:55;1;1;2;1;1;1;1;1;0;0;GENERAL;11:50;675;710;-1;583;0;583;13038,21076;57,35275589;1239;996788,9201;1013624,117;999098,3211;1011624,117;6;22;5;26,561;0
R1;U-532;10;ENGATIVA;1_CV_2025;CONSORCIO RUTAS SEGURAS;URBANO;14;VAN;NO;DISTRITAL;1,11001E+11;COLEGIO MIGUEL ANTONIO CARO (IED);A;TARDE;URBANO;11:10;17:50;17:55;1;1;2;1;1;1;1;1;0;0;GENERAL;11:50;670;710;-1;480;0;480;9389,833725;314,9079418;1239;996788,9201;1013624,117;999098,3211;1011624,117;6;22;5;17,783;0
R1;U-909;11;SUBA;3_SII_2025;UNIÓN TEMPORAL VET 2023;URBANO;13;MICROBUS;NO;DISTRITAL;1,11769E+11;COLEGIO GERARDO PAREDES (IED);B;TARDE;URBANO;11:40;17:10;17:15;1;1;2;1;1;1;1;1;0;0;GENERAL;12:15;700;735;-1;361;0;361;7055,401982;59,12026594;1239;996788,9201;1013624,117;999098,3211;1011624,117;6;22;5;14,654;0
R1;U-1007;10;ENGATIVA;4_SII_2025;UNIÓN TEMPORAL LCT-2022;URBANO;11;BUSETA;NO;DISTRITAL;1,11001E+11;COLEGIO TABORA (IED);A/B;ÚNICA;URBANO;5:55;12:40;12:45;1;1;2;1;1;1;1;1;0;0;GENERAL;6:50;355;410;-1;709;0;709;15839,69844;303,6038404;1240;996788,9201;1011624,117;999098,3211;1009624,117;7;22;5;31,295;Bolera el Salitre
R1;U-1024;10;ENGATIVA;4_SII_2025;UNIÓN TEMPORAL LCT-2022;URBANO;10;BUS;NO;DISTRITAL;1,11265E+11;COLEGIO LA PALESTINA (IED);B;ÚNICA;URBANO;6:00;14:05;14:10;1;1;2;1;1;1;1;1;0;0;GENERAL;6:55;360;415;-1;360;0;360;7916,060238;180,001344;1240;996788,9201;1011624,117;999098,3211;1009624,117;7;22;5;15,521;Bolera el Salitre
R1;U-1451;10;ENGATIVA;6_SII_2025;UNIÓN TEMPORAL LCT-2022;URBANO;13;MICROBUS;NO;DISTRITAL;1,11001E+11;COLEGIO INSTITUTO TECNICO DISTRITAL REPUBLICA DE GUATEMALA (IED);A;MAÑANA/ÚNICA;URBANO;5:35;12:30;12:35;1;1;2;1;1;1;1;1;0;0;GENERAL;6:15;335;375;-1;296;0;296;8677,588095;140,4349952;1240;996788,9201;1011624,117;999098,3211;1009624,117;7;22;5;17,243;Bolera el Salitre
R1;U-1538;10;ENGATIVA;4_SII_2025;UNIÓN TEMPORAL LCT-2022;URBANO;13;MICROBUS;NO;DISTRITAL;1,11001E+11;COLEGIO NESTOR FORERO ALCALA (IED);A;ÚNICA;URBANO;5:35;14:30;14:35;1;1;2;1;1;1;1;1;0;0;INDIGENAS COMUNIDAD EMBERA;6:25;335;385;-1;357;0;357;11714,22129;215,2252423;1240;996788,9201;1011624,117;999098,3211;1009624,117;7;22;5;26,726;Bolera el Salitre
R1;U-1613;10;ENGATIVA;4_SII_2025;UNIÓN TEMPORAL LCT-2022;URBANO;10;BUS;NO;DISTRITAL;1,11265E+11;COLEGIO LA PALESTINA (IED);B;ÚNICA;URBANO;6:00;15:00;15:05;1;1;2;1;1;1;1;1;0;0;GENERAL;6:55;360;415;-1;600;0;600;12351,08387;180,001344;1240;996788,9201;1011624,117;999098,3211;1009624,117;7;22;5;25,402;Bolera el Salitre
R1;U-1642;10;ENGATIVA;4_SII_2025;UNIÓN TEMPORAL LCT-2022;URBANO;13;MICROBUS;NO;DISTRITAL;1,11265E+11;COLEGIO LA PALESTINA (IED);A;ÚNICA;URBANO;6:05;15:00;15:05;1;1;2;1;1;1;1;1;0;0;GENERAL;6:55;365;415;-1;362;0;362;8081,432379;231,9361029;1240;996788,9201;1011624,117;999098,3211;1009624,117;7;22;5;16,934;Bolera el Salitre
R1;U-1643;10;ENGATIVA;4_SII_2025;UNIÓN TEMPORAL LCT-2022;URBANO;13;MICROBUS;NO;DISTRITAL;1,11265E+11;COLEGIO LA PALESTINA (IED);A;ÚNICA;URBANO;6:00;15:00;15:05;1;1;2;1;1;1;1;1;0;0;GENERAL;6:55;360;415;-1;377;0;377;9563,99461;45,09608165;1240;996788,9201;1011624,117;999098,3211;1009624,117;7;22;5;19,211;Bolera el Salitre
R1;U-1668;;;;;;;;;;;;;;;;;;;;;;;;;;;;;;;;-1;194;0;194;5862,584558;306,7801497;1240;996788,9201;1011624,117;999098,3211;1009624,117;7;22;0;10,286;Bolera el Salitre
R1;U-384;10;ENGATIVA;4_SII_2025;UNIÓN TEMPORAL LCT-2022;URBANO;13;MICROBUS;NO;DISTRITAL;1,11265E+11;COLEGIO LA PALESTINA (IED);B;ÚNICA;URBANO;6:00;15:00;15:05;1;1;2;1;1;1;1;1;0;0;GENERAL;6:55;360;415;-1;533;0;533;11859,64789;180,001344;1240;996788,9201;1011624,117;999098,3211;1009624,117;7;22;5;21,538;Bolera el Salitre
R1;U-385;10;ENGATIVA;4_SII_2025;UNIÓN TEMPORAL LCT-2022;URBANO;11;BUSETA;NO;DISTRITAL;1,11265E+11;COLEGIO LA PALESTINA (IED);B;ÚNICA;URBANO;6:00;14:00;14:05;1;1;2;1;1;1;1;1;0;0;GENERAL;6:55;360;415;-1;593;0;593;12097,66615;180,001344;1240;996788,9201;1011624,117;999098,3211;1009624,117;7;22;5;23,323;Bolera el Salitre
R1;U-386;10;ENGATIVA;4_SII_2025;UNIÓN TEMPORAL LCT-2022;URBANO;13;MICROBUS;NO;DISTRITAL;1,11265E+11;COLEGIO LA PALESTINA (IED);B;ÚNICA;URBANO;5:55;14:00;14:05;1;1;2;1;1;1;1;1;0;0;GENERAL;6:55;355;415;-1;349;0;349;8355,215793;180,001344;1240;996788,9201;1011624,117;999098,3211;1009624,117;7;22;5;17,248;Bolera el Salitre
R1;U-387;10;ENGATIVA;4_SII_2025;UNIÓN TEMPORAL LCT-2022;URBANO;13;MICROBUS;NO;DISTRITAL;1,11265E+11;COLEGIO LA PALESTINA (IED);B;ÚNICA;URBANO;5:55;15:00;15:05;1;1;2;1;1;1;1;1;0;0;GENERAL;6:55;355;415;-1;329;0;329;9786,115291;180,001344;1240;996788,9201;1011624,117;999098,3211;1009624,117;7;22;5;20,368;Bolera el Salitre
R1;U-388;10;ENGATIVA;4_SII_2025;UNIÓN TEMPORAL LCT-2022;URBANO;11;BUSETA;NO;DISTRITAL;1,11265E+11;COLEGIO LA PALESTINA (IED);B;ÚNICA;URBANO;5:55;14:00;14:05;1;1;2;1;1;1;1;1;0;0;GENERAL;6:55;355;415;-1;409;0;409;9622,030095;180,001344;1240;996788,9201;1011624,117;999098,3211;1009624,117;7;22;5;18,452;Bolera el Salitre
R1;U-389;10;ENGATIVA;4_SII_2025;UNIÓN TEMPORAL LCT-2022;URBANO;10;BUS;NO;DISTRITAL;1,11265E+11;COLEGIO LA PALESTINA (IED);B;ÚNICA;URBANO;6:00;14:00;14:05;1;1;2;1;1;1;1;1;0;0;GENERAL;6:55;360;415;-1;370;0;370;7114,671744;180,001344;1240;996788,9201;1011624,117;999098,3211;1009624,117;7;22;5;13,74;Bolera el Salitre
R1;U-407;10;ENGATIVA;4_SII_2025;UNIÓN TEMPORAL LCT-2022;URBANO;11;BUSETA;NO;DISTRITAL;1,11001E+11;COLEGIO NESTOR FORERO ALCALA (IED);A;ÚNICA;URBANO;5:30;14:30;14:35;1;1;2;1;1;1;1;1;0;0;GENERAL;6:20;330;380;-1;365;0;365;9802,332995;214,8866931;1240;996788,9201;1011624,117;999098,3211;1009624,117;7;22;5;19,04;Bolera el Salitre
R1;U-444;10;ENGATIVA;4_SII_2025;UNIÓN TEMPORAL LCT-2022;URBANO;11;BUSETA;NO;DISTRITAL;1,11001E+11;COLEGIO TABORA (IED);A;ÚNICA;URBANO;6:05;14:05;14:10;1;1;2;1;1;1;1;1;0;0;GENERAL;6:45;365;405;-1;295;0;295;8066,675244;125,5377745;1240;996788,9201;1011624,117;999098,3211;1009624,117;7;22;5;15,994;Bolera el Salitre
R1;U-446;10;ENGATIVA;4_SII_2025;UNIÓN TEMPORAL LCT-2022;URBANO;11;BUSETA;NO;DISTRITAL;1,11001E+11;COLEGIO TABORA (IED);A;ÚNICA;URBANO;6:00;14:05;14:10;1;1;2;1;1;1;1;1;0;0;GENERAL;6:45;360;405;-1;319;0;319;8017,565122;129,1980847;1240;996788,9201;1011624,117;999098,3211;1009624,117;7;22;5;15,26;Bolera el Salitre
R1;T-1051;10;ENGATIVA;4_SII_2025;UNIÓN TEMPORAL LCT-2022;TRASLADO;10;BUS;NO;DISTRITAL;1,11001E+11;COLEGIO MARCO TULIO FERNANDEZ (IED);D;ÚNICA;URBANO;5:50;13:00;13:05;1;1;2;1;1;1;1;1;0;0;GENERAL;6:00;350;360;-1;83;0;83;2126,264703;125,9383137;1241;996788,9201;1009624,117;999098,3211;1007624,117;8;22;5;4,548;Bolera el Salitre
R1;T-1052;10;ENGATIVA;4_SII_2025;UNIÓN TEMPORAL LCT-2022;TRASLADO;13;MICROBUS;NO;DISTRITAL;1,11001E+11;COLEGIO MARCO TULIO FERNANDEZ (IED);D;ÚNICA;URBANO;5:50;13:00;13:05;1;1;2;1;1;1;1;1;0;0;GENERAL;6:00;350;360;-1;99;0;99;2499,360793;303,6036235;1241;996788,9201;1009624,117;999098,3211;1007624,117;8;22;5;5,451;Bolera el Salitre
R1;T-1053;10;ENGATIVA;4_SII_2025;UNIÓN TEMPORAL LCT-2022;TRASLADO;10;BUS;NO;DISTRITAL;1,11001E+11;COLEGIO MARCO TULIO FERNANDEZ (IED);D;ÚNICA;URBANO;5:50;13:00;13:05;1;1;2;1;1;1;1;1;0;0;GENERAL;6:00;350;360;-1;83;0;83;2126,264703;125,9383137;1241;996788,9201;1009624,117;999098,3211;1007624,117;8;22;5;4,548;Bolera el Salitre
R1;T-1054;10;ENGATIVA;4_SII_2025;UNIÓN TEMPORAL LCT-2022;TRASLADO;13;MICROBUS;NO;DISTRITAL;1,11001E+11;COLEGIO MARCO TULIO FERNANDEZ (IED);D;ÚNICA;URBANO;6:50;13:00;13:05;1;1;2;1;1;1;1;1;0;0;GENERAL;7:00;410;420;-1;99;0;99;2499,360793;303,6036235;1241;996788,9201;1009624,117;999098,3211;1007624,117;8;22;5;5,451;Bolera el Salitre
R1;T-1055;10;ENGATIVA;4_SII_2025;UNIÓN TEMPORAL LCT-2022;TRASLADO;11;BUSETA;NO;DISTRITAL;1,11001E+11;COLEGIO MARCO TULIO FERNANDEZ (IED);D;ÚNICA;URBANO;5:50;13:00;13:05;1;1;2;1;1;1;1;1;0;0;GENERAL;6:00;350;360;-1;99;0;99;2499,360793;303,6036235;1241;996788,9201;1009624,117;999098,3211;1007624,117;8;22;5;5,451;Bolera el Salitre
R1;U-1065;10;ENGATIVA;4_SII_2025;UNIÓN TEMPORAL LCT-2022;URBANO;13;MICROBUS;NO;DISTRITAL;1,11001E+11;COLEGIO ROBERT F. KENNEDY (IED);A;TARDE;URBANO;11:25;17:55;18:00;1;1;2;1;1;1;1;1;0;0;GENERAL;12:10;685;730;-1;553;0;553;12071,80194;217,6628915;1241;996788,9201;1009624,117;999098,3211;1007624,117;8;22;5;25,524;Bolera el Salitre
R1;U-1449;10;ENGATIVA;6_SII_2025;UNIÓN TEMPORAL LCT-2022;URBANO;11;BUSETA;NO;DISTRITAL;1,11001E+11;COLEGIO REPUBLICA DE COLOMBIA (IED);A;ÚNICA;URBANO;5:35;13:55;14:00;1;1;2;1;1;1;1;1;0;0;GENERAL;6:30;335;390;-1;295;0;295;8712,496521;33,93496266;1241;996788,9201;1009624,117;999098,3211;1007624,117;8;22;5;17,248;Bolera el Salitre
R1;U-1450;10;ENGATIVA;6_SII_2025;UNIÓN TEMPORAL LCT-2022;URBANO;13;MICROBUS;NO;DISTRITAL;1,11001E+11;COLEGIO REPUBLICA DE COLOMBIA (IED);A;ÚNICA;URBANO;5:35;13:55;14:00;1;1;2;1;1;1;1;1;0;0;GENERAL;6:30;335;390;-1;350;0;350;9942,851236;33,62527365;1241;996788,9201;1009624,117;999098,3211;1007624,117;8;22;5;19,12;Bolera el Salitre
R1;U-1533;10;ENGATIVA;4_SII_2025;UNIÓN TEMPORAL LCT-2022;URBANO;13;MICROBUS;NO;DISTRITAL;1,11001E+11;COLEGIO NESTOR FORERO ALCALA (IED);B/C;ÚNICA;URBANO;5:35;13:25;13:30;1;1;2;1;1;1;1;1;0;0;INDIGENAS COMUNIDAD EMBERA;6:25;335;385;-1;390;0;390;12526,55086;130,8213188;1241;996788,9201;1009624,117;999098,3211;1007624,117;8;22;5;27,786;Bolera el Salitre
R1;U-1534;10;ENGATIVA;6_SII_2025;UNIÓN TEMPORAL LCT-2022;URBANO;11;BUSETA;NO;DISTRITAL;1,11001E+11;COLEGIO REPUBLICA DE COLOMBIA (IED);A/B/C;ÚNICA;URBANO;5:30;13:00;13:05;1;1;2;1;1;1;1;1;0;0;INDIGENAS COMUNIDAD EMBERA;6:30;330;390;-1;406;0;406;13273,71011;316,4538102;1241;996788,9201;1009624,117;999098,3211;1007624,117;8;22;5;28,534;Bolera el Salitre
R1;U-1535;10;ENGATIVA;6_SII_2025;UNIÓN TEMPORAL LCT-2022;URBANO;13;MICROBUS;NO;DISTRITAL;1,11001E+11;COLEGIO REPUBLICA DE COLOMBIA (IED);A/B/C;ÚNICA;URBANO;5:30;13:30;13:35;1;1;2;1;1;1;1;1;0;0;INDIGENAS COMUNIDAD EMBERA;6:25;330;385;-1;406;0;406;13273,71011;316,4538102;1241;996788,9201;1009624,117;999098,3211;1007624,117;8;22;5;28,534;Bolera el Salitre
R1;U-1539;10;ENGATIVA;6_SII_2025;UNIÓN TEMPORAL LCT-2022;URBANO;13;MICROBUS;NO;DISTRITAL;1,11001E+11;COLEGIO REPUBLICA DE COLOMBIA (IED);A;ÚNICA;URBANO;5:30;14:00;14:05;1;1;2;1;1;1;1;1;0;0;INDIGENAS COMUNIDAD EMBERA;6:30;330;390;-1;381;0;381;12597,81522;213,4553021;1241;996788,9201;1009624,117;999098,3211;1007624,117;8;22;5;27,858;Bolera el Salitre
R1;U-1599;10;ENGATIVA;6_SII_2025;UNIÓN TEMPORAL LCT-2022;URBANO;13;MICROBUS;NO;DISTRITAL;1,11001E+11;COLEGIO REPUBLICA DE COLOMBIA (IED);A;ÚNICA;URBANO;6:10;13:55;14:00;1;1;2;1;1;1;1;1;0;0;FUNDACIONES;6:30;370;390;-1;60;0;60;2075,494527;213,7794754;1241;996788,9201;1009624,117;999098,3211;1007624,117;8;22;5;3,82;Bolera el Salitre
R1;U-1614;10;ENGATIVA;6_SII_2025;UNIÓN TEMPORAL LCT-2022;URBANO;13;MICROBUS;NO;DISTRITAL;1,11001E+11;COLEGIO INSTITUTO TECNICO INDUSTRIAL FRANCISCO JOSE DE CALDAS (IED);A;MAÑANA;URBANO;5:25;12:00;12:05;1;1;2;1;1;1;1;1;0;0;GENERAL;6:00;325;360;-1;395;0;395;9916,448033;158,1338107;1241;996788,9201;1009624,117;999098,3211;1007624,117;8;22;5;18,172;Bolera el Salitre
R1;U-1615;10;ENGATIVA;6_SII_2025;UNIÓN TEMPORAL LCT-2022;URBANO;11;BUSETA;NO;DISTRITAL;1,11001E+11;COLEGIO INSTITUTO TECNICO INDUSTRIAL FRANCISCO JOSE DE CALDAS (IED);A;MAÑANA;URBANO;5:10;12:00;12:05;1;1;2;1;1;1;1;1;0;0;GENERAL;6:00;310;360;-1;517;0;517;12345,29729;159,3822577;1241;996788,9201;1009624,117;999098,3211;1007624,117;8;22;5;23,275;Bolera el Salitre
R1;U-1616;10;ENGATIVA;6_SII_2025;UNIÓN TEMPORAL LCT-2022;URBANO;11;BUSETA;NO;DISTRITAL;1,11001E+11;COLEGIO INSTITUTO TECNICO INDUSTRIAL FRANCISCO JOSE DE CALDAS (IED);A;TARDE;URBANO;11:20;18:05;18:10;1;1;2;1;1;1;1;1;0;0;GENERAL;12:05;680;725;-1;408;0;408;10770,53454;159,3822577;1241;996788,9201;1009624,117;999098,3211;1007624,117;8;22;5;21,089;Bolera el Salitre
R1;U-1617;10;ENGATIVA;6_SII_2025;UNIÓN TEMPORAL LCT-2022;URBANO;10;BUS;NO;DISTRITAL;1,11001E+11;COLEGIO INSTITUTO TECNICO INDUSTRIAL FRANCISCO JOSE DE CALDAS (IED);A;TARDE;URBANO;11:05;18:05;18:10;1;1;2;1;1;1;1;1;0;0;GENERAL;12:05;665;725;-1;505;0;505;12447,95268;159,3822577;1241;996788,9201;1009624,117;999098,3211;1007624,117;8;22;5;23,693;Bolera el Salitre
R1;U-1618;10;ENGATIVA;6_SII_2025;UNIÓN TEMPORAL LCT-2022;URBANO;13;MICROBUS;NO;DISTRITAL;1,11001E+11;COLEGIO INSTITUTO TECNICO INDUSTRIAL FRANCISCO JOSE DE CALDAS (IED);A;TARDE;URBANO;11:20;18:05;18:10;1;1;2;1;1;1;1;1;0;0;GENERAL;12:05;680;725;-1;367;0;367;9432,151082;159,3822577;1241;996788,9201;1009624,117;999098,3211;1007624,117;8;22;5;17,566;Bolera el Salitre
R1;U-365;10;ENGATIVA;6_SII_2025;UNIÓN TEMPORAL LCT-2022;URBANO;10;BUS;NO;DISTRITAL;1,11001E+11;COLEGIO INSTITUTO TECNICO INDUSTRIAL FRANCISCO JOSE DE CALDAS (IED);B/C/D;MAÑANA;URBANO;5:10;11:45;11:50;1;1;2;1;1;1;1;1;0;0;GENERAL;6:10;310;370;-1;406;0;406;12029,14883;141,2478608;1241;996788,9201;1009624,117;999098,3211;1007624,117;8;22;5;23,909;Bolera el Salitre
R1;U-366;10;ENGATIVA;6_SII_2025;UNIÓN TEMPORAL LCT-2022;URBANO;13;MICROBUS;NO;DISTRITAL;1,11001E+11;COLEGIO INSTITUTO TECNICO INDUSTRIAL FRANCISCO JOSE DE CALDAS (IED);B/C/D;TARDE;URBANO;11:15;17:45;17:50;1;1;2;1;1;1;1;1;0;0;GENERAL;12:15;675;735;-1;585;0;585;14496,57682;218,3842155;1241;996788,9201;1009624,117;999098,3211;1007624,117;8;22;5;27,304;Bolera el Salitre
R1;U-367;10;ENGATIVA;1_CV_2025;CONSORCIO RUTAS SEGURAS;URBANO;14;VAN;NO;DISTRITAL;1,11001E+11;COLEGIO INSTITUTO TECNICO INDUSTRIAL FRANCISCO JOSE DE CALDAS (IED);B/C/D;TARDE;URBANO;10:50;17:45;17:50;2;2;4;1;1;1;1;1;0;0;GENERAL;12:15;650;735;-1;714;0;714;17887,80644;217,6620648;1241;996788,9201;1009624,117;999098,3211;1007624,117;8;22;5;35,367;Bolera el Salitre
R1;U-409;10;ENGATIVA;4_SII_2025;UNIÓN TEMPORAL LCT-2022;URBANO;13;MICROBUS;NO;DISTRITAL;1,11001E+11;COLEGIO NESTOR FORERO ALCALA (IED);B/C;ÚNICA;URBANO;5:25;13:20;13:25;1;1;2;1;1;1;1;1;0;0;GENERAL;6:25;325;385;-1;317;0;317;8990,145118;131,0927344;1241;996788,9201;1009624,117;999098,3211;1007624,117;8;22;5;18,55;Bolera el Salitre
R1;U-421;10;ENGATIVA;1_CV_2025;CONSORCIO RUTAS SEGURAS;URBANO;14;VAN;NO;DISTRITAL;1,11001E+11;COLEGIO REPUBLICA DE COLOMBIA (IED);A;ÚNICA;URBANO;5:30;14:00;14:05;1;1;2;1;1;1;1;1;0;0;GENERAL;6:30;330;390;-1;363;0;363;9706,581792;33,92967048;1241;996788,9201;1009624,117;999098,3211;1007624,117;8;22;5;19,092;Bolera el Salitre
R1;U-424;10;ENGATIVA;6_SII_2025;UNIÓN TEMPORAL LCT-2022;URBANO;13;MICROBUS;NO;DISTRITAL;1,11001E+11;COLEGIO REPUBLICA DE COLOMBIA (IED);A/B/C;ÚNICA;URBANO;5:30;13:00;13:05;1;1;2;1;1;1;1;1;0;0;GENERAL;6:25;330;385;-1;634;0;634;14907,6697;33,77919933;1241;996788,9201;1009624,117;999098,3211;1007624,117;8;22;5;30,092;Bolera el Salitre
R1;U-428;10;ENGATIVA;1_CV_2025;CONSORCIO RUTAS SEGURAS;URBANO;14;VAN;NO;DISTRITAL;1,11001E+11;COLEGIO REPUBLICA DE COLOMBIA (IED);A;ÚNICA;URBANO;5:30;13:55;14:00;1;1;2;1;1;1;1;1;0;0;GENERAL;6:30;330;390;-1;351;0;351;9768,165012;134,9056235;1241;996788,9201;1009624,117;999098,3211;1007624,117;8;22;5;18,439;Bolera el Salitre
R1;U-434;10;ENGATIVA;1_CV_2025;CONSORCIO RUTAS SEGURAS;URBANO;14;VAN;NO;DISTRITAL;1,11001E+11;COLEGIO REPUBLICA DE COLOMBIA (IED);A;ÚNICA;URBANO;5:30;13:55;14:00;1;1;2;1;1;1;1;1;0;0;GENERAL;6:30;330;390;-1;752;0;752;15861,17964;134,9056145;1241;996788,9201;1009624,117;999098,3211;1007624,117;8;22;5;34,952;Bolera el Salitre
R1;U-435;10;ENGATIVA;4_SII_2025;UNIÓN TEMPORAL LCT-2022;URBANO;13;MICROBUS;NO;DISTRITAL;1,11001E+11;COLEGIO ROBERT F. KENNEDY (IED);A/B;MAÑANA;URBANO;5:10;11:15;11:20;1;1;2;1;1;1;1;1;0;0;GENERAL;6:10;310;370;-1;404;0;404;11126,15733;134,9064938;1241;996788,9201;1009624,117;999098,3211;1007624,117;8;22;5;24,171;Bolera el Salitre
R1;U-437;10;ENGATIVA;4_SII_2025;UNIÓN TEMPORAL LCT-2022;URBANO;13;MICROBUS;NO;DISTRITAL;1,11001E+11;COLEGIO ROBERT F. KENNEDY (IED);A/B;MAÑANA;URBANO;11:20;17:10;17:15;1;1;2;1;1;1;1;1;0;0;GENERAL;12:10;680;730;-1;395;0;395;10712,25298;134,9064938;1241;996788,9201;1009624,117;999098,3211;1007624,117;8;22;5;21,856;Bolera el Salitre
R1;U-439;10;ENGATIVA;4_SII_2025;UNIÓN TEMPORAL LCT-2022;URBANO;10;BUS;NO;DISTRITAL;1,11001E+11;COLEGIO ROBERT F. KENNEDY (IED);A;MAÑANA;URBANO;5:20;12:10;12:15;1;1;2;1;1;1;1;1;0;0;GENERAL;6:10;320;370;-1;364;0;364;9538,491172;130,8219234;1241;996788,9201;1009624,117;999098,3211;1007624,117;8;22;5;19,91;Bolera el Salitre
R1;U-440;10;ENGATIVA;4_SII_2025;UNIÓN TEMPORAL LCT-2022;URBANO;13;MICROBUS;NO;DISTRITAL;1,11001E+11;COLEGIO ROBERT F. KENNEDY (IED);A;TARDE;URBANO;11:05;18:10;18:15;2;2;4;1;1;1;1;1;0;0;GENERAL;12:10;665;730;-1;627;0;627;14468,11053;130,8219234;1241;996788,9201;1009624,117;999098,3211;1007624,117;8;22;5;29,112;Bolera el Salitre
R1;U-1504;16;PUENTE ARANDA;7_SII_2025;UNIÓN TEMPORAL AMP 2022;URBANO;13;MICROBUS;NO;DISTRITAL;1,11001E+11;COLEGIO ESPAÑA (IED);A/B;TARDE;URBANO;10:40;17:55;18:00;2;2;4;1;1;1;1;1;0;0;GENERAL;12:30;640;750;-1;582;0;582;27663,4023;140,099388;1244;996788,9201;1003624,117;999098,3211;1001624,117;11;22;5;54,656;0
R1;U-1505;16;PUENTE ARANDA;7_SII_2025;UNIÓN TEMPORAL AMP 2022;URBANO;11;BUSETA;NO;DISTRITAL;1,11001E+11;COLEGIO ESPAÑA (IED);A/B;TARDE;URBANO;10:40;17:55;18:00;2;2;4;1;1;1;1;1;0;0;GENERAL;12:30;640;750;-1;789;0;789;21146,4177;135,231339;1244;996788,9201;1003624,117;999098,3211;1001624,117;11;22;5;41,42;0
R1;U-1626;16;PUENTE ARANDA;7_SII_2025;UNIÓN TEMPORAL AMP 2022;URBANO;10;BUS;NO;DISTRITAL;1,11001E+11;COLEGIO LA MERCED (IED);A;ÚNICA;URBANO;4:55;13:55;14:00;1;1;2;1;1;1;1;1;0;0;GENERAL;5:55;295;355;-1;714;0;714;17634,69672;213,7824801;1244;996788,9201;1003624,117;999098,3211;1001624,117;11;22;5;33,888;0
R1;U-1648;16;PUENTE ARANDA;7_SII_2025;UNIÓN TEMPORAL AMP 2022;URBANO;11;BUSETA;NO;DISTRITAL;1,11001E+11;COLEGIO ESPAÑA (IED);A/B;TARDE;URBANO;11:10;17:55;18:00;2;2;4;1;1;1;1;1;0;0;GENERAL;12:30;670;750;-1;633;0;633;16148,7501;134,903383;1244;996788,9201;1003624,117;999098,3211;1001624,117;11;22;5;34,157;0
R1;U-1650;16;PUENTE ARANDA;7_SII_2025;UNIÓN TEMPORAL AMP 2022;URBANO;10;BUS;NO;DISTRITAL;1,11001E+11;COLEGIO LA MERCED (IED);A;ÚNICA;URBANO;5:30;12:25;12:30;2;2;4;0;0;0;0;0;1;0;GENERAL;7:30;330;450;-1;891;0;891;24999,27098;41,91948299;1244;996788,9201;1003624,117;999098,3211;1001624,117;11;22;1;48,984;0
R1;U-926;16;PUENTE ARANDA;7_SII_2025;UNIÓN TEMPORAL AMP 2022;URBANO;11;BUSETA;NO;DISTRITAL;1,11001E+11;COLEGIO LA MERCED (IED);A;ÚNICA;URBANO;4:55;13:55;14:00;1;1;2;1;1;1;1;1;0;0;GENERAL;5:55;295;355;-1;706;0;706;17466,69898;134,9040848;1244;996788,9201;1003624,117;999098,3211;1001624,117;11;22;5;31,674;0
R1;U-927;16;PUENTE ARANDA;7_SII_2025;UNIÓN TEMPORAL AMP 2022;URBANO;11;BUSETA;NO;DISTRITAL;1,11001E+11;COLEGIO LA MERCED (IED);A;ÚNICA;URBANO;4:55;13:55;14:00;1;1;2;1;1;1;1;1;0;0;GENERAL;5:55;295;355;-1;594;0;594;17359,80618;131,8918399;1244;996788,9201;1003624,117;999098,3211;1001624,117;11;22;5;33,439;0
R1;U-722;14;LOS MARTIRES;1_CV_2025;CONSORCIO RUTAS SEGURAS;URBANO;12;CAMIONETA;NO;DISTRITAL;1,11001E+11;COLEGIO EDUARDO SANTOS (IED);A;MAÑANA;URBANO;11:25;17:25;17:30;1;1;2;1;1;1;1;1;0;0;FUNDACIONES;12:00;685;720;-1;186;0;186;5024,407802;18,49569562;1245;996788,9201;1001624,117;999098,3211;999624,1172;12;22;5;11,373;0
R1;T-1031;14;LOS MARTIRES;7_SII_2025;UNIÓN TEMPORAL AMP 2022;TRASLADO;10;BUS;NO;DISTRITAL;1,11001E+11;COLEGIO LICEO NACIONAL AGUSTIN NIETO CABALLERO (IED);A;MAÑANA;URBANO;6:00;13:15;13:20;1;1;2;1;1;1;1;1;0;0;GENERAL;6:30;360;390;-1;230;0;230;5910,401786;220,7017969;1246;996788,9201;999624,1172;999098,3211;997624,1172;13;22;5;11,573;0
R1;T-1032;14;LOS MARTIRES;7_SII_2025;UNIÓN TEMPORAL AMP 2022;TRASLADO;10;BUS;NO;DISTRITAL;1,11001E+11;COLEGIO LICEO NACIONAL AGUSTIN NIETO CABALLERO (IED);A;MAÑANA;URBANO;6:00;13:15;13:20;1;1;2;1;1;1;1;1;0;0;GENERAL;6:30;360;390;-1;230;0;230;5910,401786;220,7017969;1246;996788,9201;999624,1172;999098,3211;997624,1172;13;22;5;11,573;0
R1;T-1033;14;LOS MARTIRES;7_SII_2025;UNIÓN TEMPORAL AMP 2022;TRASLADO;10;BUS;NO;DISTRITAL;1,11001E+11;COLEGIO LICEO NACIONAL AGUSTIN NIETO CABALLERO (IED);A;MAÑANA;URBANO;6:00;13:15;13:20;1;1;2;1;1;1;1;1;0;0;GENERAL;6:30;360;390;-1;230;0;230;5910,401786;220,7017969;1246;996788,9201;999624,1172;999098,3211;997624,1172;13;22;5;11,573;0
R1;T-1034;14;LOS MARTIRES;7_SII_2025;UNIÓN TEMPORAL AMP 2022;TRASLADO;10;BUS;NO;DISTRITAL;1,11001E+11;COLEGIO LICEO NACIONAL AGUSTIN NIETO CABALLERO (IED);A;MAÑANA;URBANO;6:00;13:15;13:20;1;1;2;1;1;1;1;1;0;0;GENERAL;6:30;360;390;-1;230;0;230;5910,401786;220,7017969;1246;996788,9201;999624,1172;999098,3211;997624,1172;13;22;5;11,573;0
R1;T-1035;14;LOS MARTIRES;7_SII_2025;UNIÓN TEMPORAL AMP 2022;TRASLADO;10;BUS;NO;DISTRITAL;1,11001E+11;COLEGIO LICEO NACIONAL AGUSTIN NIETO CABALLERO (IED);A;MAÑANA;URBANO;6:00;13:15;13:20;1;1;2;1;1;1;1;1;0;0;GENERAL;6:30;360;390;-1;230;0;230;5910,401786;220,7017969;1246;996788,9201;999624,1172;999098,3211;997624,1172;13;22;5;11,573;0
R1;T-1036;14;LOS MARTIRES;7_SII_2025;UNIÓN TEMPORAL AMP 2022;TRASLADO;10;BUS;NO;DISTRITAL;1,11001E+11;COLEGIO LICEO NACIONAL AGUSTIN NIETO CABALLERO (IED);A;MAÑANA;URBANO;6:00;13:15;13:20;1;1;2;1;1;1;1;1;0;0;GENERAL;6:30;360;390;-1;230;0;230;5910,401786;220,7017969;1246;996788,9201;999624,1172;999098,3211;997624,1172;13;22;5;11,573;0
R1;T-1037;14;LOS MARTIRES;7_SII_2025;UNIÓN TEMPORAL AMP 2022;TRASLADO;10;BUS;NO;DISTRITAL;1,11001E+11;COLEGIO LICEO NACIONAL AGUSTIN NIETO CABALLERO (IED);A;MAÑANA;URBANO;6:00;13:15;13:20;1;1;2;1;1;1;1;1;0;0;GENERAL;6:30;360;390;-1;230;0;230;5910,401786;220,7017969;1246;996788,9201;999624,1172;999098,3211;997624,1172;13;22;5;11,573;0
R1;T-1038;14;LOS MARTIRES;7_SII_2025;UNIÓN TEMPORAL AMP 2022;TRASLADO;10;BUS;NO;DISTRITAL;1,11001E+11;COLEGIO LICEO NACIONAL AGUSTIN NIETO CABALLERO (IED);A;MAÑANA;URBANO;6:00;13:15;13:20;1;1;2;1;1;1;1;1;0;0;GENERAL;6:30;360;390;-1;230;0;230;5910,401786;220,7017969;1246;996788,9201;999624,1172;999098,3211;997624,1172;13;22;5;11,573;0
R1;T-1039;14;LOS MARTIRES;7_SII_2025;UNIÓN TEMPORAL AMP 2022;TRASLADO;10;BUS;NO;DISTRITAL;1,11001E+11;COLEGIO LICEO NACIONAL AGUSTIN NIETO CABALLERO (IED);A;MAÑANA;URBANO;6:00;13:15;13:20;1;1;2;1;1;1;1;1;0;0;GENERAL;6:30;360;390;-1;230;0;230;5910,401786;220,7017969;1246;996788,9201;999624,1172;999098,3211;997624,1172;13;22;5;11,573;0
R1;T-1040;14;LOS MARTIRES;7_SII_2025;UNIÓN TEMPORAL AMP 2022;TRASLADO;10;BUS;NO;DISTRITAL;1,11001E+11;COLEGIO LICEO NACIONAL AGUSTIN NIETO CABALLERO (IED);A;MAÑANA;URBANO;6:00;13:15;13:20;1;1;2;1;1;1;1;1;0;0;GENERAL;6:30;360;390;-1;230;0;230;5910,401786;220,7017969;1246;996788,9201;999624,1172;999098,3211;997624,1172;13;22;5;11,573;0
R1;T-1041;14;LOS MARTIRES;7_SII_2025;UNIÓN TEMPORAL AMP 2022;TRASLADO;10;BUS;NO;DISTRITAL;1,11001E+11;COLEGIO LICEO NACIONAL AGUSTIN NIETO CABALLERO (IED);A;MAÑANA;URBANO;6:00;13:15;13:20;1;1;2;1;1;1;1;1;0;0;GENERAL;6:30;360;390;-1;230;0;230;5910,401786;220,7017969;1246;996788,9201;999624,1172;999098,3211;997624,1172;13;22;5;11,573;0
R1;T-1042;14;LOS MARTIRES;7_SII_2025;UNIÓN TEMPORAL AMP 2022;TRASLADO;10;BUS;NO;DISTRITAL;1,11001E+11;COLEGIO LICEO NACIONAL AGUSTIN NIETO CABALLERO (IED);B;MAÑANA;URBANO;6:10;13:15;13:20;1;1;2;1;1;1;1;1;0;0;GENERAL;6:30;370;390;-1;228;0;228;5800,522816;220,526358;1246;996788,9201;999624,1172;999098,3211;997624,1172;13;22;5;11,481;0
R1;T-1043;14;LOS MARTIRES;7_SII_2025;UNIÓN TEMPORAL AMP 2022;TRASLADO;10;BUS;NO;DISTRITAL;1,11001E+11;COLEGIO LICEO NACIONAL AGUSTIN NIETO CABALLERO (IED);B;MAÑANA;URBANO;6:10;13:15;13:20;1;1;2;1;1;1;1;1;0;0;GENERAL;6:30;370;390;-1;228;0;228;5800,522816;220,526358;1246;996788,9201;999624,1172;999098,3211;997624,1172;13;22;5;11,481;0
R1;T-1044;14;LOS MARTIRES;7_SII_2025;UNIÓN TEMPORAL AMP 2022;TRASLADO;10;BUS;NO;DISTRITAL;1,11001E+11;COLEGIO LICEO NACIONAL AGUSTIN NIETO CABALLERO (IED);B;MAÑANA;URBANO;6:10;13:15;13:20;1;1;2;1;1;1;1;1;0;0;GENERAL;6:30;370;390;-1;228;0;228;5800,522816;220,526358;1246;996788,9201;999624,1172;999098,3211;997624,1172;13;22;5;11,481;0
R1;T-1045;14;LOS MARTIRES;7_SII_2025;UNIÓN TEMPORAL AMP 2022;TRASLADO;10;BUS;NO;DISTRITAL;1,11001E+11;COLEGIO LICEO NACIONAL AGUSTIN NIETO CABALLERO (IED);B;MAÑANA;URBANO;6:10;13:15;13:20;1;1;2;1;1;1;1;1;0;0;GENERAL;6:30;370;390;-1;228;0;228;5800,522816;220,526358;1246;996788,9201;999624,1172;999098,3211;997624,1172;13;22;5;11,481;0
R1;T-1046;14;LOS MARTIRES;7_SII_2025;UNIÓN TEMPORAL AMP 2022;TRASLADO;11;BUSETA;NO;DISTRITAL;1,11001E+11;COLEGIO LICEO NACIONAL AGUSTIN NIETO CABALLERO (IED);B;MAÑANA;URBANO;6:10;13:15;13:20;1;1;2;1;1;1;1;1;0;0;GENERAL;6:30;370;390;-1;228;0;228;5800,522816;220,526358;1246;996788,9201;999624,1172;999098,3211;997624,1172;13;22;5;11,481;0
R1;T-1047;14;LOS MARTIRES;7_SII_2025;UNIÓN TEMPORAL AMP 2022;TRASLADO;11;BUSETA;NO;DISTRITAL;1,11001E+11;COLEGIO LICEO NACIONAL AGUSTIN NIETO CABALLERO (IED);B;MAÑANA;URBANO;6:10;13:15;13:20;1;1;2;1;1;1;1;1;0;0;GENERAL;6:30;370;390;-1;228;0;228;5800,522816;220,526358;1246;996788,9201;999624,1172;999098,3211;997624,1172;13;22;5;11,481;0
R1;T-1048;14;LOS MARTIRES;7_SII_2025;UNIÓN TEMPORAL AMP 2022;TRASLADO;11;BUSETA;NO;DISTRITAL;1,11001E+11;COLEGIO LICEO NACIONAL AGUSTIN NIETO CABALLERO (IED);B;MAÑANA;URBANO;6:10;14:15;14:20;1;1;2;1;1;1;1;1;0;0;GENERAL;6:30;370;390;-1;228;0;228;5800,522816;220,526358;1246;996788,9201;999624,1172;999098,3211;997624,1172;13;22;5;11,481;0
R1;T-1049;14;LOS MARTIRES;7_SII_2025;UNIÓN TEMPORAL AMP 2022;TRASLADO;11;BUSETA;NO;DISTRITAL;1,11001E+11;COLEGIO LICEO NACIONAL AGUSTIN NIETO CABALLERO (IED);B;MAÑANA;URBANO;6:10;14:15;14:20;1;1;2;1;1;1;1;1;0;0;GENERAL;6:30;370;390;-1;228;0;228;5800,522816;220,526358;1246;996788,9201;999624,1172;999098,3211;997624,1172;13;22;5;11,481;0
R1;U-072;4;SAN CRISTOBAL;13_SII_2025;UNIÓN TEMPORAL SRD TRANSPORTE DE PASAJEROS COLOMBIA;URBANO;10;BUS;NO;DISTRITAL;1,11001E+11;COLEGIO RAFAEL NUÑEZ (IED);A;ÚNICA;URBANO;5:55;14:25;14:30;1;1;2;1;1;1;1;1;0;0;GENERAL;6:30;355;390;-1;457;0;457;5222,694488;33,78344684;1246;996788,9201;999624,1172;999098,3211;997624,1172;13;22;5;10,886;0
R1;U-079;4;SAN CRISTOBAL;13_SII_2025;UNIÓN TEMPORAL SRD TRANSPORTE DE PASAJEROS COLOMBIA;URBANO;13;MICROBUS;NO;DISTRITAL;1,11001E+11;COLEGIO RAFAEL NUÑEZ (IED);A;ÚNICA;URBANO;6:00;14:30;14:35;1;1;2;1;1;1;1;1;0;0;GENERAL;6:30;360;390;-1;390;0;390;4860,448867;38,75841898;1246;996788,9201;999624,1172;999098,3211;997624,1172;13;22;5;9,88;0
R1;U-080;4;SAN CRISTOBAL;13_SII_2025;UNIÓN TEMPORAL SRD TRANSPORTE DE PASAJEROS COLOMBIA;URBANO;11;BUSETA;NO;DISTRITAL;1,11001E+11;COLEGIO RAFAEL NUÑEZ (IED);A;ÚNICA;URBANO;5:45;14:25;14:30;1;1;2;1;1;1;1;1;0;0;GENERAL;6:30;345;390;-1;938;0;938;11909,83952;38,75841898;1246;996788,9201;999624,1172;999098,3211;997624,1172;13;22;5;23,752;0
R1;U-082;4;SAN CRISTOBAL;13_SII_2025;UNIÓN TEMPORAL SRD TRANSPORTE DE PASAJEROS COLOMBIA;URBANO;10;BUS;NO;DISTRITAL;1,11001E+11;COLEGIO RAFAEL NUÑEZ (IED);A;ÚNICA;URBANO;5:35;14:25;14:30;1;1;2;1;1;1;1;1;0;0;GENERAL;6:25;335;385;-1;530;0;530;12644,89142;219,3246486;1246;996788,9201;999624,1172;999098,3211;997624,1172;13;22;5;24,49;0
R1;U-1056;14;LOS MARTIRES;1_CV_2025;CONSORCIO RUTAS SEGURAS;URBANO;12;CAMIONETA;NO;DISTRITAL;1,11001E+11;COLEGIO LICEO NACIONAL AGUSTIN NIETO CABALLERO (IED);A;ÚNICA;URBANO;5:40;14:55;15:00;1;1;2;1;1;1;1;1;0;0;FUNDACIONES;6:20;340;380;-1;520;0;520;11152,01632;220,336531;1246;996788,9201;999624,1172;999098,3211;997624,1172;13;22;5;25,78;0
R1;U-1386;4;SAN CRISTOBAL;13_SII_2025;UNIÓN TEMPORAL SRD TRANSPORTE DE PASAJEROS COLOMBIA;URBANO;11;BUSETA;NO;DISTRITAL;1,11001E+11;COLEGIO TECNICO ALDEMAR ROJAS PLAZAS (IED);A;ÚNICA;URBANO;5:15;14:40;14:45;1;1;2;1;1;1;1;1;0;0;GENERAL;6:00;315;360;-1;694;0;694;9372,761627;95,98940142;1246;996788,9201;999624,1172;999098,3211;997624,1172;13;22;5;19,468;0
R1;U-1388;4;SAN CRISTOBAL;13_SII_2025;UNIÓN TEMPORAL SRD TRANSPORTE DE PASAJEROS COLOMBIA;URBANO;11;BUSETA;NO;DISTRITAL;1,11001E+11;COLEGIO TECNICO ALDEMAR ROJAS PLAZAS (IED);A;ÚNICA;URBANO;5:15;14:40;14:45;1;1;2;1;1;1;1;1;0;0;GENERAL;6:00;315;360;-1;598;0;598;12688,50957;37,21387039;1246;996788,9201;999624,1172;999098,3211;997624,1172;13;22;5;25,111;0
R1;U-1407;4;SAN CRISTOBAL;13_SII_2025;UNIÓN TEMPORAL SRD TRANSPORTE DE PASAJEROS COLOMBIA;URBANO;13;MICROBUS;NO;DISTRITAL;1,11001E+11;COLEGIO TECNICO ALDEMAR ROJAS PLAZAS (IED);A;ÚNICA;URBANO;5:15;14:40;14:45;1;1;2;1;1;1;1;1;0;0;GENERAL;6:00;315;360;-1;694;0;694;9372,761627;95,98940142;1246;996788,9201;999624,1172;999098,3211;997624,1172;13;22;5;19,468;0
R1;U-1408;4;SAN CRISTOBAL;13_SII_2025;UNIÓN TEMPORAL SRD TRANSPORTE DE PASAJEROS COLOMBIA;URBANO;10;BUS;NO;DISTRITAL;1,11001E+11;COLEGIO TECNICO ALDEMAR ROJAS PLAZAS (IED);A;ÚNICA;URBANO;5:15;14:40;14:45;1;1;2;1;1;1;1;1;0;0;GENERAL;6:00;315;360;-1;607;0;607;12632,10716;36,52719376;1246;996788,9201;999624,1172;999098,3211;997624,1172;13;22;5;24,835;0
R1;U-1453;4;SAN CRISTOBAL;13_SII_2025;UNIÓN TEMPORAL SRD TRANSPORTE DE PASAJEROS COLOMBIA;URBANO;13;MICROBUS;NO;DISTRITAL;1,11001E+11;COLEGIO TECNICO ALDEMAR ROJAS PLAZAS (IED);A;ÚNICA;URBANO;5:15;14:40;14:45;1;1;2;1;1;1;1;1;0;0;GENERAL;6:00;315;360;-1;331;0;331;7865,875053;37,74511323;1246;996788,9201;999624,1172;999098,3211;997624,1172;13;22;5;16,823;0
R1;U-1519;4;SAN CRISTOBAL;13_SII_2025;UNIÓN TEMPORAL SRD TRANSPORTE DE PASAJEROS COLOMBIA;URBANO;13;MICROBUS;NO;DISTRITAL;1,11001E+11;COLEGIO TECNICO ALDEMAR ROJAS PLAZAS (IED);A;ÚNICA;URBANO;5:30;14:40;14:45;1;1;2;1;1;1;1;1;0;0;GENERAL;6:00;330;360;-1;461;0;461;6083,160528;36,42305885;1246;996788,9201;999624,1172;999098,3211;997624,1172;13;22;5;12,306;0
R1;U-704;15;ANTONIO NARIÑO;1_CV_2025;CONSORCIO RUTAS SEGURAS;URBANO;12;CAMIONETA;NO;DISTRITAL;1,11001E+11;COLEGIO GUILLERMO LEON VALENCIA (IED);B;ÚNICA;URBANO;11:20;18:10;18:15;1;1;2;1;1;1;1;1;0;0;GENERAL;12:15;680;735;-1;773;0;773;12020,29364;216,9671766;1246;996788,9201;999624,1172;999098,3211;997624,1172;13;22;5;23,749;0
R1;U-705;15;ANTONIO NARIÑO;2_CV_2025;CONSORCIO RUTAS SEGURAS;URBANO;14;VAN;NO;DISTRITAL;1,11001E+11;COLEGIO GUILLERMO LEON VALENCIA (IED);A;ÚNICA;URBANO;5:20;12:15;12:20;1;1;2;1;1;1;1;1;0;0;GENERAL;6:15;320;375;-1;817;0;817;11102,66807;225,5255866;1246;996788,9201;999624,1172;999098,3211;997624,1172;13;22;5;23,039;0
R1;U-773;18;RAFAEL URIBE URIBE;13_SII_2025;UNIÓN TEMPORAL SRD TRANSPORTE DE PASAJEROS COLOMBIA;URBANO;11;BUSETA;NO;DISTRITAL;1,11001E+11;COLEGIO GUSTAVO RESTREPO (IED);B;ÚNICA;URBANO;5:30;12:50;12:55;2;2;4;1;1;1;1;1;0;0;GENERAL;7:00;330;420;-1;827;0;827;21316,38808;90,00201174;1246;996788,9201;999624,1172;999098,3211;997624,1172;13;22;5;41,179;0
R1;U-774;18;RAFAEL URIBE URIBE;13_SII_2025;UNIÓN TEMPORAL SRD TRANSPORTE DE PASAJEROS COLOMBIA;URBANO;13;MICROBUS;NO;DISTRITAL;1,11001E+11;COLEGIO GUSTAVO RESTREPO (IED);B;ÚNICA;URBANO;5:20;12:50;12:55;2;2;4;1;1;1;1;1;0;0;GENERAL;7:00;320;420;-1;810;0;810;18433,37661;126,776278;1246;996788,9201;999624,1172;999098,3211;997624,1172;13;22;5;37,934;0
R1;U-775;18;RAFAEL URIBE URIBE;13_SII_2025;UNIÓN TEMPORAL SRD TRANSPORTE DE PASAJEROS COLOMBIA;URBANO;10;BUS;NO;DISTRITAL;1,11001E+11;COLEGIO GUSTAVO RESTREPO (IED);C;TARDE;URBANO;10:30;17:30;17:35;2;2;4;1;1;1;1;1;0;0;DISCAPACIDAD;12:00;630;720;-1;851;0;851;22705,57188;81,28508555;1246;996788,9201;999624,1172;999098,3211;997624,1172;13;22;5;45,013;0
R1;U-776;18;RAFAEL URIBE URIBE;13_SII_2025;UNIÓN TEMPORAL SRD TRANSPORTE DE PASAJEROS COLOMBIA;URBANO;13;MICROBUS;SI;DISTRITAL;1,11001E+11;COLEGIO GUSTAVO RESTREPO (IED);C;MAÑANA;URBANO;5:00;11:55;12:00;2;2;4;1;1;1;1;1;0;0;DISCAPACIDAD;6:45;300;405;-1;880;0;880;21936,39135;81,49977136;1246;996788,9201;999624,1172;999098,3211;997624,1172;13;22;5;43,892;0
R1;U-777;18;RAFAEL URIBE URIBE;13_SII_2025;UNIÓN TEMPORAL SRD TRANSPORTE DE PASAJEROS COLOMBIA;URBANO;13;MICROBUS;NO;DISTRITAL;1,11001E+11;COLEGIO GUSTAVO RESTREPO (IED);C;MAÑANA;URBANO;5:30;11:50;11:55;2;2;4;1;1;1;1;1;0;0;DISCAPACIDAD;6:45;330;405;-1;652;0;652;16134,0105;7,622155726;1246;996788,9201;999624,1172;999098,3211;997624,1172;13;22;5;32,842;0
R1;U-778;18;RAFAEL URIBE URIBE;13_SII_2025;UNIÓN TEMPORAL SRD TRANSPORTE DE PASAJEROS COLOMBIA;URBANO;10;BUS;SI;DISTRITAL;1,11001E+11;COLEGIO GUSTAVO RESTREPO (IED);C;TARDE;URBANO;10:30;17:10;17:15;2;2;4;1;1;1;1;1;0;0;DISCAPACIDAD;12:00;630;720;-1;762;0;762;17683,87229;80,57128572;1246;996788,9201;999624,1172;999098,3211;997624,1172;13;22;5;35,109;0
R1;U-780;18;RAFAEL URIBE URIBE;13_SII_2025;UNIÓN TEMPORAL SRD TRANSPORTE DE PASAJEROS COLOMBIA;URBANO;11;BUSETA;SI;DISTRITAL;1,11001E+11;COLEGIO GUSTAVO RESTREPO (IED);B;ÚNICA;URBANO;5:30;12:50;12:55;2;2;4;1;1;1;1;1;0;0;GENERAL;7:00;330;420;-1;554;0;554;15000,94778;300,8779084;1246;996788,9201;999624,1172;999098,3211;997624,1172;13;22;5;29,974;0
R1;U-781;18;RAFAEL URIBE URIBE;13_SII_2025;UNIÓN TEMPORAL SRD TRANSPORTE DE PASAJEROS COLOMBIA;URBANO;13;MICROBUS;NO;DISTRITAL;1,11001E+11;COLEGIO GUSTAVO RESTREPO (IED);B;ÚNICA;URBANO;6:25;12:50;12:55;1;1;2;1;1;1;1;1;0;0;GENERAL;7:00;385;420;-1;622;0;622;8496,287724;124,5033764;1246;996788,9201;999624,1172;999098,3211;997624,1172;13;22;5;16,924;0
R1;U-782;18;RAFAEL URIBE URIBE;13_SII_2025;UNIÓN TEMPORAL SRD TRANSPORTE DE PASAJEROS COLOMBIA;URBANO;13;MICROBUS;NO;DISTRITAL;1,11001E+11;COLEGIO GUSTAVO RESTREPO (IED);B;ÚNICA;URBANO;6:15;12:50;12:55;1;1;2;1;1;1;1;1;0;0;GENERAL;7:00;375;420;-1;580;0;580;11125,1565;306,1608141;1246;996788,9201;999624,1172;999098,3211;997624,1172;13;22;5;20,801;0
R1;U-783;18;RAFAEL URIBE URIBE;13_SII_2025;UNIÓN TEMPORAL SRD TRANSPORTE DE PASAJEROS COLOMBIA;URBANO;11;BUSETA;NO;DISTRITAL;1,11001E+11;COLEGIO GUSTAVO RESTREPO (IED);C;MAÑANA;URBANO;5:50;11:50;11:55;1;1;2;1;1;1;1;1;0;0;DISCAPACIDAD;6:45;350;405;-1;602;0;602;11124,45868;74,30747384;1246;996788,9201;999624,1172;999098,3211;997624,1172;13;22;5;24,41;0
R1;U-784;18;RAFAEL URIBE URIBE;13_SII_2025;UNIÓN TEMPORAL SRD TRANSPORTE DE PASAJEROS COLOMBIA;URBANO;11;BUSETA;NO;DISTRITAL;1,11001E+11;COLEGIO GUSTAVO RESTREPO (IED);C;MAÑANA;URBANO;5:45;11:50;11:55;1;1;2;1;1;1;1;1;0;0;DISCAPACIDAD;6:45;345;405;-1;1049;0;1049;14121,56475;335,4343339;1246;996788,9201;999624,1172;999098,3211;997624,1172;13;22;5;28,464;0
R1;U-785;18;RAFAEL URIBE URIBE;13_SII_2025;UNIÓN TEMPORAL SRD TRANSPORTE DE PASAJEROS COLOMBIA;URBANO;13;MICROBUS;NO;DISTRITAL;1,11001E+11;COLEGIO GUSTAVO RESTREPO (IED);C;TARDE;URBANO;10:30;17:30;17:35;2;2;4;1;1;1;1;1;0;0;DISCAPACIDAD;12:00;630;720;-1;889;0;889;19334,61734;80,94210735;1246;996788,9201;999624,1172;999098,3211;997624,1172;13;22;5;40,548;0
R1;U-786;18;RAFAEL URIBE URIBE;13_SII_2025;UNIÓN TEMPORAL SRD TRANSPORTE DE PASAJEROS COLOMBIA;URBANO;13;MICROBUS;NO;DISTRITAL;1,11001E+11;COLEGIO GUSTAVO RESTREPO (IED);C;TARDE;URBANO;10:50;17:30;17:35;2;2;4;1;1;1;1;1;0;0;DISCAPACIDAD;12:00;650;720;-1;514;0;514;15852,89601;80,1691219;1246;996788,9201;999624,1172;999098,3211;997624,1172;13;22;5;30,88;0
R1;U-787;18;RAFAEL URIBE URIBE;13_SII_2025;UNIÓN TEMPORAL SRD TRANSPORTE DE PASAJEROS COLOMBIA;URBANO;11;BUSETA;NO;DISTRITAL;1,11001E+11;COLEGIO GUSTAVO RESTREPO (IED);C;TARDE;URBANO;10:35;17:30;17:35;2;2;4;1;1;1;1;1;0;0;DISCAPACIDAD;12:00;635;720;-1;774;0;774;19316,51358;81,60322078;1246;996788,9201;999624,1172;999098,3211;997624,1172;13;22;5;40,383;0
R1;U-789;18;RAFAEL URIBE URIBE;13_SII_2025;UNIÓN TEMPORAL SRD TRANSPORTE DE PASAJEROS COLOMBIA;URBANO;13;MICROBUS;NO;DISTRITAL;1,11001E+11;COLEGIO GUSTAVO RESTREPO (IED);B;ÚNICA;URBANO;6:05;12:50;12:55;1;1;2;1;1;1;1;1;0;0;GENERAL;6:55;365;415;-1;659;0;659;10098,356;127,4685507;1246;996788,9201;999624,1172;999098,3211;997624,1172;13;22;5;19,715;0
R1;U-790;18;RAFAEL URIBE URIBE;13_SII_2025;UNIÓN TEMPORAL SRD TRANSPORTE DE PASAJEROS COLOMBIA;URBANO;11;BUSETA;NO;DISTRITAL;1,11001E+11;COLEGIO GUSTAVO RESTREPO (IED);C;TARDE;URBANO;11:00;17:30;17:35;1;2;3;1;1;1;1;1;0;0;DISCAPACIDAD;12:00;660;720;-1;624;0;624;17410,42572;81,28508555;1246;996788,9201;999624,1172;999098,3211;997624,1172;13;22;5;36,207;0
R1;U-791;18;RAFAEL URIBE URIBE;13_SII_2025;UNIÓN TEMPORAL SRD TRANSPORTE DE PASAJEROS COLOMBIA;URBANO;13;MICROBUS;NO;DISTRITAL;1,11001E+11;COLEGIO GUSTAVO RESTREPO (IED);B;ÚNICA;URBANO;6:25;12:50;12:55;1;1;2;1;1;1;1;1;0;0;GENERAL;7:00;385;420;-1;673;0;673;10444,07939;124,9004583;1246;996788,9201;999624,1172;999098,3211;997624,1172;13;22;5;20,804;0
R1;U-792;18;RAFAEL URIBE URIBE;13_SII_2025;UNIÓN TEMPORAL SRD TRANSPORTE DE PASAJEROS COLOMBIA;URBANO;13;MICROBUS;NO;DISTRITAL;1,11001E+11;COLEGIO GUSTAVO RESTREPO (IED);B;ÚNICA;URBANO;6:00;12:50;12:55;1;1;2;1;1;1;1;1;0;0;GENERAL;7:00;360;420;-1;544;0;544;12574,59117;126,8022201;1246;996788,9201;999624,1172;999098,3211;997624,1172;13;22;5;25,672;0
R1;U-793;18;RAFAEL URIBE URIBE;13_SII_2025;UNIÓN TEMPORAL SRD TRANSPORTE DE PASAJEROS COLOMBIA;URBANO;10;BUS;NO;DISTRITAL;1,11001E+11;COLEGIO GUSTAVO RESTREPO (IED);C;MAÑANA;URBANO;5:20;11:50;11:55;2;2;4;1;1;1;1;1;0;0;DISCAPACIDAD;6:45;320;405;-1;505;0;505;17749,94918;80,57128572;1246;996788,9201;999624,1172;999098,3211;997624,1172;13;22;5;35,818;0
R1;U-794;18;RAFAEL URIBE URIBE;13_SII_2025;UNIÓN TEMPORAL SRD TRANSPORTE DE PASAJEROS COLOMBIA;URBANO;13;MICROBUS;NO;DISTRITAL;1,11001E+11;COLEGIO GUSTAVO RESTREPO (IED);B;ÚNICA;URBANO;6:05;12:55;13:00;1;1;2;1;1;1;1;1;0;0;GENERAL;7:00;365;420;-1;659;0;659;11451,04923;125,1257659;1246;996788,9201;999624,1172;999098,3211;997624,1172;13;22;5;22,881;0
R1;U-799;18;RAFAEL URIBE URIBE;2_CV_2025;CONSORCIO RUTAS SEGURAS;URBANO;14;VAN;NO;DISTRITAL;1,11001E+11;COLEGIO JOSE MARTI (IED);A;ÚNICA;URBANO;5:10;13:55;14:00;1;1;2;1;1;1;1;1;0;0;GENERAL;5:30;310;330;-1;37;0;37;5443,8053;63,61408182;1246;996788,9201;999624,1172;999098,3211;997624,1172;13;22;5;10,791;0
R1;U-815;18;RAFAEL URIBE URIBE;13_SII_2025;UNIÓN TEMPORAL SRD TRANSPORTE DE PASAJEROS COLOMBIA;URBANO;13;MICROBUS;NO;DISTRITAL;1,11001E+11;COLEGIO LICEO FEMENINO DE CUNDINAMARCA MERCEDES NARIÑO (IED);A;TARDE;URBANO;11:20;18:00;18:05;1;1;2;1;1;1;1;1;0;0;GENERAL;12:00;680;720;-1;373;0;373;9982,202986;130,6357578;1246;996788,9201;999624,1172;999098,3211;997624,1172;13;22;5;19,939;0
R1;U-816;18;RAFAEL URIBE URIBE;13_SII_2025;UNIÓN TEMPORAL SRD TRANSPORTE DE PASAJEROS COLOMBIA;URBANO;13;MICROBUS;NO;DISTRITAL;1,11001E+11;COLEGIO LICEO FEMENINO DE CUNDINAMARCA MERCEDES NARIÑO (IED);A;MAÑANA/ÚNICA;URBANO;5:20;14:55;15:00;1;1;2;1;1;1;1;1;0;0;GENERAL;6:00;320;360;-1;374;0;374;10300,73799;41,28667295;1246;996788,9201;999624,1172;999098,3211;997624,1172;13;22;5;20,53;0
R1;U-915;18;RAFAEL URIBE URIBE;13_SII_2025;UNIÓN TEMPORAL SRD TRANSPORTE DE PASAJEROS COLOMBIA;URBANO;11;BUSETA;SI;DISTRITAL;1,11001E+11;COLEGIO GUSTAVO RESTREPO (IED);C;MAÑANA;URBANO;5:30;11:50;11:55;2;2;4;1;1;1;1;1;0;0;DISCAPACIDAD;6:45;330;405;-1;1204;0;1204;15816,59113;5,828189892;1246;996788,9201;999624,1172;999098,3211;997624,1172;13;22;5;32,822;0
R1;U-073;4;SAN CRISTOBAL;13_SII_2025;UNIÓN TEMPORAL SRD TRANSPORTE DE PASAJEROS COLOMBIA;URBANO;11;BUSETA;NO;DISTRITAL;1,11001E+11;COLEGIO RAFAEL NUÑEZ (IED);B;ÚNICA;URBANO;5:55;13:30;13:35;1;1;2;1;1;1;1;1;0;0;GENERAL;6:30;355;390;-1;500;0;500;7392,230695;221,7341195;1247;996788,9201;997624,1172;999098,3211;995624,1172;14;22;5;14,826;0
R1;U-075;4;SAN CRISTOBAL;13_SII_2025;UNIÓN TEMPORAL SRD TRANSPORTE DE PASAJEROS COLOMBIA;URBANO;10;BUS;NO;DISTRITAL;1,11001E+11;COLEGIO RAFAEL NUÑEZ (IED);B;ÚNICA;URBANO;6:00;13:30;13:35;1;1;2;1;1;1;1;1;0;0;GENERAL;6:30;360;390;-1;453;0;453;5278,888857;45,10125474;1247;996788,9201;997624,1172;999098,3211;995624,1172;14;22;5;10,198;0
R1;U-078;4;SAN CRISTOBAL;13_SII_2025;UNIÓN TEMPORAL SRD TRANSPORTE DE PASAJEROS COLOMBIA;URBANO;13;MICROBUS;NO;DISTRITAL;1,11001E+11;COLEGIO RAFAEL NUÑEZ (IED);B;ÚNICA;URBANO;5:45;13:30;13:35;1;1;2;1;1;1;1;1;0;0;GENERAL;6:30;345;390;-1;811;0;811;10023,73156;42,32701722;1247;996788,9201;997624,1172;999098,3211;995624,1172;14;22;5;20,679;0
R1;U-1050;4;SAN CRISTOBAL;13_SII_2025;UNIÓN TEMPORAL SRD TRANSPORTE DE PASAJEROS COLOMBIA;URBANO;13;MICROBUS;NO;DISTRITAL;1,11001E+11;COLEGIO VEINTE DE JULIO (IED);A;ÚNICA;URBANO;6:30;13:00;13:05;1;1;2;1;1;1;1;1;0;0;INDIGENAS COMUNIDAD WITOTO;7:00;390;420;-1;886;0;886;8165,852929;44,02043825;1247;996788,9201;997624,1172;999098,3211;995624,1172;14;22;5;15,829;0
R1;U-1051;4;SAN CRISTOBAL;13_SII_2025;UNIÓN TEMPORAL SRD TRANSPORTE DE PASAJEROS COLOMBIA;URBANO;13;MICROBUS;NO;DISTRITAL;1,11001E+11;COLEGIO VEINTE DE JULIO (IED);A;ÚNICA;URBANO;5:30;12:30;12:35;1;1;2;1;1;1;1;1;0;0;GENERAL;6:15;330;375;-1;590;0;590;14321,56598;225,1012506;1247;996788,9201;997624,1172;999098,3211;995624,1172;14;22;5;28,774;0
R1;U-760;18;RAFAEL URIBE URIBE;13_SII_2025;UNIÓN TEMPORAL SRD TRANSPORTE DE PASAJEROS COLOMBIA;URBANO;10;BUS;NO;DISTRITAL;1,11001E+11;COLEGIO ENRIQUE OLAYA HERRERA (IED);A;MAÑANA;URBANO;5:20;12:00;12:05;1;1;2;1;1;1;1;1;0;0;GENERAL;6:00;320;360;-1;502;0;502;6925,102876;220,2014266;1247;996788,9201;997624,1172;999098,3211;995624,1172;14;22;5;13,341;0
R1;U-761;18;RAFAEL URIBE URIBE;13_SII_2025;UNIÓN TEMPORAL SRD TRANSPORTE DE PASAJEROS COLOMBIA;URBANO;11;BUSETA;NO;DISTRITAL;1,11001E+11;COLEGIO ENRIQUE OLAYA HERRERA (IED);A;TARDE;URBANO;11:25;17:40;17:45;1;1;2;1;1;1;1;1;0;0;GENERAL;12:05;685;725;-1;387;0;387;5499,511732;206,6471977;1247;996788,9201;997624,1172;999098,3211;995624,1172;14;22;5;11,139;0
R1;U-762;18;RAFAEL URIBE URIBE;13_SII_2025;UNIÓN TEMPORAL SRD TRANSPORTE DE PASAJEROS COLOMBIA;URBANO;11;BUSETA;NO;DISTRITAL;1,11001E+11;COLEGIO ENRIQUE OLAYA HERRERA (IED);A;TARDE;URBANO;11:15;18:00;18:05;1;1;2;1;1;1;1;1;0;0;GENERAL;12:05;675;725;-1;479;0;479;6629,432989;213,7844144;1247;996788,9201;997624,1172;999098,3211;995624,1172;14;22;5;13,159;0
R1;U-763;18;RAFAEL URIBE URIBE;13_SII_2025;UNIÓN TEMPORAL SRD TRANSPORTE DE PASAJEROS COLOMBIA;URBANO;11;BUSETA;NO;DISTRITAL;1,11001E+11;COLEGIO ENRIQUE OLAYA HERRERA (IED);A;TARDE;URBANO;11:30;18:00;18:05;1;1;2;1;1;1;1;1;0;0;GENERAL;12:05;690;725;-1;297;0;297;4584,531329;213,7844144;1247;996788,9201;997624,1172;999098,3211;995624,1172;14;22;5;9,216;0
R1;U-764;18;RAFAEL URIBE URIBE;13_SII_2025;UNIÓN TEMPORAL SRD TRANSPORTE DE PASAJEROS COLOMBIA;URBANO;10;BUS;NO;DISTRITAL;1,11001E+11;COLEGIO ENRIQUE OLAYA HERRERA (IED);A;MAÑANA;URBANO;5:30;12:00;12:05;1;1;2;1;1;1;1;1;0;0;GENERAL;6:00;330;360;-1;442;0;442;5429,983065;214,920281;1247;996788,9201;997624,1172;999098,3211;995624,1172;14;22;5;11,074;0
R1;U-765;18;RAFAEL URIBE URIBE;13_SII_2025;UNIÓN TEMPORAL SRD TRANSPORTE DE PASAJEROS COLOMBIA;URBANO;10;BUS;NO;DISTRITAL;1,11001E+11;COLEGIO ENRIQUE OLAYA HERRERA (IED);A;MAÑANA;URBANO;5:25;12:00;12:05;1;1;2;1;1;1;1;1;0;0;GENERAL;5:50;325;350;-1;424;0;424;6521,848446;214,1498851;1247;996788,9201;997624,1172;999098,3211;995624,1172;14;22;5;13,469;0
R1;U-769;18;RAFAEL URIBE URIBE;13_SII_2025;UNIÓN TEMPORAL SRD TRANSPORTE DE PASAJEROS COLOMBIA;URBANO;10;BUS;NO;DISTRITAL;1,11001E+11;COLEGIO ENRIQUE OLAYA HERRERA (IED);A;MAÑANA;URBANO;5:30;12:00;12:05;1;1;2;1;1;1;1;1;0;0;GENERAL;6:00;330;360;-1;401;0;401;5833,6592;214,2187206;1247;996788,9201;997624,1172;999098,3211;995624,1172;14;22;5;11,369;0
R1;U-770;18;RAFAEL URIBE URIBE;13_SII_2025;UNIÓN TEMPORAL SRD TRANSPORTE DE PASAJEROS COLOMBIA;URBANO;10;BUS;NO;DISTRITAL;1,11001E+11;COLEGIO ENRIQUE OLAYA HERRERA (IED);A;MAÑANA;URBANO;5:30;12:00;12:05;1;1;2;1;1;1;1;1;0;0;GENERAL;6:00;330;360;-1;400;0;400;5556,916157;213,7844708;1247;996788,9201;997624,1172;999098,3211;995624,1172;14;22;5;11,054;0
R1;U-771;18;RAFAEL URIBE URIBE;13_SII_2025;UNIÓN TEMPORAL SRD TRANSPORTE DE PASAJEROS COLOMBIA;URBANO;11;BUSETA;NO;DISTRITAL;1,11001E+11;COLEGIO ENRIQUE OLAYA HERRERA (IED);A;TARDE;URBANO;11:20;17:40;17:45;1;1;2;1;1;1;1;1;0;0;GENERAL;12:05;680;725;-1;469;0;469;6195,848629;206,6471977;1247;996788,9201;997624,1172;999098,3211;995624,1172;14;22;5;12,308;0
R1;U-772;18;RAFAEL URIBE URIBE;13_SII_2025;UNIÓN TEMPORAL SRD TRANSPORTE DE PASAJEROS COLOMBIA;URBANO;10;BUS;NO;DISTRITAL;1,11001E+11;COLEGIO ENRIQUE OLAYA HERRERA (IED);A;TARDE;URBANO;11:30;18:00;18:05;1;1;2;1;1;1;1;1;0;0;GENERAL;12:05;690;725;-1;311;0;311;5165,280583;214,0855477;1247;996788,9201;997624,1172;999098,3211;995624,1172;14;22;5;10,168;0
R1;U-1513;4;SAN CRISTOBAL;13_SII_2025;UNIÓN TEMPORAL SRD TRANSPORTE DE PASAJEROS COLOMBIA;URBANO;13;MICROBUS;NO;DISTRITAL;1,11001E+11;COLEGIO ENTRE NUBES SUR ORIENTAL (IED);B;MAÑANA;URBANO;6:05;12:00;12:05;1;1;2;1;1;1;1;1;0;0;GENERAL;6:30;365;390;-1;286;0;286;4219,814277;144,3686153;1248;996788,9201;995624,1172;999098,3211;993624,1172;15;22;5;8,476;0
R1;U-091;5;USME;17_SII_2025;UNIÓN TEMPORAL VET 2023;URBANO;10;BUS;NO;DISTRITAL;2,1185E+11;COLEGIO FABIO LOZANO SIMONELLI (IED);C;MAÑANA;URBANO;6:00;11:30;11:35;1;1;2;1;1;1;1;1;0;0;GENERAL;6:25;360;385;-1;301;0;301;3806,958703;129,7078879;1249;996788,9201;993624,1172;999098,3211;991624,1172;16;22;5;7,601;0
R1;U-092;5;USME;17_SII_2025;UNIÓN TEMPORAL VET 2023;URBANO;10;BUS;NO;DISTRITAL;2,1185E+11;COLEGIO FABIO LOZANO SIMONELLI (IED);C;TARDE;URBANO;12:00;17:30;17:35;1;1;2;1;1;1;1;1;0;0;GENERAL;12:25;720;745;-1;301;0;301;3806,958703;129,7078879;1249;996788,9201;993624,1172;999098,3211;991624,1172;16;22;5;7,601;0
R1;U-093;5;USME;17_SII_2025;UNIÓN TEMPORAL VET 2023;URBANO;10;BUS;NO;DISTRITAL;2,1185E+11;COLEGIO FABIO LOZANO SIMONELLI (IED);C;MAÑANA;URBANO;6:00;11:30;11:35;1;1;2;1;1;1;1;1;0;0;GENERAL;6:25;360;385;-1;301;0;301;3806,958703;129,7078879;1249;996788,9201;993624,1172;999098,3211;991624,1172;16;22;5;7,601;0
R1;U-094;5;USME;17_SII_2025;UNIÓN TEMPORAL VET 2023;URBANO;10;BUS;NO;DISTRITAL;2,1185E+11;COLEGIO FABIO LOZANO SIMONELLI (IED);C;TARDE;URBANO;12:00;17:30;17:35;1;1;2;1;1;1;1;1;0;0;GENERAL;12:25;720;745;-1;301;0;301;3806,958703;129,7078879;1249;996788,9201;993624,1172;999098,3211;991624,1172;16;22;5;7,601;0
R1;R-182;5;USME;17_SII_2025;UNIÓN TEMPORAL VET 2023;RURAL;10;BUS;NO;DISTRITAL;2,11001E+11;COLEGIO GABRIEL GARCIA MARQUEZ (IED);A;ÚNICA;RURAL;5:50;12:25;12:30;1;1;2;1;1;1;1;1;0;0;GENERAL;6:20;350;380;-1;334;0;334;4356,615686;275,5089667;1250;996788,9201;991624,1172;999098,3211;989624,1172;17;22;5;8,714;0
R1;R-383;5;USME;17_SII_2025;UNIÓN TEMPORAL VET 2023;RURAL;10;BUS;NO;DISTRITAL;2,11001E+11;COLEGIO GABRIEL GARCIA MARQUEZ (IED);A;ÚNICA;RURAL;6:10;12:25;12:30;1;1;2;1;1;1;1;1;0;0;GENERAL;6:30;370;390;-1;515;0;515;5924,319154;275,6913796;1250;996788,9201;991624,1172;999098,3211;989624,1172;17;22;5;11,962;0
R1;R-484;5;USME;17_SII_2025;UNIÓN TEMPORAL VET 2023;RURAL;11;BUSETA;NO;DISTRITAL;2,11001E+11;COLEGIO GABRIEL GARCIA MARQUEZ (IED);A;ÚNICA;RURAL;6:40;12:25;12:30;1;1;2;1;1;1;1;1;0;0;GENERAL;7:30;400;450;-1;592;0;592;11055,57567;274,0721313;1250;996788,9201;991624,1172;999098,3211;989624,1172;17;22;5;22,123;0
R1;R-485;5;USME;17_SII_2025;UNIÓN TEMPORAL VET 2023;RURAL;11;BUSETA;NO;DISTRITAL;2,11001E+11;COLEGIO GABRIEL GARCIA MARQUEZ (IED);A;ÚNICA;RURAL;6:00;12:25;12:30;1;1;2;1;1;1;1;1;0;0;GENERAL;6:30;360;390;-1;618;0;618;7050,12104;0,001082177;1250;996788,9201;991624,1172;999098,3211;989624,1172;17;22;5;14,236;0
R1;R-486;5;USME;17_SII_2025;UNIÓN TEMPORAL VET 2023;RURAL;10;BUS;NO;DISTRITAL;2,11001E+11;COLEGIO GABRIEL GARCIA MARQUEZ (IED);A;ÚNICA;RURAL;5:45;13:25;13:30;1;1;2;1;1;1;1;1;0;0;GENERAL;6:30;345;390;-1;627;0;627;6978,116733;270,0010747;1250;996788,9201;991624,1172;999098,3211;989624,1172;17;22;5;13,963;0
R1;R-497;5;USME;17_SII_2025;UNIÓN TEMPORAL VET 2023;RURAL;13;MICROBUS;NO;DISTRITAL;2,11001E+11;COLEGIO GABRIEL GARCIA MARQUEZ (IED);A;ÚNICA;RURAL;6:00;13:25;13:30;1;1;2;1;1;1;1;1;0;0;GENERAL;6:30;360;390;-1;618;0;618;7050,12104;0,001082177;1250;996788,9201;991624,1172;999098,3211;989624,1172;17;22;5;14,236;0
R1;R-184;5;USME;17_SII_2025;UNIÓN TEMPORAL VET 2023;RURAL;10;BUS;NO;DISTRITAL;2,11001E+11;COLEGIO GABRIEL GARCIA MARQUEZ (IED);A;ÚNICA;RURAL;5:40;13:25;13:30;1;1;2;1;1;1;1;1;0;0;GENERAL;6:30;340;390;-1;552;0;552;13049,98893;285,2896722;1250;996788,9201;991624,1172;999098,3211;989624,1172;17;22;5;26,099;0
R1;R-019;5;USME;18_SIII_2025;UNIÓN TEMPORAL SRD TRANSPORTE DE PASAJEROS COLOMBIA;RURAL;11;BUSETA;NO;DISTRITAL;2,1185E+11;COLEGIO EL DESTINO (IED);A;ÚNICA;RURAL;6:10;14:55;15:00;1;1;2;1;1;1;1;1;0;0;GENERAL;7:00;370;420;-1;511;0;511;6412,734814;182,7127173;1256;996788,9201;979624,1172;999098,3211;977624,1172;23;22;5;14,39;0
R1;U-1556;11;SUBA;3_SII_2025;UNIÓN TEMPORAL VET 2023;URBANO;13;MICROBUS;NO;DISTRITAL;1,11769E+11;COLEGIO JUAN LOZANO Y LOZANO (IED);B;TARDE;URBANO;12:40;18:00;18:05;1;1;2;1;1;1;1;1;0;0;GENERAL;13:00;760;780;-1;272;0;272;5590,28198;17,5129357;1292;998520,9709;1018624,117;1000830,372;1016624,117;3;23;5;12,225;Las Mercedes
R1;U-1558;11;SUBA;2_SII_2025;UNIÓN TEMPORAL VET 2023;URBANO;13;MICROBUS;NO;DISTRITAL;1,11001E+11;COLEGIO VEINTIUN ANGELES (IED);A;MAÑANA;URBANO;5:30;11:15;11:20;1;1;2;1;1;1;1;1;0;0;GENERAL;6:00;330;360;-1;409;0;409;7444,213845;29,82497479;1292;998520,9709;1018624,117;1000830,372;1016624,117;3;23;5;15,333;Las Mercedes
R1;U-1559;11;SUBA;2_SII_2025;UNIÓN TEMPORAL VET 2023;URBANO;13;MICROBUS;NO;DISTRITAL;1,11001E+11;COLEGIO VEINTIUN ANGELES (IED);A;MAÑANA;URBANO;5:00;12:00;12:05;1;1;2;1;1;1;1;1;0;0;GENERAL;5:45;300;345;-1;752;0;752;12455,3806;206,6394462;1292;998520,9709;1018624,117;1000830,372;1016624,117;3;23;5;24,534;Las Mercedes
R1;U-466;11;SUBA;3_SII_2025;UNIÓN TEMPORAL VET 2023;URBANO;13;MICROBUS;NO;DISTRITAL;1,11001E+11;COLEGIO NICOLAS BUENAVENTURA (IED);A;MAÑANA;URBANO;6:00;11:40;11:45;1;1;2;1;1;1;1;1;0;0;GENERAL;6:45;360;405;-1;563;0;563;10879,81769;108,3807404;1292;998520,9709;1018624,117;1000830,372;1016624,117;3;23;5;20,286;Las Mercedes
R1;U-472;11;SUBA;R;UNIÓN TEMPORAL VET 2023;URBANO;10;BUS;NO;DISTRITAL;1,11769E+11;COLEGIO EL SALITRE - SUBA (IED);C;MAÑANA;URBANO;5:20;11:25;11:30;1;1;2;1;1;1;1;1;0;0;GENERAL;6:00;320;360;-1;563;0;563;10432,0307;21,86582367;1292;998520,9709;1018624,117;1000830,372;1016624,117;3;23;5;22,895;Las Mercedes
R1;U-473;11;SUBA;2_SII_2025;UNIÓN TEMPORAL VET 2023;URBANO;10;BUS;NO;DISTRITAL;1,11769E+11;COLEGIO EL SALITRE - SUBA (IED);B;MAÑANA;URBANO;5:15;11:25;11:30;1;1;2;1;1;1;1;1;0;0;GENERAL;6:15;315;375;-1;581;0;581;11871,40615;71,62133054;1292;998520,9709;1018624,117;1000830,372;1016624,117;3;23;5;22,438;Las Mercedes
R1;U-474;11;SUBA;2_SII_2025;UNIÓN TEMPORAL VET 2023;URBANO;11;BUSETA;NO;DISTRITAL;1,11769E+11;COLEGIO EL SALITRE - SUBA (IED);C;MAÑANA;URBANO;5:35;11:25;11:30;1;1;2;1;1;1;1;1;0;0;GENERAL;6:00;335;360;-1;249;0;249;5605,250328;23,26619871;1292;998520,9709;1018624,117;1000830,372;1016624,117;3;23;5;10,61;Las Mercedes
R1;U-475;11;SUBA;2_SII_2025;UNIÓN TEMPORAL VET 2023;URBANO;11;BUSETA;NO;DISTRITAL;1,11769E+11;COLEGIO EL SALITRE - SUBA (IED);C;TARDE;URBANO;11:30;17:25;17:30;1;1;2;1;1;1;1;1;0;0;GENERAL;12:20;690;740;-1;454;0;454;9609,026178;22,31447862;1292;998520,9709;1018624,117;1000830,372;1016624,117;3;23;5;18,156;Las Mercedes
R1;U-476;11;SUBA;2_SII_2025;UNIÓN TEMPORAL VET 2023;URBANO;13;MICROBUS;NO;DISTRITAL;1,11769E+11;COLEGIO EL SALITRE - SUBA (IED);B;MAÑANA;URBANO;5:20;11:25;11:30;1;1;2;1;1;1;1;1;0;0;GENERAL;6:15;320;375;-1;356;0;356;7210,5609;71,62133054;1292;998520,9709;1018624,117;1000830,372;1016624,117;3;23;5;15,741;Las Mercedes
R1;U-477;11;SUBA;2_SII_2025;UNIÓN TEMPORAL VET 2023;URBANO;10;BUS;NO;DISTRITAL;1,11769E+11;COLEGIO EL SALITRE - SUBA (IED);B;TARDE;URBANO;12:00;17:10;17:15;1;1;2;1;1;1;1;1;0;0;GENERAL;12:30;720;750;-1;302;0;302;6555,580803;71,62133054;1292;998520,9709;1018624,117;1000830,372;1016624,117;3;23;5;14,868;Las Mercedes
R1;U-478;11;SUBA;2_SII_2025;UNIÓN TEMPORAL VET 2023;URBANO;10;BUS;NO;DISTRITAL;1,11769E+11;COLEGIO EL SALITRE - SUBA (IED);C;TARDE;URBANO;11:40;17:25;17:30;1;1;2;1;1;1;1;1;0;0;GENERAL;12:30;700;750;-1;397;0;397;8203,482409;23,56683806;1292;998520,9709;1018624,117;1000830,372;1016624,117;3;23;5;16,923;Las Mercedes
R1;U-479;11;SUBA;2_SII_2025;UNIÓN TEMPORAL VET 2023;URBANO;10;BUS;NO;DISTRITAL;1,11769E+11;COLEGIO EL SALITRE - SUBA (IED);B;TARDE;URBANO;11:30;17:25;17:30;1;1;2;1;1;1;1;1;0;0;GENERAL;12:30;690;750;-1;588;0;588;11196,12644;299,6662134;1292;998520,9709;1018624,117;1000830,372;1016624,117;3;23;5;19,822;Las Mercedes
R1;U-480;11;SUBA;2_SII_2025;UNIÓN TEMPORAL VET 2023;URBANO;11;BUSETA;NO;DISTRITAL;1,11769E+11;COLEGIO EL SALITRE - SUBA (IED);B;TARDE;URBANO;12:00;17:10;17:15;1;1;2;1;1;1;1;1;0;0;GENERAL;12:30;720;750;-1;253;0;253;5494,856661;298,2245466;1292;998520,9709;1018624,117;1000830,372;1016624,117;3;23;5;9,361;Las Mercedes
R1;U-481;11;SUBA;2_SII_2025;UNIÓN TEMPORAL VET 2023;URBANO;11;BUSETA;NO;DISTRITAL;1,11769E+11;COLEGIO EL SALITRE - SUBA (IED);B;MAÑANA;URBANO;5:40;11:25;11:30;1;1;2;1;1;1;1;1;0;0;GENERAL;6:15;340;375;-1;287;0;287;6110,281725;298,2245466;1292;998520,9709;1018624,117;1000830,372;1016624,117;3;23;5;10,595;Las Mercedes
R1;U-516;11;SUBA;3_SII_2025;UNIÓN TEMPORAL VET 2023;URBANO;10;BUS;NO;DISTRITAL;1,11769E+11;COLEGIO JUAN LOZANO Y LOZANO (IED);B/C;TARDE/ÚNICA;URBANO;11:15;17:45;17:50;1;1;2;1;1;1;1;1;0;0;GENERAL;12:15;675;735;-1;597;0;597;12526,86129;14,08055645;1292;998520,9709;1018624,117;1000830,372;1016624,117;3;23;5;25,079;Las Mercedes
R1;U-517;11;SUBA;3_SII_2025;UNIÓN TEMPORAL VET 2023;URBANO;11;BUSETA;NO;DISTRITAL;1,11769E+11;COLEGIO JUAN LOZANO Y LOZANO (IED);B/C;TARDE/ÚNICA;URBANO;11:20;17:55;18:00;1;1;2;1;1;1;1;1;0;0;GENERAL;12:15;680;735;-1;511;0;511;10040,51915;15,99504533;1292;998520,9709;1018624,117;1000830,372;1016624,117;3;23;5;20,097;Las Mercedes
R1;U-520;11;SUBA;3_SII_2025;UNIÓN TEMPORAL VET 2023;URBANO;11;BUSETA;NO;DISTRITAL;1,11769E+11;COLEGIO JUAN LOZANO Y LOZANO (IED);B;MAÑANA;URBANO;5:15;12:20;12:25;1;1;2;1;1;1;1;1;0;0;GENERAL;5:55;315;355;-1;441;0;441;8493,797391;17,15550974;1292;998520,9709;1018624,117;1000830,372;1016624,117;3;23;5;17,628;Las Mercedes
R1;U-521;11;SUBA;3_SII_2025;UNIÓN TEMPORAL VET 2023;URBANO;13;MICROBUS;NO;DISTRITAL;1,11769E+11;COLEGIO JUAN LOZANO Y LOZANO (IED);B;MAÑANA;URBANO;5:20;12:10;12:15;1;1;2;1;1;1;1;1;0;0;GENERAL;6:10;320;370;-1;530;0;530;10106,32073;14,08055645;1292;998520,9709;1018624,117;1000830,372;1016624,117;3;23;5;19,985;Las Mercedes
R1;U-522;11;SUBA;3_SII_2025;UNIÓN TEMPORAL VET 2023;URBANO;11;BUSETA;NO;DISTRITAL;1,11769E+11;COLEGIO JUAN LOZANO Y LOZANO (IED);B/C;TARDE/ÚNICA;URBANO;11:40;17:45;17:50;1;1;2;1;1;1;1;1;0;0;GENERAL;12:20;700;740;-1;550;0;550;9927,585747;14,08055645;1292;998520,9709;1018624,117;1000830,372;1016624,117;3;23;5;19,86;Las Mercedes
R1;U-524;11;SUBA;3_SII_2025;UNIÓN TEMPORAL VET 2023;URBANO;10;BUS;NO;DISTRITAL;1,11769E+11;COLEGIO JUAN LOZANO Y LOZANO (IED);B;TARDE;URBANO;12:40;18:00;18:05;1;1;2;1;1;1;1;1;0;0;GENERAL;13:00;760;780;-1;272;0;272;5590,305932;17,66805106;1292;998520,9709;1018624,117;1000830,372;1016624,117;3;23;5;12,225;Las Mercedes
R1;U-526;11;SUBA;3_SII_2025;UNIÓN TEMPORAL VET 2023;URBANO;10;BUS;NO;DISTRITAL;1,11769E+11;COLEGIO JUAN LOZANO Y LOZANO (IED);B;TARDE;URBANO;12:30;18:00;18:05;1;1;2;1;1;1;1;1;0;0;GENERAL;13:00;750;780;-1;328;0;328;5998,001445;19,71319841;1292;998520,9709;1018624,117;1000830,372;1016624,117;3;23;5;11,637;Las Mercedes
R1;U-561;11;SUBA;2_SII_2025;UNIÓN TEMPORAL VET 2023;URBANO;13;MICROBUS;NO;DISTRITAL;1,11001E+11;COLEGIO VEINTIUN ANGELES (IED);A;TARDE;URBANO;11:30;17:30;17:35;1;1;2;1;1;1;1;1;0;0;GENERAL;12:30;690;750;-1;286;0;286;5862,298417;20,61723916;1292;998520,9709;1018624,117;1000830,372;1016624,117;3;23;5;13,303;Las Mercedes
R1;U-562;11;SUBA;2_SII_2025;UNIÓN TEMPORAL VET 2023;URBANO;10;BUS;NO;DISTRITAL;1,11001E+11;COLEGIO VEINTIUN ANGELES (IED);A;TARDE;URBANO;11:20;18:25;18:30;1;1;2;1;1;1;1;1;0;0;GENERAL;12:15;680;735;-1;560;0;560;10626,54725;201,7934323;1292;998520,9709;1018624,117;1000830,372;1016624,117;3;23;5;21,08;Las Mercedes
R1;U-563;11;SUBA;2_SII_2025;UNIÓN TEMPORAL VET 2023;URBANO;13;MICROBUS;NO;DISTRITAL;1,11001E+11;COLEGIO VEINTIUN ANGELES (IED);B;MAÑANA;URBANO;5:30;11:25;11:30;1;1;2;1;1;1;1;1;0;0;GENERAL;6:15;330;375;-1;386;0;386;8642,821859;221,2777656;1292;998520,9709;1018624,117;1000830,372;1016624,117;3;23;5;18,297;Las Mercedes
R1;U-564;11;SUBA;2_SII_2025;UNIÓN TEMPORAL VET 2023;URBANO;11;BUSETA;NO;DISTRITAL;1,11001E+11;COLEGIO VEINTIUN ANGELES (IED);A;TARDE;URBANO;11:50;17:30;17:35;1;1;2;1;1;1;1;1;0;0;GENERAL;12:30;710;750;-1;286;0;286;6188,272746;108,3797107;1292;998520,9709;1018624,117;1000830,372;1016624,117;3;23;5;12,853;Las Mercedes
R1;U-565;11;SUBA;2_SII_2025;UNIÓN TEMPORAL VET 2023;URBANO;10;BUS;NO;DISTRITAL;1,11001E+11;COLEGIO VEINTIUN ANGELES (IED);A;TARDE;URBANO;11:45;17:30;17:35;1;1;2;1;1;1;1;1;0;0;GENERAL;12:30;705;750;-1;491;0;491;8817,905804;20,61723916;1292;998520,9709;1018624,117;1000830,372;1016624,117;3;23;5;16,909;Las Mercedes
R1;U-566;11;SUBA;2_SII_2025;UNIÓN TEMPORAL VET 2023;URBANO;10;BUS;NO;DISTRITAL;1,11001E+11;COLEGIO VEINTIUN ANGELES (IED);A;MAÑANA;URBANO;5:30;11:15;11:20;1;1;2;1;1;1;1;1;0;0;GENERAL;6:00;330;360;-1;409;0;409;7418,667942;29,82497479;1292;998520,9709;1018624,117;1000830,372;1016624,117;3;23;5;15,282;Las Mercedes
R1;U-569;11;SUBA;2_SII_2025;UNIÓN TEMPORAL VET 2023;URBANO;11;BUSETA;NO;DISTRITAL;1,11001E+11;COLEGIO VEINTIUN ANGELES (IED);A;TARDE;URBANO;11:15;18:25;18:30;1;1;2;1;1;1;1;1;0;0;GENERAL;12:15;675;735;-1;794;0;794;11458,2748;0,000241116;1292;998520,9709;1018624,117;1000830,372;1016624,117;3;23;5;22,469;Las Mercedes
R1;U-570;11;SUBA;2_SII_2025;UNIÓN TEMPORAL VET 2023;URBANO;10;BUS;NO;DISTRITAL;1,11001E+11;COLEGIO VEINTIUN ANGELES (IED);A;TARDE;URBANO;11:30;17:30;17:35;1;1;2;1;1;1;1;1;0;0;GENERAL;12:30;690;750;-1;502;0;502;9098,528665;108,3797107;1292;998520,9709;1018624,117;1000830,372;1016624,117;3;23;5;22,458;Las Mercedes
R1;U-571;11;SUBA;2_SII_2025;UNIÓN TEMPORAL VET 2023;URBANO;13;MICROBUS;NO;DISTRITAL;1,11001E+11;COLEGIO VEINTIUN ANGELES (IED);A;MAÑANA;URBANO;5:20;11:30;11:35;1;1;2;1;1;1;1;1;0;0;GENERAL;6:00;320;360;-1;443;0;443;8505,833403;29,82497479;1292;998520,9709;1018624,117;1000830,372;1016624,117;3;23;5;17,101;Las Mercedes
R1;U-572;11;SUBA;2_SII_2025;UNIÓN TEMPORAL VET 2023;URBANO;11;BUSETA;NO;DISTRITAL;1,11001E+11;COLEGIO VEINTIUN ANGELES (IED);A;MAÑANA;URBANO;5:30;11:15;11:20;1;1;2;1;1;1;1;1;0;0;GENERAL;6:00;330;360;-1;671;0;671;14321,54328;20,61723916;1292;998520,9709;1018624,117;1000830,372;1016624,117;3;23;5;26,216;Las Mercedes
R1;U-573;11;SUBA;2_SII_2025;UNIÓN TEMPORAL VET 2023;URBANO;13;MICROBUS;NO;DISTRITAL;1,11001E+11;COLEGIO VEINTIUN ANGELES (IED);B;MAÑANA;URBANO;5:25;11:25;11:30;1;1;2;1;1;1;1;1;0;0;GENERAL;6:15;325;375;-1;873;0;873;15901,87329;45,09265756;1292;998520,9709;1018624,117;1000830,372;1016624,117;3;23;5;29,808;Las Mercedes
R1;U-574;11;SUBA;2_SII_2025;UNIÓN TEMPORAL VET 2023;URBANO;13;MICROBUS;NO;DISTRITAL;1,11001E+11;COLEGIO VEINTIUN ANGELES (IED);A;MAÑANA;URBANO;5:25;11:15;11:20;1;1;2;1;1;1;1;1;0;0;GENERAL;6:00;325;360;-1;450;0;450;9329,069346;218,2472851;1292;998520,9709;1018624,117;1000830,372;1016624,117;3;23;5;20,023;Las Mercedes
R1;U-575;11;SUBA;2_SII_2025;UNIÓN TEMPORAL VET 2023;URBANO;13;MICROBUS;NO;DISTRITAL;1,11001E+11;COLEGIO VEINTIUN ANGELES (IED);B;TARDE;URBANO;11:00;17:15;17:20;2;2;4;1;1;1;1;1;0;0;GENERAL;12:10;660;730;-1;721;0;721;13506,71993;41,72557443;1292;998520,9709;1018624,117;1000830,372;1016624,117;3;23;5;25,417;Las Mercedes
R1;U-576;11;SUBA;2_SII_2025;UNIÓN TEMPORAL VET 2023;URBANO;13;MICROBUS;NO;DISTRITAL;1,11001E+11;COLEGIO VEINTIUN ANGELES (IED);D;ÚNICA;URBANO;5:15;14:10;14:15;1;1;2;1;1;1;1;1;0;0;GENERAL;6:15;315;375;-1;571;0;571;12246,74279;187,6187524;1292;998520,9709;1018624,117;1000830,372;1016624,117;3;23;5;23,983;Las Mercedes
R1;U-577;11;SUBA;2_SII_2025;UNIÓN TEMPORAL VET 2023;URBANO;13;MICROBUS;NO;DISTRITAL;1,11001E+11;COLEGIO VEINTIUN ANGELES (IED);D;ÚNICA;URBANO;5:30;14:10;14:15;1;1;2;1;1;1;1;1;0;0;GENERAL;6:25;330;385;-1;749;0;749;10657,51551;11,34538192;1292;998520,9709;1018624,117;1000830,372;1016624,117;3;23;5;22,482;Las Mercedes
R1;U-1544;11;SUBA;2_SII_2025;UNIÓN TEMPORAL VET 2023;URBANO;13;MICROBUS;NO;DISTRITAL;1,11769E+11;COLEGIO FILARMONICO SIMON BOLIVAR (IED);A/B;TARDE;URBANO;11:45;17:10;17:15;1;1;2;1;1;1;1;1;0;0;FUNDACIONES;12:15;705;735;-1;350;0;350;4058,372191;194,0806359;1293;998520,9709;1016624,117;1000830,372;1014624,117;4;23;5;9,397;Las Mercedes
R1;U-568;11;SUBA;2_SII_2025;UNIÓN TEMPORAL VET 2023;URBANO;10;BUS;NO;DISTRITAL;1,11001E+11;COLEGIO VEINTIUN ANGELES (IED);A;MAÑANA;URBANO;5:00;12:00;12:05;1;1;2;1;1;1;1;1;0;0;GENERAL;5:45;300;345;-1;456;0;456;8586,544722;26,63949851;1293;998520,9709;1016624,117;1000830,372;1014624,117;4;23;5;17,649;Las Mercedes
R1;T-1025;1;USAQUEN;1_SII_2025;UNIÓN TEMPORAL VET 2023;TRASLADO;10;BUS;NO;DISTRITAL;1,11848E+11;COLEGIO GENERAL SANTANDER (IED);A;MAÑANA/TARDE;URBANO;7:00;12:25;12:30;1;1;2;0;0;0;0;0;1;0;GENERAL;7:50;420;470;-1;396;0;396;8864,547832;165,9191464;1294;998520,9709;1014624,117;1000830,372;1012624,117;5;23;1;17,715;La Alahambra
R1;T-1026;1;USAQUEN;1_SII_2025;UNIÓN TEMPORAL VET 2023;TRASLADO;11;BUSETA;NO;DISTRITAL;1,11848E+11;COLEGIO GENERAL SANTANDER (IED);A;MAÑANA/TARDE;URBANO;7:00;12:25;12:30;1;1;2;0;0;0;0;0;1;0;GENERAL;7:50;420;470;-1;396;0;396;8864,547832;165,9191464;1294;998520,9709;1014624,117;1000830,372;1012624,117;5;23;1;17,715;La Alahambra
R1;T-1027;1;USAQUEN;1_SII_2025;UNIÓN TEMPORAL VET 2023;TRASLADO;11;BUSETA;NO;DISTRITAL;1,11848E+11;COLEGIO GENERAL SANTANDER (IED);A;MAÑANA/TARDE;URBANO;7:00;12:25;12:30;1;1;2;0;0;0;0;0;1;0;GENERAL;7:50;420;470;-1;396;0;396;8864,547832;165,9191464;1294;998520,9709;1014624,117;1000830,372;1012624,117;5;23;1;17,715;La Alahambra
R1;T-1028;1;USAQUEN;1_SII_2025;UNIÓN TEMPORAL VET 2023;TRASLADO;10;BUS;NO;DISTRITAL;1,11848E+11;COLEGIO GENERAL SANTANDER (IED);A;MAÑANA/TARDE;URBANO;7:00;12:25;12:30;1;1;2;0;0;0;0;0;1;0;GENERAL;7:50;420;470;-1;409;0;409;10635,68051;168,6535441;1294;998520,9709;1014624,117;1000830,372;1012624,117;5;23;1;20,257;La Alahambra
R1;T-1029;1;USAQUEN;1_SII_2025;UNIÓN TEMPORAL VET 2023;TRASLADO;11;BUSETA;NO;DISTRITAL;1,11848E+11;COLEGIO GENERAL SANTANDER (IED);A;MAÑANA/TARDE;URBANO;7:00;12:25;12:30;1;1;2;0;0;0;0;0;1;0;GENERAL;7:50;420;470;-1;538;0;538;13521,21464;269,9996643;1294;998520,9709;1014624,117;1000830,372;1012624,117;5;23;1;26,58;La Alahambra
R1;T-1030;1;USAQUEN;1_SII_2025;UNIÓN TEMPORAL VET 2023;TRASLADO;11;BUSETA;NO;DISTRITAL;1,11848E+11;COLEGIO GENERAL SANTANDER (IED);A;MAÑANA/TARDE;URBANO;7:00;12:25;12:30;1;1;2;0;0;0;0;0;1;0;GENERAL;7:50;420;470;-1;368;0;368;8529,60721;164,3581482;1294;998520,9709;1014624,117;1000830,372;1012624,117;5;23;1;16,979;La Alahambra
R1;T-791;19;CIUDAD BOLIVAR;22_SII_2025;UNIÓN TEMPORAL SRD TRANSPORTE DE PASAJEROS COLOMBIA;TRASLADO;10;BUS;NO;DISTRITAL;1,11001E+11;COLEGIO CONFEDERACION BRISAS DEL DIAMANTE (IED);B;TARDE;URBANO;11:40;17:15;17:20;1;1;2;1;1;1;1;1;0;0;GENERAL;12:20;700;740;-1;206;0;206;5396,067505;248,2629792;1294;998520,9709;1014624,117;1000830,372;1012624,117;5;23;5;10,912;La Alahambra
R1;T-792;19;CIUDAD BOLIVAR;22_SII_2025;UNIÓN TEMPORAL SRD TRANSPORTE DE PASAJEROS COLOMBIA;TRASLADO;11;BUSETA;NO;DISTRITAL;1,11001E+11;COLEGIO CONFEDERACION BRISAS DEL DIAMANTE (IED);B;TARDE;URBANO;11:40;17:15;17:20;1;1;2;1;1;1;1;1;0;0;GENERAL;12:20;700;740;-1;206;0;206;5396,067505;248,2629792;1294;998520,9709;1014624,117;1000830,372;1012624,117;5;23;5;10,912;La Alahambra
R1;T-793;19;CIUDAD BOLIVAR;22_SII_2025;UNIÓN TEMPORAL SRD TRANSPORTE DE PASAJEROS COLOMBIA;TRASLADO;10;BUS;NO;DISTRITAL;1,11001E+11;COLEGIO CONFEDERACION BRISAS DEL DIAMANTE (IED);B;TARDE;URBANO;11:40;17:15;17:20;1;1;2;1;1;1;1;1;0;0;GENERAL;12:20;700;740;-1;206;0;206;5396,067505;248,2629792;1294;998520,9709;1014624,117;1000830,372;1012624,117;5;23;5;10,912;La Alahambra
R1;T-794;19;CIUDAD BOLIVAR;22_SII_2025;UNIÓN TEMPORAL SRD TRANSPORTE DE PASAJEROS COLOMBIA;TRASLADO;10;BUS;NO;DISTRITAL;1,11001E+11;COLEGIO CONFEDERACION BRISAS DEL DIAMANTE (IED);B;TARDE;URBANO;11:40;17:15;17:20;1;1;2;1;1;1;1;1;0;0;GENERAL;12:20;700;740;-1;206;0;206;5396,067505;248,2629792;1294;998520,9709;1014624,117;1000830,372;1012624,117;5;23;5;10,912;La Alahambra
R1;T-943;1;USAQUEN;1_SII_2025;UNIÓN TEMPORAL VET 2023;TRASLADO;11;BUSETA;NO;DISTRITAL;1,11848E+11;COLEGIO GENERAL SANTANDER (IED);A;MAÑANA;URBANO;6:10;11:35;11:40;1;1;2;1;1;1;1;1;0;0;GENERAL;6:40;370;400;-1;409;0;409;10747,19736;296,4896012;1294;998520,9709;1014624,117;1000830,372;1012624,117;5;23;5;20,294;La Alahambra
R1;T-944;1;USAQUEN;1_SII_2025;UNIÓN TEMPORAL VET 2023;TRASLADO;10;BUS;NO;DISTRITAL;1,11848E+11;COLEGIO GENERAL SANTANDER (IED);A;MAÑANA;URBANO;6:10;11:25;11:30;1;1;2;1;1;1;1;1;0;0;GENERAL;6:40;370;400;-1;409;0;409;10747,19736;296,4896012;1294;998520,9709;1014624,117;1000830,372;1012624,117;5;23;5;20,294;La Alahambra
R1;T-945;1;USAQUEN;1_SII_2025;UNIÓN TEMPORAL VET 2023;TRASLADO;10;BUS;NO;DISTRITAL;1,11848E+11;COLEGIO GENERAL SANTANDER (IED);A;MAÑANA;URBANO;6:10;11:35;11:40;1;1;2;1;1;1;1;1;0;0;GENERAL;6:40;370;400;-1;399;0;399;10565,93856;296,4896078;1294;998520,9709;1014624,117;1000830,372;1012624,117;5;23;5;20,298;La Alahambra
R1;T-946;1;USAQUEN;1_SII_2025;UNIÓN TEMPORAL VET 2023;TRASLADO;10;BUS;NO;DISTRITAL;1,11848E+11;COLEGIO GENERAL SANTANDER (IED);A;MAÑANA;URBANO;6:10;11:35;11:40;1;1;2;1;1;1;1;1;0;0;GENERAL;6:40;370;400;-1;358;0;358;9740,629775;288,3783011;1294;998520,9709;1014624,117;1000830,372;1012624,117;5;23;5;19,497;La Alahambra
R1;T-947;1;USAQUEN;1_SII_2025;UNIÓN TEMPORAL VET 2023;TRASLADO;10;BUS;NO;DISTRITAL;1,11848E+11;COLEGIO GENERAL SANTANDER (IED);A;MAÑANA;URBANO;6:10;11:35;11:40;1;1;2;1;1;1;1;1;0;0;GENERAL;6:40;370;400;-1;357;0;357;9722,036569;314,905683;1294;998520,9709;1014624,117;1000830,372;1012624,117;5;23;5;19,465;La Alahambra
R1;T-948;1;USAQUEN;1_SII_2025;UNIÓN TEMPORAL VET 2023;TRASLADO;10;BUS;NO;DISTRITAL;1,11848E+11;COLEGIO GENERAL SANTANDER (IED);A;MAÑANA;URBANO;6:10;11:35;11:40;1;1;2;1;1;1;1;1;0;0;GENERAL;6:40;370;400;-1;379;0;379;8757,716258;314,905683;1294;998520,9709;1014624,117;1000830,372;1012624,117;5;23;5;17,07;La Alahambra
R1;T-949;1;USAQUEN;1_SII_2025;UNIÓN TEMPORAL VET 2023;TRASLADO;10;BUS;NO;DISTRITAL;1,11848E+11;COLEGIO GENERAL SANTANDER (IED);A;MAÑANA;URBANO;6:10;11:35;11:40;1;1;2;1;1;1;1;1;0;0;GENERAL;6:40;370;400;-1;379;0;379;8757,716258;314,905683;1294;998520,9709;1014624,117;1000830,372;1012624,117;5;23;5;17,07;La Alahambra
R1;T-950;1;USAQUEN;1_SII_2025;UNIÓN TEMPORAL VET 2023;TRASLADO;10;BUS;NO;DISTRITAL;1,11848E+11;COLEGIO GENERAL SANTANDER (IED);A;MAÑANA;URBANO;6:10;11:35;11:40;1;1;2;1;1;1;1;1;0;0;GENERAL;6:40;370;400;-1;436;0;436;9093,941359;288,3782956;1294;998520,9709;1014624,117;1000830,372;1012624,117;5;23;5;17,809;La Alahambra
R1;T-951;1;USAQUEN;1_SII_2025;UNIÓN TEMPORAL VET 2023;TRASLADO;10;BUS;NO;DISTRITAL;1,11848E+11;COLEGIO GENERAL SANTANDER (IED);A;MAÑANA;URBANO;6:10;11:35;11:40;1;1;2;1;1;1;1;1;0;0;GENERAL;6:40;370;400;-1;436;0;436;9093,941359;288,3782956;1294;998520,9709;1014624,117;1000830,372;1012624,117;5;23;5;17,809;La Alahambra
R1;T-952;1;USAQUEN;1_SII_2025;UNIÓN TEMPORAL VET 2023;TRASLADO;11;BUSETA;NO;DISTRITAL;1,11848E+11;COLEGIO GENERAL SANTANDER (IED);A;MAÑANA;URBANO;6:10;11:25;11:30;1;1;2;1;1;1;1;1;0;0;GENERAL;6:40;370;400;-1;436;0;436;9093,941359;288,3782956;1294;998520,9709;1014624,117;1000830,372;1012624,117;5;23;5;17,809;La Alahambra
R1;T-953;1;USAQUEN;1_SII_2025;UNIÓN TEMPORAL VET 2023;TRASLADO;10;BUS;NO;DISTRITAL;1,11848E+11;COLEGIO GENERAL SANTANDER (IED);A;MAÑANA;URBANO;6:10;11:35;11:40;1;1;2;1;1;1;1;1;0;0;GENERAL;6:40;370;400;-1;436;0;436;9093,941359;288,3782956;1294;998520,9709;1014624,117;1000830,372;1012624,117;5;23;5;17,809;La Alahambra
R1;T-954;1;USAQUEN;1_SII_2025;UNIÓN TEMPORAL VET 2023;TRASLADO;10;BUS;NO;DISTRITAL;1,11848E+11;COLEGIO GENERAL SANTANDER (IED);A;MAÑANA;URBANO;6:10;11:35;11:40;1;1;2;1;1;1;1;1;0;0;GENERAL;6:40;370;400;-1;436;0;436;9093,941359;288,3782956;1294;998520,9709;1014624,117;1000830,372;1012624,117;5;23;5;17,809;La Alahambra
R1;T-955;1;USAQUEN;1_SII_2025;UNIÓN TEMPORAL VET 2023;TRASLADO;10;BUS;NO;DISTRITAL;1,11848E+11;COLEGIO GENERAL SANTANDER (IED);A;MAÑANA;URBANO;6:10;11:35;11:40;1;1;2;1;1;1;1;1;0;0;GENERAL;6:40;370;400;-1;436;0;436;9093,941359;288,3782956;1294;998520,9709;1014624,117;1000830,372;1012624,117;5;23;5;17,809;La Alahambra
R1;T-956;1;USAQUEN;1_SII_2025;UNIÓN TEMPORAL VET 2023;TRASLADO;10;BUS;NO;DISTRITAL;1,11848E+11;COLEGIO GENERAL SANTANDER (IED);A;TARDE;URBANO;11:30;17:40;17:45;1;1;2;1;1;1;1;1;0;0;GENERAL;12:05;690;725;-1;409;0;409;10747,19736;296,4896012;1294;998520,9709;1014624,117;1000830,372;1012624,117;5;23;5;20,294;La Alahambra
R1;T-957;1;USAQUEN;1_SII_2025;UNIÓN TEMPORAL VET 2023;TRASLADO;10;BUS;NO;DISTRITAL;1,11848E+11;COLEGIO GENERAL SANTANDER (IED);A;TARDE;URBANO;11:30;17:40;17:45;1;1;2;1;1;1;1;1;0;0;GENERAL;12:05;690;725;-1;409;0;409;10747,19736;296,4896012;1294;998520,9709;1014624,117;1000830,372;1012624,117;5;23;5;20,294;La Alahambra
R1;T-958;1;USAQUEN;1_SII_2025;UNIÓN TEMPORAL VET 2023;TRASLADO;10;BUS;NO;DISTRITAL;1,11848E+11;COLEGIO GENERAL SANTANDER (IED);A;TARDE;URBANO;11:30;17:40;17:45;1;1;2;1;1;1;1;1;0;0;GENERAL;12:05;690;725;-1;357;0;357;9722,036569;314,905683;1294;998520,9709;1014624,117;1000830,372;1012624,117;5;23;5;19,465;La Alahambra
R1;T-960;1;USAQUEN;1_SII_2025;UNIÓN TEMPORAL VET 2023;TRASLADO;13;MICROBUS;NO;DISTRITAL;1,11848E+11;COLEGIO GENERAL SANTANDER (IED);A;TARDE;URBANO;11:30;17:40;17:45;1;1;2;1;1;1;1;1;0;0;GENERAL;12:05;690;725;-1;379;0;379;8757,716258;314,905683;1294;998520,9709;1014624,117;1000830,372;1012624,117;5;23;5;17,07;La Alahambra
R1;T-961;1;USAQUEN;1_SII_2025;UNIÓN TEMPORAL VET 2023;TRASLADO;11;BUSETA;NO;DISTRITAL;1,11848E+11;COLEGIO GENERAL SANTANDER (IED);A;TARDE;URBANO;11:30;17:40;17:45;1;1;2;1;1;1;1;1;0;0;GENERAL;12:05;690;725;-1;379;0;379;8757,716258;314,905683;1294;998520,9709;1014624,117;1000830,372;1012624,117;5;23;5;17,07;La Alahambra
R1;T-962;1;USAQUEN;1_SII_2025;UNIÓN TEMPORAL VET 2023;TRASLADO;10;BUS;NO;DISTRITAL;1,11848E+11;COLEGIO GENERAL SANTANDER (IED);A;TARDE;URBANO;12:00;17:00;17:05;1;1;2;1;1;1;1;1;0;0;GENERAL;12:40;720;760;-1;436;0;436;9093,941359;288,3782956;1294;998520,9709;1014624,117;1000830,372;1012624,117;5;23;5;17,809;La Alahambra
R1;T-963;1;USAQUEN;1_SII_2025;UNIÓN TEMPORAL VET 2023;TRASLADO;10;BUS;NO;DISTRITAL;1,11848E+11;COLEGIO GENERAL SANTANDER (IED);A;TARDE;URBANO;11:30;17:40;17:45;1;1;2;1;1;1;1;1;0;0;GENERAL;12:05;690;725;-1;436;0;436;9093,941359;288,3782956;1294;998520,9709;1014624,117;1000830,372;1012624,117;5;23;5;17,809;La Alahambra
R1;T-964;1;USAQUEN;1_SII_2025;UNIÓN TEMPORAL VET 2023;TRASLADO;10;BUS;NO;DISTRITAL;1,11848E+11;COLEGIO GENERAL SANTANDER (IED);A;TARDE;URBANO;11:30;17:40;17:45;1;1;2;1;1;1;1;1;0;0;GENERAL;12:05;690;725;-1;436;0;436;9093,941359;288,3782956;1294;998520,9709;1014624,117;1000830,372;1012624,117;5;23;5;17,809;La Alahambra
R1;T-965;1;USAQUEN;1_SII_2025;UNIÓN TEMPORAL VET 2023;TRASLADO;10;BUS;NO;DISTRITAL;1,11848E+11;COLEGIO GENERAL SANTANDER (IED);A;TARDE;URBANO;11:30;17:40;17:45;1;1;2;1;1;1;1;1;0;0;GENERAL;12:05;690;725;-1;436;0;436;9093,941359;288,3782956;1294;998520,9709;1014624,117;1000830,372;1012624,117;5;23;5;17,809;La Alahambra
R1;T-966;1;USAQUEN;1_SII_2025;UNIÓN TEMPORAL VET 2023;TRASLADO;11;BUSETA;NO;DISTRITAL;1,11848E+11;COLEGIO GENERAL SANTANDER (IED);A;TARDE;URBANO;11:30;17:40;17:45;1;1;2;1;1;1;1;1;0;0;GENERAL;12:05;690;725;-1;436;0;436;9093,941359;288,3782956;1294;998520,9709;1014624,117;1000830,372;1012624,117;5;23;5;17,809;La Alahambra
R1;T-967;1;USAQUEN;1_SII_2025;UNIÓN TEMPORAL VET 2023;TRASLADO;10;BUS;NO;DISTRITAL;1,11848E+11;COLEGIO GENERAL SANTANDER (IED);A;TARDE;URBANO;11:30;17:40;17:45;1;1;2;1;1;1;1;1;0;0;GENERAL;12:05;690;725;-1;436;0;436;9093,941359;288,3782956;1294;998520,9709;1014624,117;1000830,372;1012624,117;5;23;5;17,809;La Alahambra
R1;T-968;1;USAQUEN;1_SII_2025;UNIÓN TEMPORAL VET 2023;TRASLADO;11;BUSETA;NO;DISTRITAL;1,11848E+11;COLEGIO GENERAL SANTANDER (IED);A;TARDE;URBANO;11:30;17:40;17:45;1;1;2;1;1;1;1;1;0;0;GENERAL;12:05;690;725;-1;436;0;436;9093,941359;288,3782956;1294;998520,9709;1014624,117;1000830,372;1012624,117;5;23;5;17,809;La Alahambra
R1;T-969;1;USAQUEN;1_SII_2025;UNIÓN TEMPORAL VET 2023;TRASLADO;11;BUSETA;NO;DISTRITAL;1,11848E+11;COLEGIO GENERAL SANTANDER (IED);A;TARDE;URBANO;11:30;17:40;17:45;1;1;2;1;1;1;1;1;0;0;GENERAL;12:05;690;725;-1;436;0;436;9093,941359;288,3782956;1294;998520,9709;1014624,117;1000830,372;1012624,117;5;23;5;17,809;La Alahambra
R1;U-003;1;USAQUEN;1_SII_2025;UNIÓN TEMPORAL VET 2023;URBANO;11;BUSETA;NO;DISTRITAL;1,11848E+11;COLEGIO GENERAL SANTANDER (IED);A;TARDE;URBANO;11:20;17:40;17:45;1;1;2;1;1;1;1;1;0;0;GENERAL;12:05;680;725;-1;601;0;601;13471,78167;288,378297;1294;998520,9709;1014624,117;1000830,372;1012624,117;5;23;5;27,044;La Alahambra
R1;U-005;1;USAQUEN;1_SII_2025;UNIÓN TEMPORAL VET 2023;URBANO;13;MICROBUS;NO;DISTRITAL;1,11848E+11;COLEGIO GENERAL SANTANDER (IED);A;MAÑANA;URBANO;5:55;11:35;11:40;1;1;2;1;1;1;1;1;0;0;GENERAL;6:40;355;400;-1;599;0;599;14468,84028;288,378297;1294;998520,9709;1014624,117;1000830,372;1012624,117;5;23;5;28,913;La Alahambra
R1;U-006;1;USAQUEN;1_SII_2025;UNIÓN TEMPORAL VET 2023;URBANO;13;MICROBUS;NO;DISTRITAL;1,11848E+11;COLEGIO GENERAL SANTANDER (IED);A;TARDE;URBANO;11:20;17:40;17:45;1;1;2;1;1;1;1;1;0;0;GENERAL;12:00;680;720;-1;616;0;616;13272,46629;288,3783105;1294;998520,9709;1014624,117;1000830,372;1012624,117;5;23;5;27,635;La Alahambra
R1;U-1076;1;USAQUEN;1_SII_2025;UNIÓN TEMPORAL VET 2023;URBANO;10;BUS;NO;DISTRITAL;1,11848E+11;COLEGIO GENERAL SANTANDER (IED);A;MAÑANA;URBANO;5:45;11:35;11:40;1;1;2;1;1;1;1;1;0;0;GENERAL;6:40;345;400;-1;710;0;710;14205,33358;288,378297;1294;998520,9709;1014624,117;1000830,372;1012624,117;5;23;5;29,578;La Alahambra
R1;U-1542;1;USAQUEN;1_SII_2025;UNIÓN TEMPORAL VET 2023;URBANO;10;BUS;NO;DISTRITAL;1,11848E+11;COLEGIO GENERAL SANTANDER (IED);A;MAÑANA;URBANO;6:40;10:50;10:55;1;1;2;1;1;1;1;1;0;0;FUNDACIONES;7:20;400;440;-1;303;0;303;6265,085278;285,4432699;1294;998520,9709;1014624,117;1000830,372;1012624,117;5;23;5;11,968;La Alahambra
R1;U-358;11;SUBA;3_SII_2025;UNIÓN TEMPORAL VET 2023;URBANO;13;MICROBUS;NO;DISTRITAL;1,11001E+11;COLEGIO INSTITUTO TECNICO DISTRITAL JULIO FLOREZ (IED);A;ÚNICA;URBANO;5:15;14:25;14:30;1;1;2;1;1;1;1;1;0;0;GENERAL;6:15;315;375;-1;373;0;373;10484,48455;138,7198447;1295;998520,9709;1012624,117;1000830,372;1010624,117;6;23;5;21,238;La Alahambra
R1;U-499;11;SUBA;3_SII_2025;UNIÓN TEMPORAL VET 2023;URBANO;10;BUS;NO;DISTRITAL;1,11001E+11;COLEGIO INSTITUTO TECNICO DISTRITAL JULIO FLOREZ (IED);A;ÚNICA;URBANO;5:15;14:25;14:30;1;1;2;1;1;1;1;1;0;0;GENERAL;6:15;315;375;-1;622;0;622;14149,99484;139,142351;1295;998520,9709;1012624,117;1000830,372;1010624,117;6;23;5;25,015;La Alahambra
R1;U-500;11;SUBA;3_SII_2025;UNIÓN TEMPORAL VET 2023;URBANO;10;BUS;NO;DISTRITAL;1,11001E+11;COLEGIO INSTITUTO TECNICO DISTRITAL JULIO FLOREZ (IED);A;ÚNICA;URBANO;5:15;14:25;14:30;1;1;2;1;1;1;1;1;0;0;GENERAL;6:15;315;375;-1;575;0;575;11261,59651;139,3047419;1295;998520,9709;1012624,117;1000830,372;1010624,117;6;23;5;20,987;La Alahambra
R1;U-501;11;SUBA;3_SII_2025;UNIÓN TEMPORAL VET 2023;URBANO;11;BUSETA;NO;DISTRITAL;1,11001E+11;COLEGIO INSTITUTO TECNICO DISTRITAL JULIO FLOREZ (IED);A;ÚNICA;URBANO;5:15;14:25;14:30;1;1;2;1;1;1;1;1;0;0;GENERAL;6:15;315;375;-1;494;0;494;11376,73468;139,142351;1295;998520,9709;1012624,117;1000830,372;1010624,117;6;23;5;22,576;La Alahambra
R1;U-502;11;SUBA;3_SII_2025;UNIÓN TEMPORAL VET 2023;URBANO;10;BUS;NO;DISTRITAL;1,11001E+11;COLEGIO INSTITUTO TECNICO DISTRITAL JULIO FLOREZ (IED);A;ÚNICA;URBANO;5:15;14:25;14:30;1;1;2;1;1;1;1;1;0;0;GENERAL;6:15;315;375;-1;462;0;462;10933,65723;139,142351;1295;998520,9709;1012624,117;1000830,372;1010624,117;6;23;5;22,354;La Alahambra
R1;U-504;11;SUBA;3_SII_2025;UNIÓN TEMPORAL VET 2023;URBANO;10;BUS;NO;DISTRITAL;1,11001E+11;COLEGIO INSTITUTO TECNICO DISTRITAL JULIO FLOREZ (IED);A;ÚNICA;URBANO;5:15;14:25;14:30;1;1;2;1;1;1;1;1;0;0;GENERAL;6:15;315;375;-1;218;0;218;5878,652857;179,9997284;1295;998520,9709;1012624,117;1000830,372;1010624,117;6;23;5;11,523;La Alahambra
R1;U-508;11;SUBA;3_SII_2025;UNIÓN TEMPORAL VET 2023;URBANO;11;BUSETA;NO;DISTRITAL;1,11001E+11;COLEGIO INSTITUTO TECNICO DISTRITAL JULIO FLOREZ (IED);A;ÚNICA;URBANO;5:15;14:25;14:30;1;1;2;1;1;1;1;1;0;0;GENERAL;6:15;315;375;-1;457;0;457;10996,90561;138,8510056;1295;998520,9709;1012624,117;1000830,372;1010624,117;6;23;5;21,573;La Alahambra
R1;U-510;11;SUBA;3_SII_2025;UNIÓN TEMPORAL VET 2023;URBANO;11;BUSETA;NO;DISTRITAL;1,11001E+11;COLEGIO INSTITUTO TECNICO DISTRITAL JULIO FLOREZ (IED);A;ÚNICA;URBANO;5:15;14:25;14:30;1;1;2;1;1;1;1;1;0;0;GENERAL;6:15;315;375;-1;343;0;343;11755,82391;143,038768;1295;998520,9709;1012624,117;1000830,372;1010624,117;6;23;5;22,839;La Alahambra
R1;U-511;11;SUBA;3_SII_2025;UNIÓN TEMPORAL VET 2023;URBANO;11;BUSETA;NO;DISTRITAL;1,11001E+11;COLEGIO INSTITUTO TECNICO DISTRITAL JULIO FLOREZ (IED);A;ÚNICA;URBANO;5:15;14:25;14:30;1;1;2;1;1;1;1;1;0;0;GENERAL;6:15;315;375;-1;458;0;458;14387,29864;143,038768;1295;998520,9709;1012624,117;1000830,372;1010624,117;6;23;5;30,485;La Alahambra
R1;U-512;11;SUBA;3_SII_2025;UNIÓN TEMPORAL VET 2023;URBANO;10;BUS;NO;DISTRITAL;1,11001E+11;COLEGIO INSTITUTO TECNICO DISTRITAL JULIO FLOREZ (IED);A;ÚNICA;URBANO;5:15;14:25;14:30;1;1;2;1;1;1;1;1;0;0;GENERAL;6:15;315;375;-1;620;0;620;14239,06851;139,9194782;1295;998520,9709;1012624,117;1000830,372;1010624,117;6;23;5;27,6;La Alahambra
R1;U-514;11;SUBA;3_SII_2025;UNIÓN TEMPORAL VET 2023;URBANO;10;BUS;NO;DISTRITAL;1,11001E+11;COLEGIO INSTITUTO TECNICO DISTRITAL JULIO FLOREZ (IED);A;ÚNICA;URBANO;5:15;14:25;14:30;1;1;2;1;1;1;1;1;0;0;GENERAL;6:15;315;375;-1;322;0;322;9660,719512;321,6172927;1295;998520,9709;1012624,117;1000830,372;1010624,117;6;23;5;19,411;La Alahambra
R1;U-515;11;SUBA;3_SII_2025;UNIÓN TEMPORAL VET 2023;URBANO;11;BUSETA;NO;DISTRITAL;1,11001E+11;COLEGIO INSTITUTO TECNICO DISTRITAL JULIO FLOREZ (IED);A;ÚNICA;URBANO;5:15;14:25;14:30;1;1;2;1;1;1;1;1;0;0;GENERAL;6:15;315;375;-1;670;0;670;15625,49823;139,4438766;1295;998520,9709;1012624,117;1000830,372;1010624,117;6;23;5;29,831;La Alahambra
R1;U-1022;12;BARRIOS UNIDOS;6_SII_2025;UNIÓN TEMPORAL LCT-2022;URBANO;13;MICROBUS;NO;DISTRITAL;1,11001E+11;COLEGIO TOMAS CARRASQUILLA (IED);A/B;ÚNICA;URBANO;5:00;13:00;13:05;1;1;2;1;1;1;1;1;0;0;GENERAL;6:00;300;360;-1;539;0;539;13467,03241;317,2908292;1296;998520,9709;1010624,117;1000830,372;1008624,117;7;23;5;27,943;Bolera el Salitre
R1;U-1116;12;BARRIOS UNIDOS;6_SII_2025;UNIÓN TEMPORAL LCT-2022;URBANO;10;BUS;NO;DISTRITAL;1,11001E+11;COLEGIO TOMAS CARRASQUILLA (IED);A/B;ÚNICA;URBANO;5:00;14:00;14:05;1;1;2;1;1;1;1;1;0;0;GENERAL;6:00;300;360;-1;481;0;481;12305,37519;127,9264399;1296;998520,9709;1010624,117;1000830,372;1008624,117;7;23;5;24,649;Bolera el Salitre
R1;U-1509;11;SUBA;3_SII_2025;UNIÓN TEMPORAL VET 2023;URBANO;10;BUS;NO;DISTRITAL;1,11001E+11;COLEGIO INSTITUTO TECNICO DISTRITAL JULIO FLOREZ (IED);B;ÚNICA;URBANO;5:15;14:25;14:30;1;1;2;1;1;1;1;1;0;0;GENERAL;6:15;315;375;-1;628;0;628;14092,72114;235,0973484;1296;998520,9709;1010624,117;1000830,372;1008624,117;7;23;5;29,046;Bolera el Salitre
R1;U-359;10;ENGATIVA;6_SII_2025;UNIÓN TEMPORAL LCT-2022;URBANO;11;BUSETA;NO;DISTRITAL;1,11001E+11;COLEGIO INSTITUTO TECNICO DISTRITAL REPUBLICA DE GUATEMALA (IED);A;MAÑANA/ÚNICA;URBANO;5:30;12:30;12:35;1;1;2;1;1;1;1;1;0;0;GENERAL;6:15;330;375;-1;414;0;414;9419,924153;146,222892;1296;998520,9709;1010624,117;1000830,372;1008624,117;7;23;5;18,863;Bolera el Salitre
R1;U-361;10;ENGATIVA;6_SII_2025;UNIÓN TEMPORAL LCT-2022;URBANO;11;BUSETA;NO;DISTRITAL;1,11001E+11;COLEGIO INSTITUTO TECNICO DISTRITAL REPUBLICA DE GUATEMALA (IED);A;MAÑANA/ÚNICA;URBANO;5:30;12:40;12:45;1;1;2;1;1;1;1;1;0;0;GENERAL;6:15;330;375;-1;406;0;406;9023,573021;141,6181165;1296;998520,9709;1010624,117;1000830,372;1008624,117;7;23;5;17,046;Bolera el Salitre
R1;U-363;10;ENGATIVA;6_SII_2025;UNIÓN TEMPORAL LCT-2022;URBANO;10;BUS;NO;DISTRITAL;1,11001E+11;COLEGIO INSTITUTO TECNICO DISTRITAL REPUBLICA DE GUATEMALA (IED);A;MAÑANA/ÚNICA;URBANO;5:20;12:30;12:35;1;1;2;1;1;1;1;1;0;0;GENERAL;6:15;320;375;-1;656;0;656;13510,17861;141,6181165;1296;998520,9709;1010624,117;1000830,372;1008624,117;7;23;5;27,155;Bolera el Salitre
R1;U-364;10;ENGATIVA;6_SII_2025;UNIÓN TEMPORAL LCT-2022;URBANO;10;BUS;NO;DISTRITAL;1,11001E+11;COLEGIO INSTITUTO TECNICO DISTRITAL REPUBLICA DE GUATEMALA (IED);A;MAÑANA/ÚNICA;URBANO;5:15;12:30;12:35;1;1;2;1;1;1;1;1;0;0;GENERAL;6:15;315;375;-1;675;0;675;13880,62684;180,0007574;1296;998520,9709;1010624,117;1000830,372;1008624,117;7;23;5;30,289;Bolera el Salitre
R1;U-368;10;ENGATIVA;6_SII_2025;UNIÓN TEMPORAL LCT-2022;URBANO;11;BUSETA;NO;DISTRITAL;1,11001E+11;COLEGIO INSTITUTO TECNICO JUAN DEL CORRAL (IED);B;ÚNICA;URBANO;5:20;13:10;13:15;1;1;2;1;1;1;1;1;0;0;GENERAL;6:20;320;380;-1;695;0;695;15911,74989;231,2820268;1296;998520,9709;1010624,117;1000830,372;1008624,117;7;23;5;30,515;Bolera el Salitre
R1;U-369;10;ENGATIVA;6_SII_2025;UNIÓN TEMPORAL LCT-2022;URBANO;11;BUSETA;NO;DISTRITAL;1,11001E+11;COLEGIO INSTITUTO TECNICO JUAN DEL CORRAL (IED);A;ÚNICA;URBANO;5:35;14:05;14:10;1;1;2;1;1;1;1;1;0;0;GENERAL;6:20;335;380;-1;442;0;442;10264,86564;143,902275;1296;998520,9709;1010624,117;1000830,372;1008624,117;7;23;5;19,538;Bolera el Salitre
R1;U-370;10;ENGATIVA;6_SII_2025;UNIÓN TEMPORAL LCT-2022;URBANO;13;MICROBUS;NO;DISTRITAL;1,11001E+11;COLEGIO INSTITUTO TECNICO JUAN DEL CORRAL (IED);A;ÚNICA;URBANO;5:20;14:05;14:10;1;1;2;1;1;1;1;1;0;0;GENERAL;6:20;320;380;-1;531;0;531;12473,6294;47,2164044;1296;998520,9709;1010624,117;1000830,372;1008624,117;7;23;5;24,894;Bolera el Salitre
R1;U-371;10;ENGATIVA;6_SII_2025;UNIÓN TEMPORAL LCT-2022;URBANO;13;MICROBUS;NO;DISTRITAL;1,11001E+11;COLEGIO INSTITUTO TECNICO JUAN DEL CORRAL (IED);A;ÚNICA;URBANO;5:50;14:05;14:10;1;1;2;1;1;1;1;1;0;0;GENERAL;6:20;350;380;-1;402;0;402;8621,913721;141,5402413;1296;998520,9709;1010624,117;1000830,372;1008624,117;7;23;5;18,269;Bolera el Salitre
R1;U-373;10;ENGATIVA;6_SII_2025;UNIÓN TEMPORAL LCT-2022;URBANO;13;MICROBUS;NO;DISTRITAL;1,11001E+11;COLEGIO INSTITUTO TECNICO JUAN DEL CORRAL (IED);B;ÚNICA;URBANO;5:20;13:10;13:15;1;1;2;1;1;1;1;1;0;0;GENERAL;6:20;320;380;-1;464;0;464;10071,34605;143,0389659;1296;998520,9709;1010624,117;1000830,372;1008624,117;7;23;5;19,433;Bolera el Salitre
R1;U-402;10;ENGATIVA;6_SII_2025;UNIÓN TEMPORAL LCT-2022;URBANO;13;MICROBUS;NO;DISTRITAL;1,11001E+11;COLEGIO NACIONES UNIDAS (IED);A/B;ÚNICA;URBANO;5:25;13:30;13:35;1;1;2;1;1;1;1;1;0;0;GENERAL;6:00;325;360;-1;336;0;336;10034,48365;229,4937911;1296;998520,9709;1010624,117;1000830,372;1008624,117;7;23;5;18,876;Bolera el Salitre
R1;U-404;10;ENGATIVA;6_SII_2025;UNIÓN TEMPORAL LCT-2022;URBANO;13;MICROBUS;NO;DISTRITAL;1,11001E+11;COLEGIO NACIONES UNIDAS (IED);A/B;ÚNICA;URBANO;5:00;13:30;13:35;1;1;2;1;1;1;1;1;0;0;GENERAL;6:00;300;360;-1;492;0;492;14007,11977;324,3727535;1296;998520,9709;1010624,117;1000830,372;1008624,117;7;23;5;25,923;Bolera el Salitre
R1;U-406;10;ENGATIVA;6_SII_2025;UNIÓN TEMPORAL LCT-2022;URBANO;11;BUSETA;NO;DISTRITAL;1,11001E+11;COLEGIO NACIONES UNIDAS (IED);B;ÚNICA;URBANO;5:10;13:30;13:35;1;1;2;1;1;1;1;1;0;0;GENERAL;6:00;310;360;-1;484;0;484;12151,98736;142,0335325;1296;998520,9709;1010624,117;1000830,372;1008624,117;7;23;5;24,033;Bolera el Salitre
R1;U-410;10;ENGATIVA;6_SII_2025;UNIÓN TEMPORAL LCT-2022;URBANO;10;BUS;NO;DISTRITAL;1,11001E+11;COLEGIO BOLIVIA (IED);A;TARDE;URBANO;11:10;18:10;18:15;2;2;4;1;1;1;1;1;0;0;GENERAL;12:30;670;750;-1;637;0;637;13902,93909;230,8042879;1296;998520,9709;1010624,117;1000830,372;1008624,117;7;23;5;27,072;Bolera el Salitre
R1;U-411;10;ENGATIVA;6_SII_2025;UNIÓN TEMPORAL LCT-2022;URBANO;10;BUS;NO;DISTRITAL;1,11001E+11;COLEGIO BOLIVIA (IED);A;MAÑANA;URBANO;5:30;12:10;12:15;1;1;2;1;1;1;1;1;0;0;GENERAL;6:30;330;390;-1;392;0;392;11544,3692;231,20059;1296;998520,9709;1010624,117;1000830,372;1008624,117;7;23;5;21,029;Bolera el Salitre
R1;U-412;10;ENGATIVA;6_SII_2025;UNIÓN TEMPORAL LCT-2022;URBANO;10;BUS;NO;DISTRITAL;1,11001E+11;COLEGIO BOLIVIA (IED);A;TARDE;URBANO;11:30;18:10;18:15;1;1;2;1;1;1;1;1;0;0;GENERAL;12:30;690;750;-1;383;0;383;10072,92591;51,47583895;1296;998520,9709;1010624,117;1000830,372;1008624,117;7;23;5;20,908;Bolera el Salitre
R1;U-413;10;ENGATIVA;6_SII_2025;UNIÓN TEMPORAL LCT-2022;URBANO;10;BUS;NO;DISTRITAL;1,11001E+11;COLEGIO BOLIVIA (IED);A;MAÑANA;URBANO;5:30;12:10;12:15;1;1;2;1;1;1;1;1;0;0;GENERAL;6:30;330;390;-1;550;0;550;14614,43698;231,1024961;1296;998520,9709;1010624,117;1000830,372;1008624,117;7;23;5;28,691;Bolera el Salitre
R1;U-414;10;ENGATIVA;6_SII_2025;UNIÓN TEMPORAL LCT-2022;URBANO;13;MICROBUS;NO;DISTRITAL;1,11001E+11;COLEGIO BOLIVIA (IED);A;MAÑANA;URBANO;5:30;12:10;12:15;1;1;2;1;1;1;1;1;0;0;GENERAL;6:30;330;390;-1;437;0;437;10550,98686;230,1231799;1296;998520,9709;1010624,117;1000830,372;1008624,117;7;23;5;23,99;Bolera el Salitre
R1;U-415;10;ENGATIVA;6_SII_2025;UNIÓN TEMPORAL LCT-2022;URBANO;10;BUS;NO;DISTRITAL;1,11001E+11;COLEGIO BOLIVIA (IED);A;TARDE;URBANO;11:20;18:10;18:15;2;2;4;1;1;1;1;1;0;0;GENERAL;12:30;680;750;-1;997;0;997;20569,6658;231,5078003;1296;998520,9709;1010624,117;1000830,372;1008624,117;7;23;5;40,441;Bolera el Salitre
R1;U-416;10;ENGATIVA;1_CV_2025;CONSORCIO RUTAS SEGURAS;URBANO;14;VAN;NO;DISTRITAL;1,11001E+11;COLEGIO BOLIVIA (IED);A;TARDE;URBANO;11:40;18:15;18:20;1;1;2;1;1;1;1;1;0;0;GENERAL;12:30;700;750;-1;546;0;546;11618,37297;232,217658;1296;998520,9709;1010624,117;1000830,372;1008624,117;7;23;5;22,369;Bolera el Salitre
R1;U-417;10;ENGATIVA;6_SII_2025;UNIÓN TEMPORAL LCT-2022;URBANO;13;MICROBUS;NO;DISTRITAL;1,11001E+11;COLEGIO BOLIVIA (IED);A;MAÑANA;URBANO;5:10;12:10;12:15;2;2;4;1;1;1;1;1;0;0;GENERAL;6:30;310;390;-1;923;0;923;21664,51461;228,9088214;1296;998520,9709;1010624,117;1000830,372;1008624,117;7;23;5;46,836;Bolera el Salitre
R1;U-426;10;ENGATIVA;6_SII_2025;UNIÓN TEMPORAL LCT-2022;URBANO;10;BUS;NO;DISTRITAL;1,11001E+11;COLEGIO REPUBLICA DE COLOMBIA (IED);A/B/C;ÚNICA;URBANO;5:30;13:00;13:05;1;1;2;1;1;1;1;1;0;0;GENERAL;6:30;330;390;-1;421;0;421;10335,53684;48,90960625;1296;998520,9709;1010624,117;1000830,372;1008624,117;7;23;5;20,472;Bolera el Salitre
R1;U-431;10;ENGATIVA;6_SII_2025;UNIÓN TEMPORAL LCT-2022;URBANO;11;BUSETA;NO;DISTRITAL;1,11001E+11;COLEGIO REPUBLICA DE COLOMBIA (IED);A/B/C;ÚNICA;URBANO;5:30;13:00;13:05;1;1;2;1;1;1;1;1;0;0;GENERAL;6:30;330;390;-1;309;0;309;9321,846864;48,10863942;1296;998520,9709;1010624,117;1000830,372;1008624,117;7;23;5;19,267;Bolera el Salitre
R1;U-503;11;SUBA;3_SII_2025;UNIÓN TEMPORAL VET 2023;URBANO;10;BUS;NO;DISTRITAL;1,11001E+11;COLEGIO INSTITUTO TECNICO DISTRITAL JULIO FLOREZ (IED);B;ÚNICA;URBANO;5:15;14:25;14:30;1;1;2;1;1;1;1;1;0;0;GENERAL;6:15;315;375;-1;569;0;569;13171,98382;235,32171;1296;998520,9709;1010624,117;1000830,372;1008624,117;7;23;5;27,306;Bolera el Salitre
R1;U-505;11;SUBA;3_SII_2025;UNIÓN TEMPORAL VET 2023;URBANO;10;BUS;NO;DISTRITAL;1,11001E+11;COLEGIO INSTITUTO TECNICO DISTRITAL JULIO FLOREZ (IED);B;ÚNICA;URBANO;5:15;14:25;14:30;1;1;2;1;1;1;1;1;0;0;GENERAL;6:15;315;375;-1;594;0;594;14667,93447;234,9753853;1296;998520,9709;1010624,117;1000830,372;1008624,117;7;23;5;30,2;Bolera el Salitre
R1;U-506;11;SUBA;3_SII_2025;UNIÓN TEMPORAL VET 2023;URBANO;10;BUS;NO;DISTRITAL;1,11001E+11;COLEGIO INSTITUTO TECNICO DISTRITAL JULIO FLOREZ (IED);B;ÚNICA;URBANO;5:15;14:25;14:30;1;1;2;1;1;1;1;1;0;0;GENERAL;6:15;315;375;-1;728;0;728;14805,67951;233,2214397;1296;998520,9709;1010624,117;1000830,372;1008624,117;7;23;5;29,339;Bolera el Salitre
R1;U-507;11;SUBA;3_SII_2025;UNIÓN TEMPORAL VET 2023;URBANO;10;BUS;NO;DISTRITAL;1,11001E+11;COLEGIO INSTITUTO TECNICO DISTRITAL JULIO FLOREZ (IED);B;ÚNICA;URBANO;5:15;14:25;14:30;1;1;2;1;1;1;1;1;0;0;GENERAL;6:15;315;375;-1;564;0;564;13376,08325;235,7083049;1296;998520,9709;1010624,117;1000830,372;1008624,117;7;23;5;26,621;Bolera el Salitre
R1;U-509;11;SUBA;3_SII_2025;UNIÓN TEMPORAL VET 2023;URBANO;10;BUS;NO;DISTRITAL;1,11001E+11;COLEGIO INSTITUTO TECNICO DISTRITAL JULIO FLOREZ (IED);B;ÚNICA;URBANO;5:15;14:25;14:30;1;1;2;1;1;1;1;1;0;0;GENERAL;6:15;315;375;-1;580;0;580;17425,88741;234,9859939;1296;998520,9709;1010624,117;1000830,372;1008624,117;7;23;5;33,116;Bolera el Salitre
R1;U-513;11;SUBA;3_SII_2025;UNIÓN TEMPORAL VET 2023;URBANO;10;BUS;NO;DISTRITAL;1,11001E+11;COLEGIO INSTITUTO TECNICO DISTRITAL JULIO FLOREZ (IED);B;ÚNICA;URBANO;5:15;14:25;14:30;1;1;2;1;1;1;1;1;0;0;GENERAL;6:15;315;375;-1;556;0;556;10498,58725;235,7083049;1296;998520,9709;1010624,117;1000830,372;1008624,117;7;23;5;21,946;Bolera el Salitre
R1;U-652;12;BARRIOS UNIDOS;6_SII_2025;UNIÓN TEMPORAL LCT-2022;URBANO;11;BUSETA;NO;DISTRITAL;1,11001E+11;COLEGIO TOMAS CARRASQUILLA (IED);A/B;ÚNICA;URBANO;5:00;14:00;14:05;1;1;2;1;1;1;1;1;0;0;GENERAL;6:00;300;360;-1;588;0;588;13465,15426;127,3841473;1296;998520,9709;1010624,117;1000830,372;1008624,117;7;23;5;28,711;Bolera el Salitre
R1;U-653;12;BARRIOS UNIDOS;6_SII_2025;UNIÓN TEMPORAL LCT-2022;URBANO;13;MICROBUS;NO;DISTRITAL;1,11001E+11;COLEGIO TOMAS CARRASQUILLA (IED);A/B;ÚNICA;URBANO;5:00;14:00;14:05;1;1;2;1;1;1;1;1;0;0;GENERAL;6:00;300;360;-1;663;0;663;13822,65166;127,6545409;1296;998520,9709;1010624,117;1000830,372;1008624,117;7;23;5;27,473;Bolera el Salitre
R1;U-654;12;BARRIOS UNIDOS;6_SII_2025;UNIÓN TEMPORAL LCT-2022;URBANO;11;BUSETA;NO;DISTRITAL;1,11001E+11;COLEGIO TOMAS CARRASQUILLA (IED);A/B;ÚNICA;URBANO;5:00;14:00;14:05;1;1;2;1;1;1;1;1;0;0;GENERAL;6:00;300;360;-1;530;0;530;13525,80663;127,6545409;1296;998520,9709;1010624,117;1000830,372;1008624,117;7;23;5;28,946;Bolera el Salitre
R1;U-656;12;BARRIOS UNIDOS;6_SII_2025;UNIÓN TEMPORAL LCT-2022;URBANO;13;MICROBUS;NO;DISTRITAL;1,11001E+11;COLEGIO TOMAS CARRASQUILLA (IED);A/B;ÚNICA;URBANO;5:00;13:00;13:05;1;1;2;1;1;1;1;1;0;0;GENERAL;6:00;300;360;-1;365;0;365;10098,46796;128,325253;1296;998520,9709;1010624,117;1000830,372;1008624,117;7;23;5;21,388;Bolera el Salitre
R1;U-657;12;BARRIOS UNIDOS;6_SII_2025;UNIÓN TEMPORAL LCT-2022;URBANO;11;BUSETA;NO;DISTRITAL;1,11001E+11;COLEGIO TOMAS CARRASQUILLA (IED);A/B;ÚNICA;URBANO;5:00;13:00;13:05;1;1;2;1;1;1;1;1;0;0;GENERAL;6:00;300;360;-1;383;0;383;10639,33849;128,5668237;1296;998520,9709;1010624,117;1000830,372;1008624,117;7;23;5;23,516;Bolera el Salitre
R1;U-658;12;BARRIOS UNIDOS;6_SII_2025;UNIÓN TEMPORAL LCT-2022;URBANO;10;BUS;NO;DISTRITAL;1,11001E+11;COLEGIO TOMAS CARRASQUILLA (IED);A/B;ÚNICA;URBANO;5:00;14:00;14:05;1;1;2;1;1;1;1;1;0;0;GENERAL;6:00;300;360;-1;384;0;384;10653,08405;127,3841473;1296;998520,9709;1010624,117;1000830,372;1008624,117;7;23;5;23,545;Bolera el Salitre
R1;U-659;12;BARRIOS UNIDOS;6_SII_2025;UNIÓN TEMPORAL LCT-2022;URBANO;13;MICROBUS;NO;DISTRITAL;1,11001E+11;COLEGIO TOMAS CARRASQUILLA (IED);A/B;ÚNICA;URBANO;5:00;13:00;13:05;1;1;2;1;1;1;1;1;0;0;GENERAL;6:00;300;360;-1;384;0;384;10646,76183;128,5668237;1296;998520,9709;1010624,117;1000830,372;1008624,117;7;23;5;25,673;Bolera el Salitre
R1;U-660;12;BARRIOS UNIDOS;6_SII_2025;UNIÓN TEMPORAL LCT-2022;URBANO;13;MICROBUS;NO;DISTRITAL;1,11001E+11;COLEGIO TOMAS CARRASQUILLA (IED);A/B;ÚNICA;URBANO;5:00;14:00;14:05;1;1;2;1;1;1;1;1;0;0;GENERAL;6:00;300;360;-1;847;0;847;20341,02875;127,996224;1296;998520,9709;1010624,117;1000830,372;1008624,117;7;23;5;42,517;Bolera el Salitre
R1;U-661;12;BARRIOS UNIDOS;6_SII_2025;UNIÓN TEMPORAL LCT-2022;URBANO;13;MICROBUS;NO;DISTRITAL;1,11001E+11;COLEGIO TOMAS CARRASQUILLA (IED);A/B;ÚNICA;URBANO;5:05;14:00;14:05;1;1;2;1;1;1;1;1;0;0;GENERAL;6:00;305;360;-1;499;0;499;10495,3371;128,325253;1296;998520,9709;1010624,117;1000830,372;1008624,117;7;23;5;21,451;Bolera el Salitre
R1;U-662;12;BARRIOS UNIDOS;6_SII_2025;UNIÓN TEMPORAL LCT-2022;URBANO;11;BUSETA;NO;DISTRITAL;1,11001E+11;COLEGIO TOMAS CARRASQUILLA (IED);A/B;ÚNICA;URBANO;5:00;13:00;13:05;1;1;2;1;1;1;1;1;0;0;GENERAL;6:00;300;360;-1;486;0;486;10488,86325;128,325253;1296;998520,9709;1010624,117;1000830,372;1008624,117;7;23;5;22,68;Bolera el Salitre
R1;U-663;12;BARRIOS UNIDOS;1_CV_2025;CONSORCIO RUTAS SEGURAS;URBANO;14;VAN;NO;DISTRITAL;1,11001E+11;COLEGIO TOMAS CARRASQUILLA (IED);A/B;ÚNICA;URBANO;5:00;13:00;13:05;1;1;2;1;1;1;1;1;0;0;GENERAL;6:00;300;360;-1;795;0;795;18312,14126;128,325253;1296;998520,9709;1010624,117;1000830,372;1008624,117;7;23;5;37,024;Bolera el Salitre
R1;U-670;12;BARRIOS UNIDOS;6_SII_2025;UNIÓN TEMPORAL LCT-2022;URBANO;11;BUSETA;NO;DISTRITAL;1,11001E+11;COLEGIO TOMAS CARRASQUILLA (IED);A/B;ÚNICA;URBANO;5:00;13:00;13:05;1;1;2;1;1;1;1;1;0;0;GENERAL;6:00;300;360;-1;687;0;687;15745,22597;128,325253;1296;998520,9709;1010624,117;1000830,372;1008624,117;7;23;5;27,596;Bolera el Salitre
R1;U-671;12;BARRIOS UNIDOS;6_SII_2025;UNIÓN TEMPORAL LCT-2022;URBANO;11;BUSETA;NO;DISTRITAL;1,11001E+11;COLEGIO TOMAS CARRASQUILLA (IED);A/B;ÚNICA;URBANO;5:10;14:00;14:05;1;1;2;1;1;1;1;1;0;0;GENERAL;6:00;310;360;-1;603;0;603;13133,77541;126,7783362;1296;998520,9709;1010624,117;1000830,372;1008624,117;7;23;5;26,784;Bolera el Salitre
R1;U-1117;12;BARRIOS UNIDOS;1_CV_2025;CONSORCIO RUTAS SEGURAS;URBANO;14;VAN;NO;DISTRITAL;1,11001E+11;COLEGIO JORGE ELIECER GAITAN (IED);C;ÚNICA;URBANO;6:00;13:00;13:05;2;2;4;1;1;1;1;1;0;0;GENERAL;7:15;360;435;-1;796;0;796;17378,0722;307,3635819;1297;998520,9709;1008624,117;1000830,372;1006624,117;8;23;5;34,442;Bolera el Salitre
R1;U-1118;12;BARRIOS UNIDOS;6_SII_2025;UNIÓN TEMPORAL LCT-2022;URBANO;13;MICROBUS;NO;DISTRITAL;1,11001E+11;COLEGIO FRANCISCO PRIMERO S.S. (IED);B;ÚNICA;URBANO;5:00;14:15;14:20;2;2;4;1;1;1;1;1;0;0;GENERAL;6:15;300;375;-1;901;0;901;18596,88489;35,97349092;1297;998520,9709;1008624,117;1000830,372;1006624,117;8;23;5;36,291;Bolera el Salitre
R1;U-1466;12;BARRIOS UNIDOS;6_SII_2025;UNIÓN TEMPORAL LCT-2022;URBANO;13;MICROBUS;NO;DISTRITAL;1,11001E+11;COLEGIO REPUBLICA DE PANAMA (IED);A;ÚNICA;URBANO;5:20;14:15;14:20;1;1;2;1;1;1;1;1;0;0;GENERAL;6:20;320;380;-1;845;0;845;18352,23555;214,5979203;1297;998520,9709;1008624,117;1000830,372;1006624,117;8;23;5;35,682;Bolera el Salitre
R1;U-1548;12;BARRIOS UNIDOS;2_CV_2025;CONSORCIO RUTAS SEGURAS;URBANO;14;VAN-E;NO;DISTRITAL;1,11001E+11;COLEGIO JORGE ELIECER GAITAN (IED);C;ÚNICA;URBANO;6:40;13:00;13:05;1;1;2;1;1;1;1;1;0;0;FUNDACIONES;7:15;400;435;-1;135;0;135;4144,076342;305,4470407;1297;998520,9709;1008624,117;1000830,372;1006624,117;8;23;5;9,177;Bolera el Salitre
R1;U-1549;12;BARRIOS UNIDOS;6_SII_2025;UNIÓN TEMPORAL LCT-2022;URBANO;11;BUSETA;NO;DISTRITAL;1,11001E+11;COLEGIO FRANCISCO PRIMERO S.S. (IED);A/B/C;ÚNICA;URBANO;5:20;14:15;14:20;1;1;2;1;1;1;1;1;0;0;FUNDACIONES;6:20;320;380;-1;470;0;470;13059,7103;40,69587264;1297;998520,9709;1008624,117;1000830,372;1006624,117;8;23;5;28,838;Bolera el Salitre
R1;U-1550;12;BARRIOS UNIDOS;6_SII_2025;UNIÓN TEMPORAL LCT-2022;URBANO;13;MICROBUS;NO;DISTRITAL;1,11001E+11;COLEGIO FRANCISCO PRIMERO S.S. (IED);D;ÚNICA;URBANO;5:45;12:20;12:25;1;1;2;1;1;1;1;1;0;0;FUNDACIONES;6:20;345;380;-1;115;0;115;3456,522477;41,00911375;1297;998520,9709;1008624,117;1000830,372;1006624,117;8;23;5;8,577;Bolera el Salitre
R1;U-1640;12;BARRIOS UNIDOS;6_SII_2025;UNIÓN TEMPORAL LCT-2022;URBANO;13;MICROBUS;NO;DISTRITAL;1,11001E+11;COLEGIO FRANCISCO PRIMERO S.S. (IED);A/B;ÚNICA;URBANO;5:50;14:10;14:15;1;1;2;1;1;1;1;1;0;0;FUNDACIONES;6:20;350;380;-1;191;0;191;3290,595075;36,24982137;1297;998520,9709;1008624,117;1000830,372;1006624,117;8;23;5;6,363;Bolera el Salitre
R1;U-585;12;BARRIOS UNIDOS;1_CV_2025;CONSORCIO RUTAS SEGURAS;URBANO;14;VAN;NO;DISTRITAL;1,11001E+11;COLEGIO FRANCISCO PRIMERO S.S. (IED);A/C;ÚNICA;URBANO;5:00;14:15;14:20;2;2;4;1;1;1;1;1;0;0;GENERAL;6:10;300;370;-1;853;0;853;19829,28482;36,96180837;1297;998520,9709;1008624,117;1000830,372;1006624,117;8;23;5;38,267;Bolera el Salitre
R1;U-589;12;BARRIOS UNIDOS;6_SII_2025;UNIÓN TEMPORAL LCT-2022;URBANO;13;MICROBUS;NO;DISTRITAL;1,11001E+11;COLEGIO FRANCISCO PRIMERO S.S. (IED);A/C;ÚNICA;URBANO;5:25;14:15;14:20;2;2;4;1;1;1;1;1;0;0;GENERAL;6:30;325;390;-1;639;0;639;18050,19635;40,69587652;1297;998520,9709;1008624,117;1000830,372;1006624,117;8;23;5;33,124;Bolera el Salitre
R1;U-593;12;BARRIOS UNIDOS;6_SII_2025;UNIÓN TEMPORAL LCT-2022;URBANO;13;MICROBUS;NO;DISTRITAL;1,11001E+11;COLEGIO FRANCISCO PRIMERO S.S. (IED);A/B/C;ÚNICA;URBANO;5:30;14:15;14:20;1;1;2;1;1;1;1;1;0;0;GENERAL;6:30;330;390;-1;800;0;800;18805,78176;40,69587652;1297;998520,9709;1008624,117;1000830,372;1006624,117;8;23;5;40,009;Bolera el Salitre
R1;U-594;12;BARRIOS UNIDOS;1_CV_2025;CONSORCIO RUTAS SEGURAS;URBANO;12;CAMIONETA;NO;DISTRITAL;1,11001E+11;COLEGIO FRANCISCO PRIMERO S.S. (IED);C;ÚNICA;URBANO;5:20;12:20;12:25;1;1;2;1;1;1;1;1;0;0;GENERAL;6:20;320;380;-1;679;0;679;14648,23224;39,89971333;1297;998520,9709;1008624,117;1000830,372;1006624,117;8;23;5;33,569;Bolera el Salitre
R1;U-595;12;BARRIOS UNIDOS;6_SII_2025;UNIÓN TEMPORAL LCT-2022;URBANO;11;BUSETA;NO;DISTRITAL;1,11001E+11;COLEGIO FRANCISCO PRIMERO S.S. (IED);B;ÚNICA;URBANO;5:00;14:15;14:20;1;1;2;1;1;1;1;1;0;0;GENERAL;6:00;300;360;-1;876;0;876;18362,98561;35,97349092;1297;998520,9709;1008624,117;1000830,372;1006624,117;8;23;5;38,953;Bolera el Salitre
R1;U-597;12;BARRIOS UNIDOS;1_CV_2025;CONSORCIO RUTAS SEGURAS;URBANO;12;CAMIONETA-MR;SI;DISTRITAL;1,11001E+11;COLEGIO FRANCISCO PRIMERO S.S. (IED);B;ÚNICA;URBANO;5:20;14:15;14:20;1;1;2;1;1;1;1;1;0;0;GENERAL;6:20;320;380;-1;32;0;32;3867,175841;35,9428756;1297;998520,9709;1008624,117;1000830,372;1006624,117;8;23;5;7,375;Bolera el Salitre
R1;U-601;12;BARRIOS UNIDOS;6_SII_2025;UNIÓN TEMPORAL LCT-2022;URBANO;13;MICROBUS;NO;DISTRITAL;1,11001E+11;COLEGIO JORGE ELIECER GAITAN (IED);B;ÚNICA;URBANO;5:00;13:30;13:35;1;1;2;1;1;1;1;1;0;0;GENERAL;6:00;300;360;-1;617;0;617;13347,4683;325,5305236;1297;998520,9709;1008624,117;1000830,372;1006624,117;8;23;5;26,403;Bolera el Salitre
R1;U-602;12;BARRIOS UNIDOS;6_SII_2025;UNIÓN TEMPORAL LCT-2022;URBANO;10;BUS;NO;DISTRITAL;1,11001E+11;COLEGIO JORGE ELIECER GAITAN (IED);A;ÚNICA;URBANO;5:30;13:55;14:00;1;1;2;1;1;1;1;1;0;0;GENERAL;6:30;330;390;-1;819;0;819;19306,78106;127,4760366;1297;998520,9709;1008624,117;1000830,372;1006624,117;8;23;5;35,577;Bolera el Salitre
R1;U-603;12;BARRIOS UNIDOS;6_SII_2025;UNIÓN TEMPORAL LCT-2022;URBANO;13;MICROBUS;NO;DISTRITAL;1,11001E+11;COLEGIO JORGE ELIECER GAITAN (IED);A;ÚNICA;URBANO;5:30;14:05;14:10;1;1;2;1;1;1;1;1;0;0;GENERAL;6:30;330;390;-1;697;0;697;16327,0833;307,383668;1297;998520,9709;1008624,117;1000830,372;1006624,117;8;23;5;33,511;Bolera el Salitre
R1;U-605;12;BARRIOS UNIDOS;6_SII_2025;UNIÓN TEMPORAL LCT-2022;URBANO;13;MICROBUS;NO;DISTRITAL;1,11001E+11;COLEGIO JORGE ELIECER GAITAN (IED);B;ÚNICA;URBANO;5:05;13:30;13:35;1;2;3;1;1;1;1;1;0;0;GENERAL;6:00;305;360;-1;671;0;671;15069,87367;320,1003469;1297;998520,9709;1008624,117;1000830,372;1006624,117;8;23;5;31,379;Bolera el Salitre
R1;U-606;12;BARRIOS UNIDOS;6_SII_2025;UNIÓN TEMPORAL LCT-2022;URBANO;13;MICROBUS;NO;DISTRITAL;1,11001E+11;COLEGIO JORGE ELIECER GAITAN (IED);A;ÚNICA;URBANO;5:30;14:05;14:10;1;1;2;1;1;1;1;1;0;0;GENERAL;6:30;330;390;-1;725;0;725;18356,79487;127,4760366;1297;998520,9709;1008624,117;1000830,372;1006624,117;8;23;5;37,578;Bolera el Salitre
R1;U-607;12;BARRIOS UNIDOS;6_SII_2025;UNIÓN TEMPORAL LCT-2022;URBANO;11;BUSETA;NO;DISTRITAL;1,11001E+11;COLEGIO JORGE ELIECER GAITAN (IED);A;ÚNICA;URBANO;5:30;14:05;14:10;1;1;2;1;1;1;1;1;0;0;GENERAL;6:30;330;390;-1;593;0;593;13021,04003;306,7779634;1297;998520,9709;1008624,117;1000830,372;1006624,117;8;23;5;26,078;Bolera el Salitre
R1;U-608;12;BARRIOS UNIDOS;6_SII_2025;UNIÓN TEMPORAL LCT-2022;URBANO;13;MICROBUS;NO;DISTRITAL;1,11001E+11;COLEGIO JORGE ELIECER GAITAN (IED);B;ÚNICA;URBANO;5:20;13:30;13:35;1;1;2;1;1;1;1;1;0;0;GENERAL;6:00;320;360;-1;503;0;503;11473,21753;327,6379797;1297;998520,9709;1008624,117;1000830,372;1006624,117;8;23;5;22,757;Bolera el Salitre
R1;U-628;12;BARRIOS UNIDOS;6_SII_2025;UNIÓN TEMPORAL LCT-2022;URBANO;10;BUS;NO;DISTRITAL;1,11001E+11;COLEGIO RAFAEL BERNAL JIMENEZ (IED);A;ÚNICA;URBANO;5:20;14:10;14:15;1;1;2;1;1;1;1;1;0;0;GENERAL;6:10;320;370;-1;622;0;622;14024,41505;307,7818491;1297;998520,9709;1008624,117;1000830,372;1006624,117;8;23;5;30,352;Bolera el Salitre
R1;U-631;12;BARRIOS UNIDOS;6_SII_2025;UNIÓN TEMPORAL LCT-2022;URBANO;13;MICROBUS;NO;DISTRITAL;1,11001E+11;COLEGIO REPUBLICA DE PANAMA (IED);A/B/C;ÚNICA;URBANO;5:30;13:10;13:15;1;1;2;1;1;1;1;1;0;0;GENERAL;6:20;330;380;-1;397;0;397;11913,31686;214,5979203;1297;998520,9709;1008624,117;1000830,372;1006624,117;8;23;5;24,232;Bolera el Salitre
R1;U-632;12;BARRIOS UNIDOS;6_SII_2025;UNIÓN TEMPORAL LCT-2022;URBANO;13;MICROBUS;NO;DISTRITAL;1,11001E+11;COLEGIO REPUBLICA DE PANAMA (IED);A/B/C;ÚNICA;URBANO;5:00;13:10;13:15;2;2;4;1;1;1;1;1;0;0;GENERAL;6:20;300;380;-1;819;0;819;20258,41128;213,9515728;1297;998520,9709;1008624,117;1000830,372;1006624,117;8;23;5;42,754;Bolera el Salitre
R1;U-635;12;BARRIOS UNIDOS;1_CV_2025;CONSORCIO RUTAS SEGURAS;URBANO;14;VAN;NO;DISTRITAL;1,11001E+11;COLEGIO REPUBLICA DE PANAMA (IED);A;ÚNICA;URBANO;5:30;14:15;14:20;1;1;2;1;1;1;1;1;0;0;GENERAL;6:20;330;380;-1;336;0;336;10849,66768;32,55794779;1297;998520,9709;1008624,117;1000830,372;1006624,117;8;23;5;21,84;Bolera el Salitre
R1;U-636;12;BARRIOS UNIDOS;6_SII_2025;UNIÓN TEMPORAL LCT-2022;URBANO;13;MICROBUS;NO;DISTRITAL;1,11001E+11;COLEGIO REPUBLICA DE PANAMA (IED);A;ÚNICA;URBANO;5:20;14:15;14:20;1;1;2;1;1;1;1;1;0;0;GENERAL;6:20;320;380;-1;589;0;589;15052,03447;214,5979203;1297;998520,9709;1008624,117;1000830,372;1006624,117;8;23;5;30,414;Bolera el Salitre
R1;U-1412;12;BARRIOS UNIDOS;1_CV_2025;CONSORCIO RUTAS SEGURAS;URBANO;14;VAN;NO;DISTRITAL;1,11001E+11;COLEGIO FRANCISCO PRIMERO S.S. (IED);A/B;ÚNICA;URBANO;5:25;14:15;14:20;1;1;2;1;1;1;1;1;0;0;FUNDACIONES;6:20;325;380;-1;484;0;484;13163,88074;2,87192503;1298;998520,9709;1006624,117;1000830,372;1004624,117;9;23;5;25,322;Bolera el Salitre
R1;U-1398;14;LOS MARTIRES;7_SII_2025;UNIÓN TEMPORAL AMP 2022;URBANO;13;MICROBUS;NO;DISTRITAL;1,11001E+11;COLEGIO PANAMERICANO (IED);A;MAÑANA;URBANO;5:30;11:30;11:35;1;1;2;1;1;1;1;1;0;0;FUNDACIONES;6:30;330;390;-1;598;0;598;13459,08639;55,09996329;1299;998520,9709;1004624,117;1000830,372;1002624,117;10;23;5;28,471;0
R1;U-1399;14;LOS MARTIRES;7_SII_2025;UNIÓN TEMPORAL AMP 2022;URBANO;13;MICROBUS;NO;DISTRITAL;1,11001E+11;COLEGIO PANAMERICANO (IED);A;TARDE;URBANO;11:00;17:55;18:00;1;1;2;1;1;1;1;1;0;0;FUNDACIONES;12:00;660;720;-1;598;0;598;13459,08639;55,09996329;1299;998520,9709;1004624,117;1000830,372;1002624,117;10;23;5;28,471;0
R1;U-1097;14;LOS MARTIRES;1_CV_2025;CONSORCIO RUTAS SEGURAS;URBANO;14;VAN;NO;DISTRITAL;1,11001E+11;COLEGIO REPUBLICA BOLIVARIANA DE VENEZUELA (IED);A/B;ÚNICA;URBANO;5:35;12:15;12:20;1;1;2;1;1;1;1;1;0;0;GENERAL;6:20;335;380;-1;572;0;572;22891,00624;145,2135312;1300;998520,9709;1002624,117;1000830,372;1000624,117;11;23;5;44,727;0
R1;U-1472;14;LOS MARTIRES;1_CV_2025;CONSORCIO RUTAS SEGURAS;URBANO;12;CAMIONETA;NO;DISTRITAL;1,11001E+11;COLEGIO REPUBLICA BOLIVARIANA DE VENEZUELA (IED);A;ÚNICA;URBANO;5:40;13:15;13:20;1;1;2;1;1;1;1;1;0;0;GENERAL;6:20;340;380;-1;740;0;740;10492,32554;129,7092381;1300;998520,9709;1002624,117;1000830,372;1000624,117;11;23;5;19,174;0
R1;U-1473;14;LOS MARTIRES;7_SII_2025;UNIÓN TEMPORAL AMP 2022;URBANO;13;MICROBUS;NO;DISTRITAL;1,11001E+11;COLEGIO REPUBLICA BOLIVARIANA DE VENEZUELA (IED);A;ÚNICA;URBANO;5:00;13:15;13:20;2;2;4;1;1;1;1;1;0;0;GENERAL;6:20;300;380;-1;439;0;439;16278,09832;141,2445393;1300;998520,9709;1002624,117;1000830,372;1000624,117;11;23;5;33,023;0
R1;U-1474;14;LOS MARTIRES;7_SII_2025;UNIÓN TEMPORAL AMP 2022;URBANO;13;MICROBUS;NO;DISTRITAL;1,11001E+11;COLEGIO REPUBLICA BOLIVARIANA DE VENEZUELA (IED);A;ÚNICA;URBANO;4:50;13:15;13:20;2;2;4;1;1;1;1;1;0;0;GENERAL;6:20;290;380;-1;932;0;932;26639,05797;128,8952147;1300;998520,9709;1002624,117;1000830,372;1000624,117;11;23;5;54,355;0
R1;U-1475;14;LOS MARTIRES;7_SII_2025;UNIÓN TEMPORAL AMP 2022;URBANO;13;MICROBUS;NO;DISTRITAL;1,11001E+11;COLEGIO REPUBLICA BOLIVARIANA DE VENEZUELA (IED);A;ÚNICA;URBANO;4:40;13:15;13:20;2;2;4;1;1;1;1;1;0;0;GENERAL;6:20;280;380;-1;641;0;641;24223,15256;128,7773911;1300;998520,9709;1002624,117;1000830,372;1000624,117;11;23;5;46,977;0
R1;U-1476;14;LOS MARTIRES;7_SII_2025;UNIÓN TEMPORAL AMP 2022;URBANO;13;MICROBUS;NO;DISTRITAL;1,11001E+11;COLEGIO REPUBLICA BOLIVARIANA DE VENEZUELA (IED);A;ÚNICA;URBANO;4:50;13:15;13:20;2;2;4;1;1;1;1;1;0;0;GENERAL;6:20;290;380;-1;939;0;939;20080,51402;129,7092381;1300;998520,9709;1002624,117;1000830,372;1000624,117;11;23;5;41,224;0
R1;U-1477;14;LOS MARTIRES;1_CV_2025;CONSORCIO RUTAS SEGURAS;URBANO;12;CAMIONETA;NO;DISTRITAL;1,11001E+11;COLEGIO REPUBLICA BOLIVARIANA DE VENEZUELA (IED);A;ÚNICA;URBANO;4:55;13:15;13:20;2;2;4;1;1;1;1;1;0;0;GENERAL;6:20;295;380;-1;747;0;747;18283,88163;129,7092381;1300;998520,9709;1002624,117;1000830,372;1000624,117;11;23;5;37,847;0
R1;U-1478;14;LOS MARTIRES;7_SII_2025;UNIÓN TEMPORAL AMP 2022;URBANO;13;MICROBUS;NO;DISTRITAL;1,11001E+11;COLEGIO REPUBLICA BOLIVARIANA DE VENEZUELA (IED);A;ÚNICA;URBANO;5:00;13:15;13:20;2;2;4;1;1;1;1;1;0;0;GENERAL;6:20;300;380;-1;733;0;733;19224,12406;128,5642745;1300;998520,9709;1002624,117;1000830,372;1000624,117;11;23;5;39,144;0
R1;U-1479;14;LOS MARTIRES;1_CV_2025;CONSORCIO RUTAS SEGURAS;URBANO;12;CAMIONETA;NO;DISTRITAL;1,11001E+11;COLEGIO REPUBLICA BOLIVARIANA DE VENEZUELA (IED);A;ÚNICA;URBANO;4:55;13:15;13:20;2;2;4;1;1;1;1;1;0;0;GENERAL;6:20;295;380;-1;649;0;649;19187,49388;129,0480979;1300;998520,9709;1002624,117;1000830,372;1000624,117;11;23;5;37,525;0
R1;U-1480;14;LOS MARTIRES;1_CV_2025;CONSORCIO RUTAS SEGURAS;URBANO;14;VAN;NO;DISTRITAL;1,11001E+11;COLEGIO REPUBLICA BOLIVARIANA DE VENEZUELA (IED);A;ÚNICA;URBANO;4:50;13:15;13:20;2;2;4;1;1;1;1;1;0;0;GENERAL;6:20;290;380;-1;588;0;588;26981,39928;128,8452863;1300;998520,9709;1002624,117;1000830,372;1000624,117;11;23;5;54,499;0
R1;U-1481;14;LOS MARTIRES;2_CV_2025;CONSORCIO RUTAS SEGURAS;URBANO;12;CAMIONETA-H;NO;DISTRITAL;1,11001E+11;COLEGIO REPUBLICA BOLIVARIANA DE VENEZUELA (IED);A;ÚNICA;URBANO;5:20;13:15;13:20;1;1;2;1;1;1;1;1;0;0;GENERAL;6:20;320;380;-1;361;0;361;6783,995681;129,7092381;1300;998520,9709;1002624,117;1000830,372;1000624,117;11;23;5;15,431;0
R1;U-1482;14;LOS MARTIRES;7_SII_2025;UNIÓN TEMPORAL AMP 2022;URBANO;13;MICROBUS;NO;DISTRITAL;1,11001E+11;COLEGIO REPUBLICA BOLIVARIANA DE VENEZUELA (IED);A;ÚNICA;URBANO;4:40;13:15;13:20;2;2;4;1;1;1;1;1;0;0;GENERAL;6:20;280;380;-1;599;0;599;21968,75586;132,4129936;1300;998520,9709;1002624,117;1000830,372;1000624,117;11;23;5;44,81;0
R1;U-681;14;LOS MARTIRES;7_SII_2025;UNIÓN TEMPORAL AMP 2022;URBANO;13;MICROBUS;NO;DISTRITAL;1,11001E+11;COLEGIO REPUBLICA BOLIVARIANA DE VENEZUELA (IED);A/B;ÚNICA;URBANO;5:40;12:15;12:20;1;1;2;1;1;1;1;1;0;0;GENERAL;6:20;340;380;-1;166;0;166;5696,303462;129,4264874;1300;998520,9709;1002624,117;1000830,372;1000624,117;11;23;5;12,13;0
R1;U-684;14;LOS MARTIRES;1_CV_2025;CONSORCIO RUTAS SEGURAS;URBANO;14;VAN;NO;DISTRITAL;1,11001E+11;COLEGIO REPUBLICA BOLIVARIANA DE VENEZUELA (IED);A/B;ÚNICA;URBANO;5:20;12:15;12:20;1;1;2;1;1;1;1;1;0;0;GENERAL;6:20;320;380;-1;665;0;665;19830,88138;129,1401735;1300;998520,9709;1002624,117;1000830,372;1000624,117;11;23;5;39,56;0
R1;U-685;14;LOS MARTIRES;1_CV_2025;CONSORCIO RUTAS SEGURAS;URBANO;14;VAN;NO;DISTRITAL;1,11001E+11;COLEGIO REPUBLICA BOLIVARIANA DE VENEZUELA (IED);A/B;ÚNICA;URBANO;5:00;12:15;12:20;2;2;4;1;1;1;1;1;0;0;GENERAL;6:20;300;380;-1;527;0;527;23051,47302;129,7229592;1300;998520,9709;1002624,117;1000830,372;1000624,117;11;23;5;44,829;0
R1;U-696;14;LOS MARTIRES;7_SII_2025;UNIÓN TEMPORAL AMP 2022;URBANO;13;MICROBUS;NO;DISTRITAL;1,11001E+11;COLEGIO REPUBLICA BOLIVARIANA DE VENEZUELA (IED);A/B;ÚNICA;URBANO;5:20;12:15;12:20;1;1;2;1;1;1;1;1;0;0;GENERAL;6:20;320;380;-1;366;0;366;20026,99586;148,9501645;1300;998520,9709;1002624,117;1000830,372;1000624,117;11;23;5;38,498;0
R1;U-697;14;LOS MARTIRES;1_CV_2025;CONSORCIO RUTAS SEGURAS;URBANO;12;CAMIONETA;NO;DISTRITAL;1,11001E+11;COLEGIO REPUBLICA BOLIVARIANA DE VENEZUELA (IED);A/B;ÚNICA;URBANO;5:30;12:15;12:20;1;1;2;1;1;0;1;1;0;0;GENERAL;6:20;330;380;-1;404;0;404;9480,925692;129,0480979;1300;998520,9709;1002624,117;1000830,372;1000624,117;11;23;4;19,507;0
R1;U-698;14;LOS MARTIRES;1_CV_2025;CONSORCIO RUTAS SEGURAS;URBANO;12;CAMIONETA;NO;DISTRITAL;1,11001E+11;COLEGIO REPUBLICA BOLIVARIANA DE VENEZUELA (IED);A/B;ÚNICA;URBANO;5:35;12:15;12:20;1;1;2;1;1;1;1;1;0;0;GENERAL;6:20;335;380;-1;305;0;305;6436,667206;129,7092381;1300;998520,9709;1002624,117;1000830,372;1000624,117;11;23;5;15,269;0
R1;U-699;14;LOS MARTIRES;1_CV_2025;CONSORCIO RUTAS SEGURAS;URBANO;14;VAN;NO;DISTRITAL;1,11001E+11;COLEGIO REPUBLICA BOLIVARIANA DE VENEZUELA (IED);B;ÚNICA;URBANO;5:20;12:15;12:20;1;1;2;1;1;1;1;1;0;0;GENERAL;6:20;320;380;-1;371;0;371;14174,95506;140,2745733;1300;998520,9709;1002624,117;1000830,372;1000624,117;11;23;5;28,547;0
R1;U-1629;3;SANTAFE;7_SII_2025;UNIÓN TEMPORAL AMP 2022;URBANO;10;BUS;NO;DISTRITAL;1,11001E+11;COLEGIO ANTONIO JOSE URIBE (IED);A/B;ÚNICA;URBANO;6:30;12:45;12:50;1;1;2;1;1;1;1;1;0;0;GENERAL;7:10;390;430;-1;168;0;168;2707,924183;298,3606512;1301;998520,9709;1000624,117;1000830,372;998624,1172;12;23;5;4,293;0
R1;U-064;4;SAN CRISTOBAL;13_SII_2025;UNIÓN TEMPORAL SRD TRANSPORTE DE PASAJEROS COLOMBIA;URBANO;13;MICROBUS;NO;DISTRITAL;1,11001E+11;COLEGIO MANUELITA SAENZ (IED);A;MAÑANA;URBANO;5:45;11:00;11:05;1;1;2;1;1;1;1;1;0;0;GENERAL;6:30;345;390;-1;893;0;893;9134,968087;0,0006313;1302;998520,9709;998624,1172;1000830,372;996624,1172;13;23;5;18,803;0
R1;U-065;4;SAN CRISTOBAL;13_SII_2025;UNIÓN TEMPORAL SRD TRANSPORTE DE PASAJEROS COLOMBIA;URBANO;10;BUS;NO;DISTRITAL;1,11001E+11;COLEGIO MANUELITA SAENZ (IED);A;MAÑANA;URBANO;6:00;11:00;11:05;1;1;2;1;1;1;1;1;0;0;GENERAL;6:30;360;390;-1;371;0;371;3521,020182;108,3756828;1302;998520,9709;998624,1172;1000830,372;996624,1172;13;23;5;6,915;0
R1;U-066;4;SAN CRISTOBAL;13_SII_2025;UNIÓN TEMPORAL SRD TRANSPORTE DE PASAJEROS COLOMBIA;URBANO;13;MICROBUS;NO;DISTRITAL;1,11001E+11;COLEGIO MANUELITA SAENZ (IED);A;MAÑANA;URBANO;6:00;11:00;11:05;1;1;2;1;1;1;1;1;0;0;GENERAL;6:30;360;390;-1;330;0;330;5447,089391;7,46776315;1302;998520,9709;998624,1172;1000830,372;996624,1172;13;23;5;10,801;0
R1;U-067;4;SAN CRISTOBAL;13_SII_2025;UNIÓN TEMPORAL SRD TRANSPORTE DE PASAJEROS COLOMBIA;URBANO;13;MICROBUS;NO;DISTRITAL;1,11001E+11;COLEGIO MANUELITA SAENZ (IED);A;MAÑANA;URBANO;6:00;11:00;11:05;1;1;2;1;1;1;1;1;0;0;GENERAL;6:30;360;390;-1;897;0;897;8023,087776;10,04289354;1302;998520,9709;998624,1172;1000830,372;996624,1172;13;23;5;15,66;0
R1;U-068;4;SAN CRISTOBAL;13_SII_2025;UNIÓN TEMPORAL SRD TRANSPORTE DE PASAJEROS COLOMBIA;URBANO;11;BUSETA;NO;DISTRITAL;1,11001E+11;COLEGIO MANUELITA SAENZ (IED);A;TARDE;URBANO;11:50;17:00;17:05;1;1;2;1;1;1;1;1;0;0;GENERAL;12:30;710;750;-1;393;0;393;3815,718229;178,4039349;1302;998520,9709;998624,1172;1000830,372;996624,1172;13;23;5;7,282;0
R1;U-071;4;SAN CRISTOBAL;2_CV_2025;CONSORCIO RUTAS SEGURAS;URBANO;14;VAN;NO;DISTRITAL;1,11001E+11;COLEGIO MANUELITA SAENZ (IED);A;TARDE;URBANO;12:10;17:00;17:05;1;1;2;1;1;1;1;1;0;0;GENERAL;12:30;730;750;-1;170;0;170;4230,66431;0,569878644;1302;998520,9709;998624,1172;1000830,372;996624,1172;13;23;5;8,44;0
R1;U-062;4;SAN CRISTOBAL;13_SII_2025;UNIÓN TEMPORAL SRD TRANSPORTE DE PASAJEROS COLOMBIA;URBANO;13;MICROBUS;NO;DISTRITAL;1,11001E+11;COLEGIO LOS ALPES (IED);B;MAÑANA;URBANO;6:35;12:55;13:00;1;1;2;1;1;1;1;1;0;0;GENERAL;7:00;395;420;-1;359;0;359;4328,386551;90,0003873;1303;998520,9709;996624,1172;1000830,372;994624,1172;14;23;5;8,364;0
R1;U-063;4;SAN CRISTOBAL;13_SII_2025;UNIÓN TEMPORAL SRD TRANSPORTE DE PASAJEROS COLOMBIA;URBANO;13;MICROBUS;NO;DISTRITAL;1,11001E+11;COLEGIO LOS ALPES (IED);B;MAÑANA;URBANO;6:35;12:55;13:00;1;1;2;1;1;1;1;1;0;0;GENERAL;7:00;395;420;-1;583;0;583;5362,902406;317,9513697;1303;998520,9709;996624,1172;1000830,372;994624,1172;14;23;5;10,405;0
R1;U-056;4;SAN CRISTOBAL;2_CV_2025;CONSORCIO RUTAS SEGURAS;URBANO;14;VAN;NO;DISTRITAL;1,11001E+11;COLEGIO JUANA ESCOBAR (IED);B/C;ÚNICA;URBANO;5:45;12:00;12:05;1;1;2;1;1;1;1;1;0;0;GENERAL;6:30;345;390;-1;779;0;779;9061,56643;143,8769232;1304;998520,9709;994624,1172;1000830,372;992624,1172;15;23;5;17,917;0
R1;U-057;4;SAN CRISTOBAL;2_CV_2025;CONSORCIO RUTAS SEGURAS;URBANO;12;CAMIONETA;NO;DISTRITAL;1,11001E+11;COLEGIO JUANA ESCOBAR (IED);B/C;ÚNICA;URBANO;5:45;12:00;12:05;1;1;2;1;1;1;1;1;0;0;GENERAL;6:30;345;390;-1;647;0;647;9988,570465;138,1818591;1304;998520,9709;994624,1172;1000830,372;992624,1172;15;23;5;19,977;0
R1;U-058;4;SAN CRISTOBAL;13_SII_2025;UNIÓN TEMPORAL SRD TRANSPORTE DE PASAJEROS COLOMBIA;URBANO;13;MICROBUS;NO;DISTRITAL;1,11001E+11;COLEGIO JUANA ESCOBAR (IED);A;ÚNICA;URBANO;5:50;12:00;12:05;1;1;2;1;1;1;1;1;0;0;GENERAL;6:30;350;390;-1;287;0;287;5014,020178;205,0954726;1304;998520,9709;994624,1172;1000830,372;992624,1172;15;23;5;10,352;0
R1;R-362;5;USME;17_SII_2025;UNIÓN TEMPORAL VET 2023;RURAL;10;BUS;NO;DISTRITAL;1,11001E+11;COLEGIO SAN CAYETANO (IED);A;MAÑANA/ÚNICA;RURAL;5:40;12:15;12:20;1;1;2;1;1;1;1;1;0;0;GENERAL;6:20;340;380;-1;817;0;817;8493,090274;102,7610408;1305;998520,9709;992624,1172;1000830,372;990624,1172;16;23;5;16,267;0
R1;R-363;5;USME;17_SII_2025;UNIÓN TEMPORAL VET 2023;RURAL;13;MICROBUS;NO;DISTRITAL;1,11001E+11;COLEGIO SAN CAYETANO (IED);A;ÚNICA;RURAL;5:45;13:15;13:20;1;1;2;1;1;1;1;1;0;0;GENERAL;6:30;345;390;-1;839;0;839;9833,164386;99,40571297;1305;998520,9709;992624,1172;1000830,372;990624,1172;16;23;5;18,904;0
R1;R-367;5;USME;17_SII_2025;UNIÓN TEMPORAL VET 2023;RURAL;10;BUS;NO;DISTRITAL;1,11001E+11;COLEGIO SAN CAYETANO (IED);A;ÚNICA;RURAL;6:05;13:15;13:20;1;1;2;1;1;1;1;1;0;0;GENERAL;6:30;365;390;-1;260;0;260;2443,105597;102,7610408;1305;998520,9709;992624,1172;1000830,372;990624,1172;16;23;5;4,886;0
R1;R-369;5;USME;17_SII_2025;UNIÓN TEMPORAL VET 2023;RURAL;10;BUS;NO;DISTRITAL;1,11001E+11;COLEGIO SAN CAYETANO (IED);A;TARDE;RURAL;11:55;17:20;17:25;1;1;2;1;1;1;1;1;0;0;GENERAL;12:10;715;730;-1;259;0;259;3477,947493;102,4864706;1305;998520,9709;992624,1172;1000830,372;990624,1172;16;23;5;6,24;0
R1;R-370;5;USME;17_SII_2025;UNIÓN TEMPORAL VET 2023;RURAL;11;BUSETA;NO;DISTRITAL;1,11001E+11;COLEGIO SAN CAYETANO (IED);A;TARDE;RURAL;11:45;17:20;17:25;1;1;2;1;1;1;1;1;0;0;GENERAL;12:10;705;730;-1;276;0;276;4372,065283;102,4864706;1305;998520,9709;992624,1172;1000830,372;990624,1172;16;23;5;8,034;0
R1;R-371;5;USME;17_SII_2025;UNIÓN TEMPORAL VET 2023;RURAL;10;BUS;NO;DISTRITAL;1,11001E+11;COLEGIO SAN CAYETANO (IED);A;TARDE;RURAL;11:55;17:20;17:25;1;1;2;1;1;1;1;1;0;0;GENERAL;12:10;715;730;-1;260;0;260;2443,105597;102,7610408;1305;998520,9709;992624,1172;1000830,372;990624,1172;16;23;5;4,886;0
R1;R-372;5;USME;17_SII_2025;UNIÓN TEMPORAL VET 2023;RURAL;10;BUS;NO;DISTRITAL;1,11001E+11;COLEGIO SAN CAYETANO (IED);A;TARDE;RURAL;11:55;17:20;17:25;1;1;2;1;1;1;1;1;0;0;GENERAL;12:10;715;730;-1;260;0;260;2443,105597;102,7610408;1305;998520,9709;992624,1172;1000830,372;990624,1172;16;23;5;4,886;0
R1;R-373;5;USME;17_SII_2025;UNIÓN TEMPORAL VET 2023;RURAL;10;BUS;NO;DISTRITAL;1,11001E+11;COLEGIO SAN CAYETANO (IED);A;TARDE;RURAL;11:55;17:20;17:25;1;1;2;1;1;1;1;1;0;0;GENERAL;12:10;715;730;-1;260;0;260;2443,105597;102,7610408;1305;998520,9709;992624,1172;1000830,372;990624,1172;16;23;5;4,886;0
R1;R-375;5;USME;17_SII_2025;UNIÓN TEMPORAL VET 2023;RURAL;10;BUS;NO;DISTRITAL;1,11001E+11;COLEGIO SAN CAYETANO (IED);A;MAÑANA/ÚNICA;RURAL;5:45;12:20;12:25;1;1;2;1;1;1;1;1;0;0;GENERAL;6:20;345;380;-1;270;0;270;4366,711505;102,4864706;1305;998520,9709;992624,1172;1000830,372;990624,1172;16;23;5;8,019;0
R1;R-376;5;USME;17_SII_2025;UNIÓN TEMPORAL VET 2023;RURAL;10;BUS;NO;DISTRITAL;1,11001E+11;COLEGIO SAN CAYETANO (IED);A;MAÑANA/ÚNICA;RURAL;6:00;12:20;12:25;1;1;2;1;1;1;1;1;0;0;GENERAL;6:20;360;380;-1;260;0;260;2443,105597;102,7610408;1305;998520,9709;992624,1172;1000830,372;990624,1172;16;23;5;4,886;0
R1;R-377;5;USME;17_SII_2025;UNIÓN TEMPORAL VET 2023;RURAL;10;BUS;NO;DISTRITAL;1,11001E+11;COLEGIO SAN CAYETANO (IED);A;MAÑANA/ÚNICA;RURAL;6:00;12:20;12:25;1;1;2;1;1;1;1;1;0;0;GENERAL;6:20;360;380;-1;260;0;260;2443,105597;102,7610408;1305;998520,9709;992624,1172;1000830,372;990624,1172;16;23;5;4,886;0
R1;R-378;5;USME;17_SII_2025;UNIÓN TEMPORAL VET 2023;RURAL;10;BUS;NO;DISTRITAL;1,11001E+11;COLEGIO SAN CAYETANO (IED);A;MAÑANA/ÚNICA;RURAL;6:00;12:20;12:25;1;1;2;1;1;1;1;1;0;0;GENERAL;6:20;360;380;-1;260;0;260;2443,105597;102,7610408;1305;998520,9709;992624,1172;1000830,372;990624,1172;16;23;5;4,886;0
R1;R-478;5;USME;17_SII_2025;UNIÓN TEMPORAL VET 2023;RURAL;11;BUSETA;NO;DISTRITAL;1,11001E+11;COLEGIO SAN CAYETANO (IED);A;TARDE;RURAL;11:45;17:20;17:25;1;1;2;1;1;1;1;1;0;0;GENERAL;12:10;705;730;-1;630;0;630;6907,391525;101,2715777;1305;998520,9709;992624,1172;1000830,372;990624,1172;16;23;5;14,393;0
R1;R-479;5;USME;17_SII_2025;UNIÓN TEMPORAL VET 2023;RURAL;10;BUS;NO;DISTRITAL;1,11001E+11;COLEGIO SAN CAYETANO (IED);A;MAÑANA/ÚNICA;RURAL;6:00;12:20;12:25;1;1;2;1;1;1;1;1;0;0;GENERAL;6:20;360;380;-1;260;0;260;2443,105597;102,7610408;1305;998520,9709;992624,1172;1000830,372;990624,1172;16;23;5;4,886;0
R1;R-480;5;USME;17_SII_2025;UNIÓN TEMPORAL VET 2023;RURAL;10;BUS;NO;DISTRITAL;1,11001E+11;COLEGIO SAN CAYETANO (IED);A;TARDE;RURAL;11:55;17:20;17:25;1;1;2;1;1;1;1;1;0;0;GENERAL;12:10;715;730;-1;260;0;260;2443,105597;102,7610408;1305;998520,9709;992624,1172;1000830,372;990624,1172;16;23;5;4,886;0
R1;R-482;5;USME;17_SII_2025;UNIÓN TEMPORAL VET 2023;RURAL;10;BUS;NO;DISTRITAL;1,11001E+11;COLEGIO SAN CAYETANO (IED);A;TARDE;RURAL;11:55;17:20;17:25;1;1;2;1;1;1;1;1;0;0;GENERAL;12:10;715;730;-1;259;0;259;2418,072624;101,2715777;1305;998520,9709;992624,1172;1000830,372;990624,1172;16;23;5;4,836;0
R1;R-494;5;USME;17_SII_2025;UNIÓN TEMPORAL VET 2023;RURAL;10;BUS;NO;DISTRITAL;1,11001E+11;COLEGIO SAN CAYETANO (IED);A;MAÑANA/ÚNICA;RURAL;6:05;12:20;12:25;1;1;2;1;1;1;1;1;0;0;GENERAL;6:20;365;380;-1;260;0;260;2443,105597;102,7610408;1305;998520,9709;992624,1172;1000830,372;990624,1172;16;23;5;4,886;0
R1;R-495;5;USME;17_SII_2025;UNIÓN TEMPORAL VET 2023;RURAL;10;BUS;NO;DISTRITAL;1,11001E+11;COLEGIO SAN CAYETANO (IED);A;TARDE;RURAL;12:00;17:20;17:25;1;1;2;1;1;1;1;1;0;0;GENERAL;12:10;720;730;-1;260;0;260;2443,105597;102,7610408;1305;998520,9709;992624,1172;1000830,372;990624,1172;16;23;5;4,886;0
R1;R-368;5;USME;17_SII_2025;UNIÓN TEMPORAL VET 2023;RURAL;10;BUS;NO;DISTRITAL;1,11001E+11;COLEGIO SAN CAYETANO (IED);A;TARDE;RURAL;11:55;17:20;17:25;1;1;2;1;1;1;1;1;0;0;GENERAL;12:10;715;730;-1;362;0;362;3204,959987;103,1959013;1305;998520,9709;992624,1172;1000830,372;990624,1172;16;23;5;6,41;0
R1;R-374;5;USME;17_SII_2025;UNIÓN TEMPORAL VET 2023;RURAL;10;BUS;NO;DISTRITAL;1,11001E+11;COLEGIO SAN CAYETANO (IED);A;MAÑANA/ÚNICA;RURAL;5:55;12:20;12:25;1;1;2;1;1;1;1;1;0;0;GENERAL;6:20;355;380;-1;369;0;369;3206,659163;103,1959013;1305;998520,9709;992624,1172;1000830,372;990624,1172;16;23;5;6,412;0
R1;U-059;4;SAN CRISTOBAL;2_CV_2025;CONSORCIO RUTAS SEGURAS;URBANO;14;VAN;NO;DISTRITAL;1,11001E+11;COLEGIO JUANA ESCOBAR (IED);A;ÚNICA;URBANO;6:00;12:00;12:05;1;1;2;1;1;1;1;1;0;0;GENERAL;6:30;360;390;-1;202;0;202;8012,298954;147,2393468;1306;998520,9709;990624,1172;1000830,372;988624,1172;17;23;5;16,025;0
R1;R-183;5;USME;17_SII_2025;UNIÓN TEMPORAL VET 2023;RURAL;10;BUS;NO;DISTRITAL;2,11001E+11;COLEGIO GABRIEL GARCIA MARQUEZ (IED);A;ÚNICA;RURAL;5:50;12:25;12:30;1;1;2;1;1;1;1;1;0;0;GENERAL;6:20;350;380;-1;549;0;549;7232,309418;239,656257;1308;998520,9709;986624,1172;1000830,372;984624,1172;19;23;5;14,464;0
R1;U-1654;11;SUBA;2_SII_2025;UNIÓN TEMPORAL VET 2023;URBANO;13;MICROBUS;NO;DISTRITAL;1,11001E+11;COLEGIO VISTA BELLA (IED);A/B;TARDE;URBANO;12:00;17:25;17:30;1;1;2;1;1;1;1;1;0;0;FUNDACIONES;12:30;720;750;-1;146;0;146;3250,915515;96,52356598;1349;1000253,022;1017624,117;1002562,423;1015624,117;4;24;5;6,332;
R1;U-482;11;SUBA;2_SII_2025;UNIÓN TEMPORAL VET 2023;URBANO;11;BUSETA;NO;DISTRITAL;1,11001E+11;COLEGIO GUSTAVO MORALES MORALES (IED);A;TARDE;URBANO;11:30;17:25;17:30;1;1;2;1;1;1;1;1;0;0;GENERAL;12:30;690;750;-1;504;0;504;10592,57396;190,6911358;1351;1000253,022;1013624,117;1002562,423;1011624,117;6;24;5;20,847;La Alahambra
R1;U-484;11;SUBA;2_SII_2025;UNIÓN TEMPORAL VET 2023;URBANO;11;BUSETA;NO;DISTRITAL;1,11001E+11;COLEGIO GUSTAVO MORALES MORALES (IED);A;TARDE;URBANO;11:35;17:25;17:30;1;1;2;1;1;1;1;1;0;0;GENERAL;12:30;695;750;-1;532;0;532;10957,37086;191,3505877;1351;1000253,022;1013624,117;1002562,423;1011624,117;6;24;5;21,578;La Alahambra
R1;U-486;11;SUBA;2_SII_2025;UNIÓN TEMPORAL VET 2023;URBANO;10;BUS;NO;DISTRITAL;1,11001E+11;COLEGIO GUSTAVO MORALES MORALES (IED);A;TARDE;URBANO;11:30;18:25;18:30;1;1;2;1;1;1;1;1;0;0;GENERAL;12:30;690;750;-1;658;0;658;12109,52981;97,8268474;1351;1000253,022;1013624,117;1002562,423;1011624,117;6;24;5;25,131;La Alahambra
R1;U-487;11;SUBA;2_SII_2025;UNIÓN TEMPORAL VET 2023;URBANO;10;BUS;NO;DISTRITAL;1,11001E+11;COLEGIO GUSTAVO MORALES MORALES (IED);A;MAÑANA;URBANO;5:15;12:10;12:15;1;1;2;1;1;1;1;1;0;0;GENERAL;6:15;315;375;-1;490;0;490;10774,8516;190,7398708;1351;1000253,022;1013624,117;1002562,423;1011624,117;6;24;5;21,188;La Alahambra
R1;U-488;11;SUBA;2_SII_2025;UNIÓN TEMPORAL VET 2023;URBANO;13;MICROBUS;NO;DISTRITAL;1,11001E+11;COLEGIO GUSTAVO MORALES MORALES (IED);A;TARDE;URBANO;11:50;17:25;17:30;1;1;2;1;1;1;1;1;0;0;GENERAL;12:30;710;750;-1;668;0;668;12823,84043;96,09455909;1351;1000253,022;1013624,117;1002562,423;1011624,117;6;24;5;24,445;La Alahambra
R1;U-489;11;SUBA;2_SII_2025;UNIÓN TEMPORAL VET 2023;URBANO;11;BUSETA;NO;DISTRITAL;1,11001E+11;COLEGIO GUSTAVO MORALES MORALES (IED);A;TARDE;URBANO;11:55;17:25;17:30;1;1;2;1;1;1;1;1;0;0;GENERAL;12:30;715;750;-1;453;0;453;9278,588133;192,4065322;1351;1000253,022;1013624,117;1002562,423;1011624,117;6;24;5;18,39;La Alahambra
R1;U-490;11;SUBA;2_SII_2025;UNIÓN TEMPORAL VET 2023;URBANO;11;BUSETA;NO;DISTRITAL;1,11001E+11;COLEGIO GUSTAVO MORALES MORALES (IED);A;MAÑANA;URBANO;5:40;11:25;11:30;1;1;2;1;1;1;1;1;0;0;GENERAL;6:25;340;385;-1;692;0;692;12020,02319;189,4917056;1351;1000253,022;1013624,117;1002562,423;1011624,117;6;24;5;22,832;La Alahambra
R1;U-491;11;SUBA;2_SII_2025;UNIÓN TEMPORAL VET 2023;URBANO;10;BUS;NO;DISTRITAL;1,11001E+11;COLEGIO GUSTAVO MORALES MORALES (IED);A;MAÑANA;URBANO;5:30;11:25;11:30;1;1;2;1;1;1;1;1;0;0;GENERAL;6:25;330;385;-1;619;0;619;12741,96507;97,8268474;1351;1000253,022;1013624,117;1002562,423;1011624,117;6;24;5;24,438;La Alahambra
R1;U-492;11;SUBA;2_SII_2025;UNIÓN TEMPORAL VET 2023;URBANO;13;MICROBUS;NO;DISTRITAL;1,11001E+11;COLEGIO GUSTAVO MORALES MORALES (IED);B;ÚNICA;URBANO;6:00;12:55;13:00;1;1;2;1;1;1;1;1;0;0;GENERAL;7:00;360;420;-1;599;0;599;12233,30645;293,1300688;1351;1000253,022;1013624,117;1002562,423;1011624,117;6;24;5;24,118;La Alahambra
R1;U-493;11;SUBA;2_SII_2025;UNIÓN TEMPORAL VET 2023;URBANO;13;MICROBUS;NO;DISTRITAL;1,11001E+11;COLEGIO GUSTAVO MORALES MORALES (IED);A;MAÑANA;URBANO;5:25;11:25;11:30;1;1;2;1;1;1;1;1;0;0;GENERAL;6:25;325;385;-1;581;0;581;11812,67599;97,8268474;1351;1000253,022;1013624,117;1002562,423;1011624,117;6;24;5;23,743;La Alahambra
R1;U-496;11;SUBA;2_SII_2025;UNIÓN TEMPORAL VET 2023;URBANO;13;MICROBUS;NO;DISTRITAL;1,11001E+11;COLEGIO GUSTAVO MORALES MORALES (IED);B;ÚNICA;URBANO;6:10;12:55;13:00;1;1;2;1;1;1;1;1;0;0;GENERAL;7:00;370;420;-1;518;0;518;10057,18391;293,1300688;1351;1000253,022;1013624,117;1002562,423;1011624,117;6;24;5;20,315;La Alahambra
R1;U-498;11;SUBA;2_SII_2025;UNIÓN TEMPORAL VET 2023;URBANO;10;BUS;NO;DISTRITAL;1,11001E+11;COLEGIO GUSTAVO MORALES MORALES (IED);A;TARDE;URBANO;11:45;18:25;18:30;1;1;2;1;1;1;1;1;0;0;GENERAL;12:30;705;750;-1;577;0;577;11216,56103;293,1300688;1351;1000253,022;1013624,117;1002562,423;1011624,117;6;24;5;22,312;La Alahambra
R1;U-638;12;BARRIOS UNIDOS;5_SII_2025;UNIÓN TEMPORAL VET 2023;URBANO;11;BUSETA;NO;DISTRITAL;1,11001E+11;COLEGIO TECNICO DOMINGO FAUSTINO SARMIENTO (IED);A;ÚNICA;URBANO;5:20;13:55;14:00;1;1;2;1;1;1;1;1;0;0;GENERAL;6:20;320;380;-1;112;0;112;13874,13819;225,6206879;1352;1000253,022;1011624,117;1002562,423;1009624,117;7;24;5;28,679;La Alahambra
R1;U-639;12;BARRIOS UNIDOS;5_SII_2025;UNIÓN TEMPORAL VET 2023;URBANO;11;BUSETA;NO;DISTRITAL;1,11001E+11;COLEGIO TECNICO DOMINGO FAUSTINO SARMIENTO (IED);A;ÚNICA;URBANO;5:20;13:55;14:00;1;1;2;1;1;1;1;1;0;0;GENERAL;6:20;320;380;-1;210;0;210;15780,2346;223,2383783;1352;1000253,022;1011624,117;1002562,423;1009624,117;7;24;5;31,491;La Alahambra
R1;U-643;12;BARRIOS UNIDOS;5_SII_2025;UNIÓN TEMPORAL VET 2023;URBANO;11;BUSETA;NO;DISTRITAL;1,11001E+11;COLEGIO TECNICO DOMINGO FAUSTINO SARMIENTO (IED);A;ÚNICA;URBANO;5:20;13:55;14:00;1;1;2;1;1;1;1;1;0;0;GENERAL;6:20;320;380;-1;676;0;676;10937,46259;225,094352;1352;1000253,022;1011624,117;1002562,423;1009624,117;7;24;5;21,778;La Alahambra
R1;U-647;12;BARRIOS UNIDOS;5_SII_2025;UNIÓN TEMPORAL VET 2023;URBANO;13;MICROBUS;NO;DISTRITAL;1,11001E+11;COLEGIO TECNICO DOMINGO FAUSTINO SARMIENTO (IED);A;ÚNICA;URBANO;5:20;13:55;14:00;1;1;2;1;1;1;1;1;0;0;GENERAL;6:20;320;380;-1;479;0;479;11128,13443;223,762009;1352;1000253,022;1011624,117;1002562,423;1009624,117;7;24;5;23,105;La Alahambra
R1;U-648;12;BARRIOS UNIDOS;5_SII_2025;UNIÓN TEMPORAL VET 2023;URBANO;11;BUSETA;NO;DISTRITAL;1,11001E+11;COLEGIO TECNICO DOMINGO FAUSTINO SARMIENTO (IED);A;ÚNICA;URBANO;5:20;13:55;14:00;1;1;2;1;1;1;1;1;0;0;GENERAL;6:20;320;380;-1;766;0;766;16459,93934;223,762009;1352;1000253,022;1011624,117;1002562,423;1009624,117;7;24;5;35,206;La Alahambra
R1;U-650;12;BARRIOS UNIDOS;1_CV_2025;CONSORCIO RUTAS SEGURAS;URBANO;14;VAN;NO;DISTRITAL;1,11001E+11;COLEGIO TECNICO DOMINGO FAUSTINO SARMIENTO (IED);C;ÚNICA;URBANO;5:20;12:15;12:20;1;1;2;1;1;1;1;1;0;0;GENERAL;6:20;320;380;-1;630;0;630;13649,73485;300,8785835;1352;1000253,022;1011624,117;1002562,423;1009624,117;7;24;5;27,71;La Alahambra
R1;U-1109;12;BARRIOS UNIDOS;5_SII_2025;UNIÓN TEMPORAL VET 2023;URBANO;13;MICROBUS;NO;DISTRITAL;1,11001E+11;COLEGIO JUAN FRANCISCO BERBEO (IED);A;ÚNICA;URBANO;5:30;12:25;12:30;1;1;2;1;1;1;1;1;0;0;DISCAPACIDAD;6:30;330;390;-1;925;0;925;21590,87684;72,64663016;1353;1000253,022;1009624,117;1002562,423;1007624,117;8;24;5;41,133;La Alahambra
R1;U-1110;12;BARRIOS UNIDOS;1_CV_2025;CONSORCIO RUTAS SEGURAS;URBANO;14;VAN;NO;DISTRITAL;1,11001E+11;COLEGIO JUAN FRANCISCO BERBEO (IED);A;ÚNICA;URBANO;9:30;17:25;17:30;2;2;4;1;1;1;1;1;0;0;DISCAPACIDAD;11:30;570;690;-1;695;0;695;24823,04593;70,28125189;1353;1000253,022;1009624,117;1002562,423;1007624,117;8;24;5;47,426;La Alahambra
R1;U-1115;12;BARRIOS UNIDOS;6_SII_2025;UNIÓN TEMPORAL LCT-2022;URBANO;13;MICROBUS;NO;DISTRITAL;1,11001E+11;COLEGIO RAFAEL BERNAL JIMENEZ (IED);B;ÚNICA;URBANO;5:30;12:55;13:00;1;1;2;1;1;1;1;1;0;0;GENERAL;6:30;330;390;-1;683;0;683;16436,27586;124,0252549;1353;1000253,022;1009624,117;1002562,423;1007624,117;8;24;5;30,432;La Alahambra
R1;U-1405;12;BARRIOS UNIDOS;5_SII_2025;UNIÓN TEMPORAL VET 2023;URBANO;13;MICROBUS;NO;DISTRITAL;1,11001E+11;COLEGIO JUAN FRANCISCO BERBEO (IED);A;ÚNICA;URBANO;4:30;12:25;12:30;2;2;4;1;1;1;1;1;0;0;DISCAPACIDAD;6:30;270;390;-1;500;0;500;32554,07066;74,58013484;1353;1000253,022;1009624,117;1002562,423;1007624,117;8;24;5;63,117;La Alahambra
R1;U-1410;12;BARRIOS UNIDOS;5_SII_2025;UNIÓN TEMPORAL VET 2023;URBANO;13;MICROBUS;NO;DISTRITAL;1,11001E+11;COLEGIO JUAN FRANCISCO BERBEO (IED);A;ÚNICA;URBANO;11:10;17:25;17:30;1;1;2;1;1;1;1;1;0;0;FUNDACIONES;11:30;670;690;-1;186;0;186;4165,484744;74,59006473;1353;1000253,022;1009624,117;1002562,423;1007624,117;8;24;5;9,04;La Alahambra
R1;U-1415;12;BARRIOS UNIDOS;5_SII_2025;UNIÓN TEMPORAL VET 2023;URBANO;13;MICROBUS;NO;DISTRITAL;1,11001E+11;COLEGIO JUAN FRANCISCO BERBEO (IED);A;ÚNICA;URBANO;9:00;17:25;17:30;3;3;6;1;1;1;1;1;0;0;DISCAPACIDAD;11:30;540;690;-1;2381;0;2381;32089,21235;221,3701333;1353;1000253,022;1009624,117;1002562,423;1007624,117;8;24;5;62,522;La Alahambra
R1;U-1546;12;BARRIOS UNIDOS;5_SII_2025;UNIÓN TEMPORAL VET 2023;URBANO;10;BUS;NO;DISTRITAL;1,11001E+11;COLEGIO TECNICO DOMINGO FAUSTINO SARMIENTO (IED);B/C/D;ÚNICA;URBANO;5:55;12:25;12:30;1;1;2;1;1;1;1;1;0;0;GENERAL;6:30;355;390;-1;77;0;77;2177,546233;278,4424461;1353;1000253,022;1009624,117;1002562,423;1007624,117;8;24;5;4,142;La Alahambra
R1;U-1547;12;BARRIOS UNIDOS;6_SII_2025;UNIÓN TEMPORAL LCT-2022;URBANO;13;MICROBUS;NO;DISTRITAL;1,11001E+11;COLEGIO RAFAEL BERNAL JIMENEZ (IED);B;ÚNICA;URBANO;5:50;12:45;12:50;1;1;2;1;1;1;1;1;0;0;FUNDACIONES;6:30;350;390;-1;199;0;199;5318,734407;123,6013889;1353;1000253,022;1009624,117;1002562,423;1007624,117;8;24;5;11,514;La Alahambra
R1;U-1598;12;BARRIOS UNIDOS;1_CV_2025;CONSORCIO RUTAS SEGURAS;URBANO;12;CAMIONETA;NO;DISTRITAL;1,11001E+11;COLEGIO JUAN FRANCISCO BERBEO (IED);A;ÚNICA;URBANO;10:30;17:25;17:30;1;1;2;1;1;1;1;1;0;0;DISCAPACIDAD;11:30;630;690;-1;622;0;622;13980,94932;39,26675059;1353;1000253,022;1009624,117;1002562,423;1007624,117;8;24;5;26,791;La Alahambra
R1;U-1622;12;BARRIOS UNIDOS;1_CV_2025;CONSORCIO RUTAS SEGURAS;URBANO;14;VAN;NO;DISTRITAL;1,11001E+11;COLEGIO JUAN FRANCISCO BERBEO (IED);A;ÚNICA;URBANO;5:30;12:30;12:35;1;1;2;1;1;1;1;1;0;0;DISCAPACIDAD;6:30;330;390;-1;708;0;708;15929,58033;225,0949794;1353;1000253,022;1009624,117;1002562,423;1007624,117;8;24;5;32,146;La Alahambra
R1;U-1627;12;BARRIOS UNIDOS;5_SII_2025;UNIÓN TEMPORAL VET 2023;URBANO;13;MICROBUS;NO;DISTRITAL;1,11001E+11;COLEGIO JUAN FRANCISCO BERBEO (IED);A;ÚNICA;URBANO;5:30;14:25;14:30;1;1;2;1;1;1;1;1;0;0;GENERAL;6:30;330;390;-1;852;0;852;17139,56936;41,28014458;1353;1000253,022;1009624,117;1002562,423;1007624,117;8;24;5;32,635;La Alahambra
R1;U-1638;12;BARRIOS UNIDOS;5_SII_2025;UNIÓN TEMPORAL VET 2023;URBANO;13;MICROBUS;NO;DISTRITAL;1,11001E+11;COLEGIO TECNICO DOMINGO FAUSTINO SARMIENTO (IED);B/C/D;ÚNICA;URBANO;5:55;12:25;12:30;1;1;2;1;1;1;1;1;0;0;FUNDACIONES;6:30;355;390;-1;77;0;77;2177,532752;278,4424461;1353;1000253,022;1009624,117;1002562,423;1007624,117;8;24;5;4,142;La Alahambra
R1;U-611;12;BARRIOS UNIDOS;5_SII_2025;UNIÓN TEMPORAL VET 2023;URBANO;11;BUSETA;NO;DISTRITAL;1,11001E+11;COLEGIO JUAN FRANCISCO BERBEO (IED);A;ÚNICA;URBANO;10:00;17:25;17:30;2;2;4;1;1;1;1;1;0;0;DISCAPACIDAD;11:30;600;690;-1;936;0;936;23410,97046;225,0949812;1353;1000253,022;1009624,117;1002562,423;1007624,117;8;24;5;45,453;La Alahambra
R1;U-612;12;BARRIOS UNIDOS;5_SII_2025;UNIÓN TEMPORAL VET 2023;URBANO;13;MICROBUS;NO;DISTRITAL;1,11001E+11;COLEGIO JUAN FRANCISCO BERBEO (IED);A;ÚNICA;URBANO;5:10;12:25;12:30;2;2;4;1;1;1;1;1;0;0;DISCAPACIDAD;6:30;310;390;-1;657;0;657;18687,52617;220,6951412;1353;1000253,022;1009624,117;1002562,423;1007624,117;8;24;5;37,745;La Alahambra
R1;U-613;12;BARRIOS UNIDOS;5_SII_2025;UNIÓN TEMPORAL VET 2023;URBANO;10;BUS;NO;DISTRITAL;1,11001E+11;COLEGIO JUAN FRANCISCO BERBEO (IED);A;ÚNICA;URBANO;5:40;14:25;14:30;1;1;2;1;1;1;1;1;0;0;GENERAL;6:30;340;390;-1;737;0;737;14788,90007;68,13165307;1353;1000253,022;1009624,117;1002562,423;1007624,117;8;24;5;30,338;La Alahambra
R1;U-614;12;BARRIOS UNIDOS;5_SII_2025;UNIÓN TEMPORAL VET 2023;URBANO;13;MICROBUS;NO;DISTRITAL;1,11001E+11;COLEGIO JUAN FRANCISCO BERBEO (IED);A;ÚNICA;URBANO;10:30;17:25;17:30;1;2;3;1;1;1;1;1;0;0;DISCAPACIDAD;11:30;630;690;-1;626;0;626;16450,43716;76,84964505;1353;1000253,022;1009624,117;1002562,423;1007624,117;8;24;5;32,837;La Alahambra
R1;U-616;12;BARRIOS UNIDOS;1_CV_2025;CONSORCIO RUTAS SEGURAS;URBANO;14;VAN;NO;DISTRITAL;1,11001E+11;COLEGIO JUAN FRANCISCO BERBEO (IED);A;ÚNICA;URBANO;5:30;13:30;13:35;1;1;2;1;1;1;1;1;0;0;GENERAL;6:30;330;390;-1;531;0;531;18855,38068;76,19260412;1353;1000253,022;1009624,117;1002562,423;1007624,117;8;24;5;38,872;La Alahambra
R1;U-617;12;BARRIOS UNIDOS;5_SII_2025;UNIÓN TEMPORAL VET 2023;URBANO;13;MICROBUS;NO;DISTRITAL;1,11001E+11;COLEGIO JUAN FRANCISCO BERBEO (IED);A;ÚNICA;URBANO;5:30;13:25;13:30;1;1;2;1;1;1;1;1;0;0;GENERAL;6:30;330;390;-1;743;0;743;15656,28382;33,77779976;1353;1000253,022;1009624,117;1002562,423;1007624,117;8;24;5;32,425;La Alahambra
R1;U-618;12;BARRIOS UNIDOS;5_SII_2025;UNIÓN TEMPORAL VET 2023;URBANO;11;BUSETA;NO;DISTRITAL;1,11001E+11;COLEGIO JUAN FRANCISCO BERBEO (IED);A;ÚNICA;URBANO;5:30;14:25;14:30;1;1;2;1;1;1;1;1;0;0;GENERAL;6:30;330;390;-1;670;0;670;14904,06168;71,63980737;1353;1000253,022;1009624,117;1002562,423;1007624,117;8;24;5;29,704;La Alahambra
R1;U-620;12;BARRIOS UNIDOS;5_SII_2025;UNIÓN TEMPORAL VET 2023;URBANO;10;BUS;NO;DISTRITAL;1,11001E+11;COLEGIO JUAN FRANCISCO BERBEO (IED);A;ÚNICA;URBANO;4:55;12:25;12:30;2;2;4;1;1;1;1;1;0;0;DISCAPACIDAD;6:30;295;390;-1;522;0;522;22089,82645;220,3858342;1353;1000253,022;1009624,117;1002562,423;1007624,117;8;24;5;45,969;La Alahambra
R1;U-621;12;BARRIOS UNIDOS;5_SII_2025;UNIÓN TEMPORAL VET 2023;URBANO;13;MICROBUS;NO;DISTRITAL;1,11001E+11;COLEGIO JUAN FRANCISCO BERBEO (IED);A;ÚNICA;URBANO;5:30;13:30;13:35;1;1;2;1;1;1;1;1;0;0;GENERAL;6:30;330;390;-1;435;0;435;13712,68675;72,92815663;1353;1000253,022;1009624,117;1002562,423;1007624,117;8;24;5;28,362;La Alahambra
R1;U-622;12;BARRIOS UNIDOS;1_CV_2025;CONSORCIO RUTAS SEGURAS;URBANO;14;VAN;NO;DISTRITAL;1,11001E+11;COLEGIO JUAN FRANCISCO BERBEO (IED);B;ÚNICA;URBANO;5:30;12:25;12:30;1;1;2;1;1;1;1;1;0;0;GENERAL;6:30;330;390;-1;927;0;927;20881,75376;41,81783533;1353;1000253,022;1009624,117;1002562,423;1007624,117;8;24;5;41,19;La Alahambra
R1;U-623;12;BARRIOS UNIDOS;5_SII_2025;UNIÓN TEMPORAL VET 2023;URBANO;11;BUSETA;NO;DISTRITAL;1,11001E+11;COLEGIO JUAN FRANCISCO BERBEO (IED);A/B;ÚNICA;URBANO;5:30;13:30;13:35;1;1;2;1;1;1;1;1;0;0;GENERAL;6:30;330;390;-1;889;0;889;18229,13858;41,00841156;1353;1000253,022;1009624,117;1002562,423;1007624,117;8;24;5;37,21;La Alahambra
R1;U-625;12;BARRIOS UNIDOS;5_SII_2025;UNIÓN TEMPORAL VET 2023;URBANO;11;BUSETA;NO;DISTRITAL;1,11001E+11;COLEGIO JUAN FRANCISCO BERBEO (IED);A;ÚNICA;URBANO;10:00;17:25;17:30;2;2;4;1;1;1;1;1;0;0;DISCAPACIDAD;11:30;600;690;-1;542;0;542;21399,77902;40,16659777;1353;1000253,022;1009624,117;1002562,423;1007624,117;8;24;5;40,546;La Alahambra
R1;U-627;12;BARRIOS UNIDOS;6_SII_2025;UNIÓN TEMPORAL LCT-2022;URBANO;11;BUSETA;NO;DISTRITAL;1,11001E+11;COLEGIO RAFAEL BERNAL JIMENEZ (IED);A;ÚNICA;URBANO;5:25;14:10;14:15;1;1;2;1;1;1;1;1;0;0;GENERAL;6:25;325;385;-1;705;0;705;18264,34572;39,89952685;1353;1000253,022;1009624,117;1002562,423;1007624,117;8;24;5;37,724;La Alahambra
R1;U-630;12;BARRIOS UNIDOS;6_SII_2025;UNIÓN TEMPORAL LCT-2022;URBANO;13;MICROBUS;NO;DISTRITAL;1,11001E+11;COLEGIO RAFAEL BERNAL JIMENEZ (IED);B;ÚNICA;URBANO;5:35;12:55;13:00;1;1;2;1;1;1;1;1;0;0;GENERAL;6:15;335;375;-1;517;0;517;12024,99107;123,4791151;1353;1000253,022;1009624,117;1002562,423;1007624,117;8;24;5;24,426;La Alahambra
R1;U-637;12;BARRIOS UNIDOS;5_SII_2025;UNIÓN TEMPORAL VET 2023;URBANO;13;MICROBUS;NO;DISTRITAL;1,11001E+11;COLEGIO TECNICO DOMINGO FAUSTINO SARMIENTO (IED);B/C/D;ÚNICA;URBANO;5:20;12:55;13:00;1;1;2;1;1;1;1;1;0;0;GENERAL;6:20;320;380;-1;756;0;756;15372,44465;278,4424461;1353;1000253,022;1009624,117;1002562,423;1007624,117;8;24;5;30,598;La Alahambra
R1;U-640;12;BARRIOS UNIDOS;5_SII_2025;UNIÓN TEMPORAL VET 2023;URBANO;13;MICROBUS;NO;DISTRITAL;1,11001E+11;COLEGIO TECNICO DOMINGO FAUSTINO SARMIENTO (IED);B/C/D;ÚNICA;URBANO;5:20;12:55;13:00;1;1;2;1;1;1;1;1;0;0;GENERAL;6:20;320;380;-1;515;0;515;12312,04745;278,9423326;1353;1000253,022;1009624,117;1002562,423;1007624,117;8;24;5;24,826;La Alahambra
R1;U-645;12;BARRIOS UNIDOS;5_SII_2025;UNIÓN TEMPORAL VET 2023;URBANO;13;MICROBUS;NO;DISTRITAL;1,11001E+11;COLEGIO TECNICO DOMINGO FAUSTINO SARMIENTO (IED);B/C/D;ÚNICA;URBANO;5:20;12:55;13:00;1;1;2;1;1;1;1;1;0;0;GENERAL;6:20;320;380;-1;472;0;472;11547,30378;278,4424461;1353;1000253,022;1009624,117;1002562,423;1007624,117;8;24;5;23,695;La Alahambra
R1;U-646;12;BARRIOS UNIDOS;5_SII_2025;UNIÓN TEMPORAL VET 2023;URBANO;13;MICROBUS;NO;DISTRITAL;1,11001E+11;COLEGIO TECNICO DOMINGO FAUSTINO SARMIENTO (IED);B/C/D;ÚNICA;URBANO;5:25;12:55;13:00;1;1;2;1;1;1;1;1;0;0;GENERAL;6:20;325;380;-1;553;0;553;11149,27031;278,4424461;1353;1000253,022;1009624,117;1002562,423;1007624,117;8;24;5;21,621;La Alahambra
R1;U-649;12;BARRIOS UNIDOS;5_SII_2025;UNIÓN TEMPORAL VET 2023;URBANO;11;BUSETA;NO;DISTRITAL;1,11001E+11;COLEGIO TECNICO DOMINGO FAUSTINO SARMIENTO (IED);B/C/D;ÚNICA;URBANO;5:20;12:55;13:00;1;1;2;1;1;1;1;1;0;0;GENERAL;6:20;320;380;-1;585;0;585;13489,03825;278,8103762;1353;1000253,022;1009624,117;1002562,423;1007624,117;8;24;5;28,115;La Alahambra
R1;U-1551;13;TEUSAQUILLO;1_CV_2025;CONSORCIO RUTAS SEGURAS;URBANO;12;CAMIONETA-MR;SI;DISTRITAL;1,11001E+11;COLEGIO TECNICO PALERMO (IED);A;ÚNICA;URBANO;6:15;13:55;14:00;1;1;2;1;1;1;1;1;0;0;GENERAL;6:30;375;390;-1;132;0;132;2743,828989;6,639816828;1355;1000253,022;1005624,117;1002562,423;1003624,117;10;24;5;8,142;0
R1;U-1653;13;TEUSAQUILLO;2_CV_2025;CONSORCIO RUTAS SEGURAS;URBANO;14;VAN-MR;SI;DISTRITAL;1,11001E+11;COLEGIO TECNICO PALERMO (IED);A;ÚNICA;URBANO;6:00;12:20;12:25;1;1;2;1;1;1;1;1;0;0;GENERAL;6:30;360;390;-1;164;0;164;3555,798741;12,56975346;1355;1000253,022;1005624,117;1002562,423;1003624,117;10;24;5;7,799;0
R1;U-672;13;TEUSAQUILLO;5_SII_2025;UNIÓN TEMPORAL VET 2023;URBANO;10;BUS;NO;DISTRITAL;1,11001E+11;COLEGIO MANUELA BELTRAN (IED);B;MAÑANA/ÚNICA;URBANO;6:05;12:35;12:40;1;1;2;1;1;1;1;1;0;0;GENERAL;6:50;365;410;-1;678;0;678;10302,25798;190,9206391;1355;1000253,022;1005624,117;1002562,423;1003624,117;10;24;5;19,323;0
R1;U-675;13;TEUSAQUILLO;5_SII_2025;UNIÓN TEMPORAL VET 2023;URBANO;13;MICROBUS;NO;DISTRITAL;1,11001E+11;COLEGIO MANUELA BELTRAN (IED);A;ÚNICA;URBANO;5:25;14:00;14:05;1;2;3;1;1;1;1;1;0;0;GENERAL;6:20;325;380;-1;737;0;737;16963,48774;189,8140225;1355;1000253,022;1005624,117;1002562,423;1003624,117;10;24;5;37,051;0
R1;U-676;13;TEUSAQUILLO;5_SII_2025;UNIÓN TEMPORAL VET 2023;URBANO;13;MICROBUS;NO;DISTRITAL;1,11001E+11;COLEGIO MANUELA BELTRAN (IED);A;ÚNICA;URBANO;4:30;14:00;14:05;2;2;4;1;1;1;1;1;0;0;GENERAL;6:30;270;390;-1;910;0;910;22190,7698;190,5253459;1355;1000253,022;1005624,117;1002562,423;1003624,117;10;24;5;47,882;0
R1;U-677;13;TEUSAQUILLO;5_SII_2025;UNIÓN TEMPORAL VET 2023;URBANO;10;BUS;NO;DISTRITAL;1,11001E+11;COLEGIO MANUELA BELTRAN (IED);A;ÚNICA;URBANO;5:50;14:00;14:05;1;1;2;1;1;1;1;1;0;0;GENERAL;6:30;350;390;-1;149;0;149;2728,555745;198,4923001;1355;1000253,022;1005624,117;1002562,423;1003624,117;10;24;5;5,263;0
R1;U-045;3;SANTAFE;7_SII_2025;UNIÓN TEMPORAL AMP 2022;URBANO;10;BUS;NO;DISTRITAL;1,11001E+11;COLEGIO EXTERNADO NACIONAL CAMILO TORRES (IED);A;ÚNICA;URBANO;5:30;13:25;13:30;1;1;2;1;1;1;1;1;0;0;GENERAL;6:15;330;375;-1;409;0;409;7170,138518;23,70056435;1356;1000253,022;1003624,117;1002562,423;1001624,117;11;24;5;14,564;0
R1;U-046;3;SANTAFE;7_SII_2025;UNIÓN TEMPORAL AMP 2022;URBANO;13;MICROBUS;NO;DISTRITAL;1,11001E+11;COLEGIO EXTERNADO NACIONAL CAMILO TORRES (IED);A;ÚNICA;URBANO;4:35;13:25;13:30;2;2;4;1;1;1;1;1;0;0;GENERAL;6:15;275;375;-1;592;0;592;31349,02741;18,4929583;1356;1000253,022;1003624,117;1002562,423;1001624,117;11;24;5;57,517;0
R1;U-1470;17;LA CANDELARIA;7_SII_2025;UNIÓN TEMPORAL AMP 2022;URBANO;11;BUSETA;NO;DISTRITAL;1,11001E+11;COLEGIO INTEGRADA LA CANDELARIA (IED);A/C;TARDE;URBANO;11:15;16:55;17:00;1;1;2;1;1;1;1;1;0;0;INDIGENAS COMUNIDAD EMBERA;12:15;675;735;-1;392;0;392;8097,142674;265,615542;1357;1000253,022;1001624,117;1002562,423;999624,1172;12;24;5;15,193;0
R1;U-1471;17;LA CANDELARIA;7_SII_2025;UNIÓN TEMPORAL AMP 2022;URBANO;10;BUS;NO;DISTRITAL;1,11001E+11;COLEGIO INTEGRADA LA CANDELARIA (IED);A;TARDE;URBANO;11:20;17:55;18:00;1;1;2;1;1;1;1;1;0;0;INDIGENAS COMUNIDAD EMBERA;12:15;680;735;-1;716;0;716;12487,46141;7,162481063;1357;1000253,022;1001624,117;1002562,423;999624,1172;12;24;5;21,982;0
R1;U-1573;17;LA CANDELARIA;7_SII_2025;UNIÓN TEMPORAL AMP 2022;URBANO;13;MICROBUS;NO;DISTRITAL;1,11001E+11;COLEGIO INTEGRADA LA CANDELARIA (IED);A/C;MAÑANA;URBANO;5:50;10:55;11:00;1;1;2;1;1;1;1;1;0;0;INDIGENAS COMUNIDAD EMBERA;6:15;350;375;-1;730;0;730;11029,75618;267,5181727;1357;1000253,022;1001624,117;1002562,423;999624,1172;12;24;5;20,486;0
R1;U-1574;17;LA CANDELARIA;7_SII_2025;UNIÓN TEMPORAL AMP 2022;URBANO;13;MICROBUS;NO;DISTRITAL;1,11001E+11;COLEGIO INTEGRADA LA CANDELARIA (IED);A;MAÑANA;URBANO;5:40;11:55;12:00;1;1;2;1;1;1;1;1;0;0;INDIGENAS COMUNIDAD EMBERA;6:10;340;370;-1;761;0;761;8562,54597;359,9993507;1357;1000253,022;1001624,117;1002562,423;999624,1172;12;24;5;16,523;0
R1;U-1492;3;SANTAFE;7_SII_2025;UNIÓN TEMPORAL AMP 2022;URBANO;10;BUS;NO;DISTRITAL;1,11001E+11;COLEGIO AULAS COLOMBIANAS SAN LUIS (IED);A;TARDE;URBANO;11:20;17:00;17:05;1;1;2;1;1;1;1;1;0;0;INDIGENAS COMUNIDAD EMBERA;12:00;680;720;-1;390;0;390;4748,964008;42,60912458;1358;1000253,022;999624,1172;1002562,423;997624,1172;13;24;5;8,86;0
R1;U-1495;3;SANTAFE;7_SII_2025;UNIÓN TEMPORAL AMP 2022;URBANO;11;BUSETA;NO;DISTRITAL;1,11001E+11;COLEGIO AULAS COLOMBIANAS SAN LUIS (IED);A;TARDE;URBANO;11:20;17:00;17:05;1;1;2;1;1;1;1;1;0;0;INDIGENAS COMUNIDAD EMBERA;12:00;680;720;-1;390;0;390;4748,964008;42,60912458;1358;1000253,022;999624,1172;1002562,423;997624,1172;13;24;5;8,86;0
R1;U-1496;3;SANTAFE;7_SII_2025;UNIÓN TEMPORAL AMP 2022;URBANO;10;BUS;NO;DISTRITAL;1,11001E+11;COLEGIO AULAS COLOMBIANAS SAN LUIS (IED);A;TARDE;URBANO;11:20;17:00;17:05;1;1;2;1;1;1;1;1;0;0;INDIGENAS COMUNIDAD EMBERA;12:00;680;720;-1;390;0;390;4748,964008;42,60912458;1358;1000253,022;999624,1172;1002562,423;997624,1172;13;24;5;8,86;0
R1;U-1500;3;SANTAFE;7_SII_2025;UNIÓN TEMPORAL AMP 2022;URBANO;13;MICROBUS;NO;DISTRITAL;1,11001E+11;COLEGIO AULAS COLOMBIANAS SAN LUIS (IED);A;TARDE;URBANO;11:15;17:00;17:05;1;1;2;1;1;1;1;1;0;0;INDIGENAS COMUNIDAD EMBERA;12:00;675;720;-1;462;0;462;7934,025615;42,60912458;1358;1000253,022;999624,1172;1002562,423;997624,1172;13;24;5;14,628;0
R1;U-1516;3;SANTAFE;7_SII_2025;UNIÓN TEMPORAL AMP 2022;URBANO;10;BUS;NO;DISTRITAL;1,11001E+11;COLEGIO AULAS COLOMBIANAS SAN LUIS (IED);A;TARDE;URBANO;11:20;17:00;17:05;1;1;2;1;1;1;1;1;0;0;INDIGENAS COMUNIDAD EMBERA;12:00;680;720;-1;647;0;647;7499,621664;42,60912458;1358;1000253,022;999624,1172;1002562,423;997624,1172;13;24;5;15,23;0
R1;U-1517;3;SANTAFE;7_SII_2025;UNIÓN TEMPORAL AMP 2022;URBANO;11;BUSETA;NO;DISTRITAL;1,11001E+11;COLEGIO AULAS COLOMBIANAS SAN LUIS (IED);A;TARDE;URBANO;11:20;17:00;17:05;1;1;2;1;1;1;1;1;0;0;INDIGENAS COMUNIDAD EMBERA;12:00;680;720;-1;390;0;390;4748,964008;42,60912458;1358;1000253,022;999624,1172;1002562,423;997624,1172;13;24;5;8,86;0
R1;U-536;11;SUBA;1_CV_2025;CONSORCIO RUTAS SEGURAS;URBANO;14;VAN;NO;DISTRITAL;1,11769E+11;COLEGIO NUEVA ZELANDIA (IED);B;ÚNICA;URBANO;5:30;13:30;13:35;1;1;2;1;1;1;1;1;0;0;GENERAL;6:30;330;390;-1;873;0;873;11518,67043;280,6606553;1403;1001985,072;1020624,117;1004294,474;1018624,117;2;25;5;23,252;Las Mercedes
R1;U-537;11;SUBA;2_SII_2025;UNIÓN TEMPORAL VET 2023;URBANO;11;BUSETA;NO;DISTRITAL;1,11769E+11;COLEGIO NUEVA ZELANDIA (IED);B;ÚNICA;URBANO;5:40;13:25;13:30;1;1;2;1;1;1;1;1;0;0;GENERAL;6:10;340;370;-1;463;0;463;12211,69248;280,1410304;1403;1001985,072;1020624,117;1004294,474;1018624,117;2;25;5;23,344;Las Mercedes
R1;U-539;11;SUBA;2_SII_2025;UNIÓN TEMPORAL VET 2023;URBANO;13;MICROBUS;NO;DISTRITAL;1,11769E+11;COLEGIO NUEVA ZELANDIA (IED);B;ÚNICA;URBANO;5:55;13:25;13:30;1;1;2;1;1;1;1;1;0;0;GENERAL;6:10;355;370;-1;342;0;342;5496,347182;279,9739937;1403;1001985,072;1020624,117;1004294,474;1018624,117;2;25;5;9,748;Las Mercedes
R1;U-533;11;SUBA;2_SII_2025;UNIÓN TEMPORAL VET 2023;URBANO;13;MICROBUS;NO;DISTRITAL;1,11769E+11;COLEGIO NUEVA ZELANDIA (IED);A;TARDE;URBANO;11:00;18:15;18:20;1;1;2;1;1;1;1;1;0;0;GENERAL;12:00;660;720;-1;537;0;537;18425,70128;287,9477199;1404;1001985,072;1018624,117;1004294,474;1016624,117;3;25;5;35,151;Las Mercedes
R1;U-535;11;SUBA;2_SII_2025;UNIÓN TEMPORAL VET 2023;URBANO;13;MICROBUS;NO;DISTRITAL;1,11769E+11;COLEGIO NUEVA ZELANDIA (IED);A;MAÑANA;URBANO;5:00;11:10;11:15;1;1;2;1;1;1;1;1;0;0;GENERAL;6:00;300;360;-1;904;0;904;19357,10047;291,7356002;1404;1001985,072;1018624,117;1004294,474;1016624,117;3;25;5;36,114;Las Mercedes
R1;U-538;11;SUBA;2_SII_2025;UNIÓN TEMPORAL VET 2023;URBANO;13;MICROBUS;NO;DISTRITAL;1,11769E+11;COLEGIO NUEVA ZELANDIA (IED);A;MAÑANA;URBANO;5:00;12:10;12:15;1;1;2;1;1;1;1;1;0;0;GENERAL;6:00;300;360;-1;800;0;800;16462,52694;15,99182679;1404;1001985,072;1018624,117;1004294,474;1016624,117;3;25;5;31,656;Las Mercedes
R1;U-578;11;SUBA;2_SII_2025;UNIÓN TEMPORAL VET 2023;URBANO;13;MICROBUS;NO;DISTRITAL;1,11001E+11;COLEGIO VISTA BELLA (IED);A/B/C;MAÑANA;URBANO;5:20;11:40;11:45;1;1;2;1;1;1;1;1;0;0;GENERAL;6:20;320;380;-1;535;0;535;9807,808543;101,0329688;1404;1001985,072;1018624,117;1004294,474;1016624,117;3;25;5;19,947;Las Mercedes
R1;U-579;11;SUBA;2_SII_2025;UNIÓN TEMPORAL VET 2023;URBANO;13;MICROBUS;NO;DISTRITAL;1,11001E+11;COLEGIO VISTA BELLA (IED);A/B/C;TARDE;URBANO;10:50;18:30;18:35;2;2;4;1;1;1;1;1;0;0;GENERAL;12:40;650;760;-1;934;0;934;19555,0433;10,33508526;1404;1001985,072;1018624,117;1004294,474;1016624,117;3;25;5;39,607;Las Mercedes
R1;U-463;11;SUBA;1_CV_2025;CONSORCIO RUTAS SEGURAS;URBANO;14;VAN;NO;DISTRITAL;1,11769E+11;COLEGIO ANIBAL FERNANDEZ DE SOTO (IED);B;TARDE;URBANO;11:30;17:25;17:30;1;1;2;1;1;1;1;1;0;0;GENERAL;12:30;690;750;-1;895;0;895;13789,27706;14,0333638;1406;1001985,072;1014624,117;1004294,474;1012624,117;5;25;5;27,825;La Alahambra
R1;U-464;11;SUBA;2_SII_2025;UNIÓN TEMPORAL VET 2023;URBANO;13;MICROBUS;NO;DISTRITAL;1,11769E+11;COLEGIO ANIBAL FERNANDEZ DE SOTO (IED);A;TARDE;URBANO;11:30;18:00;18:05;1;1;2;1;1;1;1;1;0;0;GENERAL;12:30;690;750;-1;633;0;633;14546,25663;20,83279974;1406;1001985,072;1014624,117;1004294,474;1012624,117;5;25;5;28,754;La Alahambra
R1;U-465;11;SUBA;1_CV_2025;CONSORCIO RUTAS SEGURAS;URBANO;12;CAMIONETA;NO;DISTRITAL;1,11769E+11;COLEGIO ANIBAL FERNANDEZ DE SOTO (IED);B;TARDE;URBANO;11:30;17:25;17:30;1;1;2;1;1;1;1;1;0;0;GENERAL;12:30;690;750;-1;743;0;743;14144,84901;15,99296756;1406;1001985,072;1014624,117;1004294,474;1012624,117;5;25;5;28,937;La Alahambra
R1;R-340;1;USAQUEN;1_SII_2025;UNIÓN TEMPORAL VET 2023;RURAL;13;MICROBUS;NO;DISTRITAL;1,11001E+11;COLEGIO NUEVO HORIZONTE (IED);D;MAÑANA;RURAL;5:40;12:30;12:35;1;1;2;1;1;1;1;1;0;0;GENERAL;6:25;340;385;-1;220;0;220;7890,832239;186,5986258;1458;1003717,123;1023624,117;1006026,524;1021624,117;1;26;5;17,558;0
R1;R-341;1;USAQUEN;1_SII_2025;UNIÓN TEMPORAL VET 2023;RURAL;10;BUS;NO;DISTRITAL;1,11001E+11;COLEGIO NUEVO HORIZONTE (IED);D;MAÑANA;RURAL;5:35;12:30;12:35;1;1;2;1;1;1;1;1;0;0;GENERAL;6:25;335;385;-1;506;0;506;10884,45215;45,08647459;1458;1003717,123;1023624,117;1006026,524;1021624,117;1;26;5;21,444;0
R1;R-342;1;USAQUEN;1_SII_2025;UNIÓN TEMPORAL VET 2023;RURAL;10;BUS;NO;DISTRITAL;1,11001E+11;COLEGIO NUEVO HORIZONTE (IED);D;MAÑANA;RURAL;6:00;12:30;12:35;1;1;2;1;1;1;1;1;0;0;GENERAL;6:25;360;385;-1;280;0;280;5372,60147;8,039158224;1458;1003717,123;1023624,117;1006026,524;1021624,117;1;26;5;10,714;0
R1;R-343;1;USAQUEN;1_SII_2025;UNIÓN TEMPORAL VET 2023;RURAL;10;BUS;NO;DISTRITAL;1,11001E+11;COLEGIO NUEVO HORIZONTE (IED);D;MAÑANA;RURAL;5:30;12:30;12:35;1;1;2;1;1;1;1;1;0;0;GENERAL;6:25;330;385;-1;493;0;493;12713,28682;89,9960584;1458;1003717,123;1023624,117;1006026,524;1021624,117;1;26;5;25,521;0
R1;R-344;1;USAQUEN;1_SII_2025;UNIÓN TEMPORAL VET 2023;RURAL;10;BUS;NO;DISTRITAL;1,11001E+11;COLEGIO NUEVO HORIZONTE (IED);D;MAÑANA;RURAL;6:10;12:30;12:35;1;1;2;1;1;1;1;1;0;0;GENERAL;6:25;370;385;-1;404;0;404;5403,711153;26,6335027;1458;1003717,123;1023624,117;1006026,524;1021624,117;1;26;5;10,795;0
R1;R-345;1;USAQUEN;1_SII_2025;UNIÓN TEMPORAL VET 2023;RURAL;10;BUS;NO;DISTRITAL;1,11001E+11;COLEGIO NUEVO HORIZONTE (IED);D;MAÑANA;RURAL;5:55;12:30;12:35;1;1;2;1;1;1;1;1;0;0;GENERAL;6:25;355;385;-1;291;0;291;4192,669184;89,99605212;1458;1003717,123;1023624,117;1006026,524;1021624,117;1;26;5;8,198;0
R1;R-346;1;USAQUEN;1_SII_2025;UNIÓN TEMPORAL VET 2023;RURAL;10;BUS;NO;DISTRITAL;1,11001E+11;COLEGIO NUEVO HORIZONTE (IED);D;MAÑANA;RURAL;5:48;12:30;12:35;1;1;2;1;1;1;1;1;0;0;GENERAL;6:25;348;385;-1;355;0;355;5471,229056;81,89124035;1458;1003717,123;1023624,117;1006026,524;1021624,117;1;26;5;10,892;0
R1;R-347;1;USAQUEN;1_SII_2025;UNIÓN TEMPORAL VET 2023;RURAL;10;BUS;NO;DISTRITAL;1,11001E+11;COLEGIO NUEVO HORIZONTE (IED);D;MAÑANA;RURAL;5:50;12:30;12:35;1;1;2;1;1;1;1;1;0;0;GENERAL;6:25;350;385;-1;471;0;471;8159,038841;89,99605254;1458;1003717,123;1023624,117;1006026,524;1021624,117;1;26;5;17,422;0
R1;R-348;1;USAQUEN;1_SII_2025;UNIÓN TEMPORAL VET 2023;RURAL;10;BUS;NO;DISTRITAL;1,11001E+11;COLEGIO NUEVO HORIZONTE (IED);D;MAÑANA;RURAL;5:50;12:30;12:35;1;1;2;1;1;1;1;1;0;0;GENERAL;6:25;350;385;-1;622;0;622;9052,830639;45,08647963;1458;1003717,123;1023624,117;1006026,524;1021624,117;1;26;5;18,626;0
R1;R-349;1;USAQUEN;1_SII_2025;UNIÓN TEMPORAL VET 2023;RURAL;10;BUS;NO;DISTRITAL;1,11001E+11;COLEGIO NUEVO HORIZONTE (IED);D;MAÑANA;RURAL;6:00;12:30;12:35;1;1;2;1;1;1;1;1;0;0;GENERAL;6:25;360;385;-1;352;0;352;5606,533778;89,99605756;1458;1003717,123;1023624,117;1006026,524;1021624,117;1;26;5;11,262;0
R1;R-380;1;USAQUEN;1_SII_2025;UNIÓN TEMPORAL VET 2023;RURAL;10;BUS;NO;DISTRITAL;1,11001E+11;COLEGIO NUEVO HORIZONTE (IED);D;MAÑANA;RURAL;5:45;12:30;12:35;1;1;2;1;1;1;1;1;0;0;GENERAL;6:25;345;385;-1;504;0;504;7982,148765;7,143369509;1458;1003717,123;1023624,117;1006026,524;1021624,117;1;26;5;15,959;0
R1;U-1035;1;USAQUEN;1_SII_2025;UNIÓN TEMPORAL VET 2023;URBANO;10;BUS;NO;DISTRITAL - ADMINISTRACION CONTRATADA;1,11001E+11;COLEGIO LA ESTRELLITA (IED);A;ÚNICA;URBANO;6:20;15:00;15:05;1;1;2;1;1;1;1;1;0;0;GENERAL;6:45;380;405;-1;362;0;362;4493,477759;322,3381573;1460;1003717,123;1019624,117;1006026,524;1017624,117;3;26;5;7,485;0
R1;U-1036;1;USAQUEN;1_SII_2025;UNIÓN TEMPORAL VET 2023;URBANO;10;BUS;NO;DISTRITAL - ADMINISTRACION CONTRATADA;1,11001E+11;COLEGIO LA ESTRELLITA (IED);A;ÚNICA;URBANO;6:20;15:00;15:05;1;1;2;1;1;1;1;1;0;0;GENERAL;6:45;380;405;-1;253;0;253;3961,602085;339,9534192;1460;1003717,123;1019624,117;1006026,524;1017624,117;3;26;5;8,033;0
R1;U-1437;1;USAQUEN;1_SII_2025;UNIÓN TEMPORAL VET 2023;URBANO;13;MICROBUS;NO;DISTRITAL - ADMINISTRACION CONTRATADA;1,11001E+11;COLEGIO LA ESTRELLITA (IED);A;ÚNICA;URBANO;6:10;15:00;15:05;1;1;2;1;1;1;1;1;0;0;GENERAL;7:00;370;420;-1;588;0;588;10858,67939;359,9956496;1460;1003717,123;1019624,117;1006026,524;1017624,117;3;26;5;17,692;0
R1;U-1651;1;USAQUEN;1_SII_2025;UNIÓN TEMPORAL VET 2023;URBANO;11;BUSETA;NO;DISTRITAL;1,11001E+11;COLEGIO NUEVO HORIZONTE (IED);A;MAÑANA;URBANO;5:40;12:15;12:20;1;1;2;1;1;1;1;1;0;0;GENERAL;6:10;340;370;-1;253;0;253;3027,923394;227,7789432;1460;1003717,123;1019624,117;1006026,524;1017624,117;3;26;5;5,633;0
R1;U-1652;1;USAQUEN;1_SII_2025;UNIÓN TEMPORAL VET 2023;URBANO;13;MICROBUS;NO;DISTRITAL;1,11001E+11;COLEGIO NUEVO HORIZONTE (IED);A;TARDE;URBANO;11:40;18:15;18:20;1;1;2;1;1;1;1;1;0;0;GENERAL;12:20;700;740;-1;253;0;253;3027,923394;227,7789432;1460;1003717,123;1019624,117;1006026,524;1017624,117;3;26;5;5,633;0
R1;U-1661;1;USAQUEN;1_SII_2025;UNIÓN TEMPORAL VET 2023;URBANO;10;BUS;NO;DISTRITAL;1,11848E+11;COLEGIO USAQUEN (IED);B;MAÑANA;URBANO;6:05;12:55;13:00;1;1;2;1;1;1;1;1;0;0;GENERAL;7:00;365;420;-1;505;0;505;10445,67101;2,012397757;1462;1003717,123;1015624,117;1006026,524;1013624,117;5;26;5;19,779;0
R1;U-022;1;USAQUEN;1_SII_2025;UNIÓN TEMPORAL VET 2023;URBANO;10;BUS;NO;DISTRITAL;1,11848E+11;COLEGIO USAQUEN (IED);A;MAÑANA;URBANO;5:30;12:30;12:35;1;1;2;1;1;1;1;1;0;0;GENERAL;6:10;330;370;-1;372;0;372;9623,828448;191,3427541;1463;1003717,123;1013624,117;1006026,524;1011624,117;6;26;5;19,566;La Alahambra
R1;U-023;1;USAQUEN;1_SII_2025;UNIÓN TEMPORAL VET 2023;URBANO;10;BUS;NO;DISTRITAL;1,11848E+11;COLEGIO USAQUEN (IED);A;MAÑANA;URBANO;5:30;11:05;11:10;1;1;2;1;1;1;1;1;0;0;GENERAL;6:10;330;370;-1;522;0;522;12246,54087;191,3427541;1463;1003717,123;1013624,117;1006026,524;1011624,117;6;26;5;24,597;La Alahambra
R1;U-024;1;USAQUEN;1_SII_2025;UNIÓN TEMPORAL VET 2023;URBANO;13;MICROBUS;NO;DISTRITAL;1,11848E+11;COLEGIO USAQUEN (IED);A;MAÑANA;URBANO;5:30;11:10;11:15;1;1;2;1;1;1;1;1;0;0;GENERAL;6:10;330;370;-1;362;0;362;7710,745792;105,8921004;1463;1003717,123;1013624,117;1006026,524;1011624,117;6;26;5;15,665;La Alahambra
R1;U-1601;1;USAQUEN;1_SII_2025;UNIÓN TEMPORAL VET 2023;URBANO;13;MICROBUS;NO;DISTRITAL;1,11848E+11;COLEGIO USAQUEN (IED);A;MAÑANA;URBANO;5:20;12:30;12:35;1;1;2;1;1;1;1;1;0;0;GENERAL;6:10;320;370;-1;601;0;601;11962,82888;194,077182;1463;1003717,123;1013624,117;1006026,524;1011624,117;6;26;5;25,101;La Alahambra
R1;U-1662;1;USAQUEN;1_SII_2025;UNIÓN TEMPORAL VET 2023;URBANO;10;BUS;NO;DISTRITAL;1,11848E+11;COLEGIO USAQUEN (IED);A;MAÑANA;URBANO;5:10;11:05;11:10;1;1;2;1;1;1;1;1;0;0;GENERAL;6:10;310;370;-1;737;0;737;13113,07823;116,4861309;1463;1003717,123;1013624,117;1006026,524;1011624,117;6;26;5;25,194;La Alahambra
R1;U-1663;1;USAQUEN;1_SII_2025;UNIÓN TEMPORAL VET 2023;URBANO;10;BUS;NO;DISTRITAL;1,11848E+11;COLEGIO USAQUEN (IED);A;MAÑANA;URBANO;5:10;11:05;11:10;1;1;2;1;1;1;1;1;0;0;GENERAL;6:10;310;370;-1;434;0;434;12162,9808;188,7710433;1463;1003717,123;1013624,117;1006026,524;1011624,117;6;26;5;21,978;La Alahambra
R1;U-1664;1;USAQUEN;1_SII_2025;UNIÓN TEMPORAL VET 2023;URBANO;10;BUS;NO;DISTRITAL;1,11848E+11;COLEGIO USAQUEN (IED);A;MAÑANA;URBANO;5:10;11:05;11:10;1;1;2;1;1;1;1;1;0;0;GENERAL;6:10;310;370;-1;603;0;603;12627,49589;89,99648091;1463;1003717,123;1013624,117;1006026,524;1011624,117;6;26;5;23,921;La Alahambra
R1;U-1665;1;USAQUEN;1_SII_2025;UNIÓN TEMPORAL VET 2023;URBANO;10;BUS;NO;DISTRITAL;1,11848E+11;COLEGIO USAQUEN (IED);A;TARDE;URBANO;11:30;17:25;17:30;1;1;2;1;1;1;1;1;0;0;GENERAL;12:20;690;740;-1;421;0;421;8110,635331;186,4772804;1463;1003717,123;1013624,117;1006026,524;1011624,117;6;26;5;16,973;La Alahambra
R1;U-1666;1;USAQUEN;1_SII_2025;UNIÓN TEMPORAL VET 2023;URBANO;10;BUS;NO;DISTRITAL;1,11848E+11;COLEGIO USAQUEN (IED);A;TARDE;URBANO;11:30;17:25;17:30;1;1;2;1;1;1;1;1;0;0;GENERAL;12:20;690;740;-1;583;0;583;12775,04339;179,9964829;1463;1003717,123;1013624,117;1006026,524;1011624,117;6;26;5;23,343;La Alahambra
R1;U-1667;1;USAQUEN;1_SII_2025;UNIÓN TEMPORAL VET 2023;URBANO;11;BUSETA;NO;DISTRITAL;1,11848E+11;COLEGIO USAQUEN (IED);A;TARDE;URBANO;11:20;18:15;18:20;1;1;2;1;1;1;1;1;0;0;GENERAL;12:20;680;740;-1;766;0;766;16641,97323;134,9021381;1463;1003717,123;1013624,117;1006026,524;1011624,117;6;26;5;30,468;La Alahambra
R1;R-208;2;CHAPINERO;5_SII_2025;UNIÓN TEMPORAL VET 2023;RURAL;11;BUSETA;NO;DISTRITAL;1,11001E+11;COLEGIO CAMPESTRE MONTE VERDE (IED);B;ÚNICA;RURAL;6:30;12:55;13:00;1;1;2;1;1;1;1;1;0;0;GENERAL;7:00;390;420;-1;455;0;455;3744,191262;206,6377825;1465;1003717,123;1009624,117;1006026,524;1007624,117;8;26;5;7,812;La Alahambra
R1;R-209;2;CHAPINERO;5_SII_2025;UNIÓN TEMPORAL VET 2023;RURAL;11;BUSETA;NO;DISTRITAL;1,11001E+11;COLEGIO CAMPESTRE MONTE VERDE (IED);B;ÚNICA;RURAL;6:30;12:55;13:00;1;1;2;1;1;1;1;1;0;0;GENERAL;7:00;390;420;-1;422;0;422;3425,447577;206,6377825;1465;1003717,123;1009624,117;1006026,524;1007624,117;8;26;5;7,337;La Alahambra
R1;R-210;2;CHAPINERO;5_SII_2025;UNIÓN TEMPORAL VET 2023;RURAL;10;BUS;NO;DISTRITAL;1,11001E+11;COLEGIO CAMPESTRE MONTE VERDE (IED);B;ÚNICA;RURAL;6:30;12:55;13:00;1;1;2;1;1;1;1;1;0;0;GENERAL;7:00;390;420;-1;332;0;332;3036,35433;198,4885493;1465;1003717,123;1009624,117;1006026,524;1007624,117;8;26;5;5,623;La Alahambra
R1;R-220;2;CHAPINERO;5_SII_2025;UNIÓN TEMPORAL VET 2023;RURAL;11;BUSETA;NO;DISTRITAL;1,11001E+11;COLEGIO CAMPESTRE MONTE VERDE (IED);B;ÚNICA;RURAL;6:40;12:55;13:00;1;1;2;1;1;1;1;1;0;0;GENERAL;7:00;400;420;-1;283;0;283;2103,169977;198,4885493;1465;1003717,123;1009624,117;1006026,524;1007624,117;8;26;5;4,206;La Alahambra
R1;R-475;2;CHAPINERO;5_SII_2025;UNIÓN TEMPORAL VET 2023;RURAL;11;BUSETA;NO;DISTRITAL;1,11001E+11;COLEGIO CAMPESTRE MONTE VERDE (IED);B;ÚNICA;RURAL;6:30;12:55;13:00;1;1;2;1;1;1;1;1;0;0;GENERAL;7:00;390;420;-1;499;0;499;4926,366965;269,9961283;1465;1003717,123;1009624,117;1006026,524;1007624,117;8;26;5;9,852;La Alahambra
R1;R-001;3;SANTAFE;7_SII_2025;UNIÓN TEMPORAL AMP 2022;RURAL;13;MICROBUS;NO;DISTRITAL;2,11001E+11;COLEGIO EL VERJON (IED);A;ÚNICA;RURAL;6:30;13:55;14:00;1;1;2;1;1;1;1;1;0;0;GENERAL;7:00;390;420;-1;653;0;653;5726,914706;258,7239387;1470;1003717,123;999624,1172;1006026,524;997624,1172;13;26;5;11,453;0
R1;R-002;3;SANTAFE;7_SII_2025;UNIÓN TEMPORAL AMP 2022;RURAL;10;BUS;NO;DISTRITAL;2,11001E+11;COLEGIO EL VERJON (IED);A;ÚNICA;RURAL;5:45;13:55;14:00;2;2;4;1;1;1;1;1;0;0;GENERAL;7:00;345;420;-1;1663;0;1663;32006,3606;220,6952731;1470;1003717,123;999624,1172;1006026,524;997624,1172;13;26;5;65,121;0
R1;R-003;3;SANTAFE;7_SII_2025;UNIÓN TEMPORAL AMP 2022;RURAL;11;BUSETA;NO;DISTRITAL;2,11001E+11;COLEGIO EL VERJON (IED);A;ÚNICA;RURAL;5:55;13:55;14:00;2;2;4;1;1;1;1;1;0;0;GENERAL;7:00;355;420;-1;1117;0;1117;19418,94037;273,7965798;1470;1003717,123;999624,1172;1006026,524;997624,1172;13;26;5;38,831;0
R1;R-004;3;SANTAFE;7_SII_2025;UNIÓN TEMPORAL AMP 2022;RURAL;11;BUSETA;NO;DISTRITAL;2,11001E+11;COLEGIO EL VERJON (IED);A;ÚNICA;RURAL;6:00;13:55;14:00;1;1;2;1;1;1;1;1;0;0;GENERAL;7:00;360;420;-1;1452;0;1452;28478,75457;262,8951086;1470;1003717,123;999624,1172;1006026,524;997624,1172;13;26;5;58,06;0
R1;R-005;3;SANTAFE;7_SII_2025;UNIÓN TEMPORAL AMP 2022;RURAL;10;BUS;NO;DISTRITAL;2,11001E+11;COLEGIO EL VERJON (IED);A;ÚNICA;RURAL;6:00;13:55;14:00;2;2;4;1;1;1;1;1;0;0;GENERAL;7:05;360;425;-1;1429;0;1429;28002,29505;269,9956781;1470;1003717,123;999624,1172;1006026,524;997624,1172;13;26;5;57,109;0
R1;R-008;3;SANTAFE;7_SII_2025;UNIÓN TEMPORAL AMP 2022;RURAL;13;MICROBUS;NO;DISTRITAL;2,11001E+11;COLEGIO EL VERJON (IED);A;ÚNICA;RURAL;6:20;13:55;14:00;1;1;2;1;1;1;1;1;0;0;GENERAL;7:00;380;420;-1;503;0;503;9409,945807;225,0951289;1470;1003717,123;999624,1172;1006026,524;997624,1172;13;26;5;18,821;0
R1;R-009;3;SANTAFE;7_SII_2025;UNIÓN TEMPORAL AMP 2022;RURAL;13;MICROBUS;NO;DISTRITAL;2,11001E+11;COLEGIO EL VERJON (IED);A;ÚNICA;RURAL;6:25;13:55;14:00;1;1;2;1;1;1;1;1;0;0;GENERAL;7:00;385;420;-1;753;0;753;5692,75328;283,9851959;1470;1003717,123;999624,1172;1006026,524;997624,1172;13;26;5;11,386;0
R1;R-481;3;SANTAFE;7_SII_2025;UNIÓN TEMPORAL AMP 2022;RURAL;13;MICROBUS;NO;DISTRITAL;2,11001E+11;COLEGIO EL VERJON (IED);A;ÚNICA;RURAL;6:30;13:55;14:00;1;1;2;1;1;1;1;1;0;0;GENERAL;7:00;390;420;-1;364;0;364;2368,470777;269,9956773;1470;1003717,123;999624,1172;1006026,524;997624,1172;13;26;5;4,734;0
R1;U-018;1;USAQUEN;1_SII_2025;UNIÓN TEMPORAL VET 2023;URBANO;13;MICROBUS;NO;DISTRITAL;1,11001E+11;COLEGIO NUEVO HORIZONTE (IED);B/C;TARDE;URBANO;12:00;17:10;17:15;1;1;2;1;1;1;1;1;0;0;GENERAL;12:30;720;750;-1;205;0;205;3175,717625;171,2217668;1515;1005449,174;1020624,117;1007758,575;1018624,117;2;27;5;7,036;0
R1;U-001;1;USAQUEN;1_SII_2025;UNIÓN TEMPORAL VET 2023;URBANO;13;MICROBUS;NO;DISTRITAL;1,11001E+11;COLEGIO FRIEDRICH NAUMANN (IED);A;ÚNICA;URBANO;5:40;13:55;14:00;1;1;2;1;1;1;1;1;0;0;GENERAL;6:20;340;380;-1;415;0;415;8063,806899;344,4235681;1516;1005449,174;1018624,117;1007758,575;1016624,117;3;27;5;13,717;0
R1;U-899;1;USAQUEN;1_SII_2025;UNIÓN TEMPORAL VET 2023;URBANO;13;MICROBUS;NO;DISTRITAL;1,11001E+11;COLEGIO FRIEDRICH NAUMANN (IED);A;ÚNICA;URBANO;5:10;14:25;14:30;1;1;2;1;1;1;1;1;0;0;GENERAL;5:50;310;350;-1;623;0;623;9557,900173;344,4235681;1516;1005449,174;1018624,117;1007758,575;1016624,117;3;27;5;20,566;0
R1;R-206;2;CHAPINERO;5_SII_2025;UNIÓN TEMPORAL VET 2023;RURAL;11;BUSETA;NO;DISTRITAL;1,11001E+11;COLEGIO CAMPESTRE MONTE VERDE (IED);A;MAÑANA;RURAL;5:40;11:15;11:20;1;1;2;1;1;1;1;1;0;0;GENERAL;6:10;340;370;-1;337;0;337;3295,95715;228,1035296;1521;1005449,174;1008624,117;1007758,575;1006624,117;8;27;5;5,983;0
R1;R-207;2;CHAPINERO;5_SII_2025;UNIÓN TEMPORAL VET 2023;RURAL;10;BUS;NO;DISTRITAL;1,11001E+11;COLEGIO CAMPESTRE MONTE VERDE (IED);A;MAÑANA;RURAL;5:55;11:15;11:20;1;1;2;1;1;1;1;1;0;0;GENERAL;6:10;355;370;-1;156;0;156;1239,854499;226,0622256;1521;1005449,174;1008624,117;1007758,575;1006624,117;8;27;5;2,806;0
R1;R-211;2;CHAPINERO;5_SII_2025;UNIÓN TEMPORAL VET 2023;RURAL;10;BUS;NO;DISTRITAL;1,11001E+11;COLEGIO CAMPESTRE MONTE VERDE (IED);A;TARDE;RURAL;12:05;17:25;17:30;1;1;2;1;1;1;1;1;0;0;GENERAL;12:25;725;745;-1;239;0;239;1813,317064;225,0912551;1521;1005449,174;1008624,117;1007758,575;1006624,117;8;27;5;3,357;0
R1;R-212;2;CHAPINERO;5_SII_2025;UNIÓN TEMPORAL VET 2023;RURAL;10;BUS;NO;DISTRITAL;1,11001E+11;COLEGIO CAMPESTRE MONTE VERDE (IED);A;MAÑANA;RURAL;5:55;11:15;11:20;1;1;2;1;1;1;1;1;0;0;GENERAL;6:10;355;370;-1;156;0;156;1204,410919;225,0912483;1521;1005449,174;1008624,117;1007758,575;1006624,117;8;27;5;2,895;0
R1;R-213;2;CHAPINERO;5_SII_2025;UNIÓN TEMPORAL VET 2023;RURAL;11;BUSETA;NO;DISTRITAL;1,11001E+11;COLEGIO CAMPESTRE MONTE VERDE (IED);A;TARDE;RURAL;12:00;17:25;17:30;1;1;2;1;1;1;1;1;0;0;GENERAL;12:25;720;745;-1;528;0;528;5238,244905;226,0622256;1521;1005449,174;1008624,117;1007758,575;1006624,117;8;27;5;9,652;0
R1;R-215;2;CHAPINERO;5_SII_2025;UNIÓN TEMPORAL VET 2023;RURAL;10;BUS;NO;DISTRITAL;1,11001E+11;COLEGIO CAMPESTRE MONTE VERDE (IED);A;MAÑANA;RURAL;5:55;11:15;11:20;1;1;2;1;1;1;1;1;0;0;GENERAL;6:10;355;370;-1;241;0;241;1850,945166;228,1035296;1521;1005449,174;1008624,117;1007758,575;1006624,117;8;27;5;2,995;0
R1;R-216;2;CHAPINERO;5_SII_2025;UNIÓN TEMPORAL VET 2023;RURAL;11;BUSETA;NO;DISTRITAL;1,11001E+11;COLEGIO CAMPESTRE MONTE VERDE (IED);A;MAÑANA;RURAL;5:30;12:10;12:15;1;1;2;1;1;1;1;1;0;0;GENERAL;6:10;330;370;-1;476;0;476;4345,458214;228,1035296;1521;1005449,174;1008624,117;1007758,575;1006624,117;8;27;5;7,277;0
R1;R-217;2;CHAPINERO;5_SII_2025;UNIÓN TEMPORAL VET 2023;RURAL;13;MICROBUS;NO;DISTRITAL;1,11001E+11;COLEGIO CAMPESTRE MONTE VERDE (IED);A;TARDE;RURAL;11:40;18:20;18:25;1;1;2;1;1;1;1;1;0;0;GENERAL;12:25;700;745;-1;530;0;530;5232,398548;225,0912563;1521;1005449,174;1008624,117;1007758,575;1006624,117;8;27;5;9,664;0
R1;R-218;2;CHAPINERO;5_SII_2025;UNIÓN TEMPORAL VET 2023;RURAL;11;BUSETA;NO;DISTRITAL;1,11001E+11;COLEGIO CAMPESTRE MONTE VERDE (IED);A;TARDE;RURAL;12:10;17:25;17:30;1;1;2;1;1;1;1;1;0;0;GENERAL;12:25;730;745;-1;190;0;190;1543,53905;225,0912563;1521;1005449,174;1008624,117;1007758,575;1006624,117;8;27;5;3,451;0
R1;R-219;2;CHAPINERO;5_SII_2025;UNIÓN TEMPORAL VET 2023;RURAL;11;BUSETA;NO;DISTRITAL;1,11001E+11;COLEGIO CAMPESTRE MONTE VERDE (IED);A;TARDE;RURAL;12:05;18:20;18:25;1;1;2;1;1;1;1;1;0;0;GENERAL;12:25;725;745;-1;239;0;239;1836,040347;226,0622256;1521;1005449,174;1008624,117;1007758,575;1006624,117;8;27;5;3,402;0
R1;R-381;2;CHAPINERO;5_SII_2025;UNIÓN TEMPORAL VET 2023;RURAL;10;BUS;NO;DISTRITAL;1,11001E+11;COLEGIO CAMPESTRE MONTE VERDE (IED);A;MAÑANA;RURAL;5:50;12:10;12:15;1;1;2;1;1;1;1;1;0;0;GENERAL;6:10;350;370;-1;240;0;240;1814,909562;225,0912557;1521;1005449,174;1008624,117;1007758,575;1006624,117;8;27;5;3,36;0
R1;R-384;2;CHAPINERO;5_SII_2025;UNIÓN TEMPORAL VET 2023;RURAL;10;BUS;NO;DISTRITAL;1,11001E+11;COLEGIO CAMPESTRE MONTE VERDE (IED);A;MAÑANA;RURAL;5:50;11:15;11:20;1;1;2;1;1;1;1;1;0;0;GENERAL;6:10;350;370;-1;240;0;240;1814,909562;225,0912557;1521;1005449,174;1008624,117;1007758,575;1006624,117;8;27;5;3,36;0
R1;R-385;2;CHAPINERO;5_SII_2025;UNIÓN TEMPORAL VET 2023;RURAL;13;MICROBUS;NO;DISTRITAL;1,11001E+11;COLEGIO CAMPESTRE MONTE VERDE (IED);A;MAÑANA;RURAL;5:50;12:10;12:15;1;1;2;1;1;1;1;1;0;0;GENERAL;6:10;350;370;-1;240;0;240;1814,909562;225,0912557;1521;1005449,174;1008624,117;1007758,575;1006624,117;8;27;5;3,36;0
