{
"type": "FeatureCollection",
"name": "09_hexagonos_Patios_Cargadores",
"crs": { "type": "name", "properties": { "name": "urn:ogc:def:crs:EPSG::3116" } },
"features": [
{ "type": "Feature", "properties": { "id": 1028, "left": 989860.71683623979, "top": 987624.1172, "right": 992170.11791299819, "bottom": 985624.1172, "row_index": 19.0, "col_index": 18.0, "Rutas_I": 1, "Km_I": 5.0, "Rutas_F": 0, "KM_F": 0, "Horas_I": 2, "Horas_F": 0, "Veh_I_BUS": 0, "Veh_I_BUSETA": 0, "Veh_I_MICROBUS": 1, "Veh_I_CAMIONETA": 0, "Km_I_Bus": 0.0, "Km_I_BUSETA": 0.0, "Km_I_MICROBUS": 5.0, "Km_I_CAMIONETA": 0.0, "Veh_F_BUS": 0.0, "Veh_F_BUSETA": 0, "Veh_F_MICROBUS": 0, "Veh_F_CAMIONETA": 0, "Km_F_Bus": 0, "Km_F_BUSETA": 0, "Km_F_MICROBUS": 0, "Km_F_CAMIONETA": 0, "Ho_I_Bus": 0, "Ho_I_BUSETA": 0, "Ho_I_MICROBUS": 2, "Ho_I_CAMIONETA": 0, "Ho_F_Bus": 0, "Ho_F_BUSETA": 0, "Ho_F_MICROBUS": 5, "Ho_F_CAMIONETA": 0, "Ben_I_Bus": 0, "Ben_I_BUSETA": 0, "Ben_I_MICROBUS": 16, "Ben_I_CAMIONETA": 0, "Ben_F_Bus": 0, "Ben_F_BUSETA": 0, "Ben_F_MICROBUS": 0, "Ben_F_CAMIONETA": 0, "Rutas_I_Bus": 0, "Rutas_I_BUSETA": 0, "Rutas_I_MICROBUS": 1, "Rutas_I_CAMIONETA": 0, "Rutas_F_Bus": 0, "Rutas_F_BUSETA": 0, "Rutas_F_MICROBUS": 0, "Rutas_F_CAMIONETA": 0, "nom_patio": "", "Id_2": 1 }, "geometry": { "type": "MultiPolygon", "coordinates": [ [ [ [ 989860.716836239793338, 986624.117199999978766 ], [ 990438.067105429363437, 987624.117199999978766 ], [ 991592.767643808620051, 987624.117199999978766 ], [ 992170.11791299819015, 986624.117199999978766 ], [ 991592.767643808620051, 985624.117199999978766 ], [ 990438.067105429363437, 985624.117199999978766 ], [ 989860.716836239793338, 986624.117199999978766 ] ] ] ] } },
{ "type": "Feature", "properties": { "id": 1029, "left": 989860.71683623979, "top": 985624.1172, "right": 992170.11791299819, "bottom": 983624.1172, "row_index": 20.0, "col_index": 18.0, "Rutas_I": 1, "Km_I": 8.0, "Rutas_F": 1, "KM_F": 9, "Horas_I": 4, "Horas_F": 2, "Veh_I_BUS": 1, "Veh_I_BUSETA": 0, "Veh_I_MICROBUS": 0, "Veh_I_CAMIONETA": 0, "Km_I_Bus": 8.0, "Km_I_BUSETA": 0.0, "Km_I_MICROBUS": 0.0, "Km_I_CAMIONETA": 0.0, "Veh_F_BUS": 0.0, "Veh_F_BUSETA": 1, "Veh_F_MICROBUS": 0, "Veh_F_CAMIONETA": 0, "Km_F_Bus": 0, "Km_F_BUSETA": 9, "Km_F_MICROBUS": 0, "Km_F_CAMIONETA": 0, "Ho_I_Bus": 8, "Ho_I_BUSETA": 2, "Ho_I_MICROBUS": 0, "Ho_I_CAMIONETA": 0, "Ho_F_Bus": 8, "Ho_F_BUSETA": 0, "Ho_F_MICROBUS": 0, "Ho_F_CAMIONETA": 0, "Ben_I_Bus": 36, "Ben_I_BUSETA": 0, "Ben_I_MICROBUS": 0, "Ben_I_CAMIONETA": 0, "Ben_F_Bus": 0, "Ben_F_BUSETA": 25, "Ben_F_MICROBUS": 0, "Ben_F_CAMIONETA": 0, "Rutas_I_Bus": 1, "Rutas_I_BUSETA": 0, "Rutas_I_MICROBUS": 0, "Rutas_I_CAMIONETA": 0, "Rutas_F_Bus": 0, "Rutas_F_BUSETA": 1, "Rutas_F_MICROBUS": 0, "Rutas_F_CAMIONETA": 0, "nom_patio": "Usme I y II", "Id_2": 1 }, "geometry": { "type": "MultiPolygon", "coordinates": [ [ [ [ 989860.716836239793338, 984624.117199999978766 ], [ 990438.067105429363437, 985624.117199999978766 ], [ 991592.767643808620051, 985624.117199999978766 ], [ 992170.11791299819015, 984624.117199999978766 ], [ 991592.767643808620051, 983624.117199999978766 ], [ 990438.067105429363437, 983624.117199999978766 ], [ 989860.716836239793338, 984624.117199999978766 ] ] ] ] } },
{ "type": "Feature", "properties": { "id": 1083, "left": 991592.76764380862, "top": 988624.1172, "right": 993902.16872056702, "bottom": 986624.1172, "row_index": 18.0, "col_index": 19.0, "Rutas_I": 1, "Km_I": 7.0, "Rutas_F": 11, "KM_F": 53, "Horas_I": 2, "Horas_F": 22, "Veh_I_BUS": 0, "Veh_I_BUSETA": 1, "Veh_I_MICROBUS": 0, "Veh_I_CAMIONETA": 0, "Km_I_Bus": 0.0, "Km_I_BUSETA": 7.0, "Km_I_MICROBUS": 0.0, "Km_I_CAMIONETA": 0.0, "Veh_F_BUS": 7.0, "Veh_F_BUSETA": 1, "Veh_F_MICROBUS": 0, "Veh_F_CAMIONETA": 0, "Km_F_Bus": null, "Km_F_BUSETA": 7, "Km_F_MICROBUS": 0, "Km_F_CAMIONETA": 0, "Ho_I_Bus": 12, "Ho_I_BUSETA": 2, "Ho_I_MICROBUS": 0, "Ho_I_CAMIONETA": 0, "Ho_F_Bus": 0, "Ho_F_BUSETA": 7, "Ho_F_MICROBUS": 0, "Ho_F_CAMIONETA": 0, "Ben_I_Bus": 0, "Ben_I_BUSETA": 28, "Ben_I_MICROBUS": 0, "Ben_I_CAMIONETA": 0, "Ben_F_Bus": 334, "Ben_F_BUSETA": 28, "Ben_F_MICROBUS": 0, "Ben_F_CAMIONETA": 0, "Rutas_I_Bus": 0, "Rutas_I_BUSETA": 1, "Rutas_I_MICROBUS": 0, "Rutas_I_CAMIONETA": 0, "Rutas_F_Bus": 10, "Rutas_F_BUSETA": 1, "Rutas_F_MICROBUS": 0, "Rutas_F_CAMIONETA": 0, "nom_patio": "Usme I y II", "Id_2": 1 }, "geometry": { "type": "MultiPolygon", "coordinates": [ [ [ [ 991592.767643808620051, 987624.117199999978766 ], [ 992170.11791299819015, 988624.117199999978766 ], [ 993324.818451377446763, 988624.117199999978766 ], [ 993902.168720567016862, 987624.117199999978766 ], [ 993324.818451377446763, 986624.117199999978766 ], [ 992170.11791299819015, 986624.117199999978766 ], [ 991592.767643808620051, 987624.117199999978766 ] ] ] ] } },
{ "type": "Feature", "properties": { "id": 1139, "left": 993324.81845137756, "top": 989624.1172, "right": 995634.21952813584, "bottom": 987624.1172, "row_index": 18.0, "col_index": 20.0, "Rutas_I": 1, "Km_I": 10.0, "Rutas_F": 0, "KM_F": 0, "Horas_I": 2, "Horas_F": 0, "Veh_I_BUS": 1, "Veh_I_BUSETA": 0, "Veh_I_MICROBUS": 0, "Veh_I_CAMIONETA": 0, "Km_I_Bus": 10.0, "Km_I_BUSETA": 0.0, "Km_I_MICROBUS": 0.0, "Km_I_CAMIONETA": 0.0, "Veh_F_BUS": 0.0, "Veh_F_BUSETA": 0, "Veh_F_MICROBUS": 0, "Veh_F_CAMIONETA": 0, "Km_F_Bus": 0, "Km_F_BUSETA": 0, "Km_F_MICROBUS": 0, "Km_F_CAMIONETA": 0, "Ho_I_Bus": 2, "Ho_I_BUSETA": 0, "Ho_I_MICROBUS": 0, "Ho_I_CAMIONETA": 0, "Ho_F_Bus": 10, "Ho_F_BUSETA": 0, "Ho_F_MICROBUS": 0, "Ho_F_CAMIONETA": 0, "Ben_I_Bus": 38, "Ben_I_BUSETA": 0, "Ben_I_MICROBUS": 0, "Ben_I_CAMIONETA": 0, "Ben_F_Bus": 0, "Ben_F_BUSETA": 0, "Ben_F_MICROBUS": 0, "Ben_F_CAMIONETA": 0, "Rutas_I_Bus": 1, "Rutas_I_BUSETA": 0, "Rutas_I_MICROBUS": 0, "Rutas_I_CAMIONETA": 0, "Rutas_F_Bus": 0, "Rutas_F_BUSETA": 0, "Rutas_F_MICROBUS": 0, "Rutas_F_CAMIONETA": 0, "nom_patio": "", "Id_2": 1 }, "geometry": { "type": "MultiPolygon", "coordinates": [ [ [ [ 993324.818451377563179, 988624.117199999978766 ], [ 993902.168720567133278, 989624.117199999978766 ], [ 995056.869258946389891, 989624.117199999978766 ], [ 995634.21952813595999, 988624.117199999978766 ], [ 995056.869258946389891, 987624.117199999978766 ], [ 993902.168720567133278, 987624.117199999978766 ], [ 993324.818451377563179, 988624.117199999978766 ] ] ] ] } },
{ "type": "Feature", "properties": { "id": 1140, "left": 993324.81845137756, "top": 987624.1172, "right": 995634.21952813584, "bottom": 985624.1172, "row_index": 19.0, "col_index": 20.0, "Rutas_I": 13, "Km_I": 116.0, "Rutas_F": 10, "KM_F": 77, "Horas_I": 26, "Horas_F": 20, "Veh_I_BUS": 6, "Veh_I_BUSETA": 2, "Veh_I_MICROBUS": 0, "Veh_I_CAMIONETA": 0, "Km_I_Bus": 81.0, "Km_I_BUSETA": 35.0, "Km_I_MICROBUS": 0.0, "Km_I_CAMIONETA": 0.0, "Veh_F_BUS": 4.0, "Veh_F_BUSETA": 1, "Veh_F_MICROBUS": 3, "Veh_F_CAMIONETA": 0, "Km_F_Bus": 53, "Km_F_BUSETA": 7, "Km_F_MICROBUS": 16, "Km_F_CAMIONETA": 0, "Ho_I_Bus": 26, "Ho_I_BUSETA": 12, "Ho_I_MICROBUS": 6, "Ho_I_CAMIONETA": 0, "Ho_F_Bus": 81, "Ho_F_BUSETA": 35, "Ho_F_MICROBUS": 0, "Ho_F_CAMIONETA": 0, "Ben_I_Bus": 321, "Ben_I_BUSETA": 99, "Ben_I_MICROBUS": 0, "Ben_I_CAMIONETA": 0, "Ben_F_Bus": 180, "Ben_F_BUSETA": 40, "Ben_F_MICROBUS": 32, "Ben_F_CAMIONETA": 0, "Rutas_I_Bus": 9, "Rutas_I_BUSETA": 4, "Rutas_I_MICROBUS": 0, "Rutas_I_CAMIONETA": 0, "Rutas_F_Bus": 5, "Rutas_F_BUSETA": 2, "Rutas_F_MICROBUS": 3, "Rutas_F_CAMIONETA": 0, "nom_patio": "Usme I y II", "Id_2": 1 }, "geometry": { "type": "MultiPolygon", "coordinates": [ [ [ [ 993324.818451377563179, 986624.117199999978766 ], [ 993902.168720567133278, 987624.117199999978766 ], [ 995056.869258946389891, 987624.117199999978766 ], [ 995634.21952813595999, 986624.117199999978766 ], [ 995056.869258946389891, 985624.117199999978766 ], [ 993902.168720567133278, 985624.117199999978766 ], [ 993324.818451377563179, 986624.117199999978766 ] ] ] ] } },
{ "type": "Feature", "properties": { "id": 1141, "left": 993324.81845137756, "top": 985624.1172, "right": 995634.21952813584, "bottom": 983624.1172, "row_index": 20.0, "col_index": 20.0, "Rutas_I": 1, "Km_I": 24.0, "Rutas_F": 1, "KM_F": 9, "Horas_I": 4, "Horas_F": 2, "Veh_I_BUS": 0, "Veh_I_BUSETA": 1, "Veh_I_MICROBUS": 0, "Veh_I_CAMIONETA": 0, "Km_I_Bus": 0.0, "Km_I_BUSETA": 24.0, "Km_I_MICROBUS": 0.0, "Km_I_CAMIONETA": 0.0, "Veh_F_BUS": 0.0, "Veh_F_BUSETA": 1, "Veh_F_MICROBUS": 0, "Veh_F_CAMIONETA": 0, "Km_F_Bus": 0, "Km_F_BUSETA": 9, "Km_F_MICROBUS": 0, "Km_F_CAMIONETA": 0, "Ho_I_Bus": 0, "Ho_I_BUSETA": 6, "Ho_I_MICROBUS": 0, "Ho_I_CAMIONETA": 0, "Ho_F_Bus": 0, "Ho_F_BUSETA": 24, "Ho_F_MICROBUS": 0, "Ho_F_CAMIONETA": 0, "Ben_I_Bus": 0, "Ben_I_BUSETA": 27, "Ben_I_MICROBUS": 0, "Ben_I_CAMIONETA": 0, "Ben_F_Bus": 0, "Ben_F_BUSETA": 15, "Ben_F_MICROBUS": 0, "Ben_F_CAMIONETA": 0, "Rutas_I_Bus": 0, "Rutas_I_BUSETA": 1, "Rutas_I_MICROBUS": 0, "Rutas_I_CAMIONETA": 0, "Rutas_F_Bus": 0, "Rutas_F_BUSETA": 1, "Rutas_F_MICROBUS": 0, "Rutas_F_CAMIONETA": 0, "nom_patio": "Usme I y II", "Id_2": 1 }, "geometry": { "type": "MultiPolygon", "coordinates": [ [ [ [ 993324.818451377563179, 984624.117199999978766 ], [ 993902.168720567133278, 985624.117199999978766 ], [ 995056.869258946389891, 985624.117199999978766 ], [ 995634.21952813595999, 984624.117199999978766 ], [ 995056.869258946389891, 983624.117199999978766 ], [ 993902.168720567133278, 983624.117199999978766 ], [ 993324.818451377563179, 984624.117199999978766 ] ] ] ] } },
{ "type": "Feature", "properties": { "id": 1142, "left": 993324.81845137756, "top": 983624.1172, "right": 995634.21952813584, "bottom": 981624.1172, "row_index": 21.0, "col_index": 20.0, "Rutas_I": 4, "Km_I": 47.0, "Rutas_F": 6, "KM_F": 58, "Horas_I": 8, "Horas_F": 14, "Veh_I_BUS": 2, "Veh_I_BUSETA": 1, "Veh_I_MICROBUS": 1, "Veh_I_CAMIONETA": 0, "Km_I_Bus": 29.0, "Km_I_BUSETA": 9.0, "Km_I_MICROBUS": 8.33, "Km_I_CAMIONETA": 0.0, "Veh_F_BUS": 3.0, "Veh_F_BUSETA": 0, "Veh_F_MICROBUS": 2, "Veh_F_CAMIONETA": 0, "Km_F_Bus": 27, "Km_F_BUSETA": 0, "Km_F_MICROBUS": 31, "Km_F_CAMIONETA": 0, "Ho_I_Bus": 6, "Ho_I_BUSETA": 2, "Ho_I_MICROBUS": 6, "Ho_I_CAMIONETA": 0, "Ho_F_Bus": 29, "Ho_F_BUSETA": 9, "Ho_F_MICROBUS": null, "Ho_F_CAMIONETA": 0, "Ben_I_Bus": 66, "Ben_I_BUSETA": 15, "Ben_I_MICROBUS": 8, "Ben_I_CAMIONETA": 0, "Ben_F_Bus": 146, "Ben_F_BUSETA": 0, "Ben_F_MICROBUS": 17, "Ben_F_CAMIONETA": 0, "Rutas_I_Bus": 2, "Rutas_I_BUSETA": 1, "Rutas_I_MICROBUS": 1, "Rutas_I_CAMIONETA": 0, "Rutas_F_Bus": 4, "Rutas_F_BUSETA": 0, "Rutas_F_MICROBUS": 2, "Rutas_F_CAMIONETA": 0, "nom_patio": "Usme I y II", "Id_2": 1 }, "geometry": { "type": "MultiPolygon", "coordinates": [ [ [ [ 993324.818451377563179, 982624.117199999978766 ], [ 993902.168720567133278, 983624.117199999978766 ], [ 995056.869258946389891, 983624.117199999978766 ], [ 995634.21952813595999, 982624.117199999978766 ], [ 995056.869258946389891, 981624.117199999978766 ], [ 993902.168720567133278, 981624.117199999978766 ], [ 993324.818451377563179, 982624.117199999978766 ] ] ] ] } },
{ "type": "Feature", "properties": { "id": 1194, "left": 995056.86925894639, "top": 990624.1172, "right": 997366.27033570479, "bottom": 988624.1172, "row_index": 17.0, "col_index": 21.0, "Rutas_I": 22, "Km_I": 199.0, "Rutas_F": 12, "KM_F": 78, "Horas_I": 52, "Horas_F": 24, "Veh_I_BUS": 10, "Veh_I_BUSETA": 2, "Veh_I_MICROBUS": 3, "Veh_I_CAMIONETA": 0, "Km_I_Bus": 104.0, "Km_I_BUSETA": 60.0, "Km_I_MICROBUS": 35.0, "Km_I_CAMIONETA": 0.0, "Veh_F_BUS": 2.0, "Veh_F_BUSETA": 3, "Veh_F_MICROBUS": 1, "Veh_F_CAMIONETA": 1, "Km_F_Bus": 20, "Km_F_BUSETA": 44, "Km_F_MICROBUS": 6, "Km_F_CAMIONETA": 7, "Ho_I_Bus": 36, "Ho_I_BUSETA": 28, "Ho_I_MICROBUS": 10, "Ho_I_CAMIONETA": 2, "Ho_F_Bus": 104, "Ho_F_BUSETA": 60, "Ho_F_MICROBUS": 35, "Ho_F_CAMIONETA": 0, "Ben_I_Bus": 554, "Ben_I_BUSETA": 105, "Ben_I_MICROBUS": 42, "Ben_I_CAMIONETA": 0, "Ben_F_Bus": 70, "Ben_F_BUSETA": 126, "Ben_F_MICROBUS": 16, "Ben_F_CAMIONETA": 1, "Rutas_I_Bus": 15, "Rutas_I_BUSETA": 4, "Rutas_I_MICROBUS": 3, "Rutas_I_CAMIONETA": 0, "Rutas_F_Bus": 3, "Rutas_F_BUSETA": 7, "Rutas_F_MICROBUS": 1, "Rutas_F_CAMIONETA": 1, "nom_patio": "Usme I y II", "Id_2": 1 }, "geometry": { "type": "MultiPolygon", "coordinates": [ [ [ [ 995056.869258946389891, 989624.117199999978766 ], [ 995634.21952813595999, 990624.117199999978766 ], [ 996788.920066515216604, 990624.117199999978766 ], [ 997366.270335704786703, 989624.117199999978766 ], [ 996788.920066515216604, 988624.117199999978766 ], [ 995634.21952813595999, 988624.117199999978766 ], [ 995056.869258946389891, 989624.117199999978766 ] ] ] ] } },
{ "type": "Feature", "properties": { "id": 1195, "left": 995056.86925894639, "top": 988624.1172, "right": 997366.27033570479, "bottom": 986624.1172, "row_index": 18.0, "col_index": 21.0, "Rutas_I": 5, "Km_I": 25.0, "Rutas_F": 19, "KM_F": 134, "Horas_I": 10, "Horas_F": 38, "Veh_I_BUS": 0, "Veh_I_BUSETA": 2, "Veh_I_MICROBUS": 2, "Veh_I_CAMIONETA": 0, "Km_I_Bus": 0.0, "Km_I_BUSETA": 17.0, "Km_I_MICROBUS": 7.0, "Km_I_CAMIONETA": 0.0, "Veh_F_BUS": 9.0, "Veh_F_BUSETA": 2, "Veh_F_MICROBUS": 1, "Veh_F_CAMIONETA": 0, "Km_F_Bus": 97, "Km_F_BUSETA": 31, "Km_F_MICROBUS": 7, "Km_F_CAMIONETA": 0, "Ho_I_Bus": 26, "Ho_I_BUSETA": 12, "Ho_I_MICROBUS": 6, "Ho_I_CAMIONETA": 0, "Ho_F_Bus": 0, "Ho_F_BUSETA": 17, "Ho_F_MICROBUS": 7, "Ho_F_CAMIONETA": 0, "Ben_I_Bus": 0, "Ben_I_BUSETA": 68, "Ben_I_MICROBUS": 24, "Ben_I_CAMIONETA": 0, "Ben_F_Bus": 514, "Ben_F_BUSETA": 93, "Ben_F_MICROBUS": 17, "Ben_F_CAMIONETA": 0, "Rutas_I_Bus": 0, "Rutas_I_BUSETA": 3, "Rutas_I_MICROBUS": 2, "Rutas_I_CAMIONETA": 0, "Rutas_F_Bus": 14, "Rutas_F_BUSETA": 4, "Rutas_F_MICROBUS": 1, "Rutas_F_CAMIONETA": 0, "nom_patio": "Usme I y II", "Id_2": 1 }, "geometry": { "type": "MultiPolygon", "coordinates": [ [ [ [ 995056.869258946389891, 987624.117199999978766 ], [ 995634.21952813595999, 988624.117199999978766 ], [ 996788.920066515216604, 988624.117199999978766 ], [ 997366.270335704786703, 987624.117199999978766 ], [ 996788.920066515216604, 986624.117199999978766 ], [ 995634.21952813595999, 986624.117199999978766 ], [ 995056.869258946389891, 987624.117199999978766 ] ] ] ] } },
{ "type": "Feature", "properties": { "id": 1196, "left": 995056.86925894639, "top": 986624.1172, "right": 997366.27033570479, "bottom": 984624.1172, "row_index": 19.0, "col_index": 21.0, "Rutas_I": 0, "Km_I": 0.0, "Rutas_F": 1, "KM_F": 10, "Horas_I": 0, "Horas_F": 2, "Veh_I_BUS": 0, "Veh_I_BUSETA": 0, "Veh_I_MICROBUS": 0, "Veh_I_CAMIONETA": 0, "Km_I_Bus": 0.0, "Km_I_BUSETA": 0.0, "Km_I_MICROBUS": 0.0, "Km_I_CAMIONETA": 0.0, "Veh_F_BUS": 1.0, "Veh_F_BUSETA": 0, "Veh_F_MICROBUS": 0, "Veh_F_CAMIONETA": 0, "Km_F_Bus": 10, "Km_F_BUSETA": 0, "Km_F_MICROBUS": 0, "Km_F_CAMIONETA": 0, "Ho_I_Bus": 0, "Ho_I_BUSETA": 0, "Ho_I_MICROBUS": 0, "Ho_I_CAMIONETA": 0, "Ho_F_Bus": 0, "Ho_F_BUSETA": 0, "Ho_F_MICROBUS": 0, "Ho_F_CAMIONETA": 0, "Ben_I_Bus": 0, "Ben_I_BUSETA": 0, "Ben_I_MICROBUS": 0, "Ben_I_CAMIONETA": 0, "Ben_F_Bus": 31, "Ben_F_BUSETA": 0, "Ben_F_MICROBUS": 0, "Ben_F_CAMIONETA": 0, "Rutas_I_Bus": 0, "Rutas_I_BUSETA": 0, "Rutas_I_MICROBUS": 0, "Rutas_I_CAMIONETA": 0, "Rutas_F_Bus": 1, "Rutas_F_BUSETA": 0, "Rutas_F_MICROBUS": 0, "Rutas_F_CAMIONETA": 0, "nom_patio": "Usme I y II", "Id_2": 1 }, "geometry": { "type": "MultiPolygon", "coordinates": [ [ [ [ 995056.869258946389891, 985624.117199999978766 ], [ 995634.21952813595999, 986624.117199999978766 ], [ 996788.920066515216604, 986624.117199999978766 ], [ 997366.270335704786703, 985624.117199999978766 ], [ 996788.920066515216604, 984624.117199999978766 ], [ 995634.21952813595999, 984624.117199999978766 ], [ 995056.869258946389891, 985624.117199999978766 ] ] ] ] } },
{ "type": "Feature", "properties": { "id": 1251, "left": 996788.92006651522, "top": 989624.1172, "right": 999098.32114327373, "bottom": 987624.1172, "row_index": 18.0, "col_index": 22.0, "Rutas_I": 2, "Km_I": 14.1, "Rutas_F": 0, "KM_F": 0, "Horas_I": 4, "Horas_F": 0, "Veh_I_BUS": 0, "Veh_I_BUSETA": 1, "Veh_I_MICROBUS": 1, "Veh_I_CAMIONETA": 0, "Km_I_Bus": 0.0, "Km_I_BUSETA": 7.05, "Km_I_MICROBUS": 7.05, "Km_I_CAMIONETA": 0.0, "Veh_F_BUS": 0.0, "Veh_F_BUSETA": 0, "Veh_F_MICROBUS": 0, "Veh_F_CAMIONETA": 0, "Km_F_Bus": 0, "Km_F_BUSETA": 0, "Km_F_MICROBUS": 0, "Km_F_CAMIONETA": 0, "Ho_I_Bus": 0, "Ho_I_BUSETA": 2, "Ho_I_MICROBUS": 2, "Ho_I_CAMIONETA": 0, "Ho_F_Bus": 0, "Ho_F_BUSETA": null, "Ho_F_MICROBUS": null, "Ho_F_CAMIONETA": 0, "Ben_I_Bus": 0, "Ben_I_BUSETA": 18, "Ben_I_MICROBUS": 9, "Ben_I_CAMIONETA": 0, "Ben_F_Bus": 0, "Ben_F_BUSETA": 0, "Ben_F_MICROBUS": 0, "Ben_F_CAMIONETA": 0, "Rutas_I_Bus": 0, "Rutas_I_BUSETA": 1, "Rutas_I_MICROBUS": 1, "Rutas_I_CAMIONETA": 0, "Rutas_F_Bus": 0, "Rutas_F_BUSETA": 0, "Rutas_F_MICROBUS": 0, "Rutas_F_CAMIONETA": 0, "nom_patio": "", "Id_2": 1 }, "geometry": { "type": "MultiPolygon", "coordinates": [ [ [ [ 996788.920066515333019, 988624.117199999978766 ], [ 997366.270335704903118, 989624.117199999978766 ], [ 998520.970874084159732, 989624.117199999978766 ], [ 999098.321143273729831, 988624.117199999978766 ], [ 998520.970874084159732, 987624.117199999978766 ], [ 997366.270335704903118, 987624.117199999978766 ], [ 996788.920066515333019, 988624.117199999978766 ] ] ] ] } },
{ "type": "Feature", "properties": { "id": 1252, "left": 996788.92006651522, "top": 987624.1172, "right": 999098.32114327373, "bottom": 985624.1172, "row_index": 19.0, "col_index": 22.0, "Rutas_I": 2, "Km_I": 17.0, "Rutas_F": 0, "KM_F": 0, "Horas_I": 4, "Horas_F": 0, "Veh_I_BUS": 2, "Veh_I_BUSETA": 0, "Veh_I_MICROBUS": 0, "Veh_I_CAMIONETA": 0, "Km_I_Bus": 17.0, "Km_I_BUSETA": 0.0, "Km_I_MICROBUS": 0.0, "Km_I_CAMIONETA": 0.0, "Veh_F_BUS": 0.0, "Veh_F_BUSETA": 0, "Veh_F_MICROBUS": 0, "Veh_F_CAMIONETA": 0, "Km_F_Bus": 0, "Km_F_BUSETA": 0, "Km_F_MICROBUS": 0, "Km_F_CAMIONETA": 0, "Ho_I_Bus": 4, "Ho_I_BUSETA": 0, "Ho_I_MICROBUS": 0, "Ho_I_CAMIONETA": 0, "Ho_F_Bus": 17, "Ho_F_BUSETA": 0, "Ho_F_MICROBUS": 0, "Ho_F_CAMIONETA": 0, "Ben_I_Bus": 75, "Ben_I_BUSETA": 0, "Ben_I_MICROBUS": 0, "Ben_I_CAMIONETA": 0, "Ben_F_Bus": 0, "Ben_F_BUSETA": 0, "Ben_F_MICROBUS": 0, "Ben_F_CAMIONETA": 0, "Rutas_I_Bus": 2, "Rutas_I_BUSETA": 0, "Rutas_I_MICROBUS": 0, "Rutas_I_CAMIONETA": 0, "Rutas_F_Bus": 0, "Rutas_F_BUSETA": 0, "Rutas_F_MICROBUS": 0, "Rutas_F_CAMIONETA": 0, "nom_patio": "", "Id_2": 1 }, "geometry": { "type": "MultiPolygon", "coordinates": [ [ [ [ 996788.920066515333019, 986624.117199999978766 ], [ 997366.270335704903118, 987624.117199999978766 ], [ 998520.970874084159732, 987624.117199999978766 ], [ 999098.321143273729831, 986624.117199999978766 ], [ 998520.970874084159732, 985624.117199999978766 ], [ 997366.270335704903118, 985624.117199999978766 ], [ 996788.920066515333019, 986624.117199999978766 ] ] ] ] } },
{ "type": "Feature", "properties": { "id": 852, "left": 984664.56441353331, "top": 1002624.1172, "right": 986973.96549029159, "bottom": 1000624.1172, "row_index": 11.0, "col_index": 15.0, "Rutas_I": 21, "Km_I": 133.0, "Rutas_F": 14, "KM_F": 62, "Horas_I": 44, "Horas_F": 28, "Veh_I_BUS": 5, "Veh_I_BUSETA": 5, "Veh_I_MICROBUS": 3, "Veh_I_CAMIONETA": 0, "Km_I_Bus": 30.0, "Km_I_BUSETA": 39.0, "Km_I_MICROBUS": 64.0, "Km_I_CAMIONETA": 0.0, "Veh_F_BUS": 2.0, "Veh_F_BUSETA": 4, "Veh_F_MICROBUS": 3, "Veh_F_CAMIONETA": 0, "Km_F_Bus": 5, "Km_F_BUSETA": 33, "Km_F_MICROBUS": 24, "Km_F_CAMIONETA": 0, "Ho_I_Bus": 18, "Ho_I_BUSETA": 34, "Ho_I_MICROBUS": 18, "Ho_I_CAMIONETA": 0, "Ho_F_Bus": 30, "Ho_F_BUSETA": 39, "Ho_F_MICROBUS": 64, "Ho_F_CAMIONETA": 0, "Ben_I_Bus": 254, "Ben_I_BUSETA": 224, "Ben_I_MICROBUS": 46, "Ben_I_CAMIONETA": 0, "Ben_F_Bus": 76, "Ben_F_BUSETA": 199, "Ben_F_MICROBUS": 63, "Ben_F_CAMIONETA": 0, "Rutas_I_Bus": 7, "Rutas_I_BUSETA": 10, "Rutas_I_MICROBUS": 4, "Rutas_I_CAMIONETA": 0, "Rutas_F_Bus": 2, "Rutas_F_BUSETA": 8, "Rutas_F_MICROBUS": 4, "Rutas_F_CAMIONETA": 0, "nom_patio": "Perdomo", "Id_2": 2 }, "geometry": { "type": "MultiPolygon", "coordinates": [ [ [ [ 984664.564413533196785, 1001624.1172 ], [ 985241.914682722766884, 1002624.1172 ], [ 986396.615221102023497, 1002624.1172 ], [ 986973.965490291593596, 1001624.1172 ], [ 986396.615221102023497, 1000624.1172 ], [ 985241.914682722766884, 1000624.1172 ], [ 984664.564413533196785, 1001624.1172 ] ] ] ] } },
{ "type": "Feature", "properties": { "id": 908, "left": 986396.61522110202, "top": 1003624.1172, "right": 988706.01629786042, "bottom": 1001624.1172, "row_index": 11.0, "col_index": 16.0, "Rutas_I": 40, "Km_I": 459.0, "Rutas_F": 20, "KM_F": 132, "Horas_I": 92, "Horas_F": 40, "Veh_I_BUS": 4, "Veh_I_BUSETA": 7, "Veh_I_MICROBUS": 11, "Veh_I_CAMIONETA": 2, "Km_I_Bus": 49.0, "Km_I_BUSETA": 167.0, "Km_I_MICROBUS": 197.0, "Km_I_CAMIONETA": 45.81, "Veh_F_BUS": 3.0, "Veh_F_BUSETA": 4, "Veh_F_MICROBUS": 5, "Veh_F_CAMIONETA": 0, "Km_F_Bus": 21, "Km_F_BUSETA": 68, "Km_F_MICROBUS": 43, "Km_F_CAMIONETA": 0, "Ho_I_Bus": 18, "Ho_I_BUSETA": 56, "Ho_I_MICROBUS": 52, "Ho_I_CAMIONETA": 8, "Ho_F_Bus": 49, "Ho_F_BUSETA": 167, "Ho_F_MICROBUS": 197, "Ho_F_CAMIONETA": null, "Ben_I_Bus": 174, "Ben_I_BUSETA": 376, "Ben_I_MICROBUS": 192, "Ben_I_CAMIONETA": 8, "Ben_F_Bus": 123, "Ben_F_BUSETA": 203, "Ben_F_MICROBUS": 99, "Ben_F_CAMIONETA": 0, "Rutas_I_Bus": 5, "Rutas_I_BUSETA": 17, "Rutas_I_MICROBUS": 15, "Rutas_I_CAMIONETA": 3, "Rutas_F_Bus": 4, "Rutas_F_BUSETA": 9, "Rutas_F_MICROBUS": 7, "Rutas_F_CAMIONETA": 0, "nom_patio": "Perdomo", "Id_2": 2 }, "geometry": { "type": "MultiPolygon", "coordinates": [ [ [ [ 986396.615221102023497, 1002624.1172 ], [ 986973.965490291593596, 1003624.1172 ], [ 988128.66602867085021, 1003624.1172 ], [ 988706.016297860420309, 1002624.1172 ], [ 988128.66602867085021, 1001624.1172 ], [ 986973.965490291593596, 1001624.1172 ], [ 986396.615221102023497, 1002624.1172 ] ] ] ] } },
{ "type": "Feature", "properties": { "id": 909, "left": 986396.61522110202, "top": 1001624.1172, "right": 988706.01629786042, "bottom": 999624.1172, "row_index": 12.0, "col_index": 16.0, "Rutas_I": 0, "Km_I": 0.0, "Rutas_F": 5, "KM_F": 13, "Horas_I": 0, "Horas_F": 10, "Veh_I_BUS": 0, "Veh_I_BUSETA": 0, "Veh_I_MICROBUS": 0, "Veh_I_CAMIONETA": 0, "Km_I_Bus": 0.0, "Km_I_BUSETA": 0.0, "Km_I_MICROBUS": 0.0, "Km_I_CAMIONETA": 0.0, "Veh_F_BUS": 2.0, "Veh_F_BUSETA": 1, "Veh_F_MICROBUS": 0, "Veh_F_CAMIONETA": 0, "Km_F_Bus": 8, "Km_F_BUSETA": 5, "Km_F_MICROBUS": 0, "Km_F_CAMIONETA": 0, "Ho_I_Bus": 6, "Ho_I_BUSETA": 4, "Ho_I_MICROBUS": 0, "Ho_I_CAMIONETA": 0, "Ho_F_Bus": 0, "Ho_F_BUSETA": 0, "Ho_F_MICROBUS": 0, "Ho_F_CAMIONETA": 0, "Ben_I_Bus": 0, "Ben_I_BUSETA": 0, "Ben_I_MICROBUS": 0, "Ben_I_CAMIONETA": 0, "Ben_F_Bus": 111, "Ben_F_BUSETA": 43, "Ben_F_MICROBUS": 0, "Ben_F_CAMIONETA": 0, "Rutas_I_Bus": 0, "Rutas_I_BUSETA": 0, "Rutas_I_MICROBUS": 0, "Rutas_I_CAMIONETA": 0, "Rutas_F_Bus": 3, "Rutas_F_BUSETA": 2, "Rutas_F_MICROBUS": 0, "Rutas_F_CAMIONETA": 0, "nom_patio": "Perdomo", "Id_2": 2 }, "geometry": { "type": "MultiPolygon", "coordinates": [ [ [ [ 986396.615221102023497, 1000624.1172 ], [ 986973.965490291593596, 1001624.1172 ], [ 988128.66602867085021, 1001624.1172 ], [ 988706.016297860420309, 1000624.1172 ], [ 988128.66602867085021, 999624.117199999978766 ], [ 986973.965490291593596, 999624.117199999978766 ], [ 986396.615221102023497, 1000624.1172 ] ] ] ] } },
{ "type": "Feature", "properties": { "id": 964, "left": 988128.66602867085, "top": 1002624.1172, "right": 990438.06710542925, "bottom": 1000624.1172, "row_index": 11.0, "col_index": 17.0, "Rutas_I": 8, "Km_I": 59.0, "Rutas_F": 6, "KM_F": 56, "Horas_I": 18, "Horas_F": 12, "Veh_I_BUS": 4, "Veh_I_BUSETA": 1, "Veh_I_MICROBUS": 1, "Veh_I_CAMIONETA": 0, "Km_I_Bus": 32.0, "Km_I_BUSETA": 7.0, "Km_I_MICROBUS": 20.08, "Km_I_CAMIONETA": 0.0, "Veh_F_BUS": 0.0, "Veh_F_BUSETA": 0, "Veh_F_MICROBUS": 5, "Veh_F_CAMIONETA": 0, "Km_F_Bus": 0, "Km_F_BUSETA": 0, "Km_F_MICROBUS": 56, "Km_F_CAMIONETA": 0, "Ho_I_Bus": 12, "Ho_I_BUSETA": 2, "Ho_I_MICROBUS": 16, "Ho_I_CAMIONETA": 0, "Ho_F_Bus": 32, "Ho_F_BUSETA": 7, "Ho_F_MICROBUS": null, "Ho_F_CAMIONETA": 0, "Ben_I_Bus": 218, "Ben_I_BUSETA": 25, "Ben_I_MICROBUS": 6, "Ben_I_CAMIONETA": 0, "Ben_F_Bus": 0, "Ben_F_BUSETA": 0, "Ben_F_MICROBUS": 71, "Ben_F_CAMIONETA": 0, "Rutas_I_Bus": 6, "Rutas_I_BUSETA": 1, "Rutas_I_MICROBUS": 1, "Rutas_I_CAMIONETA": 0, "Rutas_F_Bus": 0, "Rutas_F_BUSETA": 0, "Rutas_F_MICROBUS": 6, "Rutas_F_CAMIONETA": 0, "nom_patio": "Perdomo", "Id_2": 2 }, "geometry": { "type": "MultiPolygon", "coordinates": [ [ [ [ 988128.66602867085021, 1001624.1172 ], [ 988706.016297860420309, 1002624.1172 ], [ 989860.716836239676923, 1002624.1172 ], [ 990438.067105429247022, 1001624.1172 ], [ 989860.716836239676923, 1000624.1172 ], [ 988706.016297860420309, 1000624.1172 ], [ 988128.66602867085021, 1001624.1172 ] ] ] ] } },
{ "type": "Feature", "properties": { "id": 965, "left": 988128.66602867085, "top": 1000624.1172, "right": 990438.06710542925, "bottom": 998624.1172, "row_index": 12.0, "col_index": 17.0, "Rutas_I": 24, "Km_I": 292.72, "Rutas_F": 0, "KM_F": 0, "Horas_I": 58, "Horas_F": 0, "Veh_I_BUS": 4, "Veh_I_BUSETA": 5, "Veh_I_MICROBUS": 6, "Veh_I_CAMIONETA": 0, "Km_I_Bus": 67.9, "Km_I_BUSETA": 127.0, "Km_I_MICROBUS": 98.0, "Km_I_CAMIONETA": 0.0, "Veh_F_BUS": 0.0, "Veh_F_BUSETA": 0, "Veh_F_MICROBUS": 0, "Veh_F_CAMIONETA": 0, "Km_F_Bus": 0, "Km_F_BUSETA": 0, "Km_F_MICROBUS": 0, "Km_F_CAMIONETA": 0, "Ho_I_Bus": 14, "Ho_I_BUSETA": 28, "Ho_I_MICROBUS": 24, "Ho_I_CAMIONETA": 0, "Ho_F_Bus": null, "Ho_F_BUSETA": 127, "Ho_F_MICROBUS": 98, "Ho_F_CAMIONETA": 0, "Ben_I_Bus": 218, "Ben_I_BUSETA": 230, "Ben_I_MICROBUS": 96, "Ben_I_CAMIONETA": 0, "Ben_F_Bus": 0, "Ben_F_BUSETA": 0, "Ben_F_MICROBUS": 0, "Ben_F_CAMIONETA": 0, "Rutas_I_Bus": 6, "Rutas_I_BUSETA": 10, "Rutas_I_MICROBUS": 8, "Rutas_I_CAMIONETA": 0, "Rutas_F_Bus": 0, "Rutas_F_BUSETA": 0, "Rutas_F_MICROBUS": 0, "Rutas_F_CAMIONETA": 0, "nom_patio": "", "Id_2": 2 }, "geometry": { "type": "MultiPolygon", "coordinates": [ [ [ [ 988128.66602867085021, 999624.117199999978766 ], [ 988706.016297860420309, 1000624.1172 ], [ 989860.716836239676923, 1000624.1172 ], [ 990438.067105429247022, 999624.117199999978766 ], [ 989860.716836239676923, 998624.117199999978766 ], [ 988706.016297860420309, 998624.117199999978766 ], [ 988128.66602867085021, 999624.117199999978766 ] ] ] ] } },
{ "type": "Feature", "properties": { "id": 966, "left": 988128.66602867085, "top": 998624.1172, "right": 990438.06710542925, "bottom": 996624.1172, "row_index": 13.0, "col_index": 17.0, "Rutas_I": 28, "Km_I": 319.0, "Rutas_F": 0, "KM_F": 0, "Horas_I": 64, "Horas_F": 0, "Veh_I_BUS": 6, "Veh_I_BUSETA": 5, "Veh_I_MICROBUS": 5, "Veh_I_CAMIONETA": 1, "Km_I_Bus": 85.0, "Km_I_BUSETA": 147.73, "Km_I_MICROBUS": 74.0, "Km_I_CAMIONETA": 12.02, "Veh_F_BUS": 0.0, "Veh_F_BUSETA": 0, "Veh_F_MICROBUS": 0, "Veh_F_CAMIONETA": 0, "Km_F_Bus": 0, "Km_F_BUSETA": 0, "Km_F_MICROBUS": 0, "Km_F_CAMIONETA": 0, "Ho_I_Bus": 18, "Ho_I_BUSETA": 30, "Ho_I_MICROBUS": 14, "Ho_I_CAMIONETA": 2, "Ho_F_Bus": 85, "Ho_F_BUSETA": null, "Ho_F_MICROBUS": 74, "Ho_F_CAMIONETA": null, "Ben_I_Bus": 200, "Ben_I_BUSETA": 278, "Ben_I_MICROBUS": 79, "Ben_I_CAMIONETA": 3, "Ben_F_Bus": 0, "Ben_F_BUSETA": 0, "Ben_F_MICROBUS": 0, "Ben_F_CAMIONETA": 0, "Rutas_I_Bus": 8, "Rutas_I_BUSETA": 12, "Rutas_I_MICROBUS": 7, "Rutas_I_CAMIONETA": 1, "Rutas_F_Bus": 0, "Rutas_F_BUSETA": 0, "Rutas_F_MICROBUS": 0, "Rutas_F_CAMIONETA": 0, "nom_patio": "", "Id_2": 2 }, "geometry": { "type": "MultiPolygon", "coordinates": [ [ [ [ 988128.66602867085021, 997624.117199999978766 ], [ 988706.016297860420309, 998624.117199999978766 ], [ 989860.716836239676923, 998624.117199999978766 ], [ 990438.067105429247022, 997624.117199999978766 ], [ 989860.716836239676923, 996624.117199999978766 ], [ 988706.016297860420309, 996624.117199999978766 ], [ 988128.66602867085021, 997624.117199999978766 ] ] ] ] } },
{ "type": "Feature", "properties": { "id": 1020, "left": 989860.71683623979, "top": 1003624.1172, "right": 992170.11791299819, "bottom": 1001624.1172, "row_index": 11.0, "col_index": 18.0, "Rutas_I": 1, "Km_I": 33.0, "Rutas_F": 74, "KM_F": 706, "Horas_I": 4, "Horas_F": 156, "Veh_I_BUS": 0, "Veh_I_BUSETA": 0, "Veh_I_MICROBUS": 1, "Veh_I_CAMIONETA": 0, "Km_I_Bus": 0.0, "Km_I_BUSETA": 0.0, "Km_I_MICROBUS": 33.0, "Km_I_CAMIONETA": 0.0, "Veh_F_BUS": 17.0, "Veh_F_BUSETA": 9, "Veh_F_MICROBUS": 20, "Veh_F_CAMIONETA": 0, "Km_F_Bus": 225, "Km_F_BUSETA": 194, "Km_F_MICROBUS": 287, "Km_F_CAMIONETA": 0, "Ho_I_Bus": 50, "Ho_I_BUSETA": 42, "Ho_I_MICROBUS": 66, "Ho_I_CAMIONETA": 0, "Ho_F_Bus": 0, "Ho_F_BUSETA": 0, "Ho_F_MICROBUS": 33, "Ho_F_CAMIONETA": 0, "Ben_I_Bus": 0, "Ben_I_BUSETA": 0, "Ben_I_MICROBUS": 8, "Ben_I_CAMIONETA": 0, "Ben_F_Bus": 899, "Ben_F_BUSETA": 464, "Ben_F_MICROBUS": 344, "Ben_F_CAMIONETA": 0, "Rutas_I_Bus": 0, "Rutas_I_BUSETA": 0, "Rutas_I_MICROBUS": 1, "Rutas_I_CAMIONETA": 0, "Rutas_F_Bus": 26, "Rutas_F_BUSETA": 20, "Rutas_F_MICROBUS": 28, "Rutas_F_CAMIONETA": 0, "nom_patio": "Perdomo", "Id_2": 2 }, "geometry": { "type": "MultiPolygon", "coordinates": [ [ [ [ 989860.716836239793338, 1002624.1172 ], [ 990438.067105429363437, 1003624.1172 ], [ 991592.767643808620051, 1003624.1172 ], [ 992170.11791299819015, 1002624.1172 ], [ 991592.767643808620051, 1001624.1172 ], [ 990438.067105429363437, 1001624.1172 ], [ 989860.716836239793338, 1002624.1172 ] ] ] ] } },
{ "type": "Feature", "properties": { "id": 1021, "left": 989860.71683623979, "top": 1001624.1172, "right": 992170.11791299819, "bottom": 999624.1172, "row_index": 12.0, "col_index": 18.0, "Rutas_I": 0, "Km_I": 0.0, "Rutas_F": 1, "KM_F": 9, "Horas_I": 0, "Horas_F": 2, "Veh_I_BUS": 0, "Veh_I_BUSETA": 0, "Veh_I_MICROBUS": 0, "Veh_I_CAMIONETA": 0, "Km_I_Bus": 0.0, "Km_I_BUSETA": 0.0, "Km_I_MICROBUS": 0.0, "Km_I_CAMIONETA": 0.0, "Veh_F_BUS": 0.0, "Veh_F_BUSETA": 1, "Veh_F_MICROBUS": 0, "Veh_F_CAMIONETA": 0, "Km_F_Bus": 0, "Km_F_BUSETA": 9, "Km_F_MICROBUS": 0, "Km_F_CAMIONETA": 0, "Ho_I_Bus": 0, "Ho_I_BUSETA": 2, "Ho_I_MICROBUS": 0, "Ho_I_CAMIONETA": 0, "Ho_F_Bus": 0, "Ho_F_BUSETA": 0, "Ho_F_MICROBUS": 0, "Ho_F_CAMIONETA": 0, "Ben_I_Bus": 0, "Ben_I_BUSETA": 0, "Ben_I_MICROBUS": 0, "Ben_I_CAMIONETA": 0, "Ben_F_Bus": 0, "Ben_F_BUSETA": 5, "Ben_F_MICROBUS": 0, "Ben_F_CAMIONETA": 0, "Rutas_I_Bus": 0, "Rutas_I_BUSETA": 0, "Rutas_I_MICROBUS": 0, "Rutas_I_CAMIONETA": 0, "Rutas_F_Bus": 0, "Rutas_F_BUSETA": 1, "Rutas_F_MICROBUS": 0, "Rutas_F_CAMIONETA": 0, "nom_patio": "Perdomo", "Id_2": 2 }, "geometry": { "type": "MultiPolygon", "coordinates": [ [ [ [ 989860.716836239793338, 1000624.1172 ], [ 990438.067105429363437, 1001624.1172 ], [ 991592.767643808620051, 1001624.1172 ], [ 992170.11791299819015, 1000624.1172 ], [ 991592.767643808620051, 999624.117199999978766 ], [ 990438.067105429363437, 999624.117199999978766 ], [ 989860.716836239793338, 1000624.1172 ] ] ] ] } },
{ "type": "Feature", "properties": { "id": 1022, "left": 989860.71683623979, "top": 999624.1172, "right": 992170.11791299819, "bottom": 997624.1172, "row_index": 13.0, "col_index": 18.0, "Rutas_I": 18, "Km_I": 211.63, "Rutas_F": 0, "KM_F": 0, "Horas_I": 46, "Horas_F": 0, "Veh_I_BUS": 2, "Veh_I_BUSETA": 3, "Veh_I_MICROBUS": 6, "Veh_I_CAMIONETA": 0, "Km_I_Bus": 42.0, "Km_I_BUSETA": 79.0, "Km_I_MICROBUS": 90.0, "Km_I_CAMIONETA": 0.0, "Veh_F_BUS": 0.0, "Veh_F_BUSETA": 0, "Veh_F_MICROBUS": 0, "Veh_F_CAMIONETA": 0, "Km_F_Bus": 0, "Km_F_BUSETA": 0, "Km_F_MICROBUS": 0, "Km_F_CAMIONETA": 0, "Ho_I_Bus": 14, "Ho_I_BUSETA": 16, "Ho_I_MICROBUS": 20, "Ho_I_CAMIONETA": 0, "Ho_F_Bus": 42, "Ho_F_BUSETA": 79, "Ho_F_MICROBUS": 90, "Ho_F_CAMIONETA": 0, "Ben_I_Bus": 97, "Ben_I_BUSETA": 168, "Ben_I_MICROBUS": 111, "Ben_I_CAMIONETA": 0, "Ben_F_Bus": 0, "Ben_F_BUSETA": 0, "Ben_F_MICROBUS": 0, "Ben_F_CAMIONETA": 0, "Rutas_I_Bus": 3, "Rutas_I_BUSETA": 7, "Rutas_I_MICROBUS": 8, "Rutas_I_CAMIONETA": 0, "Rutas_F_Bus": 0, "Rutas_F_BUSETA": 0, "Rutas_F_MICROBUS": 0, "Rutas_F_CAMIONETA": 0, "nom_patio": "", "Id_2": 2 }, "geometry": { "type": "MultiPolygon", "coordinates": [ [ [ [ 989860.716836239793338, 998624.117199999978766 ], [ 990438.067105429363437, 999624.117199999978766 ], [ 991592.767643808620051, 999624.117199999978766 ], [ 992170.11791299819015, 998624.117199999978766 ], [ 991592.767643808620051, 997624.117199999978766 ], [ 990438.067105429363437, 997624.117199999978766 ], [ 989860.716836239793338, 998624.117199999978766 ] ] ] ] } },
{ "type": "Feature", "properties": { "id": 1023, "left": 989860.71683623979, "top": 997624.1172, "right": 992170.11791299819, "bottom": 995624.1172, "row_index": 14.0, "col_index": 18.0, "Rutas_I": 21, "Km_I": 211.0, "Rutas_F": 0, "KM_F": 0, "Horas_I": 42, "Horas_F": 0, "Veh_I_BUS": 5, "Veh_I_BUSETA": 4, "Veh_I_MICROBUS": 4, "Veh_I_CAMIONETA": 1, "Km_I_Bus": 76.0, "Km_I_BUSETA": 69.0, "Km_I_MICROBUS": 58.0, "Km_I_CAMIONETA": 9.0, "Veh_F_BUS": 0.0, "Veh_F_BUSETA": 0, "Veh_F_MICROBUS": 0, "Veh_F_CAMIONETA": 0, "Km_F_Bus": 0, "Km_F_BUSETA": 0, "Km_F_MICROBUS": 0, "Km_F_CAMIONETA": 0, "Ho_I_Bus": 14, "Ho_I_BUSETA": 16, "Ho_I_MICROBUS": 10, "Ho_I_CAMIONETA": 2, "Ho_F_Bus": 76, "Ho_F_BUSETA": 69, "Ho_F_MICROBUS": 58, "Ho_F_CAMIONETA": 9, "Ben_I_Bus": 170, "Ben_I_BUSETA": 183, "Ben_I_MICROBUS": 57, "Ben_I_CAMIONETA": 1, "Ben_F_Bus": 0, "Ben_F_BUSETA": 0, "Ben_F_MICROBUS": 0, "Ben_F_CAMIONETA": 0, "Rutas_I_Bus": 7, "Rutas_I_BUSETA": 8, "Rutas_I_MICROBUS": 5, "Rutas_I_CAMIONETA": 1, "Rutas_F_Bus": 0, "Rutas_F_BUSETA": 0, "Rutas_F_MICROBUS": 0, "Rutas_F_CAMIONETA": 0, "nom_patio": "", "Id_2": 2 }, "geometry": { "type": "MultiPolygon", "coordinates": [ [ [ [ 989860.716836239793338, 996624.117199999978766 ], [ 990438.067105429363437, 997624.117199999978766 ], [ 991592.767643808620051, 997624.117199999978766 ], [ 992170.11791299819015, 996624.117199999978766 ], [ 991592.767643808620051, 995624.117199999978766 ], [ 990438.067105429363437, 995624.117199999978766 ], [ 989860.716836239793338, 996624.117199999978766 ] ] ] ] } },
{ "type": "Feature", "properties": { "id": 959, "left": 988128.66602867085, "top": 1012624.1172, "right": 990438.06710542925, "bottom": 1010624.1172, "row_index": 6.0, "col_index": 17.0, "Rutas_I": 3, "Km_I": 20.0, "Rutas_F": 0, "KM_F": 0, "Horas_I": 6, "Horas_F": 0, "Veh_I_BUS": 0, "Veh_I_BUSETA": 0, "Veh_I_MICROBUS": 2, "Veh_I_CAMIONETA": 1, "Km_I_Bus": 0.0, "Km_I_BUSETA": 0.0, "Km_I_MICROBUS": 15.0, "Km_I_CAMIONETA": 5.0, "Veh_F_BUS": 0.0, "Veh_F_BUSETA": 0, "Veh_F_MICROBUS": 0, "Veh_F_CAMIONETA": 0, "Km_F_Bus": 0, "Km_F_BUSETA": 0, "Km_F_MICROBUS": 0, "Km_F_CAMIONETA": 0, "Ho_I_Bus": 0, "Ho_I_BUSETA": 0, "Ho_I_MICROBUS": 4, "Ho_I_CAMIONETA": 2, "Ho_F_Bus": 0, "Ho_F_BUSETA": 0, "Ho_F_MICROBUS": 15, "Ho_F_CAMIONETA": 5, "Ben_I_Bus": 0, "Ben_I_BUSETA": 0, "Ben_I_MICROBUS": 25, "Ben_I_CAMIONETA": 5, "Ben_F_Bus": 0, "Ben_F_BUSETA": 0, "Ben_F_MICROBUS": 0, "Ben_F_CAMIONETA": 0, "Rutas_I_Bus": 0, "Rutas_I_BUSETA": 0, "Rutas_I_MICROBUS": 2, "Rutas_I_CAMIONETA": 1, "Rutas_F_Bus": 0, "Rutas_F_BUSETA": 0, "Rutas_F_MICROBUS": 0, "Rutas_F_CAMIONETA": 0, "nom_patio": "", "Id_2": 3 }, "geometry": { "type": "MultiPolygon", "coordinates": [ [ [ [ 988128.66602867085021, 1011624.1172 ], [ 988706.016297860420309, 1012624.1172 ], [ 989860.716836239676923, 1012624.1172 ], [ 990438.067105429247022, 1011624.1172 ], [ 989860.716836239676923, 1010624.1172 ], [ 988706.016297860420309, 1010624.1172 ], [ 988128.66602867085021, 1011624.1172 ] ] ] ] } },
{ "type": "Feature", "properties": { "id": 960, "left": 988128.66602867085, "top": 1010624.1172, "right": 990438.06710542925, "bottom": 1008624.1172, "row_index": 7.0, "col_index": 17.0, "Rutas_I": 4, "Km_I": 36.0, "Rutas_F": 0, "KM_F": 0, "Horas_I": 10, "Horas_F": 0, "Veh_I_BUS": 0, "Veh_I_BUSETA": 0, "Veh_I_MICROBUS": 3, "Veh_I_CAMIONETA": 1, "Km_I_Bus": 0.0, "Km_I_BUSETA": 0.0, "Km_I_MICROBUS": 17.0, "Km_I_CAMIONETA": 19.0, "Veh_F_BUS": 0.0, "Veh_F_BUSETA": 0, "Veh_F_MICROBUS": 0, "Veh_F_CAMIONETA": 0, "Km_F_Bus": 0, "Km_F_BUSETA": 0, "Km_F_MICROBUS": 0, "Km_F_CAMIONETA": 0, "Ho_I_Bus": 0, "Ho_I_BUSETA": 0, "Ho_I_MICROBUS": 6, "Ho_I_CAMIONETA": 4, "Ho_F_Bus": 0, "Ho_F_BUSETA": 0, "Ho_F_MICROBUS": 17, "Ho_F_CAMIONETA": 19, "Ben_I_Bus": 0, "Ben_I_BUSETA": 0, "Ben_I_MICROBUS": 34, "Ben_I_CAMIONETA": 3, "Ben_F_Bus": 0, "Ben_F_BUSETA": 0, "Ben_F_MICROBUS": 0, "Ben_F_CAMIONETA": 0, "Rutas_I_Bus": 0, "Rutas_I_BUSETA": 0, "Rutas_I_MICROBUS": 3, "Rutas_I_CAMIONETA": 1, "Rutas_F_Bus": 0, "Rutas_F_BUSETA": 0, "Rutas_F_MICROBUS": 0, "Rutas_F_CAMIONETA": 0, "nom_patio": "", "Id_2": 3 }, "geometry": { "type": "MultiPolygon", "coordinates": [ [ [ [ 988128.66602867085021, 1009624.1172 ], [ 988706.016297860420309, 1010624.1172 ], [ 989860.716836239676923, 1010624.1172 ], [ 990438.067105429247022, 1009624.1172 ], [ 989860.716836239676923, 1008624.1172 ], [ 988706.016297860420309, 1008624.1172 ], [ 988128.66602867085021, 1009624.1172 ] ] ] ] } },
{ "type": "Feature", "properties": { "id": 1014, "left": 989860.71683623979, "top": 1015624.1172, "right": 992170.11791299819, "bottom": 1013624.1172, "row_index": 5.0, "col_index": 18.0, "Rutas_I": 8, "Km_I": 93.0, "Rutas_F": 0, "KM_F": 0, "Horas_I": 16, "Horas_F": 0, "Veh_I_BUS": 0, "Veh_I_BUSETA": 1, "Veh_I_MICROBUS": 5, "Veh_I_CAMIONETA": 0, "Km_I_Bus": 0.0, "Km_I_BUSETA": 23.47, "Km_I_MICROBUS": 69.0, "Km_I_CAMIONETA": 0.0, "Veh_F_BUS": 0.0, "Veh_F_BUSETA": 0, "Veh_F_MICROBUS": 0, "Veh_F_CAMIONETA": 0, "Km_F_Bus": 0, "Km_F_BUSETA": 0, "Km_F_MICROBUS": 0, "Km_F_CAMIONETA": 0, "Ho_I_Bus": 0, "Ho_I_BUSETA": 4, "Ho_I_MICROBUS": 12, "Ho_I_CAMIONETA": 0, "Ho_F_Bus": 0, "Ho_F_BUSETA": null, "Ho_F_MICROBUS": 69, "Ho_F_CAMIONETA": 0, "Ben_I_Bus": 0, "Ben_I_BUSETA": 55, "Ben_I_MICROBUS": 85, "Ben_I_CAMIONETA": 0, "Ben_F_Bus": 0, "Ben_F_BUSETA": 0, "Ben_F_MICROBUS": 0, "Ben_F_CAMIONETA": 0, "Rutas_I_Bus": 0, "Rutas_I_BUSETA": 2, "Rutas_I_MICROBUS": 6, "Rutas_I_CAMIONETA": 0, "Rutas_F_Bus": 0, "Rutas_F_BUSETA": 0, "Rutas_F_MICROBUS": 0, "Rutas_F_CAMIONETA": 0, "nom_patio": "", "Id_2": 3 }, "geometry": { "type": "MultiPolygon", "coordinates": [ [ [ [ 989860.716836239793338, 1014624.1172 ], [ 990438.067105429363437, 1015624.1172 ], [ 991592.767643808620051, 1015624.1172 ], [ 992170.11791299819015, 1014624.1172 ], [ 991592.767643808620051, 1013624.1172 ], [ 990438.067105429363437, 1013624.1172 ], [ 989860.716836239793338, 1014624.1172 ] ] ] ] } },
{ "type": "Feature", "properties": { "id": 1016, "left": 989860.71683623979, "top": 1011624.1172, "right": 992170.11791299819, "bottom": 1009624.1172, "row_index": 7.0, "col_index": 18.0, "Rutas_I": 4, "Km_I": 44.0, "Rutas_F": 0, "KM_F": 0, "Horas_I": 12, "Horas_F": 0, "Veh_I_BUS": 0, "Veh_I_BUSETA": 1, "Veh_I_MICROBUS": 2, "Veh_I_CAMIONETA": 0, "Km_I_Bus": 0.0, "Km_I_BUSETA": 25.0, "Km_I_MICROBUS": 20.0, "Km_I_CAMIONETA": 0.0, "Veh_F_BUS": 0.0, "Veh_F_BUSETA": 0, "Veh_F_MICROBUS": 0, "Veh_F_CAMIONETA": 0, "Km_F_Bus": 0, "Km_F_BUSETA": 0, "Km_F_MICROBUS": 0, "Km_F_CAMIONETA": 0, "Ho_I_Bus": 0, "Ho_I_BUSETA": 8, "Ho_I_MICROBUS": 4, "Ho_I_CAMIONETA": 0, "Ho_F_Bus": 0, "Ho_F_BUSETA": 25, "Ho_F_MICROBUS": 20, "Ho_F_CAMIONETA": 0, "Ben_I_Bus": 0, "Ben_I_BUSETA": 51, "Ben_I_MICROBUS": 22, "Ben_I_CAMIONETA": 0, "Ben_F_Bus": 0, "Ben_F_BUSETA": 0, "Ben_F_MICROBUS": 0, "Ben_F_CAMIONETA": 0, "Rutas_I_Bus": 0, "Rutas_I_BUSETA": 2, "Rutas_I_MICROBUS": 2, "Rutas_I_CAMIONETA": 0, "Rutas_F_Bus": 0, "Rutas_F_BUSETA": 0, "Rutas_F_MICROBUS": 0, "Rutas_F_CAMIONETA": 0, "nom_patio": "", "Id_2": 3 }, "geometry": { "type": "MultiPolygon", "coordinates": [ [ [ [ 989860.716836239793338, 1010624.1172 ], [ 990438.067105429363437, 1011624.1172 ], [ 991592.767643808620051, 1011624.1172 ], [ 992170.11791299819015, 1010624.1172 ], [ 991592.767643808620051, 1009624.1172 ], [ 990438.067105429363437, 1009624.1172 ], [ 989860.716836239793338, 1010624.1172 ] ] ] ] } },
{ "type": "Feature", "properties": { "id": 1017, "left": 989860.71683623979, "top": 1009624.1172, "right": 992170.11791299819, "bottom": 1007624.1172, "row_index": 8.0, "col_index": 18.0, "Rutas_I": 7, "Km_I": 54.0, "Rutas_F": 0, "KM_F": 0, "Horas_I": 16, "Horas_F": 0, "Veh_I_BUS": 1, "Veh_I_BUSETA": 2, "Veh_I_MICROBUS": 3, "Veh_I_CAMIONETA": 0, "Km_I_Bus": 8.2, "Km_I_BUSETA": 28.0, "Km_I_MICROBUS": 18.41, "Km_I_CAMIONETA": 0.0, "Veh_F_BUS": 0.0, "Veh_F_BUSETA": 0, "Veh_F_MICROBUS": 0, "Veh_F_CAMIONETA": 0, "Km_F_Bus": 0, "Km_F_BUSETA": 0, "Km_F_MICROBUS": 0, "Km_F_CAMIONETA": 0, "Ho_I_Bus": 2, "Ho_I_BUSETA": 8, "Ho_I_MICROBUS": 6, "Ho_I_CAMIONETA": 0, "Ho_F_Bus": null, "Ho_F_BUSETA": 28, "Ho_F_MICROBUS": null, "Ho_F_CAMIONETA": 0, "Ben_I_Bus": 38, "Ben_I_BUSETA": 66, "Ben_I_MICROBUS": 29, "Ben_I_CAMIONETA": 0, "Ben_F_Bus": 0, "Ben_F_BUSETA": 0, "Ben_F_MICROBUS": 0, "Ben_F_CAMIONETA": 0, "Rutas_I_Bus": 1, "Rutas_I_BUSETA": 3, "Rutas_I_MICROBUS": 3, "Rutas_I_CAMIONETA": 0, "Rutas_F_Bus": 0, "Rutas_F_BUSETA": 0, "Rutas_F_MICROBUS": 0, "Rutas_F_CAMIONETA": 0, "nom_patio": "", "Id_2": 3 }, "geometry": { "type": "MultiPolygon", "coordinates": [ [ [ [ 989860.716836239793338, 1008624.1172 ], [ 990438.067105429363437, 1009624.1172 ], [ 991592.767643808620051, 1009624.1172 ], [ 992170.11791299819015, 1008624.1172 ], [ 991592.767643808620051, 1007624.1172 ], [ 990438.067105429363437, 1007624.1172 ], [ 989860.716836239793338, 1008624.1172 ] ] ] ] } },
{ "type": "Feature", "properties": { "id": 1018, "left": 989860.71683623979, "top": 1007624.1172, "right": 992170.11791299819, "bottom": 1005624.1172, "row_index": 9.0, "col_index": 18.0, "Rutas_I": 5, "Km_I": 31.0, "Rutas_F": 0, "KM_F": 0, "Horas_I": 10, "Horas_F": 0, "Veh_I_BUS": 1, "Veh_I_BUSETA": 2, "Veh_I_MICROBUS": 1, "Veh_I_CAMIONETA": 0, "Km_I_Bus": 4.35, "Km_I_BUSETA": 21.0, "Km_I_MICROBUS": 5.0, "Km_I_CAMIONETA": 0.0, "Veh_F_BUS": 0.0, "Veh_F_BUSETA": 0, "Veh_F_MICROBUS": 0, "Veh_F_CAMIONETA": 0, "Km_F_Bus": 0, "Km_F_BUSETA": 0, "Km_F_MICROBUS": 0, "Km_F_CAMIONETA": 0, "Ho_I_Bus": 2, "Ho_I_BUSETA": 6, "Ho_I_MICROBUS": 2, "Ho_I_CAMIONETA": 0, "Ho_F_Bus": null, "Ho_F_BUSETA": 21, "Ho_F_MICROBUS": 5, "Ho_F_CAMIONETA": 0, "Ben_I_Bus": 29, "Ben_I_BUSETA": 78, "Ben_I_MICROBUS": 17, "Ben_I_CAMIONETA": 0, "Ben_F_Bus": 0, "Ben_F_BUSETA": 0, "Ben_F_MICROBUS": 0, "Ben_F_CAMIONETA": 0, "Rutas_I_Bus": 1, "Rutas_I_BUSETA": 3, "Rutas_I_MICROBUS": 1, "Rutas_I_CAMIONETA": 0, "Rutas_F_Bus": 0, "Rutas_F_BUSETA": 0, "Rutas_F_MICROBUS": 0, "Rutas_F_CAMIONETA": 0, "nom_patio": "", "Id_2": 3 }, "geometry": { "type": "MultiPolygon", "coordinates": [ [ [ [ 989860.716836239793338, 1006624.1172 ], [ 990438.067105429363437, 1007624.1172 ], [ 991592.767643808620051, 1007624.1172 ], [ 992170.11791299819015, 1006624.1172 ], [ 991592.767643808620051, 1005624.1172 ], [ 990438.067105429363437, 1005624.1172 ], [ 989860.716836239793338, 1006624.1172 ] ] ] ] } },
{ "type": "Feature", "properties": { "id": 1070, "left": 991592.76764380862, "top": 1014624.1172, "right": 993902.16872056702, "bottom": 1012624.1172, "row_index": 5.0, "col_index": 19.0, "Rutas_I": 24, "Km_I": 264.32, "Rutas_F": 0, "KM_F": 0, "Horas_I": 50, "Horas_F": 0, "Veh_I_BUS": 3, "Veh_I_BUSETA": 4, "Veh_I_MICROBUS": 8, "Veh_I_CAMIONETA": 1, "Km_I_Bus": 47.0, "Km_I_BUSETA": 80.0, "Km_I_MICROBUS": 128.0, "Km_I_CAMIONETA": 10.0, "Veh_F_BUS": 0.0, "Veh_F_BUSETA": 0, "Veh_F_MICROBUS": 0, "Veh_F_CAMIONETA": 0, "Km_F_Bus": 0, "Km_F_BUSETA": 0, "Km_F_MICROBUS": 0, "Km_F_CAMIONETA": 0, "Ho_I_Bus": 8, "Ho_I_BUSETA": 18, "Ho_I_MICROBUS": 22, "Ho_I_CAMIONETA": 2, "Ho_F_Bus": 47, "Ho_F_BUSETA": 80, "Ho_F_MICROBUS": 128, "Ho_F_CAMIONETA": 10, "Ben_I_Bus": 137, "Ben_I_BUSETA": 189, "Ben_I_MICROBUS": 129, "Ben_I_CAMIONETA": 7, "Ben_F_Bus": 0, "Ben_F_BUSETA": 0, "Ben_F_MICROBUS": 0, "Ben_F_CAMIONETA": 0, "Rutas_I_Bus": 4, "Rutas_I_BUSETA": 8, "Rutas_I_MICROBUS": 11, "Rutas_I_CAMIONETA": 1, "Rutas_F_Bus": 0, "Rutas_F_BUSETA": 0, "Rutas_F_MICROBUS": 0, "Rutas_F_CAMIONETA": 0, "nom_patio": "", "Id_2": 3 }, "geometry": { "type": "MultiPolygon", "coordinates": [ [ [ [ 991592.767643808620051, 1013624.1172 ], [ 992170.11791299819015, 1014624.1172 ], [ 993324.818451377446763, 1014624.1172 ], [ 993902.168720567016862, 1013624.1172 ], [ 993324.818451377446763, 1012624.1172 ], [ 992170.11791299819015, 1012624.1172 ], [ 991592.767643808620051, 1013624.1172 ] ] ] ] } },
{ "type": "Feature", "properties": { "id": 1071, "left": 991592.76764380862, "top": 1012624.1172, "right": 993902.16872056702, "bottom": 1010624.1172, "row_index": 6.0, "col_index": 19.0, "Rutas_I": 3, "Km_I": 55.0, "Rutas_F": 0, "KM_F": 0, "Horas_I": 11, "Horas_F": 0, "Veh_I_BUS": 1, "Veh_I_BUSETA": 0, "Veh_I_MICROBUS": 1, "Veh_I_CAMIONETA": 1, "Km_I_Bus": 14.0, "Km_I_BUSETA": 0.0, "Km_I_MICROBUS": 14.0, "Km_I_CAMIONETA": 27.0, "Veh_F_BUS": 0.0, "Veh_F_BUSETA": 0, "Veh_F_MICROBUS": 0, "Veh_F_CAMIONETA": 0, "Km_F_Bus": 0, "Km_F_BUSETA": 0, "Km_F_MICROBUS": 0, "Km_F_CAMIONETA": 0, "Ho_I_Bus": 4, "Ho_I_BUSETA": 0, "Ho_I_MICROBUS": 3, "Ho_I_CAMIONETA": 4, "Ho_F_Bus": 14, "Ho_F_BUSETA": 0, "Ho_F_MICROBUS": 14, "Ho_F_CAMIONETA": 27, "Ben_I_Bus": 37, "Ben_I_BUSETA": 0, "Ben_I_MICROBUS": 11, "Ben_I_CAMIONETA": 4, "Ben_F_Bus": 0, "Ben_F_BUSETA": 0, "Ben_F_MICROBUS": 0, "Ben_F_CAMIONETA": 0, "Rutas_I_Bus": 1, "Rutas_I_BUSETA": 0, "Rutas_I_MICROBUS": 1, "Rutas_I_CAMIONETA": 1, "Rutas_F_Bus": 0, "Rutas_F_BUSETA": 0, "Rutas_F_MICROBUS": 0, "Rutas_F_CAMIONETA": 0, "nom_patio": "", "Id_2": 3 }, "geometry": { "type": "MultiPolygon", "coordinates": [ [ [ [ 991592.767643808620051, 1011624.1172 ], [ 992170.11791299819015, 1012624.1172 ], [ 993324.818451377446763, 1012624.1172 ], [ 993902.168720567016862, 1011624.1172 ], [ 993324.818451377446763, 1010624.1172 ], [ 992170.11791299819015, 1010624.1172 ], [ 991592.767643808620051, 1011624.1172 ] ] ] ] } },
{ "type": "Feature", "properties": { "id": 1072, "left": 991592.76764380862, "top": 1010624.1172, "right": 993902.16872056702, "bottom": 1008624.1172, "row_index": 7.0, "col_index": 19.0, "Rutas_I": 3, "Km_I": 34.0, "Rutas_F": 6, "KM_F": 32, "Horas_I": 6, "Horas_F": 12, "Veh_I_BUS": 0, "Veh_I_BUSETA": 0, "Veh_I_MICROBUS": 2, "Veh_I_CAMIONETA": 1, "Km_I_Bus": 0.0, "Km_I_BUSETA": 0.0, "Km_I_MICROBUS": 20.0, "Km_I_CAMIONETA": 14.0, "Veh_F_BUS": 0.0, "Veh_F_BUSETA": 1, "Veh_F_MICROBUS": 3, "Veh_F_CAMIONETA": 1, "Km_F_Bus": 0, "Km_F_BUSETA": 5, "Km_F_MICROBUS": 22, "Km_F_CAMIONETA": 5, "Ho_I_Bus": 0, "Ho_I_BUSETA": 2, "Ho_I_MICROBUS": 14, "Ho_I_CAMIONETA": 4, "Ho_F_Bus": 0, "Ho_F_BUSETA": 0, "Ho_F_MICROBUS": 20, "Ho_F_CAMIONETA": 14, "Ben_I_Bus": 0, "Ben_I_BUSETA": 0, "Ben_I_MICROBUS": 14, "Ben_I_CAMIONETA": 3, "Ben_F_Bus": 0, "Ben_F_BUSETA": 21, "Ben_F_MICROBUS": 42, "Ben_F_CAMIONETA": 5, "Rutas_I_Bus": 0, "Rutas_I_BUSETA": 0, "Rutas_I_MICROBUS": 2, "Rutas_I_CAMIONETA": 1, "Rutas_F_Bus": 0, "Rutas_F_BUSETA": 1, "Rutas_F_MICROBUS": 4, "Rutas_F_CAMIONETA": 1, "nom_patio": "Fontibón", "Id_2": 3 }, "geometry": { "type": "MultiPolygon", "coordinates": [ [ [ [ 991592.767643808620051, 1009624.1172 ], [ 992170.11791299819015, 1010624.1172 ], [ 993324.818451377446763, 1010624.1172 ], [ 993902.168720567016862, 1009624.1172 ], [ 993324.818451377446763, 1008624.1172 ], [ 992170.11791299819015, 1008624.1172 ], [ 991592.767643808620051, 1009624.1172 ] ] ] ] } },
{ "type": "Feature", "properties": { "id": 1073, "left": 991592.76764380862, "top": 1008624.1172, "right": 993902.16872056702, "bottom": 1006624.1172, "row_index": 8.0, "col_index": 19.0, "Rutas_I": 1, "Km_I": 19.0, "Rutas_F": 0, "KM_F": 0, "Horas_I": 4, "Horas_F": 0, "Veh_I_BUS": 0, "Veh_I_BUSETA": 0, "Veh_I_MICROBUS": 1, "Veh_I_CAMIONETA": 0, "Km_I_Bus": 0.0, "Km_I_BUSETA": 0.0, "Km_I_MICROBUS": 19.0, "Km_I_CAMIONETA": 0.0, "Veh_F_BUS": 0.0, "Veh_F_BUSETA": 0, "Veh_F_MICROBUS": 0, "Veh_F_CAMIONETA": 0, "Km_F_Bus": 0, "Km_F_BUSETA": 0, "Km_F_MICROBUS": 0, "Km_F_CAMIONETA": 0, "Ho_I_Bus": 0, "Ho_I_BUSETA": 0, "Ho_I_MICROBUS": 4, "Ho_I_CAMIONETA": 0, "Ho_F_Bus": 0, "Ho_F_BUSETA": 0, "Ho_F_MICROBUS": 19, "Ho_F_CAMIONETA": 0, "Ben_I_Bus": 0, "Ben_I_BUSETA": 0, "Ben_I_MICROBUS": 16, "Ben_I_CAMIONETA": 0, "Ben_F_Bus": 0, "Ben_F_BUSETA": 0, "Ben_F_MICROBUS": 0, "Ben_F_CAMIONETA": 0, "Rutas_I_Bus": 0, "Rutas_I_BUSETA": 0, "Rutas_I_MICROBUS": 1, "Rutas_I_CAMIONETA": 0, "Rutas_F_Bus": 0, "Rutas_F_BUSETA": 0, "Rutas_F_MICROBUS": 0, "Rutas_F_CAMIONETA": 0, "nom_patio": "", "Id_2": 3 }, "geometry": { "type": "MultiPolygon", "coordinates": [ [ [ [ 991592.767643808620051, 1007624.1172 ], [ 992170.11791299819015, 1008624.1172 ], [ 993324.818451377446763, 1008624.1172 ], [ 993902.168720567016862, 1007624.1172 ], [ 993324.818451377446763, 1006624.1172 ], [ 992170.11791299819015, 1006624.1172 ], [ 991592.767643808620051, 1007624.1172 ] ] ] ] } },
{ "type": "Feature", "properties": { "id": 1127, "left": 993324.81845137756, "top": 1013624.1172, "right": 995634.21952813584, "bottom": 1011624.1172, "row_index": 6.0, "col_index": 20.0, "Rutas_I": 15, "Km_I": 144.0, "Rutas_F": 1, "KM_F": 15, "Horas_I": 30, "Horas_F": 2, "Veh_I_BUS": 2, "Veh_I_BUSETA": 3, "Veh_I_MICROBUS": 5, "Veh_I_CAMIONETA": 0, "Km_I_Bus": 27.61, "Km_I_BUSETA": 55.83, "Km_I_MICROBUS": 61.0, "Km_I_CAMIONETA": 0.0, "Veh_F_BUS": 0.0, "Veh_F_BUSETA": 0, "Veh_F_MICROBUS": 1, "Veh_F_CAMIONETA": 0, "Km_F_Bus": 0, "Km_F_BUSETA": 0, "Km_F_MICROBUS": 15, "Km_F_CAMIONETA": 0, "Ho_I_Bus": 8, "Ho_I_BUSETA": 12, "Ho_I_MICROBUS": 14, "Ho_I_CAMIONETA": 0, "Ho_F_Bus": null, "Ho_F_BUSETA": null, "Ho_F_MICROBUS": 61, "Ho_F_CAMIONETA": 0, "Ben_I_Bus": 91, "Ben_I_BUSETA": 131, "Ben_I_MICROBUS": 94, "Ben_I_CAMIONETA": 0, "Ben_F_Bus": 0, "Ben_F_BUSETA": 0, "Ben_F_MICROBUS": 3, "Ben_F_CAMIONETA": 0, "Rutas_I_Bus": 3, "Rutas_I_BUSETA": 6, "Rutas_I_MICROBUS": 6, "Rutas_I_CAMIONETA": 0, "Rutas_F_Bus": 0, "Rutas_F_BUSETA": 0, "Rutas_F_MICROBUS": 1, "Rutas_F_CAMIONETA": 0, "nom_patio": "Fontibón", "Id_2": 3 }, "geometry": { "type": "MultiPolygon", "coordinates": [ [ [ [ 993324.818451377563179, 1012624.1172 ], [ 993902.168720567133278, 1013624.1172 ], [ 995056.869258946389891, 1013624.1172 ], [ 995634.21952813595999, 1012624.1172 ], [ 995056.869258946389891, 1011624.1172 ], [ 993902.168720567133278, 1011624.1172 ], [ 993324.818451377563179, 1012624.1172 ] ] ] ] } },
{ "type": "Feature", "properties": { "id": 1128, "left": 993324.81845137756, "top": 1011624.1172, "right": 995634.21952813584, "bottom": 1009624.1172, "row_index": 7.0, "col_index": 20.0, "Rutas_I": 0, "Km_I": 0.0, "Rutas_F": 0, "KM_F": 0, "Horas_I": 0, "Horas_F": 0, "Veh_I_BUS": 0, "Veh_I_BUSETA": 0, "Veh_I_MICROBUS": 0, "Veh_I_CAMIONETA": 0, "Km_I_Bus": 0.0, "Km_I_BUSETA": 0.0, "Km_I_MICROBUS": 0.0, "Km_I_CAMIONETA": 0.0, "Veh_F_BUS": 0.0, "Veh_F_BUSETA": 0, "Veh_F_MICROBUS": 0, "Veh_F_CAMIONETA": 0, "Km_F_Bus": 0, "Km_F_BUSETA": 0, "Km_F_MICROBUS": 0, "Km_F_CAMIONETA": 0, "Ho_I_Bus": 0, "Ho_I_BUSETA": 0, "Ho_I_MICROBUS": 0, "Ho_I_CAMIONETA": 0, "Ho_F_Bus": 0, "Ho_F_BUSETA": 0, "Ho_F_MICROBUS": 0, "Ho_F_CAMIONETA": 0, "Ben_I_Bus": 0, "Ben_I_BUSETA": 0, "Ben_I_MICROBUS": 0, "Ben_I_CAMIONETA": 0, "Ben_F_Bus": 0, "Ben_F_BUSETA": 0, "Ben_F_MICROBUS": 0, "Ben_F_CAMIONETA": 0, "Rutas_I_Bus": 0, "Rutas_I_BUSETA": 0, "Rutas_I_MICROBUS": 0, "Rutas_I_CAMIONETA": 0, "Rutas_F_Bus": 0, "Rutas_F_BUSETA": 0, "Rutas_F_MICROBUS": 0, "Rutas_F_CAMIONETA": 0, "nom_patio": "", "Id_2": 3 }, "geometry": { "type": "MultiPolygon", "coordinates": [ [ [ [ 993324.818451377563179, 1010624.1172 ], [ 993902.168720567133278, 1011624.1172 ], [ 995056.869258946389891, 1011624.1172 ], [ 995634.21952813595999, 1010624.1172 ], [ 995056.869258946389891, 1009624.1172 ], [ 993902.168720567133278, 1009624.1172 ], [ 993324.818451377563179, 1010624.1172 ] ] ] ] } },
{ "type": "Feature", "properties": { "id": 1129, "left": 993324.81845137756, "top": 1009624.1172, "right": 995634.21952813584, "bottom": 1007624.1172, "row_index": 8.0, "col_index": 20.0, "Rutas_I": 0, "Km_I": 0.0, "Rutas_F": 12, "KM_F": 110, "Horas_I": 0, "Horas_F": 30, "Veh_I_BUS": 0, "Veh_I_BUSETA": 0, "Veh_I_MICROBUS": 0, "Veh_I_CAMIONETA": 0, "Km_I_Bus": 0.0, "Km_I_BUSETA": 0.0, "Km_I_MICROBUS": 0.0, "Km_I_CAMIONETA": 0.0, "Veh_F_BUS": 1.0, "Veh_F_BUSETA": 2, "Veh_F_MICROBUS": 5, "Veh_F_CAMIONETA": 0, "Km_F_Bus": null, "Km_F_BUSETA": 48, "Km_F_MICROBUS": 54, "Km_F_CAMIONETA": 0, "Ho_I_Bus": 2, "Ho_I_BUSETA": 14, "Ho_I_MICROBUS": 12, "Ho_I_CAMIONETA": 0, "Ho_F_Bus": 0, "Ho_F_BUSETA": 0, "Ho_F_MICROBUS": 0, "Ho_F_CAMIONETA": 0, "Ben_I_Bus": 0, "Ben_I_BUSETA": 0, "Ben_I_MICROBUS": 0, "Ben_I_CAMIONETA": 0, "Ben_F_Bus": 38, "Ben_F_BUSETA": 96, "Ben_F_MICROBUS": 76, "Ben_F_CAMIONETA": 0, "Rutas_I_Bus": 0, "Rutas_I_BUSETA": 0, "Rutas_I_MICROBUS": 0, "Rutas_I_CAMIONETA": 0, "Rutas_F_Bus": 1, "Rutas_F_BUSETA": 4, "Rutas_F_MICROBUS": 7, "Rutas_F_CAMIONETA": 0, "nom_patio": "Bolera el Salitre", "Id_2": 3 }, "geometry": { "type": "MultiPolygon", "coordinates": [ [ [ [ 993324.818451377563179, 1008624.1172 ], [ 993902.168720567133278, 1009624.1172 ], [ 995056.869258946389891, 1009624.1172 ], [ 995634.21952813595999, 1008624.1172 ], [ 995056.869258946389891, 1007624.1172 ], [ 993902.168720567133278, 1007624.1172 ], [ 993324.818451377563179, 1008624.1172 ] ] ] ] } },
{ "type": "Feature", "properties": { "id": 1183, "left": 995056.86925894639, "top": 1012624.1172, "right": 997366.27033570479, "bottom": 1010624.1172, "row_index": 6.0, "col_index": 21.0, "Rutas_I": 4, "Km_I": 49.0, "Rutas_F": 3, "KM_F": 38, "Horas_I": 8, "Horas_F": 7, "Veh_I_BUS": 1, "Veh_I_BUSETA": 1, "Veh_I_MICROBUS": 2, "Veh_I_CAMIONETA": 0, "Km_I_Bus": 12.0, "Km_I_BUSETA": 12.0, "Km_I_MICROBUS": 24.0, "Km_I_CAMIONETA": 0.0, "Veh_F_BUS": 0.0, "Veh_F_BUSETA": 0, "Veh_F_MICROBUS": 3, "Veh_F_CAMIONETA": 0, "Km_F_Bus": 0, "Km_F_BUSETA": 0, "Km_F_MICROBUS": 38, "Km_F_CAMIONETA": 0, "Ho_I_Bus": 2, "Ho_I_BUSETA": 2, "Ho_I_MICROBUS": 11, "Ho_I_CAMIONETA": 0, "Ho_F_Bus": 12, "Ho_F_BUSETA": 12, "Ho_F_MICROBUS": 24, "Ho_F_CAMIONETA": 0, "Ben_I_Bus": 36, "Ben_I_BUSETA": 25, "Ben_I_MICROBUS": 20, "Ben_I_CAMIONETA": 0, "Ben_F_Bus": 0, "Ben_F_BUSETA": 0, "Ben_F_MICROBUS": 32, "Ben_F_CAMIONETA": 0, "Rutas_I_Bus": 1, "Rutas_I_BUSETA": 1, "Rutas_I_MICROBUS": 2, "Rutas_I_CAMIONETA": 0, "Rutas_F_Bus": 0, "Rutas_F_BUSETA": 0, "Rutas_F_MICROBUS": 3, "Rutas_F_CAMIONETA": 0, "nom_patio": "Fontibón", "Id_2": 3 }, "geometry": { "type": "MultiPolygon", "coordinates": [ [ [ [ 995056.869258946389891, 1011624.1172 ], [ 995634.21952813595999, 1012624.1172 ], [ 996788.920066515216604, 1012624.1172 ], [ 997366.270335704786703, 1011624.1172 ], [ 996788.920066515216604, 1010624.1172 ], [ 995634.21952813595999, 1010624.1172 ], [ 995056.869258946389891, 1011624.1172 ] ] ] ] } },
{ "type": "Feature", "properties": { "id": 1184, "left": 995056.86925894639, "top": 1010624.1172, "right": 997366.27033570479, "bottom": 1008624.1172, "row_index": 7.0, "col_index": 21.0, "Rutas_I": 0, "Km_I": 0.0, "Rutas_F": 1, "KM_F": 9, "Horas_I": 0, "Horas_F": 2, "Veh_I_BUS": 0, "Veh_I_BUSETA": 0, "Veh_I_MICROBUS": 0, "Veh_I_CAMIONETA": 0, "Km_I_Bus": 0.0, "Km_I_BUSETA": 0.0, "Km_I_MICROBUS": 0.0, "Km_I_CAMIONETA": 0.0, "Veh_F_BUS": 0.0, "Veh_F_BUSETA": 1, "Veh_F_MICROBUS": 0, "Veh_F_CAMIONETA": 0, "Km_F_Bus": 0, "Km_F_BUSETA": 9, "Km_F_MICROBUS": 0, "Km_F_CAMIONETA": 0, "Ho_I_Bus": 0, "Ho_I_BUSETA": 0, "Ho_I_MICROBUS": 6, "Ho_I_CAMIONETA": 0, "Ho_F_Bus": 0, "Ho_F_BUSETA": 0, "Ho_F_MICROBUS": 0, "Ho_F_CAMIONETA": 0, "Ben_I_Bus": 0, "Ben_I_BUSETA": 0, "Ben_I_MICROBUS": 0, "Ben_I_CAMIONETA": 0, "Ben_F_Bus": 0, "Ben_F_BUSETA": 24, "Ben_F_MICROBUS": 0, "Ben_F_CAMIONETA": 0, "Rutas_I_Bus": 0, "Rutas_I_BUSETA": 0, "Rutas_I_MICROBUS": 0, "Rutas_I_CAMIONETA": 0, "Rutas_F_Bus": 0, "Rutas_F_BUSETA": 1, "Rutas_F_MICROBUS": 0, "Rutas_F_CAMIONETA": 0, "nom_patio": "Bolera el Salitre", "Id_2": 3 }, "geometry": { "type": "MultiPolygon", "coordinates": [ [ [ [ 995056.869258946389891, 1009624.1172 ], [ 995634.21952813595999, 1010624.1172 ], [ 996788.920066515216604, 1010624.1172 ], [ 997366.270335704786703, 1009624.1172 ], [ 996788.920066515216604, 1008624.1172 ], [ 995634.21952813595999, 1008624.1172 ], [ 995056.869258946389891, 1009624.1172 ] ] ] ] } },
{ "type": "Feature", "properties": { "id": 1185, "left": 995056.86925894639, "top": 1008624.1172, "right": 997366.27033570479, "bottom": 1006624.1172, "row_index": 8.0, "col_index": 21.0, "Rutas_I": 0, "Km_I": 0.0, "Rutas_F": 0, "KM_F": 0, "Horas_I": 0, "Horas_F": 0, "Veh_I_BUS": 0, "Veh_I_BUSETA": 0, "Veh_I_MICROBUS": 0, "Veh_I_CAMIONETA": 0, "Km_I_Bus": 0.0, "Km_I_BUSETA": 0.0, "Km_I_MICROBUS": 0.0, "Km_I_CAMIONETA": 0.0, "Veh_F_BUS": 0.0, "Veh_F_BUSETA": 0, "Veh_F_MICROBUS": 0, "Veh_F_CAMIONETA": 0, "Km_F_Bus": 0, "Km_F_BUSETA": 0, "Km_F_MICROBUS": 0, "Km_F_CAMIONETA": 0, "Ho_I_Bus": 0, "Ho_I_BUSETA": 0, "Ho_I_MICROBUS": 0, "Ho_I_CAMIONETA": 0, "Ho_F_Bus": 0, "Ho_F_BUSETA": 0, "Ho_F_MICROBUS": 0, "Ho_F_CAMIONETA": 0, "Ben_I_Bus": 0, "Ben_I_BUSETA": 0, "Ben_I_MICROBUS": 0, "Ben_I_CAMIONETA": 0, "Ben_F_Bus": 0, "Ben_F_BUSETA": 0, "Ben_F_MICROBUS": 0, "Ben_F_CAMIONETA": 0, "Rutas_I_Bus": 0, "Rutas_I_BUSETA": 0, "Rutas_I_MICROBUS": 0, "Rutas_I_CAMIONETA": 0, "Rutas_F_Bus": 0, "Rutas_F_BUSETA": 0, "Rutas_F_MICROBUS": 0, "Rutas_F_CAMIONETA": 0, "nom_patio": "", "Id_2": 3 }, "geometry": { "type": "MultiPolygon", "coordinates": [ [ [ [ 995056.869258946389891, 1007624.1172 ], [ 995634.21952813595999, 1008624.1172 ], [ 996788.920066515216604, 1008624.1172 ], [ 997366.270335704786703, 1007624.1172 ], [ 996788.920066515216604, 1006624.1172 ], [ 995634.21952813595999, 1006624.1172 ], [ 995056.869258946389891, 1007624.1172 ] ] ] ] } },
{ "type": "Feature", "properties": { "id": 1180, "left": 995056.86925894639, "top": 1018624.1172, "right": 997366.27033570479, "bottom": 1016624.1172, "row_index": 3.0, "col_index": 21.0, "Rutas_I": 55, "Km_I": 638.0, "Rutas_F": 2, "KM_F": 7, "Horas_I": 119, "Horas_F": 4, "Veh_I_BUS": 6, "Veh_I_BUSETA": 6, "Veh_I_MICROBUS": 21, "Veh_I_CAMIONETA": 1, "Km_I_Bus": 100.0, "Km_I_BUSETA": 153.0, "Km_I_MICROBUS": 352.25, "Km_I_CAMIONETA": 34.0, "Veh_F_BUS": 2.0, "Veh_F_BUSETA": 0, "Veh_F_MICROBUS": 0, "Veh_F_CAMIONETA": 0, "Km_F_Bus": 7, "Km_F_BUSETA": 0, "Km_F_MICROBUS": 0, "Km_F_CAMIONETA": 0, "Ho_I_Bus": 22, "Ho_I_BUSETA": 28, "Ho_I_MICROBUS": 67, "Ho_I_CAMIONETA": 6, "Ho_F_Bus": 100, "Ho_F_BUSETA": 153, "Ho_F_MICROBUS": null, "Ho_F_CAMIONETA": 34, "Ben_I_Bus": 321, "Ben_I_BUSETA": 326, "Ben_I_MICROBUS": 391, "Ben_I_CAMIONETA": 7, "Ben_F_Bus": 77, "Ben_F_BUSETA": 0, "Ben_F_MICROBUS": 0, "Ben_F_CAMIONETA": 0, "Rutas_I_Bus": 9, "Rutas_I_BUSETA": 14, "Rutas_I_MICROBUS": 30, "Rutas_I_CAMIONETA": 2, "Rutas_F_Bus": 2, "Rutas_F_BUSETA": 0, "Rutas_F_MICROBUS": 0, "Rutas_F_CAMIONETA": 0, "nom_patio": "Las Mercedes", "Id_2": 4 }, "geometry": { "type": "MultiPolygon", "coordinates": [ [ [ [ 995056.869258946389891, 1017624.1172 ], [ 995634.21952813595999, 1018624.1172 ], [ 996788.920066515216604, 1018624.1172 ], [ 997366.270335704786703, 1017624.1172 ], [ 996788.920066515216604, 1016624.1172 ], [ 995634.21952813595999, 1016624.1172 ], [ 995056.869258946389891, 1017624.1172 ] ] ] ] } },
{ "type": "Feature", "properties": { "id": 1235, "left": 996788.92006651522, "top": 1021624.1172, "right": 999098.32114327373, "bottom": 1019624.1172, "row_index": 2.0, "col_index": 22.0, "Rutas_I": 1, "Km_I": 7.0, "Rutas_F": 8, "KM_F": null, "Horas_I": 2, "Horas_F": 18, "Veh_I_BUS": 0, "Veh_I_BUSETA": 0, "Veh_I_MICROBUS": 1, "Veh_I_CAMIONETA": 0, "Km_I_Bus": 0.0, "Km_I_BUSETA": 0.0, "Km_I_MICROBUS": 7.0, "Km_I_CAMIONETA": 0.0, "Veh_F_BUS": 3.0, "Veh_F_BUSETA": 2, "Veh_F_MICROBUS": 1, "Veh_F_CAMIONETA": 0, "Km_F_Bus": 40, "Km_F_BUSETA": 29, "Km_F_MICROBUS": 8, "Km_F_CAMIONETA": 0, "Ho_I_Bus": 10, "Ho_I_BUSETA": 6, "Ho_I_MICROBUS": 4, "Ho_I_CAMIONETA": 0, "Ho_F_Bus": 0, "Ho_F_BUSETA": 0, "Ho_F_MICROBUS": 7, "Ho_F_CAMIONETA": 0, "Ben_I_Bus": 0, "Ben_I_BUSETA": 0, "Ben_I_MICROBUS": 18, "Ben_I_CAMIONETA": 0, "Ben_F_Bus": 135, "Ben_F_BUSETA": 71, "Ben_F_MICROBUS": 18, "Ben_F_CAMIONETA": 0, "Rutas_I_Bus": 0, "Rutas_I_BUSETA": 0, "Rutas_I_MICROBUS": 1, "Rutas_I_CAMIONETA": 0, "Rutas_F_Bus": 4, "Rutas_F_BUSETA": 3, "Rutas_F_MICROBUS": 1, "Rutas_F_CAMIONETA": 0, "nom_patio": "Las Mercedes", "Id_2": 4 }, "geometry": { "type": "MultiPolygon", "coordinates": [ [ [ [ 996788.920066515333019, 1020624.1172 ], [ 997366.270335704903118, 1021624.1172 ], [ 998520.970874084159732, 1021624.1172 ], [ 999098.321143273729831, 1020624.1172 ], [ 998520.970874084159732, 1019624.1172 ], [ 997366.270335704903118, 1019624.1172 ], [ 996788.920066515333019, 1020624.1172 ] ] ] ] } },
{ "type": "Feature", "properties": { "id": 1236, "left": 996788.92006651522, "top": 1019624.1172, "right": 999098.32114327373, "bottom": 1017624.1172, "row_index": 3.0, "col_index": 22.0, "Rutas_I": 6, "Km_I": 77.0, "Rutas_F": 3, "KM_F": 27, "Horas_I": 12, "Horas_F": 6, "Veh_I_BUS": 0, "Veh_I_BUSETA": 2, "Veh_I_MICROBUS": 2, "Veh_I_CAMIONETA": 0, "Km_I_Bus": 0.0, "Km_I_BUSETA": 57.0, "Km_I_MICROBUS": 20.0, "Km_I_CAMIONETA": 0.0, "Veh_F_BUS": 1.0, "Veh_F_BUSETA": 1, "Veh_F_MICROBUS": 1, "Veh_F_CAMIONETA": 0, "Km_F_Bus": 10, "Km_F_BUSETA": 12, "Km_F_MICROBUS": 4, "Km_F_CAMIONETA": 0, "Ho_I_Bus": 2, "Ho_I_BUSETA": 10, "Ho_I_MICROBUS": 8, "Ho_I_CAMIONETA": 0, "Ho_F_Bus": 0, "Ho_F_BUSETA": 57, "Ho_F_MICROBUS": 20, "Ho_F_CAMIONETA": 0, "Ben_I_Bus": 0, "Ben_I_BUSETA": 95, "Ben_I_MICROBUS": 35, "Ben_I_CAMIONETA": 0, "Ben_F_Bus": 37, "Ben_F_BUSETA": 29, "Ben_F_MICROBUS": 18, "Ben_F_CAMIONETA": 0, "Rutas_I_Bus": 0, "Rutas_I_BUSETA": 4, "Rutas_I_MICROBUS": 2, "Rutas_I_CAMIONETA": 0, "Rutas_F_Bus": 1, "Rutas_F_BUSETA": 1, "Rutas_F_MICROBUS": 1, "Rutas_F_CAMIONETA": 0, "nom_patio": "Las Mercedes", "Id_2": 4 }, "geometry": { "type": "MultiPolygon", "coordinates": [ [ [ [ 996788.920066515333019, 1018624.1172 ], [ 997366.270335704903118, 1019624.1172 ], [ 998520.970874084159732, 1019624.1172 ], [ 999098.321143273729831, 1018624.1172 ], [ 998520.970874084159732, 1017624.1172 ], [ 997366.270335704903118, 1017624.1172 ], [ 996788.920066515333019, 1018624.1172 ] ] ] ] } },
{ "type": "Feature", "properties": { "id": 1237, "left": 996788.92006651522, "top": 1017624.1172, "right": 999098.32114327373, "bottom": 1015624.1172, "row_index": 4.0, "col_index": 22.0, "Rutas_I": 23, "Km_I": 325.0, "Rutas_F": 21, "KM_F": 154, "Horas_I": 52, "Horas_F": 42, "Veh_I_BUS": 6, "Veh_I_BUSETA": 2, "Veh_I_MICROBUS": 7, "Veh_I_CAMIONETA": 1, "Km_I_Bus": 129.0, "Km_I_BUSETA": 50.0, "Km_I_MICROBUS": 126.77, "Km_I_CAMIONETA": 19.0, "Veh_F_BUS": 2.0, "Veh_F_BUSETA": 3, "Veh_F_MICROBUS": 7, "Veh_F_CAMIONETA": 1, "Km_F_Bus": 29, "Km_F_BUSETA": 40, "Km_F_MICROBUS": 82, "Km_F_CAMIONETA": 3, "Ho_I_Bus": 32, "Ho_I_BUSETA": 18, "Ho_I_MICROBUS": 38, "Ho_I_CAMIONETA": 4, "Ho_F_Bus": 129, "Ho_F_BUSETA": 50, "Ho_F_MICROBUS": null, "Ho_F_CAMIONETA": 19, "Ben_I_Bus": 312, "Ben_I_BUSETA": 106, "Ben_I_MICROBUS": 110, "Ben_I_CAMIONETA": 5, "Ben_F_Bus": 113, "Ben_F_BUSETA": 148, "Ben_F_MICROBUS": 156, "Ben_F_CAMIONETA": 1, "Rutas_I_Bus": 9, "Rutas_I_BUSETA": 4, "Rutas_I_MICROBUS": 9, "Rutas_I_CAMIONETA": 1, "Rutas_F_Bus": 3, "Rutas_F_BUSETA": 7, "Rutas_F_MICROBUS": 10, "Rutas_F_CAMIONETA": 1, "nom_patio": "Las Mercedes", "Id_2": 4 }, "geometry": { "type": "MultiPolygon", "coordinates": [ [ [ [ 996788.920066515333019, 1016624.1172 ], [ 997366.270335704903118, 1017624.1172 ], [ 998520.970874084159732, 1017624.1172 ], [ 999098.321143273729831, 1016624.1172 ], [ 998520.970874084159732, 1015624.1172 ], [ 997366.270335704903118, 1015624.1172 ], [ 996788.920066515333019, 1016624.1172 ] ] ] ] } },
{ "type": "Feature", "properties": { "id": 1292, "left": 998520.97087408416, "top": 1018624.1172, "right": 1000830.3719508426, "bottom": 1016624.1172, "row_index": 3.0, "col_index": 23.0, "Rutas_I": 5, "Km_I": 76.0, "Rutas_F": 36, "KM_F": 334, "Horas_I": 15, "Horas_F": 74, "Veh_I_BUS": 1, "Veh_I_BUSETA": 1, "Veh_I_MICROBUS": 3, "Veh_I_CAMIONETA": 0, "Km_I_Bus": 6.0, "Km_I_BUSETA": 21.4, "Km_I_MICROBUS": 48.0, "Km_I_CAMIONETA": 0.0, "Veh_F_BUS": 8.0, "Veh_F_BUSETA": 5, "Veh_F_MICROBUS": 10, "Veh_F_CAMIONETA": 0, "Km_F_Bus": 108, "Km_F_BUSETA": null, "Km_F_MICROBUS": null, "Km_F_CAMIONETA": 0, "Ho_I_Bus": 26, "Ho_I_BUSETA": 22, "Ho_I_MICROBUS": 39, "Ho_I_CAMIONETA": 0, "Ho_F_Bus": 6, "Ho_F_BUSETA": null, "Ho_F_MICROBUS": 48, "Ho_F_CAMIONETA": 0, "Ben_I_Bus": 30, "Ben_I_BUSETA": 26, "Ben_I_MICROBUS": 29, "Ben_I_CAMIONETA": 0, "Ben_F_Bus": 406, "Ben_F_BUSETA": 246, "Ben_F_MICROBUS": 176, "Ben_F_CAMIONETA": 0, "Rutas_I_Bus": 1, "Rutas_I_BUSETA": 1, "Rutas_I_MICROBUS": 3, "Rutas_I_CAMIONETA": 0, "Rutas_F_Bus": 12, "Rutas_F_BUSETA": 10, "Rutas_F_MICROBUS": 14, "Rutas_F_CAMIONETA": 0, "nom_patio": "Las Mercedes", "Id_2": 4 }, "geometry": { "type": "MultiPolygon", "coordinates": [ [ [ [ 998520.970874084159732, 1017624.1172 ], [ 999098.321143273729831, 1018624.1172 ], [ 1000253.021681652986445, 1018624.1172 ], [ 1000830.371950842556544, 1017624.1172 ], [ 1000253.021681652986445, 1016624.1172 ], [ 999098.321143273729831, 1016624.1172 ], [ 998520.970874084159732, 1017624.1172 ] ] ] ] } },
{ "type": "Feature", "properties": { "id": 1293, "left": 998520.97087408416, "top": 1016624.1172, "right": 1000830.3719508426, "bottom": 1014624.1172, "row_index": 4.0, "col_index": 23.0, "Rutas_I": 6, "Km_I": 74.0, "Rutas_F": 2, "KM_F": 13, "Horas_I": 14, "Horas_F": 4, "Veh_I_BUS": 0, "Veh_I_BUSETA": 2, "Veh_I_MICROBUS": 3, "Veh_I_CAMIONETA": 0, "Km_I_Bus": 0.0, "Km_I_BUSETA": 30.0, "Km_I_MICROBUS": 44.0, "Km_I_CAMIONETA": 0.0, "Veh_F_BUS": 1.0, "Veh_F_BUSETA": 0, "Veh_F_MICROBUS": 1, "Veh_F_CAMIONETA": 0, "Km_F_Bus": 9, "Km_F_BUSETA": 0, "Km_F_MICROBUS": 4, "Km_F_CAMIONETA": 0, "Ho_I_Bus": 0, "Ho_I_BUSETA": 6, "Ho_I_MICROBUS": 10, "Ho_I_CAMIONETA": 0, "Ho_F_Bus": 0, "Ho_F_BUSETA": 30, "Ho_F_MICROBUS": 44, "Ho_F_CAMIONETA": 0, "Ben_I_Bus": 0, "Ben_I_BUSETA": 68, "Ben_I_MICROBUS": 44, "Ben_I_CAMIONETA": 0, "Ben_F_Bus": 37, "Ben_F_BUSETA": 0, "Ben_F_MICROBUS": 3, "Ben_F_CAMIONETA": 0, "Rutas_I_Bus": 0, "Rutas_I_BUSETA": 3, "Rutas_I_MICROBUS": 3, "Rutas_I_CAMIONETA": 0, "Rutas_F_Bus": 1, "Rutas_F_BUSETA": 0, "Rutas_F_MICROBUS": 1, "Rutas_F_CAMIONETA": 0, "nom_patio": "Las Mercedes", "Id_2": 4 }, "geometry": { "type": "MultiPolygon", "coordinates": [ [ [ [ 998520.970874084159732, 1015624.1172 ], [ 999098.321143273729831, 1016624.1172 ], [ 1000253.021681652986445, 1016624.1172 ], [ 1000830.371950842556544, 1015624.1172 ], [ 1000253.021681652986445, 1014624.1172 ], [ 999098.321143273729831, 1014624.1172 ], [ 998520.970874084159732, 1015624.1172 ] ] ] ] } },
{ "type": "Feature", "properties": { "id": 1348, "left": 1000253.0216816531, "top": 1019624.1172, "right": 1002562.4227584115, "bottom": 1017624.1172, "row_index": 3.0, "col_index": 24.0, "Rutas_I": 1, "Km_I": 3.0, "Rutas_F": 0, "KM_F": 0, "Horas_I": 2, "Horas_F": 0, "Veh_I_BUS": 0, "Veh_I_BUSETA": 0, "Veh_I_MICROBUS": 1, "Veh_I_CAMIONETA": 0, "Km_I_Bus": 0.0, "Km_I_BUSETA": 0.0, "Km_I_MICROBUS": 3.0, "Km_I_CAMIONETA": 0.0, "Veh_F_BUS": 0.0, "Veh_F_BUSETA": 0, "Veh_F_MICROBUS": 0, "Veh_F_CAMIONETA": 0, "Km_F_Bus": 0, "Km_F_BUSETA": 0, "Km_F_MICROBUS": 0, "Km_F_CAMIONETA": 0, "Ho_I_Bus": 0, "Ho_I_BUSETA": 0, "Ho_I_MICROBUS": 2, "Ho_I_CAMIONETA": 0, "Ho_F_Bus": 0, "Ho_F_BUSETA": 0, "Ho_F_MICROBUS": 3, "Ho_F_CAMIONETA": 0, "Ben_I_Bus": 0, "Ben_I_BUSETA": 0, "Ben_I_MICROBUS": 0, "Ben_I_CAMIONETA": 0, "Ben_F_Bus": 0, "Ben_F_BUSETA": 0, "Ben_F_MICROBUS": 0, "Ben_F_CAMIONETA": 0, "Rutas_I_Bus": 0, "Rutas_I_BUSETA": 0, "Rutas_I_MICROBUS": 1, "Rutas_I_CAMIONETA": 0, "Rutas_F_Bus": 0, "Rutas_F_BUSETA": 0, "Rutas_F_MICROBUS": 0, "Rutas_F_CAMIONETA": 0, "nom_patio": "", "Id_2": 4 }, "geometry": { "type": "MultiPolygon", "coordinates": [ [ [ [ 1000253.02168165310286, 1018624.1172 ], [ 1000830.371950842672959, 1019624.1172 ], [ 1001985.072489221929573, 1019624.1172 ], [ 1002562.422758411499672, 1018624.1172 ], [ 1001985.072489221929573, 1017624.1172 ], [ 1000830.371950842672959, 1017624.1172 ], [ 1000253.02168165310286, 1018624.1172 ] ] ] ] } },
{ "type": "Feature", "properties": { "id": 1349, "left": 1000253.0216816531, "top": 1017624.1172, "right": 1002562.4227584115, "bottom": 1015624.1172, "row_index": 4.0, "col_index": 24.0, "Rutas_I": 3, "Km_I": 20.0, "Rutas_F": 1, "KM_F": 3, "Horas_I": 6, "Horas_F": 2, "Veh_I_BUS": 1, "Veh_I_BUSETA": 0, "Veh_I_MICROBUS": 2, "Veh_I_CAMIONETA": 0, "Km_I_Bus": 11.0, "Km_I_BUSETA": 0.0, "Km_I_MICROBUS": 10.0, "Km_I_CAMIONETA": 0.0, "Veh_F_BUS": 0.0, "Veh_F_BUSETA": 0, "Veh_F_MICROBUS": 1, "Veh_F_CAMIONETA": 0, "Km_F_Bus": 0, "Km_F_BUSETA": 0, "Km_F_MICROBUS": 3, "Km_F_CAMIONETA": 0, "Ho_I_Bus": 2, "Ho_I_BUSETA": 0, "Ho_I_MICROBUS": 6, "Ho_I_CAMIONETA": 0, "Ho_F_Bus": 11, "Ho_F_BUSETA": 0, "Ho_F_MICROBUS": 10, "Ho_F_CAMIONETA": 0, "Ben_I_Bus": 33, "Ben_I_BUSETA": 0, "Ben_I_MICROBUS": 21, "Ben_I_CAMIONETA": 0, "Ben_F_Bus": 0, "Ben_F_BUSETA": 0, "Ben_F_MICROBUS": 0, "Ben_F_CAMIONETA": 0, "Rutas_I_Bus": 1, "Rutas_I_BUSETA": 0, "Rutas_I_MICROBUS": 2, "Rutas_I_CAMIONETA": 0, "Rutas_F_Bus": 0, "Rutas_F_BUSETA": 0, "Rutas_F_MICROBUS": 1, "Rutas_F_CAMIONETA": 0, "nom_patio": "", "Id_2": 4 }, "geometry": { "type": "MultiPolygon", "coordinates": [ [ [ [ 1000253.02168165310286, 1016624.1172 ], [ 1000830.371950842672959, 1017624.1172 ], [ 1001985.072489221929573, 1017624.1172 ], [ 1002562.422758411499672, 1016624.1172 ], [ 1001985.072489221929573, 1015624.1172 ], [ 1000830.371950842672959, 1015624.1172 ], [ 1000253.02168165310286, 1016624.1172 ] ] ] ] } },
{ "type": "Feature", "properties": { "id": 1403, "left": 1001985.0724892219, "top": 1020624.1172, "right": 1004294.4735659803, "bottom": 1018624.1172, "row_index": 2.0, "col_index": 25.0, "Rutas_I": 2, "Km_I": 27.0, "Rutas_F": 3, "KM_F": 29, "Horas_I": 6, "Horas_F": 6, "Veh_I_BUS": 0, "Veh_I_BUSETA": 0, "Veh_I_MICROBUS": 1, "Veh_I_CAMIONETA": 1, "Km_I_Bus": 0.0, "Km_I_BUSETA": 0.0, "Km_I_MICROBUS": 8.0, "Km_I_CAMIONETA": 20.0, "Veh_F_BUS": 0.0, "Veh_F_BUSETA": 1, "Veh_F_MICROBUS": 2, "Veh_F_CAMIONETA": 0, "Km_F_Bus": 0, "Km_F_BUSETA": 12, "Km_F_MICROBUS": 17, "Km_F_CAMIONETA": 0, "Ho_I_Bus": 0, "Ho_I_BUSETA": 2, "Ho_I_MICROBUS": 6, "Ho_I_CAMIONETA": 4, "Ho_F_Bus": 0, "Ho_F_BUSETA": 0, "Ho_F_MICROBUS": 8, "Ho_F_CAMIONETA": 20, "Ben_I_Bus": 0, "Ben_I_BUSETA": 0, "Ben_I_MICROBUS": 10, "Ben_I_CAMIONETA": 6, "Ben_F_Bus": 0, "Ben_F_BUSETA": 22, "Ben_F_MICROBUS": 26, "Ben_F_CAMIONETA": 0, "Rutas_I_Bus": 0, "Rutas_I_BUSETA": 0, "Rutas_I_MICROBUS": 1, "Rutas_I_CAMIONETA": 1, "Rutas_F_Bus": 0, "Rutas_F_BUSETA": 1, "Rutas_F_MICROBUS": 2, "Rutas_F_CAMIONETA": 0, "nom_patio": "Las Mercedes", "Id_2": 4 }, "geometry": { "type": "MultiPolygon", "coordinates": [ [ [ [ 1001985.072489221929573, 1019624.1172 ], [ 1002562.422758411499672, 1020624.1172 ], [ 1003717.123296790756285, 1020624.1172 ], [ 1004294.473565980326384, 1019624.1172 ], [ 1003717.123296790756285, 1018624.1172 ], [ 1002562.422758411499672, 1018624.1172 ], [ 1001985.072489221929573, 1019624.1172 ] ] ] ] } },
{ "type": "Feature", "properties": { "id": 1404, "left": 1001985.0724892219, "top": 1018624.1172, "right": 1004294.4735659803, "bottom": 1016624.1172, "row_index": 3.0, "col_index": 25.0, "Rutas_I": 2, "Km_I": 48.0, "Rutas_F": 5, "KM_F": 84, "Horas_I": 6, "Horas_F": 12, "Veh_I_BUS": 0, "Veh_I_BUSETA": 0, "Veh_I_MICROBUS": 2, "Veh_I_CAMIONETA": 0, "Km_I_Bus": 0.0, "Km_I_BUSETA": 0.0, "Km_I_MICROBUS": 48.0, "Km_I_CAMIONETA": 0.0, "Veh_F_BUS": 0.0, "Veh_F_BUSETA": 0, "Veh_F_MICROBUS": 4, "Veh_F_CAMIONETA": 0, "Km_F_Bus": 0, "Km_F_BUSETA": 0, "Km_F_MICROBUS": 84, "Km_F_CAMIONETA": 0, "Ho_I_Bus": 0, "Ho_I_BUSETA": 0, "Ho_I_MICROBUS": 18, "Ho_I_CAMIONETA": 0, "Ho_F_Bus": 0, "Ho_F_BUSETA": 0, "Ho_F_MICROBUS": 48, "Ho_F_CAMIONETA": 0, "Ben_I_Bus": 0, "Ben_I_BUSETA": 0, "Ben_I_MICROBUS": 13, "Ben_I_CAMIONETA": 0, "Ben_F_Bus": 0, "Ben_F_BUSETA": 0, "Ben_F_MICROBUS": 81, "Ben_F_CAMIONETA": 0, "Rutas_I_Bus": 0, "Rutas_I_BUSETA": 0, "Rutas_I_MICROBUS": 2, "Rutas_I_CAMIONETA": 0, "Rutas_F_Bus": 0, "Rutas_F_BUSETA": 0, "Rutas_F_MICROBUS": 5, "Rutas_F_CAMIONETA": 0, "nom_patio": "Las Mercedes", "Id_2": 4 }, "geometry": { "type": "MultiPolygon", "coordinates": [ [ [ [ 1001985.072489221929573, 1017624.1172 ], [ 1002562.422758411499672, 1018624.1172 ], [ 1003717.123296790756285, 1018624.1172 ], [ 1004294.473565980326384, 1017624.1172 ], [ 1003717.123296790756285, 1016624.1172 ], [ 1002562.422758411499672, 1016624.1172 ], [ 1001985.072489221929573, 1017624.1172 ] ] ] ] } },
{ "type": "Feature", "properties": { "id": 48, "left": 958683.8023, "top": 931624.1172, "right": 960993.20337675838, "bottom": 929624.1172, "row_index": 47.0, "col_index": 0.0, "Rutas_I": 1, "Km_I": 20.0, "Rutas_F": 0, "KM_F": 0, "Horas_I": 4, "Horas_F": 0, "Veh_I_BUS": 0, "Veh_I_BUSETA": 0, "Veh_I_MICROBUS": 1, "Veh_I_CAMIONETA": 0, "Km_I_Bus": 0.0, "Km_I_BUSETA": 0.0, "Km_I_MICROBUS": 20.0, "Km_I_CAMIONETA": 0.0, "Veh_F_BUS": 0.0, "Veh_F_BUSETA": 0, "Veh_F_MICROBUS": 0, "Veh_F_CAMIONETA": 0, "Km_F_Bus": 0, "Km_F_BUSETA": 0, "Km_F_MICROBUS": 0, "Km_F_CAMIONETA": 0, "Ho_I_Bus": 0, "Ho_I_BUSETA": 0, "Ho_I_MICROBUS": 4, "Ho_I_CAMIONETA": 0, "Ho_F_Bus": 0, "Ho_F_BUSETA": 0, "Ho_F_MICROBUS": 20, "Ho_F_CAMIONETA": 0, "Ben_I_Bus": 0, "Ben_I_BUSETA": 0, "Ben_I_MICROBUS": 14, "Ben_I_CAMIONETA": 0, "Ben_F_Bus": 0, "Ben_F_BUSETA": 0, "Ben_F_MICROBUS": 0, "Ben_F_CAMIONETA": 0, "Rutas_I_Bus": 0, "Rutas_I_BUSETA": 0, "Rutas_I_MICROBUS": 1, "Rutas_I_CAMIONETA": 0, "Rutas_F_Bus": 0, "Rutas_F_BUSETA": 0, "Rutas_F_MICROBUS": 0, "Rutas_F_CAMIONETA": 0, "nom_patio": null, "Id_2": null }, "geometry": { "type": "MultiPolygon", "coordinates": [ [ [ [ 958683.802299999981187, 930624.117199999978766 ], [ 959261.152569189551286, 931624.117199999978766 ], [ 960415.8531075688079, 931624.117199999978766 ], [ 960993.203376758377999, 930624.117199999978766 ], [ 960415.8531075688079, 929624.117199999978766 ], [ 959261.152569189551286, 929624.117199999978766 ], [ 958683.802299999981187, 930624.117199999978766 ] ] ] ] } },
{ "type": "Feature", "properties": { "id": 270, "left": 965612.00553027552, "top": 935624.1172, "right": 967921.40660703392, "bottom": 933624.1172, "row_index": 45.0, "col_index": 4.0, "Rutas_I": 1, "Km_I": 11.0, "Rutas_F": 0, "KM_F": 0, "Horas_I": 2, "Horas_F": 0, "Veh_I_BUS": 0, "Veh_I_BUSETA": 1, "Veh_I_MICROBUS": 0, "Veh_I_CAMIONETA": 0, "Km_I_Bus": 0.0, "Km_I_BUSETA": 11.0, "Km_I_MICROBUS": 0.0, "Km_I_CAMIONETA": 0.0, "Veh_F_BUS": 0.0, "Veh_F_BUSETA": 0, "Veh_F_MICROBUS": 0, "Veh_F_CAMIONETA": 0, "Km_F_Bus": 0, "Km_F_BUSETA": 0, "Km_F_MICROBUS": 0, "Km_F_CAMIONETA": 0, "Ho_I_Bus": 0, "Ho_I_BUSETA": 2, "Ho_I_MICROBUS": 0, "Ho_I_CAMIONETA": 0, "Ho_F_Bus": 0, "Ho_F_BUSETA": 11, "Ho_F_MICROBUS": 0, "Ho_F_CAMIONETA": 0, "Ben_I_Bus": 0, "Ben_I_BUSETA": 24, "Ben_I_MICROBUS": 0, "Ben_I_CAMIONETA": 0, "Ben_F_Bus": 0, "Ben_F_BUSETA": 0, "Ben_F_MICROBUS": 0, "Ben_F_CAMIONETA": 0, "Rutas_I_Bus": 0, "Rutas_I_BUSETA": 1, "Rutas_I_MICROBUS": 0, "Rutas_I_CAMIONETA": 0, "Rutas_F_Bus": 0, "Rutas_F_BUSETA": 0, "Rutas_F_MICROBUS": 0, "Rutas_F_CAMIONETA": 0, "nom_patio": null, "Id_2": null }, "geometry": { "type": "MultiPolygon", "coordinates": [ [ [ [ 965612.005530275520869, 934624.117199999978766 ], [ 966189.355799465090968, 935624.117199999978766 ], [ 967344.056337844347581, 935624.117199999978766 ], [ 967921.40660703391768, 934624.117199999978766 ], [ 967344.056337844347581, 933624.117199999978766 ], [ 966189.355799465090968, 933624.117199999978766 ], [ 965612.005530275520869, 934624.117199999978766 ] ] ] ] } },
{ "type": "Feature", "properties": { "id": 274, "left": 965612.00553027552, "top": 927624.1172, "right": 967921.40660703392, "bottom": 925624.1172, "row_index": 49.0, "col_index": 4.0, "Rutas_I": 1, "Km_I": 13.0, "Rutas_F": 0, "KM_F": 0, "Horas_I": 4, "Horas_F": 0, "Veh_I_BUS": 0, "Veh_I_BUSETA": 0, "Veh_I_MICROBUS": 1, "Veh_I_CAMIONETA": 0, "Km_I_Bus": 0.0, "Km_I_BUSETA": 0.0, "Km_I_MICROBUS": 13.0, "Km_I_CAMIONETA": 0.0, "Veh_F_BUS": 0.0, "Veh_F_BUSETA": 0, "Veh_F_MICROBUS": 0, "Veh_F_CAMIONETA": 0, "Km_F_Bus": 0, "Km_F_BUSETA": 0, "Km_F_MICROBUS": 0, "Km_F_CAMIONETA": 0, "Ho_I_Bus": 0, "Ho_I_BUSETA": 0, "Ho_I_MICROBUS": 8, "Ho_I_CAMIONETA": 0, "Ho_F_Bus": 0, "Ho_F_BUSETA": 0, "Ho_F_MICROBUS": 13, "Ho_F_CAMIONETA": 0, "Ben_I_Bus": 0, "Ben_I_BUSETA": 0, "Ben_I_MICROBUS": 15, "Ben_I_CAMIONETA": 0, "Ben_F_Bus": 0, "Ben_F_BUSETA": 0, "Ben_F_MICROBUS": 0, "Ben_F_CAMIONETA": 0, "Rutas_I_Bus": 0, "Rutas_I_BUSETA": 0, "Rutas_I_MICROBUS": 1, "Rutas_I_CAMIONETA": 0, "Rutas_F_Bus": 0, "Rutas_F_BUSETA": 0, "Rutas_F_MICROBUS": 0, "Rutas_F_CAMIONETA": 0, "nom_patio": null, "Id_2": null }, "geometry": { "type": "MultiPolygon", "coordinates": [ [ [ [ 965612.005530275520869, 926624.117199999978766 ], [ 966189.355799465090968, 927624.117199999978766 ], [ 967344.056337844347581, 927624.117199999978766 ], [ 967921.40660703391768, 926624.117199999978766 ], [ 967344.056337844347581, 925624.117199999978766 ], [ 966189.355799465090968, 925624.117199999978766 ], [ 965612.005530275520869, 926624.117199999978766 ] ] ] ] } },
{ "type": "Feature", "properties": { "id": 279, "left": 965612.00553027552, "top": 917624.1172, "right": 967921.40660703392, "bottom": 915624.1172, "row_index": 54.0, "col_index": 4.0, "Rutas_I": 0, "Km_I": 0.0, "Rutas_F": 0, "KM_F": 0, "Horas_I": 0, "Horas_F": 0, "Veh_I_BUS": 0, "Veh_I_BUSETA": 0, "Veh_I_MICROBUS": 0, "Veh_I_CAMIONETA": 0, "Km_I_Bus": 0.0, "Km_I_BUSETA": 0.0, "Km_I_MICROBUS": 0.0, "Km_I_CAMIONETA": 0.0, "Veh_F_BUS": 0.0, "Veh_F_BUSETA": 0, "Veh_F_MICROBUS": 0, "Veh_F_CAMIONETA": 0, "Km_F_Bus": 0, "Km_F_BUSETA": 0, "Km_F_MICROBUS": 0, "Km_F_CAMIONETA": 0, "Ho_I_Bus": 0, "Ho_I_BUSETA": 0, "Ho_I_MICROBUS": 0, "Ho_I_CAMIONETA": 0, "Ho_F_Bus": 0, "Ho_F_BUSETA": 0, "Ho_F_MICROBUS": 0, "Ho_F_CAMIONETA": 0, "Ben_I_Bus": 0, "Ben_I_BUSETA": 0, "Ben_I_MICROBUS": 0, "Ben_I_CAMIONETA": 0, "Ben_F_Bus": 0, "Ben_F_BUSETA": 0, "Ben_F_MICROBUS": 0, "Ben_F_CAMIONETA": 0, "Rutas_I_Bus": 0, "Rutas_I_BUSETA": 0, "Rutas_I_MICROBUS": 0, "Rutas_I_CAMIONETA": 0, "Rutas_F_Bus": 0, "Rutas_F_BUSETA": 0, "Rutas_F_MICROBUS": 0, "Rutas_F_CAMIONETA": 0, "nom_patio": null, "Id_2": null }, "geometry": { "type": "MultiPolygon", "coordinates": [ [ [ [ 965612.005530275520869, 916624.117199999978766 ], [ 966189.355799465090968, 917624.117199999978766 ], [ 967344.056337844347581, 917624.117199999978766 ], [ 967921.40660703391768, 916624.117199999978766 ], [ 967344.056337844347581, 915624.117199999978766 ], [ 966189.355799465090968, 915624.117199999978766 ], [ 965612.005530275520869, 916624.117199999978766 ] ] ] ] } },
{ "type": "Feature", "properties": { "id": 280, "left": 965612.00553027552, "top": 915624.1172, "right": 967921.40660703392, "bottom": 913624.1172, "row_index": 55.0, "col_index": 4.0, "Rutas_I": 2, "Km_I": 37.0, "Rutas_F": 0, "KM_F": 0, "Horas_I": 6, "Horas_F": 0, "Veh_I_BUS": 1, "Veh_I_BUSETA": 0, "Veh_I_MICROBUS": 1, "Veh_I_CAMIONETA": 0, "Km_I_Bus": 20.0, "Km_I_BUSETA": 0.0, "Km_I_MICROBUS": 17.0, "Km_I_CAMIONETA": 0.0, "Veh_F_BUS": 0.0, "Veh_F_BUSETA": 0, "Veh_F_MICROBUS": 0, "Veh_F_CAMIONETA": 0, "Km_F_Bus": 0, "Km_F_BUSETA": 0, "Km_F_MICROBUS": 0, "Km_F_CAMIONETA": 0, "Ho_I_Bus": 4, "Ho_I_BUSETA": 0, "Ho_I_MICROBUS": 2, "Ho_I_CAMIONETA": 0, "Ho_F_Bus": 20, "Ho_F_BUSETA": 0, "Ho_F_MICROBUS": 17, "Ho_F_CAMIONETA": 0, "Ben_I_Bus": 29, "Ben_I_BUSETA": 0, "Ben_I_MICROBUS": 15, "Ben_I_CAMIONETA": 0, "Ben_F_Bus": 0, "Ben_F_BUSETA": 0, "Ben_F_MICROBUS": 0, "Ben_F_CAMIONETA": 0, "Rutas_I_Bus": 1, "Rutas_I_BUSETA": 0, "Rutas_I_MICROBUS": 1, "Rutas_I_CAMIONETA": 0, "Rutas_F_Bus": 0, "Rutas_F_BUSETA": 0, "Rutas_F_MICROBUS": 0, "Rutas_F_CAMIONETA": 0, "nom_patio": null, "Id_2": null }, "geometry": { "type": "MultiPolygon", "coordinates": [ [ [ [ 965612.005530275520869, 914624.117199999978766 ], [ 966189.355799465090968, 915624.117199999978766 ], [ 967344.056337844347581, 915624.117199999978766 ], [ 967921.40660703391768, 914624.117199999978766 ], [ 967344.056337844347581, 913624.117199999978766 ], [ 966189.355799465090968, 913624.117199999978766 ], [ 965612.005530275520869, 914624.117199999978766 ] ] ] ] } },
{ "type": "Feature", "properties": { "id": 324, "left": 967344.05633784435, "top": 938624.1172, "right": 969653.45741460274, "bottom": 936624.1172, "row_index": 43.0, "col_index": 5.0, "Rutas_I": 0, "Km_I": 0.0, "Rutas_F": 0, "KM_F": 0, "Horas_I": 0, "Horas_F": 0, "Veh_I_BUS": 0, "Veh_I_BUSETA": 0, "Veh_I_MICROBUS": 0, "Veh_I_CAMIONETA": 0, "Km_I_Bus": 0.0, "Km_I_BUSETA": 0.0, "Km_I_MICROBUS": 0.0, "Km_I_CAMIONETA": 0.0, "Veh_F_BUS": 0.0, "Veh_F_BUSETA": 0, "Veh_F_MICROBUS": 0, "Veh_F_CAMIONETA": 0, "Km_F_Bus": 0, "Km_F_BUSETA": 0, "Km_F_MICROBUS": 0, "Km_F_CAMIONETA": 0, "Ho_I_Bus": 0, "Ho_I_BUSETA": 0, "Ho_I_MICROBUS": 0, "Ho_I_CAMIONETA": 0, "Ho_F_Bus": 0, "Ho_F_BUSETA": 0, "Ho_F_MICROBUS": 0, "Ho_F_CAMIONETA": 0, "Ben_I_Bus": 0, "Ben_I_BUSETA": 0, "Ben_I_MICROBUS": 0, "Ben_I_CAMIONETA": 0, "Ben_F_Bus": 0, "Ben_F_BUSETA": 0, "Ben_F_MICROBUS": 0, "Ben_F_CAMIONETA": 0, "Rutas_I_Bus": 0, "Rutas_I_BUSETA": 0, "Rutas_I_MICROBUS": 0, "Rutas_I_CAMIONETA": 0, "Rutas_F_Bus": 0, "Rutas_F_BUSETA": 0, "Rutas_F_MICROBUS": 0, "Rutas_F_CAMIONETA": 0, "nom_patio": null, "Id_2": null }, "geometry": { "type": "MultiPolygon", "coordinates": [ [ [ [ 967344.056337844347581, 937624.117199999978766 ], [ 967921.40660703391768, 938624.117199999978766 ], [ 969076.107145413174294, 938624.117199999978766 ], [ 969653.457414602744393, 937624.117199999978766 ], [ 969076.107145413174294, 936624.117199999978766 ], [ 967921.40660703391768, 936624.117199999978766 ], [ 967344.056337844347581, 937624.117199999978766 ] ] ] ] } },
{ "type": "Feature", "properties": { "id": 327, "left": 967344.05633784435, "top": 932624.1172, "right": 969653.45741460274, "bottom": 930624.1172, "row_index": 46.0, "col_index": 5.0, "Rutas_I": 1, "Km_I": 3.0, "Rutas_F": 11, "KM_F": 169, "Horas_I": 2, "Horas_F": 36, "Veh_I_BUS": 0, "Veh_I_BUSETA": 0, "Veh_I_MICROBUS": 1, "Veh_I_CAMIONETA": 0, "Km_I_Bus": 0.0, "Km_I_BUSETA": 0.0, "Km_I_MICROBUS": 3.0, "Km_I_CAMIONETA": 0.0, "Veh_F_BUS": 2.0, "Veh_F_BUSETA": 2, "Veh_F_MICROBUS": 4, "Veh_F_CAMIONETA": 0, "Km_F_Bus": 41, "Km_F_BUSETA": null, "Km_F_MICROBUS": 56, "Km_F_CAMIONETA": 0, "Ho_I_Bus": 8, "Ho_I_BUSETA": 10, "Ho_I_MICROBUS": 12, "Ho_I_CAMIONETA": 0, "Ho_F_Bus": 0, "Ho_F_BUSETA": 0, "Ho_F_MICROBUS": 3, "Ho_F_CAMIONETA": 0, "Ben_I_Bus": 0, "Ben_I_BUSETA": 0, "Ben_I_MICROBUS": 13, "Ben_I_CAMIONETA": 0, "Ben_F_Bus": 57, "Ben_F_BUSETA": 94, "Ben_F_MICROBUS": 63, "Ben_F_CAMIONETA": 0, "Rutas_I_Bus": 0, "Rutas_I_BUSETA": 0, "Rutas_I_MICROBUS": 1, "Rutas_I_CAMIONETA": 0, "Rutas_F_Bus": 2, "Rutas_F_BUSETA": 4, "Rutas_F_MICROBUS": 5, "Rutas_F_CAMIONETA": 0, "nom_patio": null, "Id_2": null }, "geometry": { "type": "MultiPolygon", "coordinates": [ [ [ [ 967344.056337844347581, 931624.117199999978766 ], [ 967921.40660703391768, 932624.117199999978766 ], [ 969076.107145413174294, 932624.117199999978766 ], [ 969653.457414602744393, 931624.117199999978766 ], [ 969076.107145413174294, 930624.117199999978766 ], [ 967921.40660703391768, 930624.117199999978766 ], [ 967344.056337844347581, 931624.117199999978766 ] ] ] ] } },
{ "type": "Feature", "properties": { "id": 332, "left": 967344.05633784435, "top": 922624.1172, "right": 969653.45741460274, "bottom": 920624.1172, "row_index": 51.0, "col_index": 5.0, "Rutas_I": 1, "Km_I": 14.0, "Rutas_F": 0, "KM_F": 0, "Horas_I": 2, "Horas_F": 0, "Veh_I_BUS": 0, "Veh_I_BUSETA": 1, "Veh_I_MICROBUS": 0, "Veh_I_CAMIONETA": 0, "Km_I_Bus": 0.0, "Km_I_BUSETA": 14.0, "Km_I_MICROBUS": 0.0, "Km_I_CAMIONETA": 0.0, "Veh_F_BUS": 0.0, "Veh_F_BUSETA": 0, "Veh_F_MICROBUS": 0, "Veh_F_CAMIONETA": 0, "Km_F_Bus": 0, "Km_F_BUSETA": 0, "Km_F_MICROBUS": 0, "Km_F_CAMIONETA": 0, "Ho_I_Bus": 0, "Ho_I_BUSETA": 2, "Ho_I_MICROBUS": 0, "Ho_I_CAMIONETA": 0, "Ho_F_Bus": 0, "Ho_F_BUSETA": 14, "Ho_F_MICROBUS": 0, "Ho_F_CAMIONETA": 0, "Ben_I_Bus": 0, "Ben_I_BUSETA": 25, "Ben_I_MICROBUS": 0, "Ben_I_CAMIONETA": 0, "Ben_F_Bus": 0, "Ben_F_BUSETA": 0, "Ben_F_MICROBUS": 0, "Ben_F_CAMIONETA": 0, "Rutas_I_Bus": 0, "Rutas_I_BUSETA": 1, "Rutas_I_MICROBUS": 0, "Rutas_I_CAMIONETA": 0, "Rutas_F_Bus": 0, "Rutas_F_BUSETA": 0, "Rutas_F_MICROBUS": 0, "Rutas_F_CAMIONETA": 0, "nom_patio": null, "Id_2": null }, "geometry": { "type": "MultiPolygon", "coordinates": [ [ [ [ 967344.056337844347581, 921624.117199999978766 ], [ 967921.40660703391768, 922624.117199999978766 ], [ 969076.107145413174294, 922624.117199999978766 ], [ 969653.457414602744393, 921624.117199999978766 ], [ 969076.107145413174294, 920624.117199999978766 ], [ 967921.40660703391768, 920624.117199999978766 ], [ 967344.056337844347581, 921624.117199999978766 ] ] ] ] } },
{ "type": "Feature", "properties": { "id": 381, "left": 969076.10714541329, "top": 937624.1172, "right": 971385.50822217169, "bottom": 935624.1172, "row_index": 44.0, "col_index": 6.0, "Rutas_I": 1, "Km_I": 12.0, "Rutas_F": 0, "KM_F": 0, "Horas_I": 4, "Horas_F": 0, "Veh_I_BUS": 0, "Veh_I_BUSETA": 1, "Veh_I_MICROBUS": 0, "Veh_I_CAMIONETA": 0, "Km_I_Bus": 0.0, "Km_I_BUSETA": 12.0, "Km_I_MICROBUS": 0.0, "Km_I_CAMIONETA": 0.0, "Veh_F_BUS": 0.0, "Veh_F_BUSETA": 0, "Veh_F_MICROBUS": 0, "Veh_F_CAMIONETA": 0, "Km_F_Bus": 0, "Km_F_BUSETA": 0, "Km_F_MICROBUS": 0, "Km_F_CAMIONETA": 0, "Ho_I_Bus": 0, "Ho_I_BUSETA": 4, "Ho_I_MICROBUS": 0, "Ho_I_CAMIONETA": 0, "Ho_F_Bus": 0, "Ho_F_BUSETA": 12, "Ho_F_MICROBUS": 0, "Ho_F_CAMIONETA": 0, "Ben_I_Bus": 0, "Ben_I_BUSETA": 22, "Ben_I_MICROBUS": 0, "Ben_I_CAMIONETA": 0, "Ben_F_Bus": 0, "Ben_F_BUSETA": 0, "Ben_F_MICROBUS": 0, "Ben_F_CAMIONETA": 0, "Rutas_I_Bus": 0, "Rutas_I_BUSETA": 1, "Rutas_I_MICROBUS": 0, "Rutas_I_CAMIONETA": 0, "Rutas_F_Bus": 0, "Rutas_F_BUSETA": 0, "Rutas_F_MICROBUS": 0, "Rutas_F_CAMIONETA": 0, "nom_patio": null, "Id_2": null }, "geometry": { "type": "MultiPolygon", "coordinates": [ [ [ [ 969076.107145413290709, 936624.117199999978766 ], [ 969653.457414602860808, 937624.117199999978766 ], [ 970808.157952982117422, 937624.117199999978766 ], [ 971385.508222171687521, 936624.117199999978766 ], [ 970808.157952982117422, 935624.117199999978766 ], [ 969653.457414602860808, 935624.117199999978766 ], [ 969076.107145413290709, 936624.117199999978766 ] ] ] ] } },
{ "type": "Feature", "properties": { "id": 383, "left": 969076.10714541329, "top": 933624.1172, "right": 971385.50822217169, "bottom": 931624.1172, "row_index": 46.0, "col_index": 6.0, "Rutas_I": 1, "Km_I": 17.0, "Rutas_F": 0, "KM_F": 0, "Horas_I": 4, "Horas_F": 0, "Veh_I_BUS": 0, "Veh_I_BUSETA": 1, "Veh_I_MICROBUS": 0, "Veh_I_CAMIONETA": 0, "Km_I_Bus": 0.0, "Km_I_BUSETA": 17.0, "Km_I_MICROBUS": 0.0, "Km_I_CAMIONETA": 0.0, "Veh_F_BUS": 0.0, "Veh_F_BUSETA": 0, "Veh_F_MICROBUS": 0, "Veh_F_CAMIONETA": 0, "Km_F_Bus": 0, "Km_F_BUSETA": 0, "Km_F_MICROBUS": 0, "Km_F_CAMIONETA": 0, "Ho_I_Bus": 0, "Ho_I_BUSETA": 4, "Ho_I_MICROBUS": 0, "Ho_I_CAMIONETA": 0, "Ho_F_Bus": 0, "Ho_F_BUSETA": 17, "Ho_F_MICROBUS": 0, "Ho_F_CAMIONETA": 0, "Ben_I_Bus": 0, "Ben_I_BUSETA": 19, "Ben_I_MICROBUS": 0, "Ben_I_CAMIONETA": 0, "Ben_F_Bus": 0, "Ben_F_BUSETA": 0, "Ben_F_MICROBUS": 0, "Ben_F_CAMIONETA": 0, "Rutas_I_Bus": 0, "Rutas_I_BUSETA": 1, "Rutas_I_MICROBUS": 0, "Rutas_I_CAMIONETA": 0, "Rutas_F_Bus": 0, "Rutas_F_BUSETA": 0, "Rutas_F_MICROBUS": 0, "Rutas_F_CAMIONETA": 0, "nom_patio": null, "Id_2": null }, "geometry": { "type": "MultiPolygon", "coordinates": [ [ [ [ 969076.107145413290709, 932624.117199999978766 ], [ 969653.457414602860808, 933624.117199999978766 ], [ 970808.157952982117422, 933624.117199999978766 ], [ 971385.508222171687521, 932624.117199999978766 ], [ 970808.157952982117422, 931624.117199999978766 ], [ 969653.457414602860808, 931624.117199999978766 ], [ 969076.107145413290709, 932624.117199999978766 ] ] ] ] } },
{ "type": "Feature", "properties": { "id": 386, "left": 969076.10714541329, "top": 927624.1172, "right": 971385.50822217169, "bottom": 925624.1172, "row_index": 49.0, "col_index": 6.0, "Rutas_I": 0, "Km_I": 0.0, "Rutas_F": 1, "KM_F": 17, "Horas_I": 0, "Horas_F": 2, "Veh_I_BUS": 0, "Veh_I_BUSETA": 0, "Veh_I_MICROBUS": 0, "Veh_I_CAMIONETA": 0, "Km_I_Bus": 0.0, "Km_I_BUSETA": 0.0, "Km_I_MICROBUS": 0.0, "Km_I_CAMIONETA": 0.0, "Veh_F_BUS": 0.0, "Veh_F_BUSETA": 0, "Veh_F_MICROBUS": 1, "Veh_F_CAMIONETA": 0, "Km_F_Bus": 0, "Km_F_BUSETA": 0, "Km_F_MICROBUS": 17, "Km_F_CAMIONETA": 0, "Ho_I_Bus": 0, "Ho_I_BUSETA": 0, "Ho_I_MICROBUS": 2, "Ho_I_CAMIONETA": 0, "Ho_F_Bus": 0, "Ho_F_BUSETA": 0, "Ho_F_MICROBUS": 0, "Ho_F_CAMIONETA": 0, "Ben_I_Bus": 0, "Ben_I_BUSETA": 0, "Ben_I_MICROBUS": 0, "Ben_I_CAMIONETA": 0, "Ben_F_Bus": 0, "Ben_F_BUSETA": 0, "Ben_F_MICROBUS": 15, "Ben_F_CAMIONETA": 0, "Rutas_I_Bus": 0, "Rutas_I_BUSETA": 0, "Rutas_I_MICROBUS": 0, "Rutas_I_CAMIONETA": 0, "Rutas_F_Bus": 0, "Rutas_F_BUSETA": 0, "Rutas_F_MICROBUS": 1, "Rutas_F_CAMIONETA": 0, "nom_patio": null, "Id_2": null }, "geometry": { "type": "MultiPolygon", "coordinates": [ [ [ [ 969076.107145413290709, 926624.117199999978766 ], [ 969653.457414602860808, 927624.117199999978766 ], [ 970808.157952982117422, 927624.117199999978766 ], [ 971385.508222171687521, 926624.117199999978766 ], [ 970808.157952982117422, 925624.117199999978766 ], [ 969653.457414602860808, 925624.117199999978766 ], [ 969076.107145413290709, 926624.117199999978766 ] ] ] ] } },
{ "type": "Feature", "properties": { "id": 433, "left": 970808.15795298212, "top": 944624.1172, "right": 973117.55902974051, "bottom": 942624.1172, "row_index": 40.0, "col_index": 7.0, "Rutas_I": 1, "Km_I": 14.47, "Rutas_F": 0, "KM_F": 0, "Horas_I": 2, "Horas_F": 0, "Veh_I_BUS": 0, "Veh_I_BUSETA": 0, "Veh_I_MICROBUS": 0, "Veh_I_CAMIONETA": 1, "Km_I_Bus": 0.0, "Km_I_BUSETA": 0.0, "Km_I_MICROBUS": 0.0, "Km_I_CAMIONETA": 14.47, "Veh_F_BUS": 0.0, "Veh_F_BUSETA": 0, "Veh_F_MICROBUS": 0, "Veh_F_CAMIONETA": 0, "Km_F_Bus": 0, "Km_F_BUSETA": 0, "Km_F_MICROBUS": 0, "Km_F_CAMIONETA": 0, "Ho_I_Bus": 0, "Ho_I_BUSETA": 0, "Ho_I_MICROBUS": 0, "Ho_I_CAMIONETA": 2, "Ho_F_Bus": 0, "Ho_F_BUSETA": 0, "Ho_F_MICROBUS": 0, "Ho_F_CAMIONETA": null, "Ben_I_Bus": 0, "Ben_I_BUSETA": 0, "Ben_I_MICROBUS": 0, "Ben_I_CAMIONETA": 3, "Ben_F_Bus": 0, "Ben_F_BUSETA": 0, "Ben_F_MICROBUS": 0, "Ben_F_CAMIONETA": 0, "Rutas_I_Bus": 0, "Rutas_I_BUSETA": 0, "Rutas_I_MICROBUS": 0, "Rutas_I_CAMIONETA": 1, "Rutas_F_Bus": 0, "Rutas_F_BUSETA": 0, "Rutas_F_MICROBUS": 0, "Rutas_F_CAMIONETA": 0, "nom_patio": null, "Id_2": null }, "geometry": { "type": "MultiPolygon", "coordinates": [ [ [ [ 970808.157952982117422, 943624.117199999978766 ], [ 971385.508222171687521, 944624.117199999978766 ], [ 972540.208760550944135, 944624.117199999978766 ], [ 973117.559029740514234, 943624.117199999978766 ], [ 972540.208760550944135, 942624.117199999978766 ], [ 971385.508222171687521, 942624.117199999978766 ], [ 970808.157952982117422, 943624.117199999978766 ] ] ] ] } },
{ "type": "Feature", "properties": { "id": 434, "left": 970808.15795298212, "top": 942624.1172, "right": 973117.55902974051, "bottom": 940624.1172, "row_index": 41.0, "col_index": 7.0, "Rutas_I": 1, "Km_I": 13.0, "Rutas_F": 0, "KM_F": 0, "Horas_I": 2, "Horas_F": 0, "Veh_I_BUS": 0, "Veh_I_BUSETA": 0, "Veh_I_MICROBUS": 1, "Veh_I_CAMIONETA": 0, "Km_I_Bus": 0.0, "Km_I_BUSETA": 0.0, "Km_I_MICROBUS": 13.0, "Km_I_CAMIONETA": 0.0, "Veh_F_BUS": 0.0, "Veh_F_BUSETA": 0, "Veh_F_MICROBUS": 0, "Veh_F_CAMIONETA": 0, "Km_F_Bus": 0, "Km_F_BUSETA": 0, "Km_F_MICROBUS": 0, "Km_F_CAMIONETA": 0, "Ho_I_Bus": 0, "Ho_I_BUSETA": 0, "Ho_I_MICROBUS": 2, "Ho_I_CAMIONETA": 0, "Ho_F_Bus": 0, "Ho_F_BUSETA": 0, "Ho_F_MICROBUS": 13, "Ho_F_CAMIONETA": 0, "Ben_I_Bus": 0, "Ben_I_BUSETA": 0, "Ben_I_MICROBUS": 9, "Ben_I_CAMIONETA": 0, "Ben_F_Bus": 0, "Ben_F_BUSETA": 0, "Ben_F_MICROBUS": 0, "Ben_F_CAMIONETA": 0, "Rutas_I_Bus": 0, "Rutas_I_BUSETA": 0, "Rutas_I_MICROBUS": 1, "Rutas_I_CAMIONETA": 0, "Rutas_F_Bus": 0, "Rutas_F_BUSETA": 0, "Rutas_F_MICROBUS": 0, "Rutas_F_CAMIONETA": 0, "nom_patio": null, "Id_2": null }, "geometry": { "type": "MultiPolygon", "coordinates": [ [ [ [ 970808.157952982117422, 941624.117199999978766 ], [ 971385.508222171687521, 942624.117199999978766 ], [ 972540.208760550944135, 942624.117199999978766 ], [ 973117.559029740514234, 941624.117199999978766 ], [ 972540.208760550944135, 940624.117199999978766 ], [ 971385.508222171687521, 940624.117199999978766 ], [ 970808.157952982117422, 941624.117199999978766 ] ] ] ] } },
{ "type": "Feature", "properties": { "id": 435, "left": 970808.15795298212, "top": 940624.1172, "right": 973117.55902974051, "bottom": 938624.1172, "row_index": 42.0, "col_index": 7.0, "Rutas_I": 1, "Km_I": 12.0, "Rutas_F": 0, "KM_F": 0, "Horas_I": 2, "Horas_F": 0, "Veh_I_BUS": 0, "Veh_I_BUSETA": 0, "Veh_I_MICROBUS": 0, "Veh_I_CAMIONETA": 1, "Km_I_Bus": 0.0, "Km_I_BUSETA": 0.0, "Km_I_MICROBUS": 0.0, "Km_I_CAMIONETA": 12.0, "Veh_F_BUS": 0.0, "Veh_F_BUSETA": 0, "Veh_F_MICROBUS": 0, "Veh_F_CAMIONETA": 0, "Km_F_Bus": 0, "Km_F_BUSETA": 0, "Km_F_MICROBUS": 0, "Km_F_CAMIONETA": 0, "Ho_I_Bus": 0, "Ho_I_BUSETA": 0, "Ho_I_MICROBUS": 0, "Ho_I_CAMIONETA": 2, "Ho_F_Bus": 0, "Ho_F_BUSETA": 0, "Ho_F_MICROBUS": 0, "Ho_F_CAMIONETA": 12, "Ben_I_Bus": 0, "Ben_I_BUSETA": 0, "Ben_I_MICROBUS": 0, "Ben_I_CAMIONETA": 3, "Ben_F_Bus": 0, "Ben_F_BUSETA": 0, "Ben_F_MICROBUS": 0, "Ben_F_CAMIONETA": 0, "Rutas_I_Bus": 0, "Rutas_I_BUSETA": 0, "Rutas_I_MICROBUS": 0, "Rutas_I_CAMIONETA": 1, "Rutas_F_Bus": 0, "Rutas_F_BUSETA": 0, "Rutas_F_MICROBUS": 0, "Rutas_F_CAMIONETA": 0, "nom_patio": null, "Id_2": null }, "geometry": { "type": "MultiPolygon", "coordinates": [ [ [ [ 970808.157952982117422, 939624.117199999978766 ], [ 971385.508222171687521, 940624.117199999978766 ], [ 972540.208760550944135, 940624.117199999978766 ], [ 973117.559029740514234, 939624.117199999978766 ], [ 972540.208760550944135, 938624.117199999978766 ], [ 971385.508222171687521, 938624.117199999978766 ], [ 970808.157952982117422, 939624.117199999978766 ] ] ] ] } },
{ "type": "Feature", "properties": { "id": 440, "left": 970808.15795298212, "top": 930624.1172, "right": 973117.55902974051, "bottom": 928624.1172, "row_index": 47.0, "col_index": 7.0, "Rutas_I": 2, "Km_I": 20.0, "Rutas_F": 3, "KM_F": 48, "Horas_I": 4, "Horas_F": 10, "Veh_I_BUS": 0, "Veh_I_BUSETA": 0, "Veh_I_MICROBUS": 2, "Veh_I_CAMIONETA": 0, "Km_I_Bus": 0.0, "Km_I_BUSETA": 0.0, "Km_I_MICROBUS": 20.0, "Km_I_CAMIONETA": 0.0, "Veh_F_BUS": 1.0, "Veh_F_BUSETA": 1, "Veh_F_MICROBUS": 0, "Veh_F_CAMIONETA": 0, "Km_F_Bus": 20, "Km_F_BUSETA": null, "Km_F_MICROBUS": 0, "Km_F_CAMIONETA": 0, "Ho_I_Bus": 4, "Ho_I_BUSETA": 2, "Ho_I_MICROBUS": 8, "Ho_I_CAMIONETA": 0, "Ho_F_Bus": 0, "Ho_F_BUSETA": 0, "Ho_F_MICROBUS": 20, "Ho_F_CAMIONETA": 0, "Ben_I_Bus": 0, "Ben_I_BUSETA": 0, "Ben_I_MICROBUS": 21, "Ben_I_CAMIONETA": 0, "Ben_F_Bus": 29, "Ben_F_BUSETA": 50, "Ben_F_MICROBUS": 0, "Ben_F_CAMIONETA": 0, "Rutas_I_Bus": 0, "Rutas_I_BUSETA": 0, "Rutas_I_MICROBUS": 2, "Rutas_I_CAMIONETA": 0, "Rutas_F_Bus": 1, "Rutas_F_BUSETA": 2, "Rutas_F_MICROBUS": 0, "Rutas_F_CAMIONETA": 0, "nom_patio": null, "Id_2": null }, "geometry": { "type": "MultiPolygon", "coordinates": [ [ [ [ 970808.157952982117422, 929624.117199999978766 ], [ 971385.508222171687521, 930624.117199999978766 ], [ 972540.208760550944135, 930624.117199999978766 ], [ 973117.559029740514234, 929624.117199999978766 ], [ 972540.208760550944135, 928624.117199999978766 ], [ 971385.508222171687521, 928624.117199999978766 ], [ 970808.157952982117422, 929624.117199999978766 ] ] ] ] } },
{ "type": "Feature", "properties": { "id": 488, "left": 972540.20876055094, "top": 947624.1172, "right": 974849.60983730934, "bottom": 945624.1172, "row_index": 39.0, "col_index": 8.0, "Rutas_I": 1, "Km_I": 20.02, "Rutas_F": 0, "KM_F": 0, "Horas_I": 4, "Horas_F": 0, "Veh_I_BUS": 0, "Veh_I_BUSETA": 0, "Veh_I_MICROBUS": 0, "Veh_I_CAMIONETA": 1, "Km_I_Bus": 0.0, "Km_I_BUSETA": 0.0, "Km_I_MICROBUS": 0.0, "Km_I_CAMIONETA": 20.02, "Veh_F_BUS": 0.0, "Veh_F_BUSETA": 0, "Veh_F_MICROBUS": 0, "Veh_F_CAMIONETA": 0, "Km_F_Bus": 0, "Km_F_BUSETA": 0, "Km_F_MICROBUS": 0, "Km_F_CAMIONETA": 0, "Ho_I_Bus": 0, "Ho_I_BUSETA": 0, "Ho_I_MICROBUS": 0, "Ho_I_CAMIONETA": 4, "Ho_F_Bus": 0, "Ho_F_BUSETA": 0, "Ho_F_MICROBUS": 0, "Ho_F_CAMIONETA": null, "Ben_I_Bus": 0, "Ben_I_BUSETA": 0, "Ben_I_MICROBUS": 0, "Ben_I_CAMIONETA": 3, "Ben_F_Bus": 0, "Ben_F_BUSETA": 0, "Ben_F_MICROBUS": 0, "Ben_F_CAMIONETA": 0, "Rutas_I_Bus": 0, "Rutas_I_BUSETA": 0, "Rutas_I_MICROBUS": 0, "Rutas_I_CAMIONETA": 1, "Rutas_F_Bus": 0, "Rutas_F_BUSETA": 0, "Rutas_F_MICROBUS": 0, "Rutas_F_CAMIONETA": 0, "nom_patio": null, "Id_2": null }, "geometry": { "type": "MultiPolygon", "coordinates": [ [ [ [ 972540.208760550944135, 946624.117199999978766 ], [ 973117.559029740514234, 947624.117199999978766 ], [ 974272.259568119770847, 947624.117199999978766 ], [ 974849.609837309340946, 946624.117199999978766 ], [ 974272.259568119770847, 945624.117199999978766 ], [ 973117.559029740514234, 945624.117199999978766 ], [ 972540.208760550944135, 946624.117199999978766 ] ] ] ] } },
{ "type": "Feature", "properties": { "id": 490, "left": 972540.20876055094, "top": 943624.1172, "right": 974849.60983730934, "bottom": 941624.1172, "row_index": 41.0, "col_index": 8.0, "Rutas_I": 0, "Km_I": 0.0, "Rutas_F": 0, "KM_F": 0, "Horas_I": 0, "Horas_F": 0, "Veh_I_BUS": 0, "Veh_I_BUSETA": 0, "Veh_I_MICROBUS": 0, "Veh_I_CAMIONETA": 0, "Km_I_Bus": 0.0, "Km_I_BUSETA": 0.0, "Km_I_MICROBUS": 0.0, "Km_I_CAMIONETA": 0.0, "Veh_F_BUS": 0.0, "Veh_F_BUSETA": 0, "Veh_F_MICROBUS": 0, "Veh_F_CAMIONETA": 0, "Km_F_Bus": 0, "Km_F_BUSETA": 0, "Km_F_MICROBUS": 0, "Km_F_CAMIONETA": 0, "Ho_I_Bus": 0, "Ho_I_BUSETA": 0, "Ho_I_MICROBUS": 0, "Ho_I_CAMIONETA": 0, "Ho_F_Bus": 0, "Ho_F_BUSETA": 0, "Ho_F_MICROBUS": 0, "Ho_F_CAMIONETA": 0, "Ben_I_Bus": 0, "Ben_I_BUSETA": 0, "Ben_I_MICROBUS": 0, "Ben_I_CAMIONETA": 0, "Ben_F_Bus": 0, "Ben_F_BUSETA": 0, "Ben_F_MICROBUS": 0, "Ben_F_CAMIONETA": 0, "Rutas_I_Bus": 0, "Rutas_I_BUSETA": 0, "Rutas_I_MICROBUS": 0, "Rutas_I_CAMIONETA": 0, "Rutas_F_Bus": 0, "Rutas_F_BUSETA": 0, "Rutas_F_MICROBUS": 0, "Rutas_F_CAMIONETA": 0, "nom_patio": null, "Id_2": null }, "geometry": { "type": "MultiPolygon", "coordinates": [ [ [ [ 972540.208760550944135, 942624.117199999978766 ], [ 973117.559029740514234, 943624.117199999978766 ], [ 974272.259568119770847, 943624.117199999978766 ], [ 974849.609837309340946, 942624.117199999978766 ], [ 974272.259568119770847, 941624.117199999978766 ], [ 973117.559029740514234, 941624.117199999978766 ], [ 972540.208760550944135, 942624.117199999978766 ] ] ] ] } },
{ "type": "Feature", "properties": { "id": 496, "left": 972540.20876055094, "top": 931624.1172, "right": 974849.60983730934, "bottom": 929624.1172, "row_index": 47.0, "col_index": 8.0, "Rutas_I": 1, "Km_I": 22.0, "Rutas_F": 0, "KM_F": 0, "Horas_I": 4, "Horas_F": 0, "Veh_I_BUS": 0, "Veh_I_BUSETA": 0, "Veh_I_MICROBUS": 1, "Veh_I_CAMIONETA": 0, "Km_I_Bus": 0.0, "Km_I_BUSETA": 0.0, "Km_I_MICROBUS": 22.0, "Km_I_CAMIONETA": 0.0, "Veh_F_BUS": 0.0, "Veh_F_BUSETA": 0, "Veh_F_MICROBUS": 0, "Veh_F_CAMIONETA": 0, "Km_F_Bus": 0, "Km_F_BUSETA": 0, "Km_F_MICROBUS": 0, "Km_F_CAMIONETA": 0, "Ho_I_Bus": 0, "Ho_I_BUSETA": 0, "Ho_I_MICROBUS": 4, "Ho_I_CAMIONETA": 0, "Ho_F_Bus": 0, "Ho_F_BUSETA": 0, "Ho_F_MICROBUS": 22, "Ho_F_CAMIONETA": 0, "Ben_I_Bus": 0, "Ben_I_BUSETA": 0, "Ben_I_MICROBUS": 11, "Ben_I_CAMIONETA": 0, "Ben_F_Bus": 0, "Ben_F_BUSETA": 0, "Ben_F_MICROBUS": 0, "Ben_F_CAMIONETA": 0, "Rutas_I_Bus": 0, "Rutas_I_BUSETA": 0, "Rutas_I_MICROBUS": 1, "Rutas_I_CAMIONETA": 0, "Rutas_F_Bus": 0, "Rutas_F_BUSETA": 0, "Rutas_F_MICROBUS": 0, "Rutas_F_CAMIONETA": 0, "nom_patio": null, "Id_2": null }, "geometry": { "type": "MultiPolygon", "coordinates": [ [ [ [ 972540.208760550944135, 930624.117199999978766 ], [ 973117.559029740514234, 931624.117199999978766 ], [ 974272.259568119770847, 931624.117199999978766 ], [ 974849.609837309340946, 930624.117199999978766 ], [ 974272.259568119770847, 929624.117199999978766 ], [ 973117.559029740514234, 929624.117199999978766 ], [ 972540.208760550944135, 930624.117199999978766 ] ] ] ] } },
{ "type": "Feature", "properties": { "id": 548, "left": 974272.25956811989, "top": 938624.1172, "right": 976581.66064487828, "bottom": 936624.1172, "row_index": 43.0, "col_index": 9.0, "Rutas_I": 1, "Km_I": 23.44, "Rutas_F": 6, "KM_F": 99, "Horas_I": 4, "Horas_F": 18, "Veh_I_BUS": 0, "Veh_I_BUSETA": 1, "Veh_I_MICROBUS": 0, "Veh_I_CAMIONETA": 0, "Km_I_Bus": 0.0, "Km_I_BUSETA": 23.44, "Km_I_MICROBUS": 0.0, "Km_I_CAMIONETA": 0.0, "Veh_F_BUS": 0.0, "Veh_F_BUSETA": 1, "Veh_F_MICROBUS": 2, "Veh_F_CAMIONETA": 2, "Km_F_Bus": 0, "Km_F_BUSETA": 17, "Km_F_MICROBUS": 35, "Km_F_CAMIONETA": 47, "Ho_I_Bus": 0, "Ho_I_BUSETA": 8, "Ho_I_MICROBUS": 2, "Ho_I_CAMIONETA": 8, "Ho_F_Bus": 0, "Ho_F_BUSETA": null, "Ho_F_MICROBUS": 0, "Ho_F_CAMIONETA": 0, "Ben_I_Bus": 0, "Ben_I_BUSETA": 26, "Ben_I_MICROBUS": 0, "Ben_I_CAMIONETA": 0, "Ben_F_Bus": 0, "Ben_F_BUSETA": 19, "Ben_F_MICROBUS": 20, "Ben_F_CAMIONETA": 9, "Rutas_I_Bus": 0, "Rutas_I_BUSETA": 1, "Rutas_I_MICROBUS": 0, "Rutas_I_CAMIONETA": 0, "Rutas_F_Bus": 0, "Rutas_F_BUSETA": 1, "Rutas_F_MICROBUS": 2, "Rutas_F_CAMIONETA": 3, "nom_patio": null, "Id_2": null }, "geometry": { "type": "MultiPolygon", "coordinates": [ [ [ [ 974272.259568119887263, 937624.117199999978766 ], [ 974849.609837309457362, 938624.117199999978766 ], [ 976004.310375688713975, 938624.117199999978766 ], [ 976581.660644878284074, 937624.117199999978766 ], [ 976004.310375688713975, 936624.117199999978766 ], [ 974849.609837309457362, 936624.117199999978766 ], [ 974272.259568119887263, 937624.117199999978766 ] ] ] ] } },
{ "type": "Feature", "properties": { "id": 549, "left": 974272.25956811989, "top": 936624.1172, "right": 976581.66064487828, "bottom": 934624.1172, "row_index": 44.0, "col_index": 9.0, "Rutas_I": 1, "Km_I": 26.0, "Rutas_F": 0, "KM_F": 0, "Horas_I": 4, "Horas_F": 0, "Veh_I_BUS": 0, "Veh_I_BUSETA": 1, "Veh_I_MICROBUS": 0, "Veh_I_CAMIONETA": 0, "Km_I_Bus": 0.0, "Km_I_BUSETA": 26.0, "Km_I_MICROBUS": 0.0, "Km_I_CAMIONETA": 0.0, "Veh_F_BUS": 0.0, "Veh_F_BUSETA": 0, "Veh_F_MICROBUS": 0, "Veh_F_CAMIONETA": 0, "Km_F_Bus": 0, "Km_F_BUSETA": 0, "Km_F_MICROBUS": 0, "Km_F_CAMIONETA": 0, "Ho_I_Bus": 0, "Ho_I_BUSETA": 8, "Ho_I_MICROBUS": 0, "Ho_I_CAMIONETA": 0, "Ho_F_Bus": 0, "Ho_F_BUSETA": 26, "Ho_F_MICROBUS": 0, "Ho_F_CAMIONETA": 0, "Ben_I_Bus": 0, "Ben_I_BUSETA": 22, "Ben_I_MICROBUS": 0, "Ben_I_CAMIONETA": 0, "Ben_F_Bus": 0, "Ben_F_BUSETA": 0, "Ben_F_MICROBUS": 0, "Ben_F_CAMIONETA": 0, "Rutas_I_Bus": 0, "Rutas_I_BUSETA": 1, "Rutas_I_MICROBUS": 0, "Rutas_I_CAMIONETA": 0, "Rutas_F_Bus": 0, "Rutas_F_BUSETA": 0, "Rutas_F_MICROBUS": 0, "Rutas_F_CAMIONETA": 0, "nom_patio": null, "Id_2": null }, "geometry": { "type": "MultiPolygon", "coordinates": [ [ [ [ 974272.259568119887263, 935624.117199999978766 ], [ 974849.609837309457362, 936624.117199999978766 ], [ 976004.310375688713975, 936624.117199999978766 ], [ 976581.660644878284074, 935624.117199999978766 ], [ 976004.310375688713975, 934624.117199999978766 ], [ 974849.609837309457362, 934624.117199999978766 ], [ 974272.259568119887263, 935624.117199999978766 ] ] ] ] } },
{ "type": "Feature", "properties": { "id": 550, "left": 974272.25956811989, "top": 934624.1172, "right": 976581.66064487828, "bottom": 932624.1172, "row_index": 45.0, "col_index": 9.0, "Rutas_I": 1, "Km_I": 14.0, "Rutas_F": 0, "KM_F": 0, "Horas_I": 4, "Horas_F": 0, "Veh_I_BUS": 0, "Veh_I_BUSETA": 1, "Veh_I_MICROBUS": 0, "Veh_I_CAMIONETA": 0, "Km_I_Bus": 0.0, "Km_I_BUSETA": 14.0, "Km_I_MICROBUS": 0.0, "Km_I_CAMIONETA": 0.0, "Veh_F_BUS": 0.0, "Veh_F_BUSETA": 0, "Veh_F_MICROBUS": 0, "Veh_F_CAMIONETA": 0, "Km_F_Bus": 0, "Km_F_BUSETA": 0, "Km_F_MICROBUS": 0, "Km_F_CAMIONETA": 0, "Ho_I_Bus": 0, "Ho_I_BUSETA": 8, "Ho_I_MICROBUS": 0, "Ho_I_CAMIONETA": 0, "Ho_F_Bus": 0, "Ho_F_BUSETA": 14, "Ho_F_MICROBUS": 0, "Ho_F_CAMIONETA": 0, "Ben_I_Bus": 0, "Ben_I_BUSETA": 25, "Ben_I_MICROBUS": 0, "Ben_I_CAMIONETA": 0, "Ben_F_Bus": 0, "Ben_F_BUSETA": 0, "Ben_F_MICROBUS": 0, "Ben_F_CAMIONETA": 0, "Rutas_I_Bus": 0, "Rutas_I_BUSETA": 1, "Rutas_I_MICROBUS": 0, "Rutas_I_CAMIONETA": 0, "Rutas_F_Bus": 0, "Rutas_F_BUSETA": 0, "Rutas_F_MICROBUS": 0, "Rutas_F_CAMIONETA": 0, "nom_patio": null, "Id_2": null }, "geometry": { "type": "MultiPolygon", "coordinates": [ [ [ [ 974272.259568119887263, 933624.117199999978766 ], [ 974849.609837309457362, 934624.117199999978766 ], [ 976004.310375688713975, 934624.117199999978766 ], [ 976581.660644878284074, 933624.117199999978766 ], [ 976004.310375688713975, 932624.117199999978766 ], [ 974849.609837309457362, 932624.117199999978766 ], [ 974272.259568119887263, 933624.117199999978766 ] ] ] ] } },
{ "type": "Feature", "properties": { "id": 820, "left": 982932.51360596425, "top": 955624.1172, "right": 985241.91468272265, "bottom": 953624.1172, "row_index": 35.0, "col_index": 14.0, "Rutas_I": 1, "Km_I": 9.0, "Rutas_F": 1, "KM_F": 11, "Horas_I": 2, "Horas_F": 4, "Veh_I_BUS": 0, "Veh_I_BUSETA": 0, "Veh_I_MICROBUS": 1, "Veh_I_CAMIONETA": 0, "Km_I_Bus": 0.0, "Km_I_BUSETA": 0.0, "Km_I_MICROBUS": 9.0, "Km_I_CAMIONETA": 0.0, "Veh_F_BUS": 1.0, "Veh_F_BUSETA": 0, "Veh_F_MICROBUS": 0, "Veh_F_CAMIONETA": 0, "Km_F_Bus": 11, "Km_F_BUSETA": 0, "Km_F_MICROBUS": 0, "Km_F_CAMIONETA": 0, "Ho_I_Bus": 0, "Ho_I_BUSETA": 0, "Ho_I_MICROBUS": 2, "Ho_I_CAMIONETA": 0, "Ho_F_Bus": 0, "Ho_F_BUSETA": 0, "Ho_F_MICROBUS": 9, "Ho_F_CAMIONETA": 0, "Ben_I_Bus": 0, "Ben_I_BUSETA": 0, "Ben_I_MICROBUS": 4, "Ben_I_CAMIONETA": 0, "Ben_F_Bus": 27, "Ben_F_BUSETA": 0, "Ben_F_MICROBUS": 0, "Ben_F_CAMIONETA": 0, "Rutas_I_Bus": 0, "Rutas_I_BUSETA": 0, "Rutas_I_MICROBUS": 1, "Rutas_I_CAMIONETA": 0, "Rutas_F_Bus": 1, "Rutas_F_BUSETA": 0, "Rutas_F_MICROBUS": 0, "Rutas_F_CAMIONETA": 0, "nom_patio": null, "Id_2": null }, "geometry": { "type": "MultiPolygon", "coordinates": [ [ [ [ 982932.513605964253657, 954624.117199999978766 ], [ 983509.863875153823756, 955624.117199999978766 ], [ 984664.564413533080369, 955624.117199999978766 ], [ 985241.914682722650468, 954624.117199999978766 ], [ 984664.564413533080369, 953624.117199999978766 ], [ 983509.863875153823756, 953624.117199999978766 ], [ 982932.513605964253657, 954624.117199999978766 ] ] ] ] } },
{ "type": "Feature", "properties": { "id": 850, "left": 984664.56441353331, "top": 1006624.1172, "right": 986973.96549029159, "bottom": 1004624.1172, "row_index": 9.0, "col_index": 15.0, "Rutas_I": 1, "Km_I": 7.0, "Rutas_F": 0, "KM_F": 0, "Horas_I": 2, "Horas_F": 0, "Veh_I_BUS": 0, "Veh_I_BUSETA": 1, "Veh_I_MICROBUS": 0, "Veh_I_CAMIONETA": 0, "Km_I_Bus": 0.0, "Km_I_BUSETA": 7.0, "Km_I_MICROBUS": 0.0, "Km_I_CAMIONETA": 0.0, "Veh_F_BUS": 0.0, "Veh_F_BUSETA": 0, "Veh_F_MICROBUS": 0, "Veh_F_CAMIONETA": 0, "Km_F_Bus": 0, "Km_F_BUSETA": 0, "Km_F_MICROBUS": 0, "Km_F_CAMIONETA": 0, "Ho_I_Bus": 0, "Ho_I_BUSETA": 2, "Ho_I_MICROBUS": 0, "Ho_I_CAMIONETA": 0, "Ho_F_Bus": 0, "Ho_F_BUSETA": 7, "Ho_F_MICROBUS": 0, "Ho_F_CAMIONETA": 0, "Ben_I_Bus": 0, "Ben_I_BUSETA": 25, "Ben_I_MICROBUS": 0, "Ben_I_CAMIONETA": 0, "Ben_F_Bus": 0, "Ben_F_BUSETA": 0, "Ben_F_MICROBUS": 0, "Ben_F_CAMIONETA": 0, "Rutas_I_Bus": 0, "Rutas_I_BUSETA": 1, "Rutas_I_MICROBUS": 0, "Rutas_I_CAMIONETA": 0, "Rutas_F_Bus": 0, "Rutas_F_BUSETA": 0, "Rutas_F_MICROBUS": 0, "Rutas_F_CAMIONETA": 0, "nom_patio": null, "Id_2": null }, "geometry": { "type": "MultiPolygon", "coordinates": [ [ [ [ 984664.564413533196785, 1005624.1172 ], [ 985241.914682722766884, 1006624.1172 ], [ 986396.615221102023497, 1006624.1172 ], [ 986973.965490291593596, 1005624.1172 ], [ 986396.615221102023497, 1004624.1172 ], [ 985241.914682722766884, 1004624.1172 ], [ 984664.564413533196785, 1005624.1172 ] ] ] ] } },
{ "type": "Feature", "properties": { "id": 851, "left": 984664.56441353331, "top": 1004624.1172, "right": 986973.96549029159, "bottom": 1002624.1172, "row_index": 10.0, "col_index": 15.0, "Rutas_I": 41, "Km_I": 416.0, "Rutas_F": 16, "KM_F": 108, "Horas_I": 90, "Horas_F": 32, "Veh_I_BUS": 4, "Veh_I_BUSETA": 6, "Veh_I_MICROBUS": 14, "Veh_I_CAMIONETA": 2, "Km_I_Bus": 45.0, "Km_I_BUSETA": 111.0, "Km_I_MICROBUS": 221.0, "Km_I_CAMIONETA": 39.0, "Veh_F_BUS": 2.0, "Veh_F_BUSETA": 4, "Veh_F_MICROBUS": 3, "Veh_F_CAMIONETA": 1, "Km_F_Bus": 22, "Km_F_BUSETA": 65, "Km_F_MICROBUS": 16, "Km_F_CAMIONETA": null, "Ho_I_Bus": 18, "Ho_I_BUSETA": 44, "Ho_I_MICROBUS": 52, "Ho_I_CAMIONETA": 8, "Ho_F_Bus": 45, "Ho_F_BUSETA": 111, "Ho_F_MICROBUS": 221, "Ho_F_CAMIONETA": 39, "Ben_I_Bus": 156, "Ben_I_BUSETA": 300, "Ben_I_MICROBUS": 203, "Ben_I_CAMIONETA": 21, "Ben_F_Bus": 92, "Ben_F_BUSETA": 170, "Ben_F_MICROBUS": 28, "Ben_F_CAMIONETA": 6, "Rutas_I_Bus": 5, "Rutas_I_BUSETA": 13, "Rutas_I_MICROBUS": 20, "Rutas_I_CAMIONETA": 3, "Rutas_F_Bus": 3, "Rutas_F_BUSETA": 9, "Rutas_F_MICROBUS": 3, "Rutas_F_CAMIONETA": 1, "nom_patio": null, "Id_2": null }, "geometry": { "type": "MultiPolygon", "coordinates": [ [ [ [ 984664.564413533196785, 1003624.1172 ], [ 985241.914682722766884, 1004624.1172 ], [ 986396.615221102023497, 1004624.1172 ], [ 986973.965490291593596, 1003624.1172 ], [ 986396.615221102023497, 1002624.1172 ], [ 985241.914682722766884, 1002624.1172 ], [ 984664.564413533196785, 1003624.1172 ] ] ] ] } },
{ "type": "Feature", "properties": { "id": 867, "left": 984664.56441353331, "top": 972624.1172, "right": 986973.96549029159, "bottom": 970624.1172, "row_index": 26.0, "col_index": 15.0, "Rutas_I": 1, "Km_I": 21.03, "Rutas_F": 1, "KM_F": 6, "Horas_I": 4, "Horas_F": 2, "Veh_I_BUS": 0, "Veh_I_BUSETA": 1, "Veh_I_MICROBUS": 0, "Veh_I_CAMIONETA": 0, "Km_I_Bus": 0.0, "Km_I_BUSETA": 21.03, "Km_I_MICROBUS": 0.0, "Km_I_CAMIONETA": 0.0, "Veh_F_BUS": 0.0, "Veh_F_BUSETA": 0, "Veh_F_MICROBUS": 1, "Veh_F_CAMIONETA": 0, "Km_F_Bus": 0, "Km_F_BUSETA": 0, "Km_F_MICROBUS": 6, "Km_F_CAMIONETA": 0, "Ho_I_Bus": 0, "Ho_I_BUSETA": 8, "Ho_I_MICROBUS": 2, "Ho_I_CAMIONETA": 0, "Ho_F_Bus": 0, "Ho_F_BUSETA": null, "Ho_F_MICROBUS": 0, "Ho_F_CAMIONETA": 0, "Ben_I_Bus": 0, "Ben_I_BUSETA": 28, "Ben_I_MICROBUS": 0, "Ben_I_CAMIONETA": 0, "Ben_F_Bus": 0, "Ben_F_BUSETA": 0, "Ben_F_MICROBUS": 3, "Ben_F_CAMIONETA": 0, "Rutas_I_Bus": 0, "Rutas_I_BUSETA": 1, "Rutas_I_MICROBUS": 0, "Rutas_I_CAMIONETA": 0, "Rutas_F_Bus": 0, "Rutas_F_BUSETA": 0, "Rutas_F_MICROBUS": 1, "Rutas_F_CAMIONETA": 0, "nom_patio": null, "Id_2": null }, "geometry": { "type": "MultiPolygon", "coordinates": [ [ [ [ 984664.564413533196785, 971624.117199999978766 ], [ 985241.914682722766884, 972624.117199999978766 ], [ 986396.615221102023497, 972624.117199999978766 ], [ 986973.965490291593596, 971624.117199999978766 ], [ 986396.615221102023497, 970624.117199999978766 ], [ 985241.914682722766884, 970624.117199999978766 ], [ 984664.564413533196785, 971624.117199999978766 ] ] ] ] } },
{ "type": "Feature", "properties": { "id": 879, "left": 984664.56441353331, "top": 948624.1172, "right": 986973.96549029159, "bottom": 946624.1172, "row_index": 38.0, "col_index": 15.0, "Rutas_I": 1, "Km_I": 15.0, "Rutas_F": 0, "KM_F": 0, "Horas_I": 2, "Horas_F": 0, "Veh_I_BUS": 0, "Veh_I_BUSETA": 0, "Veh_I_MICROBUS": 0, "Veh_I_CAMIONETA": 1, "Km_I_Bus": 0.0, "Km_I_BUSETA": 0.0, "Km_I_MICROBUS": 0.0, "Km_I_CAMIONETA": 15.0, "Veh_F_BUS": 0.0, "Veh_F_BUSETA": 0, "Veh_F_MICROBUS": 0, "Veh_F_CAMIONETA": 0, "Km_F_Bus": 0, "Km_F_BUSETA": 0, "Km_F_MICROBUS": 0, "Km_F_CAMIONETA": 0, "Ho_I_Bus": 0, "Ho_I_BUSETA": 0, "Ho_I_MICROBUS": 0, "Ho_I_CAMIONETA": 2, "Ho_F_Bus": 0, "Ho_F_BUSETA": 0, "Ho_F_MICROBUS": 0, "Ho_F_CAMIONETA": 15, "Ben_I_Bus": 0, "Ben_I_BUSETA": 0, "Ben_I_MICROBUS": 0, "Ben_I_CAMIONETA": 2, "Ben_F_Bus": 0, "Ben_F_BUSETA": 0, "Ben_F_MICROBUS": 0, "Ben_F_CAMIONETA": 0, "Rutas_I_Bus": 0, "Rutas_I_BUSETA": 0, "Rutas_I_MICROBUS": 0, "Rutas_I_CAMIONETA": 1, "Rutas_F_Bus": 0, "Rutas_F_BUSETA": 0, "Rutas_F_MICROBUS": 0, "Rutas_F_CAMIONETA": 0, "nom_patio": null, "Id_2": null }, "geometry": { "type": "MultiPolygon", "coordinates": [ [ [ [ 984664.564413533196785, 947624.117199999978766 ], [ 985241.914682722766884, 948624.117199999978766 ], [ 986396.615221102023497, 948624.117199999978766 ], [ 986973.965490291593596, 947624.117199999978766 ], [ 986396.615221102023497, 946624.117199999978766 ], [ 985241.914682722766884, 946624.117199999978766 ], [ 984664.564413533196785, 947624.117199999978766 ] ] ] ] } },
{ "type": "Feature", "properties": { "id": 907, "left": 986396.61522110202, "top": 1005624.1172, "right": 988706.01629786042, "bottom": 1003624.1172, "row_index": 10.0, "col_index": 16.0, "Rutas_I": 20, "Km_I": 228.0, "Rutas_F": 11, "KM_F": 72, "Horas_I": 46, "Horas_F": 22, "Veh_I_BUS": 2, "Veh_I_BUSETA": 4, "Veh_I_MICROBUS": 7, "Veh_I_CAMIONETA": 1, "Km_I_Bus": 37.37, "Km_I_BUSETA": 88.0, "Km_I_MICROBUS": 91.0, "Km_I_CAMIONETA": 12.0, "Veh_F_BUS": 2.0, "Veh_F_BUSETA": 4, "Veh_F_MICROBUS": 0, "Veh_F_CAMIONETA": 0, "Km_F_Bus": 13, "Km_F_BUSETA": 59, "Km_F_MICROBUS": 0, "Km_F_CAMIONETA": 0, "Ho_I_Bus": 12, "Ho_I_BUSETA": 36, "Ho_I_MICROBUS": 18, "Ho_I_CAMIONETA": 2, "Ho_F_Bus": null, "Ho_F_BUSETA": 88, "Ho_F_MICROBUS": 91, "Ho_F_CAMIONETA": 12, "Ben_I_Bus": 66, "Ben_I_BUSETA": 187, "Ben_I_MICROBUS": 119, "Ben_I_CAMIONETA": 3, "Ben_F_Bus": 65, "Ben_F_BUSETA": 206, "Ben_F_MICROBUS": 0, "Ben_F_CAMIONETA": 0, "Rutas_I_Bus": 2, "Rutas_I_BUSETA": 8, "Rutas_I_MICROBUS": 9, "Rutas_I_CAMIONETA": 1, "Rutas_F_Bus": 2, "Rutas_F_BUSETA": 9, "Rutas_F_MICROBUS": 0, "Rutas_F_CAMIONETA": 0, "nom_patio": null, "Id_2": null }, "geometry": { "type": "MultiPolygon", "coordinates": [ [ [ [ 986396.615221102023497, 1004624.1172 ], [ 986973.965490291593596, 1005624.1172 ], [ 988128.66602867085021, 1005624.1172 ], [ 988706.016297860420309, 1004624.1172 ], [ 988128.66602867085021, 1003624.1172 ], [ 986973.965490291593596, 1003624.1172 ], [ 986396.615221102023497, 1004624.1172 ] ] ] ] } },
{ "type": "Feature", "properties": { "id": 920, "left": 986396.61522110202, "top": 979624.1172, "right": 988706.01629786042, "bottom": 977624.1172, "row_index": 23.0, "col_index": 16.0, "Rutas_I": 1, "Km_I": 12.0, "Rutas_F": 0, "KM_F": 0, "Horas_I": 2, "Horas_F": 0, "Veh_I_BUS": 0, "Veh_I_BUSETA": 1, "Veh_I_MICROBUS": 0, "Veh_I_CAMIONETA": 0, "Km_I_Bus": 0.0, "Km_I_BUSETA": 12.0, "Km_I_MICROBUS": 0.0, "Km_I_CAMIONETA": 0.0, "Veh_F_BUS": 0.0, "Veh_F_BUSETA": 0, "Veh_F_MICROBUS": 0, "Veh_F_CAMIONETA": 0, "Km_F_Bus": 0, "Km_F_BUSETA": 0, "Km_F_MICROBUS": 0, "Km_F_CAMIONETA": 0, "Ho_I_Bus": 0, "Ho_I_BUSETA": 2, "Ho_I_MICROBUS": 0, "Ho_I_CAMIONETA": 0, "Ho_F_Bus": 0, "Ho_F_BUSETA": 12, "Ho_F_MICROBUS": 0, "Ho_F_CAMIONETA": 0, "Ben_I_Bus": 0, "Ben_I_BUSETA": 26, "Ben_I_MICROBUS": 0, "Ben_I_CAMIONETA": 0, "Ben_F_Bus": 0, "Ben_F_BUSETA": 0, "Ben_F_MICROBUS": 0, "Ben_F_CAMIONETA": 0, "Rutas_I_Bus": 0, "Rutas_I_BUSETA": 1, "Rutas_I_MICROBUS": 0, "Rutas_I_CAMIONETA": 0, "Rutas_F_Bus": 0, "Rutas_F_BUSETA": 0, "Rutas_F_MICROBUS": 0, "Rutas_F_CAMIONETA": 0, "nom_patio": null, "Id_2": null }, "geometry": { "type": "MultiPolygon", "coordinates": [ [ [ [ 986396.615221102023497, 978624.117199999978766 ], [ 986973.965490291593596, 979624.117199999978766 ], [ 988128.66602867085021, 979624.117199999978766 ], [ 988706.016297860420309, 978624.117199999978766 ], [ 988128.66602867085021, 977624.117199999978766 ], [ 986973.965490291593596, 977624.117199999978766 ], [ 986396.615221102023497, 978624.117199999978766 ] ] ] ] } },
{ "type": "Feature", "properties": { "id": 921, "left": 986396.61522110202, "top": 977624.1172, "right": 988706.01629786042, "bottom": 975624.1172, "row_index": 24.0, "col_index": 16.0, "Rutas_I": 1, "Km_I": 7.32, "Rutas_F": 0, "KM_F": 0, "Horas_I": 2, "Horas_F": 0, "Veh_I_BUS": 0, "Veh_I_BUSETA": 0, "Veh_I_MICROBUS": 1, "Veh_I_CAMIONETA": 0, "Km_I_Bus": 0.0, "Km_I_BUSETA": 0.0, "Km_I_MICROBUS": 7.32, "Km_I_CAMIONETA": 0.0, "Veh_F_BUS": 0.0, "Veh_F_BUSETA": 0, "Veh_F_MICROBUS": 0, "Veh_F_CAMIONETA": 0, "Km_F_Bus": 0, "Km_F_BUSETA": 0, "Km_F_MICROBUS": 0, "Km_F_CAMIONETA": 0, "Ho_I_Bus": 0, "Ho_I_BUSETA": 0, "Ho_I_MICROBUS": 2, "Ho_I_CAMIONETA": 0, "Ho_F_Bus": 0, "Ho_F_BUSETA": 0, "Ho_F_MICROBUS": null, "Ho_F_CAMIONETA": 0, "Ben_I_Bus": 0, "Ben_I_BUSETA": 0, "Ben_I_MICROBUS": 10, "Ben_I_CAMIONETA": 0, "Ben_F_Bus": 0, "Ben_F_BUSETA": 0, "Ben_F_MICROBUS": 0, "Ben_F_CAMIONETA": 0, "Rutas_I_Bus": 0, "Rutas_I_BUSETA": 0, "Rutas_I_MICROBUS": 1, "Rutas_I_CAMIONETA": 0, "Rutas_F_Bus": 0, "Rutas_F_BUSETA": 0, "Rutas_F_MICROBUS": 0, "Rutas_F_CAMIONETA": 0, "nom_patio": null, "Id_2": null }, "geometry": { "type": "MultiPolygon", "coordinates": [ [ [ [ 986396.615221102023497, 976624.117199999978766 ], [ 986973.965490291593596, 977624.117199999978766 ], [ 988128.66602867085021, 977624.117199999978766 ], [ 988706.016297860420309, 976624.117199999978766 ], [ 988128.66602867085021, 975624.117199999978766 ], [ 986973.965490291593596, 975624.117199999978766 ], [ 986396.615221102023497, 976624.117199999978766 ] ] ] ] } },
{ "type": "Feature", "properties": { "id": 922, "left": 986396.61522110202, "top": 975624.1172, "right": 988706.01629786042, "bottom": 973624.1172, "row_index": 25.0, "col_index": 16.0, "Rutas_I": 0, "Km_I": 0.0, "Rutas_F": 2, "KM_F": 15, "Horas_I": 0, "Horas_F": 4, "Veh_I_BUS": 0, "Veh_I_BUSETA": 0, "Veh_I_MICROBUS": 0, "Veh_I_CAMIONETA": 0, "Km_I_Bus": 0.0, "Km_I_BUSETA": 0.0, "Km_I_MICROBUS": 0.0, "Km_I_CAMIONETA": 0.0, "Veh_F_BUS": 0.0, "Veh_F_BUSETA": 0, "Veh_F_MICROBUS": 2, "Veh_F_CAMIONETA": 0, "Km_F_Bus": 0, "Km_F_BUSETA": 0, "Km_F_MICROBUS": 15, "Km_F_CAMIONETA": 0, "Ho_I_Bus": 0, "Ho_I_BUSETA": 0, "Ho_I_MICROBUS": 4, "Ho_I_CAMIONETA": 0, "Ho_F_Bus": 0, "Ho_F_BUSETA": 0, "Ho_F_MICROBUS": 0, "Ho_F_CAMIONETA": 0, "Ben_I_Bus": 0, "Ben_I_BUSETA": 0, "Ben_I_MICROBUS": 0, "Ben_I_CAMIONETA": 0, "Ben_F_Bus": 0, "Ben_F_BUSETA": 0, "Ben_F_MICROBUS": 25, "Ben_F_CAMIONETA": 0, "Rutas_I_Bus": 0, "Rutas_I_BUSETA": 0, "Rutas_I_MICROBUS": 0, "Rutas_I_CAMIONETA": 0, "Rutas_F_Bus": 0, "Rutas_F_BUSETA": 0, "Rutas_F_MICROBUS": 2, "Rutas_F_CAMIONETA": 0, "nom_patio": null, "Id_2": null }, "geometry": { "type": "MultiPolygon", "coordinates": [ [ [ [ 986396.615221102023497, 974624.117199999978766 ], [ 986973.965490291593596, 975624.117199999978766 ], [ 988128.66602867085021, 975624.117199999978766 ], [ 988706.016297860420309, 974624.117199999978766 ], [ 988128.66602867085021, 973624.117199999978766 ], [ 986973.965490291593596, 973624.117199999978766 ], [ 986396.615221102023497, 974624.117199999978766 ] ] ] ] } },
{ "type": "Feature", "properties": { "id": 923, "left": 986396.61522110202, "top": 973624.1172, "right": 988706.01629786042, "bottom": 971624.1172, "row_index": 26.0, "col_index": 16.0, "Rutas_I": 2, "Km_I": 19.0, "Rutas_F": 1, "KM_F": 13, "Horas_I": 4, "Horas_F": 2, "Veh_I_BUS": 0, "Veh_I_BUSETA": 0, "Veh_I_MICROBUS": 2, "Veh_I_CAMIONETA": 0, "Km_I_Bus": 0.0, "Km_I_BUSETA": 0.0, "Km_I_MICROBUS": 19.0, "Km_I_CAMIONETA": 0.0, "Veh_F_BUS": 0.0, "Veh_F_BUSETA": 0, "Veh_F_MICROBUS": 1, "Veh_F_CAMIONETA": 0, "Km_F_Bus": 0, "Km_F_BUSETA": 0, "Km_F_MICROBUS": 13, "Km_F_CAMIONETA": 0, "Ho_I_Bus": 0, "Ho_I_BUSETA": 0, "Ho_I_MICROBUS": 6, "Ho_I_CAMIONETA": 0, "Ho_F_Bus": 0, "Ho_F_BUSETA": 0, "Ho_F_MICROBUS": 19, "Ho_F_CAMIONETA": 0, "Ben_I_Bus": 0, "Ben_I_BUSETA": 0, "Ben_I_MICROBUS": 10, "Ben_I_CAMIONETA": 0, "Ben_F_Bus": 0, "Ben_F_BUSETA": 0, "Ben_F_MICROBUS": 7, "Ben_F_CAMIONETA": 0, "Rutas_I_Bus": 0, "Rutas_I_BUSETA": 0, "Rutas_I_MICROBUS": 2, "Rutas_I_CAMIONETA": 0, "Rutas_F_Bus": 0, "Rutas_F_BUSETA": 0, "Rutas_F_MICROBUS": 1, "Rutas_F_CAMIONETA": 0, "nom_patio": null, "Id_2": null }, "geometry": { "type": "MultiPolygon", "coordinates": [ [ [ [ 986396.615221102023497, 972624.117199999978766 ], [ 986973.965490291593596, 973624.117199999978766 ], [ 988128.66602867085021, 973624.117199999978766 ], [ 988706.016297860420309, 972624.117199999978766 ], [ 988128.66602867085021, 971624.117199999978766 ], [ 986973.965490291593596, 971624.117199999978766 ], [ 986396.615221102023497, 972624.117199999978766 ] ] ] ] } },
{ "type": "Feature", "properties": { "id": 929, "left": 986396.61522110202, "top": 961624.1172, "right": 988706.01629786042, "bottom": 959624.1172, "row_index": 32.0, "col_index": 16.0, "Rutas_I": 1, "Km_I": 10.0, "Rutas_F": 0, "KM_F": 0, "Horas_I": 2, "Horas_F": 0, "Veh_I_BUS": 0, "Veh_I_BUSETA": 0, "Veh_I_MICROBUS": 1, "Veh_I_CAMIONETA": 0, "Km_I_Bus": 0.0, "Km_I_BUSETA": 0.0, "Km_I_MICROBUS": 10.0, "Km_I_CAMIONETA": 0.0, "Veh_F_BUS": 0.0, "Veh_F_BUSETA": 0, "Veh_F_MICROBUS": 0, "Veh_F_CAMIONETA": 0, "Km_F_Bus": 0, "Km_F_BUSETA": 0, "Km_F_MICROBUS": 0, "Km_F_CAMIONETA": 0, "Ho_I_Bus": 0, "Ho_I_BUSETA": 0, "Ho_I_MICROBUS": 2, "Ho_I_CAMIONETA": 0, "Ho_F_Bus": 0, "Ho_F_BUSETA": 0, "Ho_F_MICROBUS": 10, "Ho_F_CAMIONETA": 0, "Ben_I_Bus": 0, "Ben_I_BUSETA": 0, "Ben_I_MICROBUS": 15, "Ben_I_CAMIONETA": 0, "Ben_F_Bus": 0, "Ben_F_BUSETA": 0, "Ben_F_MICROBUS": 0, "Ben_F_CAMIONETA": 0, "Rutas_I_Bus": 0, "Rutas_I_BUSETA": 0, "Rutas_I_MICROBUS": 1, "Rutas_I_CAMIONETA": 0, "Rutas_F_Bus": 0, "Rutas_F_BUSETA": 0, "Rutas_F_MICROBUS": 0, "Rutas_F_CAMIONETA": 0, "nom_patio": null, "Id_2": null }, "geometry": { "type": "MultiPolygon", "coordinates": [ [ [ [ 986396.615221102023497, 960624.117199999978766 ], [ 986973.965490291593596, 961624.117199999978766 ], [ 988128.66602867085021, 961624.117199999978766 ], [ 988706.016297860420309, 960624.117199999978766 ], [ 988128.66602867085021, 959624.117199999978766 ], [ 986973.965490291593596, 959624.117199999978766 ], [ 986396.615221102023497, 960624.117199999978766 ] ] ] ] } },
{ "type": "Feature", "properties": { "id": 932, "left": 986396.61522110202, "top": 955624.1172, "right": 988706.01629786042, "bottom": 953624.1172, "row_index": 35.0, "col_index": 16.0, "Rutas_I": 0, "Km_I": 0.0, "Rutas_F": 2, "KM_F": 26, "Horas_I": 0, "Horas_F": 4, "Veh_I_BUS": 0, "Veh_I_BUSETA": 0, "Veh_I_MICROBUS": 0, "Veh_I_CAMIONETA": 0, "Km_I_Bus": 0.0, "Km_I_BUSETA": 0.0, "Km_I_MICROBUS": 0.0, "Km_I_CAMIONETA": 0.0, "Veh_F_BUS": 0.0, "Veh_F_BUSETA": 0, "Veh_F_MICROBUS": 2, "Veh_F_CAMIONETA": 0, "Km_F_Bus": 0, "Km_F_BUSETA": 0, "Km_F_MICROBUS": 26, "Km_F_CAMIONETA": 0, "Ho_I_Bus": 0, "Ho_I_BUSETA": 0, "Ho_I_MICROBUS": 4, "Ho_I_CAMIONETA": 0, "Ho_F_Bus": 0, "Ho_F_BUSETA": 0, "Ho_F_MICROBUS": 0, "Ho_F_CAMIONETA": 0, "Ben_I_Bus": 0, "Ben_I_BUSETA": 0, "Ben_I_MICROBUS": 0, "Ben_I_CAMIONETA": 0, "Ben_F_Bus": 0, "Ben_F_BUSETA": 0, "Ben_F_MICROBUS": 9, "Ben_F_CAMIONETA": 0, "Rutas_I_Bus": 0, "Rutas_I_BUSETA": 0, "Rutas_I_MICROBUS": 0, "Rutas_I_CAMIONETA": 0, "Rutas_F_Bus": 0, "Rutas_F_BUSETA": 0, "Rutas_F_MICROBUS": 2, "Rutas_F_CAMIONETA": 0, "nom_patio": null, "Id_2": null }, "geometry": { "type": "MultiPolygon", "coordinates": [ [ [ [ 986396.615221102023497, 954624.117199999978766 ], [ 986973.965490291593596, 955624.117199999978766 ], [ 988128.66602867085021, 955624.117199999978766 ], [ 988706.016297860420309, 954624.117199999978766 ], [ 988128.66602867085021, 953624.117199999978766 ], [ 986973.965490291593596, 953624.117199999978766 ], [ 986396.615221102023497, 954624.117199999978766 ] ] ] ] } },
{ "type": "Feature", "properties": { "id": 934, "left": 986396.61522110202, "top": 951624.1172, "right": 988706.01629786042, "bottom": 949624.1172, "row_index": 37.0, "col_index": 16.0, "Rutas_I": 1, "Km_I": 12.0, "Rutas_F": 0, "KM_F": 0, "Horas_I": 2, "Horas_F": 0, "Veh_I_BUS": 0, "Veh_I_BUSETA": 0, "Veh_I_MICROBUS": 1, "Veh_I_CAMIONETA": 0, "Km_I_Bus": 0.0, "Km_I_BUSETA": 0.0, "Km_I_MICROBUS": 12.0, "Km_I_CAMIONETA": 0.0, "Veh_F_BUS": 0.0, "Veh_F_BUSETA": 0, "Veh_F_MICROBUS": 0, "Veh_F_CAMIONETA": 0, "Km_F_Bus": 0, "Km_F_BUSETA": 0, "Km_F_MICROBUS": 0, "Km_F_CAMIONETA": 0, "Ho_I_Bus": 0, "Ho_I_BUSETA": 0, "Ho_I_MICROBUS": 2, "Ho_I_CAMIONETA": 0, "Ho_F_Bus": 0, "Ho_F_BUSETA": 0, "Ho_F_MICROBUS": 12, "Ho_F_CAMIONETA": 0, "Ben_I_Bus": 0, "Ben_I_BUSETA": 0, "Ben_I_MICROBUS": 10, "Ben_I_CAMIONETA": 0, "Ben_F_Bus": 0, "Ben_F_BUSETA": 0, "Ben_F_MICROBUS": 0, "Ben_F_CAMIONETA": 0, "Rutas_I_Bus": 0, "Rutas_I_BUSETA": 0, "Rutas_I_MICROBUS": 1, "Rutas_I_CAMIONETA": 0, "Rutas_F_Bus": 0, "Rutas_F_BUSETA": 0, "Rutas_F_MICROBUS": 0, "Rutas_F_CAMIONETA": 0, "nom_patio": null, "Id_2": null }, "geometry": { "type": "MultiPolygon", "coordinates": [ [ [ [ 986396.615221102023497, 950624.117199999978766 ], [ 986973.965490291593596, 951624.117199999978766 ], [ 988128.66602867085021, 951624.117199999978766 ], [ 988706.016297860420309, 950624.117199999978766 ], [ 988128.66602867085021, 949624.117199999978766 ], [ 986973.965490291593596, 949624.117199999978766 ], [ 986396.615221102023497, 950624.117199999978766 ] ] ] ] } },
{ "type": "Feature", "properties": { "id": 935, "left": 986396.61522110202, "top": 949624.1172, "right": 988706.01629786042, "bottom": 947624.1172, "row_index": 38.0, "col_index": 16.0, "Rutas_I": 1, "Km_I": 7.0, "Rutas_F": 0, "KM_F": 0, "Horas_I": 2, "Horas_F": 0, "Veh_I_BUS": 0, "Veh_I_BUSETA": 0, "Veh_I_MICROBUS": 1, "Veh_I_CAMIONETA": 0, "Km_I_Bus": 0.0, "Km_I_BUSETA": 0.0, "Km_I_MICROBUS": 7.0, "Km_I_CAMIONETA": 0.0, "Veh_F_BUS": 0.0, "Veh_F_BUSETA": 0, "Veh_F_MICROBUS": 0, "Veh_F_CAMIONETA": 0, "Km_F_Bus": 0, "Km_F_BUSETA": 0, "Km_F_MICROBUS": 0, "Km_F_CAMIONETA": 0, "Ho_I_Bus": 0, "Ho_I_BUSETA": 0, "Ho_I_MICROBUS": 4, "Ho_I_CAMIONETA": 0, "Ho_F_Bus": 0, "Ho_F_BUSETA": 0, "Ho_F_MICROBUS": 7, "Ho_F_CAMIONETA": 0, "Ben_I_Bus": 0, "Ben_I_BUSETA": 0, "Ben_I_MICROBUS": 5, "Ben_I_CAMIONETA": 0, "Ben_F_Bus": 0, "Ben_F_BUSETA": 0, "Ben_F_MICROBUS": 0, "Ben_F_CAMIONETA": 0, "Rutas_I_Bus": 0, "Rutas_I_BUSETA": 0, "Rutas_I_MICROBUS": 1, "Rutas_I_CAMIONETA": 0, "Rutas_F_Bus": 0, "Rutas_F_BUSETA": 0, "Rutas_F_MICROBUS": 0, "Rutas_F_CAMIONETA": 0, "nom_patio": null, "Id_2": null }, "geometry": { "type": "MultiPolygon", "coordinates": [ [ [ [ 986396.615221102023497, 948624.117199999978766 ], [ 986973.965490291593596, 949624.117199999978766 ], [ 988128.66602867085021, 949624.117199999978766 ], [ 988706.016297860420309, 948624.117199999978766 ], [ 988128.66602867085021, 947624.117199999978766 ], [ 986973.965490291593596, 947624.117199999978766 ], [ 986396.615221102023497, 948624.117199999978766 ] ] ] ] } },
{ "type": "Feature", "properties": { "id": 962, "left": 988128.66602867085, "top": 1006624.1172, "right": 990438.06710542925, "bottom": 1004624.1172, "row_index": 9.0, "col_index": 17.0, "Rutas_I": 49, "Km_I": 432.0, "Rutas_F": 1, "KM_F": null, "Horas_I": 104, "Horas_F": 2, "Veh_I_BUS": 14, "Veh_I_BUSETA": 5, "Veh_I_MICROBUS": 11, "Veh_I_CAMIONETA": 1, "Km_I_Bus": 182.0, "Km_I_BUSETA": 89.0, "Km_I_MICROBUS": 158.0, "Km_I_CAMIONETA": 3.0, "Veh_F_BUS": 0.0, "Veh_F_BUSETA": 0, "Veh_F_MICROBUS": 1, "Veh_F_CAMIONETA": 0, "Km_F_Bus": 0, "Km_F_BUSETA": 0, "Km_F_MICROBUS": null, "Km_F_CAMIONETA": 0, "Ho_I_Bus": 44, "Ho_I_BUSETA": 24, "Ho_I_MICROBUS": 36, "Ho_I_CAMIONETA": 2, "Ho_F_Bus": 182, "Ho_F_BUSETA": 89, "Ho_F_MICROBUS": 158, "Ho_F_CAMIONETA": 3, "Ben_I_Bus": 692, "Ben_I_BUSETA": 276, "Ben_I_MICROBUS": 214, "Ben_I_CAMIONETA": 3, "Ben_F_Bus": 0, "Ben_F_BUSETA": 0, "Ben_F_MICROBUS": 11, "Ben_F_CAMIONETA": 0, "Rutas_I_Bus": 21, "Rutas_I_BUSETA": 11, "Rutas_I_MICROBUS": 16, "Rutas_I_CAMIONETA": 1, "Rutas_F_Bus": 0, "Rutas_F_BUSETA": 0, "Rutas_F_MICROBUS": 1, "Rutas_F_CAMIONETA": 0, "nom_patio": null, "Id_2": null }, "geometry": { "type": "MultiPolygon", "coordinates": [ [ [ [ 988128.66602867085021, 1005624.1172 ], [ 988706.016297860420309, 1006624.1172 ], [ 989860.716836239676923, 1006624.1172 ], [ 990438.067105429247022, 1005624.1172 ], [ 989860.716836239676923, 1004624.1172 ], [ 988706.016297860420309, 1004624.1172 ], [ 988128.66602867085021, 1005624.1172 ] ] ] ] } },
{ "type": "Feature", "properties": { "id": 963, "left": 988128.66602867085, "top": 1004624.1172, "right": 990438.06710542925, "bottom": 1002624.1172, "row_index": 10.0, "col_index": 17.0, "Rutas_I": 34, "Km_I": 339.0, "Rutas_F": 4, "KM_F": 40, "Horas_I": 72, "Horas_F": 8, "Veh_I_BUS": 7, "Veh_I_BUSETA": 5, "Veh_I_MICROBUS": 8, "Veh_I_CAMIONETA": 1, "Km_I_Bus": 101.0, "Km_I_BUSETA": 123.0, "Km_I_MICROBUS": 107.0, "Km_I_CAMIONETA": 9.0, "Veh_F_BUS": 1.0, "Veh_F_BUSETA": 1, "Veh_F_MICROBUS": 2, "Veh_F_CAMIONETA": 0, "Km_F_Bus": 5, "Km_F_BUSETA": 11, "Km_F_MICROBUS": 23, "Km_F_CAMIONETA": 0, "Ho_I_Bus": 24, "Ho_I_BUSETA": 28, "Ho_I_MICROBUS": 24, "Ho_I_CAMIONETA": 2, "Ho_F_Bus": 101, "Ho_F_BUSETA": 123, "Ho_F_MICROBUS": 107, "Ho_F_CAMIONETA": 9, "Ben_I_Bus": 322, "Ben_I_BUSETA": 275, "Ben_I_MICROBUS": 158, "Ben_I_CAMIONETA": 8, "Ben_F_Bus": 35, "Ben_F_BUSETA": 28, "Ben_F_MICROBUS": 27, "Ben_F_CAMIONETA": 0, "Rutas_I_Bus": 10, "Rutas_I_BUSETA": 12, "Rutas_I_MICROBUS": 11, "Rutas_I_CAMIONETA": 1, "Rutas_F_Bus": 1, "Rutas_F_BUSETA": 1, "Rutas_F_MICROBUS": 2, "Rutas_F_CAMIONETA": 0, "nom_patio": null, "Id_2": null }, "geometry": { "type": "MultiPolygon", "coordinates": [ [ [ [ 988128.66602867085021, 1003624.1172 ], [ 988706.016297860420309, 1004624.1172 ], [ 989860.716836239676923, 1004624.1172 ], [ 990438.067105429247022, 1003624.1172 ], [ 989860.716836239676923, 1002624.1172 ], [ 988706.016297860420309, 1002624.1172 ], [ 988128.66602867085021, 1003624.1172 ] ] ] ] } },
{ "type": "Feature", "properties": { "id": 968, "left": 988128.66602867085, "top": 994624.1172, "right": 990438.06710542925, "bottom": 992624.1172, "row_index": 15.0, "col_index": 17.0, "Rutas_I": 5, "Km_I": 14.0, "Rutas_F": 0, "KM_F": 0, "Horas_I": 10, "Horas_F": 0, "Veh_I_BUS": 4, "Veh_I_BUSETA": 0, "Veh_I_MICROBUS": 0, "Veh_I_CAMIONETA": 0, "Km_I_Bus": 14.0, "Km_I_BUSETA": 0.0, "Km_I_MICROBUS": 0.0, "Km_I_CAMIONETA": 0.0, "Veh_F_BUS": 0.0, "Veh_F_BUSETA": 0, "Veh_F_MICROBUS": 0, "Veh_F_CAMIONETA": 0, "Km_F_Bus": 0, "Km_F_BUSETA": 0, "Km_F_MICROBUS": 0, "Km_F_CAMIONETA": 0, "Ho_I_Bus": 10, "Ho_I_BUSETA": 0, "Ho_I_MICROBUS": 0, "Ho_I_CAMIONETA": 0, "Ho_F_Bus": 14, "Ho_F_BUSETA": 0, "Ho_F_MICROBUS": 0, "Ho_F_CAMIONETA": 0, "Ben_I_Bus": 176, "Ben_I_BUSETA": 0, "Ben_I_MICROBUS": 0, "Ben_I_CAMIONETA": 0, "Ben_F_Bus": 0, "Ben_F_BUSETA": 0, "Ben_F_MICROBUS": 0, "Ben_F_CAMIONETA": 0, "Rutas_I_Bus": 5, "Rutas_I_BUSETA": 0, "Rutas_I_MICROBUS": 0, "Rutas_I_CAMIONETA": 0, "Rutas_F_Bus": 0, "Rutas_F_BUSETA": 0, "Rutas_F_MICROBUS": 0, "Rutas_F_CAMIONETA": 0, "nom_patio": null, "Id_2": null }, "geometry": { "type": "MultiPolygon", "coordinates": [ [ [ [ 988128.66602867085021, 993624.117199999978766 ], [ 988706.016297860420309, 994624.117199999978766 ], [ 989860.716836239676923, 994624.117199999978766 ], [ 990438.067105429247022, 993624.117199999978766 ], [ 989860.716836239676923, 992624.117199999978766 ], [ 988706.016297860420309, 992624.117199999978766 ], [ 988128.66602867085021, 993624.117199999978766 ] ] ] ] } },
{ "type": "Feature", "properties": { "id": 969, "left": 988128.66602867085, "top": 992624.1172, "right": 990438.06710542925, "bottom": 990624.1172, "row_index": 16.0, "col_index": 17.0, "Rutas_I": 0, "Km_I": 0.0, "Rutas_F": 1, "KM_F": 7, "Horas_I": 0, "Horas_F": 2, "Veh_I_BUS": 0, "Veh_I_BUSETA": 0, "Veh_I_MICROBUS": 0, "Veh_I_CAMIONETA": 0, "Km_I_Bus": 0.0, "Km_I_BUSETA": 0.0, "Km_I_MICROBUS": 0.0, "Km_I_CAMIONETA": 0.0, "Veh_F_BUS": 1.0, "Veh_F_BUSETA": 0, "Veh_F_MICROBUS": 0, "Veh_F_CAMIONETA": 0, "Km_F_Bus": 7, "Km_F_BUSETA": 0, "Km_F_MICROBUS": 0, "Km_F_CAMIONETA": 0, "Ho_I_Bus": 0, "Ho_I_BUSETA": 0, "Ho_I_MICROBUS": 0, "Ho_I_CAMIONETA": 0, "Ho_F_Bus": 0, "Ho_F_BUSETA": 0, "Ho_F_MICROBUS": 0, "Ho_F_CAMIONETA": 0, "Ben_I_Bus": 0, "Ben_I_BUSETA": 0, "Ben_I_MICROBUS": 0, "Ben_I_CAMIONETA": 0, "Ben_F_Bus": 36, "Ben_F_BUSETA": 0, "Ben_F_MICROBUS": 0, "Ben_F_CAMIONETA": 0, "Rutas_I_Bus": 0, "Rutas_I_BUSETA": 0, "Rutas_I_MICROBUS": 0, "Rutas_I_CAMIONETA": 0, "Rutas_F_Bus": 1, "Rutas_F_BUSETA": 0, "Rutas_F_MICROBUS": 0, "Rutas_F_CAMIONETA": 0, "nom_patio": null, "Id_2": null }, "geometry": { "type": "MultiPolygon", "coordinates": [ [ [ [ 988128.66602867085021, 991624.117199999978766 ], [ 988706.016297860420309, 992624.117199999978766 ], [ 989860.716836239676923, 992624.117199999978766 ], [ 990438.067105429247022, 991624.117199999978766 ], [ 989860.716836239676923, 990624.117199999978766 ], [ 988706.016297860420309, 990624.117199999978766 ], [ 988128.66602867085021, 991624.117199999978766 ] ] ] ] } },
{ "type": "Feature", "properties": { "id": 970, "left": 988128.66602867085, "top": 990624.1172, "right": 990438.06710542925, "bottom": 988624.1172, "row_index": 17.0, "col_index": 17.0, "Rutas_I": 0, "Km_I": 0.0, "Rutas_F": 0, "KM_F": 0, "Horas_I": 0, "Horas_F": 0, "Veh_I_BUS": 0, "Veh_I_BUSETA": 0, "Veh_I_MICROBUS": 0, "Veh_I_CAMIONETA": 0, "Km_I_Bus": 0.0, "Km_I_BUSETA": 0.0, "Km_I_MICROBUS": 0.0, "Km_I_CAMIONETA": 0.0, "Veh_F_BUS": 0.0, "Veh_F_BUSETA": 0, "Veh_F_MICROBUS": 0, "Veh_F_CAMIONETA": 0, "Km_F_Bus": 0, "Km_F_BUSETA": 0, "Km_F_MICROBUS": 0, "Km_F_CAMIONETA": 0, "Ho_I_Bus": 0, "Ho_I_BUSETA": 0, "Ho_I_MICROBUS": 0, "Ho_I_CAMIONETA": 0, "Ho_F_Bus": 0, "Ho_F_BUSETA": 0, "Ho_F_MICROBUS": 0, "Ho_F_CAMIONETA": 0, "Ben_I_Bus": 0, "Ben_I_BUSETA": 0, "Ben_I_MICROBUS": 0, "Ben_I_CAMIONETA": 0, "Ben_F_Bus": 0, "Ben_F_BUSETA": 0, "Ben_F_MICROBUS": 0, "Ben_F_CAMIONETA": 0, "Rutas_I_Bus": 0, "Rutas_I_BUSETA": 0, "Rutas_I_MICROBUS": 0, "Rutas_I_CAMIONETA": 0, "Rutas_F_Bus": 0, "Rutas_F_BUSETA": 0, "Rutas_F_MICROBUS": 0, "Rutas_F_CAMIONETA": 0, "nom_patio": null, "Id_2": null }, "geometry": { "type": "MultiPolygon", "coordinates": [ [ [ [ 988128.66602867085021, 989624.117199999978766 ], [ 988706.016297860420309, 990624.117199999978766 ], [ 989860.716836239676923, 990624.117199999978766 ], [ 990438.067105429247022, 989624.117199999978766 ], [ 989860.716836239676923, 988624.117199999978766 ], [ 988706.016297860420309, 988624.117199999978766 ], [ 988128.66602867085021, 989624.117199999978766 ] ] ] ] } },
{ "type": "Feature", "properties": { "id": 976, "left": 988128.66602867085, "top": 978624.1172, "right": 990438.06710542925, "bottom": 976624.1172, "row_index": 23.0, "col_index": 17.0, "Rutas_I": 3, "Km_I": 28.0, "Rutas_F": 2, "KM_F": 10, "Horas_I": 6, "Horas_F": 4, "Veh_I_BUS": 0, "Veh_I_BUSETA": 0, "Veh_I_MICROBUS": 3, "Veh_I_CAMIONETA": 0, "Km_I_Bus": 0.0, "Km_I_BUSETA": 0.0, "Km_I_MICROBUS": 28.0, "Km_I_CAMIONETA": 0.0, "Veh_F_BUS": 0.0, "Veh_F_BUSETA": 0, "Veh_F_MICROBUS": 2, "Veh_F_CAMIONETA": 0, "Km_F_Bus": 0, "Km_F_BUSETA": 0, "Km_F_MICROBUS": 10, "Km_F_CAMIONETA": 0, "Ho_I_Bus": 0, "Ho_I_BUSETA": 0, "Ho_I_MICROBUS": 10, "Ho_I_CAMIONETA": 0, "Ho_F_Bus": 0, "Ho_F_BUSETA": 0, "Ho_F_MICROBUS": 28, "Ho_F_CAMIONETA": 0, "Ben_I_Bus": 0, "Ben_I_BUSETA": 0, "Ben_I_MICROBUS": 28, "Ben_I_CAMIONETA": 0, "Ben_F_Bus": 0, "Ben_F_BUSETA": 0, "Ben_F_MICROBUS": 19, "Ben_F_CAMIONETA": 0, "Rutas_I_Bus": 0, "Rutas_I_BUSETA": 0, "Rutas_I_MICROBUS": 3, "Rutas_I_CAMIONETA": 0, "Rutas_F_Bus": 0, "Rutas_F_BUSETA": 0, "Rutas_F_MICROBUS": 2, "Rutas_F_CAMIONETA": 0, "nom_patio": null, "Id_2": null }, "geometry": { "type": "MultiPolygon", "coordinates": [ [ [ [ 988128.66602867085021, 977624.117199999978766 ], [ 988706.016297860420309, 978624.117199999978766 ], [ 989860.716836239676923, 978624.117199999978766 ], [ 990438.067105429247022, 977624.117199999978766 ], [ 989860.716836239676923, 976624.117199999978766 ], [ 988706.016297860420309, 976624.117199999978766 ], [ 988128.66602867085021, 977624.117199999978766 ] ] ] ] } },
{ "type": "Feature", "properties": { "id": 977, "left": 988128.66602867085, "top": 976624.1172, "right": 990438.06710542925, "bottom": 974624.1172, "row_index": 24.0, "col_index": 17.0, "Rutas_I": 1, "Km_I": 8.0, "Rutas_F": 2, "KM_F": 41, "Horas_I": 2, "Horas_F": 8, "Veh_I_BUS": 0, "Veh_I_BUSETA": 0, "Veh_I_MICROBUS": 1, "Veh_I_CAMIONETA": 0, "Km_I_Bus": 0.0, "Km_I_BUSETA": 0.0, "Km_I_MICROBUS": 8.0, "Km_I_CAMIONETA": 0.0, "Veh_F_BUS": 0.0, "Veh_F_BUSETA": 1, "Veh_F_MICROBUS": 1, "Veh_F_CAMIONETA": 0, "Km_F_Bus": 0, "Km_F_BUSETA": null, "Km_F_MICROBUS": 20, "Km_F_CAMIONETA": 0, "Ho_I_Bus": 0, "Ho_I_BUSETA": 0, "Ho_I_MICROBUS": 2, "Ho_I_CAMIONETA": 0, "Ho_F_Bus": 0, "Ho_F_BUSETA": 0, "Ho_F_MICROBUS": 8, "Ho_F_CAMIONETA": 0, "Ben_I_Bus": 0, "Ben_I_BUSETA": 0, "Ben_I_MICROBUS": 15, "Ben_I_CAMIONETA": 0, "Ben_F_Bus": 0, "Ben_F_BUSETA": 28, "Ben_F_MICROBUS": 15, "Ben_F_CAMIONETA": 0, "Rutas_I_Bus": 0, "Rutas_I_BUSETA": 0, "Rutas_I_MICROBUS": 1, "Rutas_I_CAMIONETA": 0, "Rutas_F_Bus": 0, "Rutas_F_BUSETA": 1, "Rutas_F_MICROBUS": 1, "Rutas_F_CAMIONETA": 0, "nom_patio": null, "Id_2": null }, "geometry": { "type": "MultiPolygon", "coordinates": [ [ [ [ 988128.66602867085021, 975624.117199999978766 ], [ 988706.016297860420309, 976624.117199999978766 ], [ 989860.716836239676923, 976624.117199999978766 ], [ 990438.067105429247022, 975624.117199999978766 ], [ 989860.716836239676923, 974624.117199999978766 ], [ 988706.016297860420309, 974624.117199999978766 ], [ 988128.66602867085021, 975624.117199999978766 ] ] ] ] } },
{ "type": "Feature", "properties": { "id": 978, "left": 988128.66602867085, "top": 974624.1172, "right": 990438.06710542925, "bottom": 972624.1172, "row_index": 25.0, "col_index": 17.0, "Rutas_I": 1, "Km_I": 9.0, "Rutas_F": 0, "KM_F": 0, "Horas_I": 2, "Horas_F": 0, "Veh_I_BUS": 0, "Veh_I_BUSETA": 1, "Veh_I_MICROBUS": 0, "Veh_I_CAMIONETA": 0, "Km_I_Bus": 0.0, "Km_I_BUSETA": 9.0, "Km_I_MICROBUS": 0.0, "Km_I_CAMIONETA": 0.0, "Veh_F_BUS": 0.0, "Veh_F_BUSETA": 0, "Veh_F_MICROBUS": 0, "Veh_F_CAMIONETA": 0, "Km_F_Bus": 0, "Km_F_BUSETA": 0, "Km_F_MICROBUS": 0, "Km_F_CAMIONETA": 0, "Ho_I_Bus": 0, "Ho_I_BUSETA": 2, "Ho_I_MICROBUS": 0, "Ho_I_CAMIONETA": 0, "Ho_F_Bus": 0, "Ho_F_BUSETA": 9, "Ho_F_MICROBUS": 0, "Ho_F_CAMIONETA": 0, "Ben_I_Bus": 0, "Ben_I_BUSETA": 22, "Ben_I_MICROBUS": 0, "Ben_I_CAMIONETA": 0, "Ben_F_Bus": 0, "Ben_F_BUSETA": 0, "Ben_F_MICROBUS": 0, "Ben_F_CAMIONETA": 0, "Rutas_I_Bus": 0, "Rutas_I_BUSETA": 1, "Rutas_I_MICROBUS": 0, "Rutas_I_CAMIONETA": 0, "Rutas_F_Bus": 0, "Rutas_F_BUSETA": 0, "Rutas_F_MICROBUS": 0, "Rutas_F_CAMIONETA": 0, "nom_patio": null, "Id_2": null }, "geometry": { "type": "MultiPolygon", "coordinates": [ [ [ [ 988128.66602867085021, 973624.117199999978766 ], [ 988706.016297860420309, 974624.117199999978766 ], [ 989860.716836239676923, 974624.117199999978766 ], [ 990438.067105429247022, 973624.117199999978766 ], [ 989860.716836239676923, 972624.117199999978766 ], [ 988706.016297860420309, 972624.117199999978766 ], [ 988128.66602867085021, 973624.117199999978766 ] ] ] ] } },
{ "type": "Feature", "properties": { "id": 988, "left": 988128.66602867085, "top": 954624.1172, "right": 990438.06710542925, "bottom": 952624.1172, "row_index": 35.0, "col_index": 17.0, "Rutas_I": 5, "Km_I": 31.37, "Rutas_F": 4, "KM_F": 73, "Horas_I": 12, "Horas_F": 14, "Veh_I_BUS": 2, "Veh_I_BUSETA": 1, "Veh_I_MICROBUS": 0, "Veh_I_CAMIONETA": 1, "Km_I_Bus": 17.0, "Km_I_BUSETA": 6.0, "Km_I_MICROBUS": 0.0, "Km_I_CAMIONETA": 8.79, "Veh_F_BUS": 0.0, "Veh_F_BUSETA": 1, "Veh_F_MICROBUS": 2, "Veh_F_CAMIONETA": 0, "Km_F_Bus": 0, "Km_F_BUSETA": 52, "Km_F_MICROBUS": 21, "Km_F_CAMIONETA": 0, "Ho_I_Bus": 10, "Ho_I_BUSETA": 12, "Ho_I_MICROBUS": 4, "Ho_I_CAMIONETA": 4, "Ho_F_Bus": 17, "Ho_F_BUSETA": 6, "Ho_F_MICROBUS": 0, "Ho_F_CAMIONETA": null, "Ben_I_Bus": 59, "Ben_I_BUSETA": 24, "Ben_I_MICROBUS": 0, "Ben_I_CAMIONETA": 0, "Ben_F_Bus": 0, "Ben_F_BUSETA": 51, "Ben_F_MICROBUS": 25, "Ben_F_CAMIONETA": 0, "Rutas_I_Bus": 2, "Rutas_I_BUSETA": 1, "Rutas_I_MICROBUS": 0, "Rutas_I_CAMIONETA": 2, "Rutas_F_Bus": 0, "Rutas_F_BUSETA": 2, "Rutas_F_MICROBUS": 2, "Rutas_F_CAMIONETA": 0, "nom_patio": null, "Id_2": null }, "geometry": { "type": "MultiPolygon", "coordinates": [ [ [ [ 988128.66602867085021, 953624.117199999978766 ], [ 988706.016297860420309, 954624.117199999978766 ], [ 989860.716836239676923, 954624.117199999978766 ], [ 990438.067105429247022, 953624.117199999978766 ], [ 989860.716836239676923, 952624.117199999978766 ], [ 988706.016297860420309, 952624.117199999978766 ], [ 988128.66602867085021, 953624.117199999978766 ] ] ] ] } },
{ "type": "Feature", "properties": { "id": 990, "left": 988128.66602867085, "top": 950624.1172, "right": 990438.06710542925, "bottom": 948624.1172, "row_index": 37.0, "col_index": 17.0, "Rutas_I": 0, "Km_I": 0.0, "Rutas_F": 1, "KM_F": 6, "Horas_I": 0, "Horas_F": 2, "Veh_I_BUS": 0, "Veh_I_BUSETA": 0, "Veh_I_MICROBUS": 0, "Veh_I_CAMIONETA": 0, "Km_I_Bus": 0.0, "Km_I_BUSETA": 0.0, "Km_I_MICROBUS": 0.0, "Km_I_CAMIONETA": 0.0, "Veh_F_BUS": 0.0, "Veh_F_BUSETA": 1, "Veh_F_MICROBUS": 0, "Veh_F_CAMIONETA": 0, "Km_F_Bus": 0, "Km_F_BUSETA": 6, "Km_F_MICROBUS": 0, "Km_F_CAMIONETA": 0, "Ho_I_Bus": 0, "Ho_I_BUSETA": 2, "Ho_I_MICROBUS": 0, "Ho_I_CAMIONETA": 0, "Ho_F_Bus": 0, "Ho_F_BUSETA": 0, "Ho_F_MICROBUS": 0, "Ho_F_CAMIONETA": 0, "Ben_I_Bus": 0, "Ben_I_BUSETA": 0, "Ben_I_MICROBUS": 0, "Ben_I_CAMIONETA": 0, "Ben_F_Bus": 0, "Ben_F_BUSETA": 24, "Ben_F_MICROBUS": 0, "Ben_F_CAMIONETA": 0, "Rutas_I_Bus": 0, "Rutas_I_BUSETA": 0, "Rutas_I_MICROBUS": 0, "Rutas_I_CAMIONETA": 0, "Rutas_F_Bus": 0, "Rutas_F_BUSETA": 1, "Rutas_F_MICROBUS": 0, "Rutas_F_CAMIONETA": 0, "nom_patio": null, "Id_2": null }, "geometry": { "type": "MultiPolygon", "coordinates": [ [ [ [ 988128.66602867085021, 949624.117199999978766 ], [ 988706.016297860420309, 950624.117199999978766 ], [ 989860.716836239676923, 950624.117199999978766 ], [ 990438.067105429247022, 949624.117199999978766 ], [ 989860.716836239676923, 948624.117199999978766 ], [ 988706.016297860420309, 948624.117199999978766 ], [ 988128.66602867085021, 949624.117199999978766 ] ] ] ] } },
{ "type": "Feature", "properties": { "id": 1019, "left": 989860.71683623979, "top": 1005624.1172, "right": 992170.11791299819, "bottom": 1003624.1172, "row_index": 10.0, "col_index": 18.0, "Rutas_I": 30, "Km_I": 267.0, "Rutas_F": 5, "KM_F": 45, "Horas_I": 64, "Horas_F": 12, "Veh_I_BUS": 8, "Veh_I_BUSETA": 3, "Veh_I_MICROBUS": 9, "Veh_I_CAMIONETA": 0, "Km_I_Bus": 85.2, "Km_I_BUSETA": 65.0, "Km_I_MICROBUS": 117.0, "Km_I_CAMIONETA": 0.0, "Veh_F_BUS": 2.0, "Veh_F_BUSETA": 1, "Veh_F_MICROBUS": 0, "Veh_F_CAMIONETA": 1, "Km_F_Bus": 23, "Km_F_BUSETA": 19, "Km_F_MICROBUS": 0, "Km_F_CAMIONETA": 3, "Ho_I_Bus": 28, "Ho_I_BUSETA": 20, "Ho_I_MICROBUS": 26, "Ho_I_CAMIONETA": 2, "Ho_F_Bus": null, "Ho_F_BUSETA": 65, "Ho_F_MICROBUS": 117, "Ho_F_CAMIONETA": 0, "Ben_I_Bus": 393, "Ben_I_BUSETA": 142, "Ben_I_MICROBUS": 157, "Ben_I_CAMIONETA": 0, "Ben_F_Bus": 63, "Ben_F_BUSETA": 47, "Ben_F_MICROBUS": 0, "Ben_F_CAMIONETA": 3, "Rutas_I_Bus": 11, "Rutas_I_BUSETA": 7, "Rutas_I_MICROBUS": 12, "Rutas_I_CAMIONETA": 0, "Rutas_F_Bus": 2, "Rutas_F_BUSETA": 2, "Rutas_F_MICROBUS": 0, "Rutas_F_CAMIONETA": 1, "nom_patio": null, "Id_2": null }, "geometry": { "type": "MultiPolygon", "coordinates": [ [ [ [ 989860.716836239793338, 1004624.1172 ], [ 990438.067105429363437, 1005624.1172 ], [ 991592.767643808620051, 1005624.1172 ], [ 992170.11791299819015, 1004624.1172 ], [ 991592.767643808620051, 1003624.1172 ], [ 990438.067105429363437, 1003624.1172 ], [ 989860.716836239793338, 1004624.1172 ] ] ] ] } },
{ "type": "Feature", "properties": { "id": 1024, "left": 989860.71683623979, "top": 995624.1172, "right": 992170.11791299819, "bottom": 993624.1172, "row_index": 15.0, "col_index": 18.0, "Rutas_I": 85, "Km_I": 600.74, "Rutas_F": 18, "KM_F": 89, "Horas_I": 170, "Horas_F": 36, "Veh_I_BUS": 30, "Veh_I_BUSETA": 12, "Veh_I_MICROBUS": 7, "Veh_I_CAMIONETA": 1, "Km_I_Bus": 301.0, "Km_I_BUSETA": 212.0, "Km_I_MICROBUS": 83.0, "Km_I_CAMIONETA": 5.0, "Veh_F_BUS": 8.0, "Veh_F_BUSETA": 3, "Veh_F_MICROBUS": 1, "Veh_F_CAMIONETA": 0, "Km_F_Bus": 51, "Km_F_BUSETA": 31, "Km_F_MICROBUS": 7, "Km_F_CAMIONETA": 0, "Ho_I_Bus": 118, "Ho_I_BUSETA": 68, "Ho_I_MICROBUS": 18, "Ho_I_CAMIONETA": 2, "Ho_F_Bus": 301, "Ho_F_BUSETA": 212, "Ho_F_MICROBUS": 83, "Ho_F_CAMIONETA": 5, "Ben_I_Bus": 1562, "Ben_I_BUSETA": 759, "Ben_I_MICROBUS": 121, "Ben_I_CAMIONETA": 3, "Ben_F_Bus": 435, "Ben_F_BUSETA": 114, "Ben_F_MICROBUS": 12, "Ben_F_CAMIONETA": 0, "Rutas_I_Bus": 46, "Rutas_I_BUSETA": 29, "Rutas_I_MICROBUS": 9, "Rutas_I_CAMIONETA": 1, "Rutas_F_Bus": 12, "Rutas_F_BUSETA": 5, "Rutas_F_MICROBUS": 1, "Rutas_F_CAMIONETA": 0, "nom_patio": null, "Id_2": null }, "geometry": { "type": "MultiPolygon", "coordinates": [ [ [ [ 989860.716836239793338, 994624.117199999978766 ], [ 990438.067105429363437, 995624.117199999978766 ], [ 991592.767643808620051, 995624.117199999978766 ], [ 992170.11791299819015, 994624.117199999978766 ], [ 991592.767643808620051, 993624.117199999978766 ], [ 990438.067105429363437, 993624.117199999978766 ], [ 989860.716836239793338, 994624.117199999978766 ] ] ] ] } },
{ "type": "Feature", "properties": { "id": 1025, "left": 989860.71683623979, "top": 993624.1172, "right": 992170.11791299819, "bottom": 991624.1172, "row_index": 16.0, "col_index": 18.0, "Rutas_I": 3, "Km_I": 9.0, "Rutas_F": 24, "KM_F": 119, "Horas_I": 6, "Horas_F": 48, "Veh_I_BUS": 2, "Veh_I_BUSETA": 0, "Veh_I_MICROBUS": 1, "Veh_I_CAMIONETA": 0, "Km_I_Bus": 8.0, "Km_I_BUSETA": 0.0, "Km_I_MICROBUS": 1.0, "Km_I_CAMIONETA": 0.0, "Veh_F_BUS": 7.0, "Veh_F_BUSETA": 5, "Veh_F_MICROBUS": 3, "Veh_F_CAMIONETA": 0, "Km_F_Bus": 49, "Km_F_BUSETA": 50, "Km_F_MICROBUS": 21, "Km_F_CAMIONETA": 0, "Ho_I_Bus": 20, "Ho_I_BUSETA": 22, "Ho_I_MICROBUS": 8, "Ho_I_CAMIONETA": 0, "Ho_F_Bus": 8, "Ho_F_BUSETA": 0, "Ho_F_MICROBUS": 1, "Ho_F_CAMIONETA": 0, "Ben_I_Bus": 70, "Ben_I_BUSETA": 0, "Ben_I_MICROBUS": 1, "Ben_I_CAMIONETA": 0, "Ben_F_Bus": 351, "Ben_F_BUSETA": 291, "Ben_F_MICROBUS": 54, "Ben_F_CAMIONETA": 0, "Rutas_I_Bus": 2, "Rutas_I_BUSETA": 0, "Rutas_I_MICROBUS": 1, "Rutas_I_CAMIONETA": 0, "Rutas_F_Bus": 10, "Rutas_F_BUSETA": 11, "Rutas_F_MICROBUS": 3, "Rutas_F_CAMIONETA": 0, "nom_patio": null, "Id_2": null }, "geometry": { "type": "MultiPolygon", "coordinates": [ [ [ [ 989860.716836239793338, 992624.117199999978766 ], [ 990438.067105429363437, 993624.117199999978766 ], [ 991592.767643808620051, 993624.117199999978766 ], [ 992170.11791299819015, 992624.117199999978766 ], [ 991592.767643808620051, 991624.117199999978766 ], [ 990438.067105429363437, 991624.117199999978766 ], [ 989860.716836239793338, 992624.117199999978766 ] ] ] ] } },
{ "type": "Feature", "properties": { "id": 1026, "left": 989860.71683623979, "top": 991624.1172, "right": 992170.11791299819, "bottom": 989624.1172, "row_index": 17.0, "col_index": 18.0, "Rutas_I": 4, "Km_I": 34.0, "Rutas_F": 44, "KM_F": 361, "Horas_I": 8, "Horas_F": 88, "Veh_I_BUS": 2, "Veh_I_BUSETA": 0, "Veh_I_MICROBUS": 1, "Veh_I_CAMIONETA": 0, "Km_I_Bus": 23.0, "Km_I_BUSETA": 0.0, "Km_I_MICROBUS": 11.0, "Km_I_CAMIONETA": 0.0, "Veh_F_BUS": 22.0, "Veh_F_BUSETA": 4, "Veh_F_MICROBUS": 2, "Veh_F_CAMIONETA": 0, "Km_F_Bus": 257, "Km_F_BUSETA": 87, "Km_F_MICROBUS": 17, "Km_F_CAMIONETA": 0, "Ho_I_Bus": 62, "Ho_I_BUSETA": 14, "Ho_I_MICROBUS": 6, "Ho_I_CAMIONETA": 0, "Ho_F_Bus": 23, "Ho_F_BUSETA": 0, "Ho_F_MICROBUS": 11, "Ho_F_CAMIONETA": 0, "Ben_I_Bus": 106, "Ben_I_BUSETA": 0, "Ben_I_MICROBUS": 18, "Ben_I_CAMIONETA": 0, "Ben_F_Bus": 1142, "Ben_F_BUSETA": 234, "Ben_F_MICROBUS": 33, "Ben_F_CAMIONETA": 0, "Rutas_I_Bus": 3, "Rutas_I_BUSETA": 0, "Rutas_I_MICROBUS": 1, "Rutas_I_CAMIONETA": 0, "Rutas_F_Bus": 33, "Rutas_F_BUSETA": 9, "Rutas_F_MICROBUS": 2, "Rutas_F_CAMIONETA": 0, "nom_patio": null, "Id_2": null }, "geometry": { "type": "MultiPolygon", "coordinates": [ [ [ [ 989860.716836239793338, 990624.117199999978766 ], [ 990438.067105429363437, 991624.117199999978766 ], [ 991592.767643808620051, 991624.117199999978766 ], [ 992170.11791299819015, 990624.117199999978766 ], [ 991592.767643808620051, 989624.117199999978766 ], [ 990438.067105429363437, 989624.117199999978766 ], [ 989860.716836239793338, 990624.117199999978766 ] ] ] ] } },
{ "type": "Feature", "properties": { "id": 1030, "left": 989860.71683623979, "top": 983624.1172, "right": 992170.11791299819, "bottom": 981624.1172, "row_index": 21.0, "col_index": 18.0, "Rutas_I": 0, "Km_I": 0.0, "Rutas_F": 32, "KM_F": 484, "Horas_I": 0, "Horas_F": 80, "Veh_I_BUS": 0, "Veh_I_BUSETA": 0, "Veh_I_MICROBUS": 0, "Veh_I_CAMIONETA": 0, "Km_I_Bus": 0.0, "Km_I_BUSETA": 0.0, "Km_I_MICROBUS": 0.0, "Km_I_CAMIONETA": 0.0, "Veh_F_BUS": 8.0, "Veh_F_BUSETA": 7, "Veh_F_MICROBUS": 3, "Veh_F_CAMIONETA": 0, "Km_F_Bus": 182, "Km_F_BUSETA": 254, "Km_F_MICROBUS": 48, "Km_F_CAMIONETA": 0, "Ho_I_Bus": 20, "Ho_I_BUSETA": 28, "Ho_I_MICROBUS": 4, "Ho_I_CAMIONETA": 0, "Ho_F_Bus": 0, "Ho_F_BUSETA": 0, "Ho_F_MICROBUS": 0, "Ho_F_CAMIONETA": 0, "Ben_I_Bus": 0, "Ben_I_BUSETA": 0, "Ben_I_MICROBUS": 0, "Ben_I_CAMIONETA": 0, "Ben_F_Bus": 309, "Ben_F_BUSETA": 414, "Ben_F_MICROBUS": 52, "Ben_F_CAMIONETA": 0, "Rutas_I_Bus": 0, "Rutas_I_BUSETA": 0, "Rutas_I_MICROBUS": 0, "Rutas_I_CAMIONETA": 0, "Rutas_F_Bus": 12, "Rutas_F_BUSETA": 16, "Rutas_F_MICROBUS": 4, "Rutas_F_CAMIONETA": 0, "nom_patio": "Usme I y II", "Id_2": null }, "geometry": { "type": "MultiPolygon", "coordinates": [ [ [ [ 989860.716836239793338, 982624.117199999978766 ], [ 990438.067105429363437, 983624.117199999978766 ], [ 991592.767643808620051, 983624.117199999978766 ], [ 992170.11791299819015, 982624.117199999978766 ], [ 991592.767643808620051, 981624.117199999978766 ], [ 990438.067105429363437, 981624.117199999978766 ], [ 989860.716836239793338, 982624.117199999978766 ] ] ] ] } },
{ "type": "Feature", "properties": { "id": 1031, "left": 989860.71683623979, "top": 981624.1172, "right": 992170.11791299819, "bottom": 979624.1172, "row_index": 22.0, "col_index": 18.0, "Rutas_I": 1, "Km_I": 6.0, "Rutas_F": 1, "KM_F": 15, "Horas_I": 2, "Horas_F": 2, "Veh_I_BUS": 0, "Veh_I_BUSETA": 0, "Veh_I_MICROBUS": 1, "Veh_I_CAMIONETA": 0, "Km_I_Bus": 0.0, "Km_I_BUSETA": 0.0, "Km_I_MICROBUS": 6.0, "Km_I_CAMIONETA": 0.0, "Veh_F_BUS": 1.0, "Veh_F_BUSETA": 0, "Veh_F_MICROBUS": 0, "Veh_F_CAMIONETA": 0, "Km_F_Bus": 15, "Km_F_BUSETA": 0, "Km_F_MICROBUS": 0, "Km_F_CAMIONETA": 0, "Ho_I_Bus": 2, "Ho_I_BUSETA": 0, "Ho_I_MICROBUS": 2, "Ho_I_CAMIONETA": 0, "Ho_F_Bus": 0, "Ho_F_BUSETA": 0, "Ho_F_MICROBUS": 6, "Ho_F_CAMIONETA": 0, "Ben_I_Bus": 0, "Ben_I_BUSETA": 0, "Ben_I_MICROBUS": 18, "Ben_I_CAMIONETA": 0, "Ben_F_Bus": 31, "Ben_F_BUSETA": 0, "Ben_F_MICROBUS": 0, "Ben_F_CAMIONETA": 0, "Rutas_I_Bus": 0, "Rutas_I_BUSETA": 0, "Rutas_I_MICROBUS": 1, "Rutas_I_CAMIONETA": 0, "Rutas_F_Bus": 1, "Rutas_F_BUSETA": 0, "Rutas_F_MICROBUS": 0, "Rutas_F_CAMIONETA": 0, "nom_patio": null, "Id_2": null }, "geometry": { "type": "MultiPolygon", "coordinates": [ [ [ [ 989860.716836239793338, 980624.117199999978766 ], [ 990438.067105429363437, 981624.117199999978766 ], [ 991592.767643808620051, 981624.117199999978766 ], [ 992170.11791299819015, 980624.117199999978766 ], [ 991592.767643808620051, 979624.117199999978766 ], [ 990438.067105429363437, 979624.117199999978766 ], [ 989860.716836239793338, 980624.117199999978766 ] ] ] ] } },
{ "type": "Feature", "properties": { "id": 1032, "left": 989860.71683623979, "top": 979624.1172, "right": 992170.11791299819, "bottom": 977624.1172, "row_index": 23.0, "col_index": 18.0, "Rutas_I": 1, "Km_I": 4.0, "Rutas_F": 4, "KM_F": 49, "Horas_I": 4, "Horas_F": 10, "Veh_I_BUS": 1, "Veh_I_BUSETA": 0, "Veh_I_MICROBUS": 0, "Veh_I_CAMIONETA": 0, "Km_I_Bus": 4.0, "Km_I_BUSETA": 0.0, "Km_I_MICROBUS": 0.0, "Km_I_CAMIONETA": 0.0, "Veh_F_BUS": 1.0, "Veh_F_BUSETA": 1, "Veh_F_MICROBUS": 1, "Veh_F_CAMIONETA": 0, "Km_F_Bus": 4, "Km_F_BUSETA": 31, "Km_F_MICROBUS": 13, "Km_F_CAMIONETA": 0, "Ho_I_Bus": 8, "Ho_I_BUSETA": 2, "Ho_I_MICROBUS": 2, "Ho_I_CAMIONETA": 0, "Ho_F_Bus": 4, "Ho_F_BUSETA": 0, "Ho_F_MICROBUS": 0, "Ho_F_CAMIONETA": 0, "Ben_I_Bus": 36, "Ben_I_BUSETA": 0, "Ben_I_MICROBUS": 0, "Ben_I_CAMIONETA": 0, "Ben_F_Bus": 36, "Ben_F_BUSETA": 44, "Ben_F_MICROBUS": 16, "Ben_F_CAMIONETA": 0, "Rutas_I_Bus": 1, "Rutas_I_BUSETA": 0, "Rutas_I_MICROBUS": 0, "Rutas_I_CAMIONETA": 0, "Rutas_F_Bus": 1, "Rutas_F_BUSETA": 2, "Rutas_F_MICROBUS": 1, "Rutas_F_CAMIONETA": 0, "nom_patio": null, "Id_2": null }, "geometry": { "type": "MultiPolygon", "coordinates": [ [ [ [ 989860.716836239793338, 978624.117199999978766 ], [ 990438.067105429363437, 979624.117199999978766 ], [ 991592.767643808620051, 979624.117199999978766 ], [ 992170.11791299819015, 978624.117199999978766 ], [ 991592.767643808620051, 977624.117199999978766 ], [ 990438.067105429363437, 977624.117199999978766 ], [ 989860.716836239793338, 978624.117199999978766 ] ] ] ] } },
{ "type": "Feature", "properties": { "id": 1033, "left": 989860.71683623979, "top": 977624.1172, "right": 992170.11791299819, "bottom": 975624.1172, "row_index": 24.0, "col_index": 18.0, "Rutas_I": 0, "Km_I": 0.0, "Rutas_F": 1, "KM_F": 17, "Horas_I": 0, "Horas_F": 2, "Veh_I_BUS": 0, "Veh_I_BUSETA": 0, "Veh_I_MICROBUS": 0, "Veh_I_CAMIONETA": 0, "Km_I_Bus": 0.0, "Km_I_BUSETA": 0.0, "Km_I_MICROBUS": 0.0, "Km_I_CAMIONETA": 0.0, "Veh_F_BUS": 1.0, "Veh_F_BUSETA": 0, "Veh_F_MICROBUS": 0, "Veh_F_CAMIONETA": 0, "Km_F_Bus": 17, "Km_F_BUSETA": 0, "Km_F_MICROBUS": 0, "Km_F_CAMIONETA": 0, "Ho_I_Bus": 2, "Ho_I_BUSETA": 0, "Ho_I_MICROBUS": 0, "Ho_I_CAMIONETA": 0, "Ho_F_Bus": 0, "Ho_F_BUSETA": 0, "Ho_F_MICROBUS": 0, "Ho_F_CAMIONETA": 0, "Ben_I_Bus": 0, "Ben_I_BUSETA": 0, "Ben_I_MICROBUS": 0, "Ben_I_CAMIONETA": 0, "Ben_F_Bus": 34, "Ben_F_BUSETA": 0, "Ben_F_MICROBUS": 0, "Ben_F_CAMIONETA": 0, "Rutas_I_Bus": 0, "Rutas_I_BUSETA": 0, "Rutas_I_MICROBUS": 0, "Rutas_I_CAMIONETA": 0, "Rutas_F_Bus": 1, "Rutas_F_BUSETA": 0, "Rutas_F_MICROBUS": 0, "Rutas_F_CAMIONETA": 0, "nom_patio": null, "Id_2": null }, "geometry": { "type": "MultiPolygon", "coordinates": [ [ [ [ 989860.716836239793338, 976624.117199999978766 ], [ 990438.067105429363437, 977624.117199999978766 ], [ 991592.767643808620051, 977624.117199999978766 ], [ 992170.11791299819015, 976624.117199999978766 ], [ 991592.767643808620051, 975624.117199999978766 ], [ 990438.067105429363437, 975624.117199999978766 ], [ 989860.716836239793338, 976624.117199999978766 ] ] ] ] } },
{ "type": "Feature", "properties": { "id": 1034, "left": 989860.71683623979, "top": 975624.1172, "right": 992170.11791299819, "bottom": 973624.1172, "row_index": 25.0, "col_index": 18.0, "Rutas_I": 2, "Km_I": 18.1, "Rutas_F": 0, "KM_F": 0, "Horas_I": 4, "Horas_F": 0, "Veh_I_BUS": 0, "Veh_I_BUSETA": 1, "Veh_I_MICROBUS": 1, "Veh_I_CAMIONETA": 0, "Km_I_Bus": 0.0, "Km_I_BUSETA": 9.45, "Km_I_MICROBUS": 8.65, "Km_I_CAMIONETA": 0.0, "Veh_F_BUS": 0.0, "Veh_F_BUSETA": 0, "Veh_F_MICROBUS": 0, "Veh_F_CAMIONETA": 0, "Km_F_Bus": 0, "Km_F_BUSETA": 0, "Km_F_MICROBUS": 0, "Km_F_CAMIONETA": 0, "Ho_I_Bus": 0, "Ho_I_BUSETA": 4, "Ho_I_MICROBUS": 2, "Ho_I_CAMIONETA": 0, "Ho_F_Bus": 0, "Ho_F_BUSETA": null, "Ho_F_MICROBUS": null, "Ho_F_CAMIONETA": 0, "Ben_I_Bus": 0, "Ben_I_BUSETA": 24, "Ben_I_MICROBUS": 6, "Ben_I_CAMIONETA": 0, "Ben_F_Bus": 0, "Ben_F_BUSETA": 0, "Ben_F_MICROBUS": 0, "Ben_F_CAMIONETA": 0, "Rutas_I_Bus": 0, "Rutas_I_BUSETA": 1, "Rutas_I_MICROBUS": 1, "Rutas_I_CAMIONETA": 0, "Rutas_F_Bus": 0, "Rutas_F_BUSETA": 0, "Rutas_F_MICROBUS": 0, "Rutas_F_CAMIONETA": 0, "nom_patio": null, "Id_2": null }, "geometry": { "type": "MultiPolygon", "coordinates": [ [ [ [ 989860.716836239793338, 974624.117199999978766 ], [ 990438.067105429363437, 975624.117199999978766 ], [ 991592.767643808620051, 975624.117199999978766 ], [ 992170.11791299819015, 974624.117199999978766 ], [ 991592.767643808620051, 973624.117199999978766 ], [ 990438.067105429363437, 973624.117199999978766 ], [ 989860.716836239793338, 974624.117199999978766 ] ] ] ] } },
{ "type": "Feature", "properties": { "id": 1035, "left": 989860.71683623979, "top": 973624.1172, "right": 992170.11791299819, "bottom": 971624.1172, "row_index": 26.0, "col_index": 18.0, "Rutas_I": 0, "Km_I": 0.0, "Rutas_F": 1, "KM_F": null, "Horas_I": 0, "Horas_F": 2, "Veh_I_BUS": 0, "Veh_I_BUSETA": 0, "Veh_I_MICROBUS": 0, "Veh_I_CAMIONETA": 0, "Km_I_Bus": 0.0, "Km_I_BUSETA": 0.0, "Km_I_MICROBUS": 0.0, "Km_I_CAMIONETA": 0.0, "Veh_F_BUS": 0.0, "Veh_F_BUSETA": 0, "Veh_F_MICROBUS": 1, "Veh_F_CAMIONETA": 0, "Km_F_Bus": 0, "Km_F_BUSETA": 0, "Km_F_MICROBUS": null, "Km_F_CAMIONETA": 0, "Ho_I_Bus": 0, "Ho_I_BUSETA": 0, "Ho_I_MICROBUS": 2, "Ho_I_CAMIONETA": 0, "Ho_F_Bus": 0, "Ho_F_BUSETA": 0, "Ho_F_MICROBUS": 0, "Ho_F_CAMIONETA": 0, "Ben_I_Bus": 0, "Ben_I_BUSETA": 0, "Ben_I_MICROBUS": 0, "Ben_I_CAMIONETA": 0, "Ben_F_Bus": 0, "Ben_F_BUSETA": 0, "Ben_F_MICROBUS": 6, "Ben_F_CAMIONETA": 0, "Rutas_I_Bus": 0, "Rutas_I_BUSETA": 0, "Rutas_I_MICROBUS": 0, "Rutas_I_CAMIONETA": 0, "Rutas_F_Bus": 0, "Rutas_F_BUSETA": 0, "Rutas_F_MICROBUS": 1, "Rutas_F_CAMIONETA": 0, "nom_patio": null, "Id_2": null }, "geometry": { "type": "MultiPolygon", "coordinates": [ [ [ [ 989860.716836239793338, 972624.117199999978766 ], [ 990438.067105429363437, 973624.117199999978766 ], [ 991592.767643808620051, 973624.117199999978766 ], [ 992170.11791299819015, 972624.117199999978766 ], [ 991592.767643808620051, 971624.117199999978766 ], [ 990438.067105429363437, 971624.117199999978766 ], [ 989860.716836239793338, 972624.117199999978766 ] ] ] ] } },
{ "type": "Feature", "properties": { "id": 1045, "left": 989860.71683623979, "top": 953624.1172, "right": 992170.11791299819, "bottom": 951624.1172, "row_index": 36.0, "col_index": 18.0, "Rutas_I": 0, "Km_I": 0.0, "Rutas_F": 0, "KM_F": 0, "Horas_I": 0, "Horas_F": 0, "Veh_I_BUS": 0, "Veh_I_BUSETA": 0, "Veh_I_MICROBUS": 0, "Veh_I_CAMIONETA": 0, "Km_I_Bus": 0.0, "Km_I_BUSETA": 0.0, "Km_I_MICROBUS": 0.0, "Km_I_CAMIONETA": 0.0, "Veh_F_BUS": 0.0, "Veh_F_BUSETA": 0, "Veh_F_MICROBUS": 0, "Veh_F_CAMIONETA": 0, "Km_F_Bus": 0, "Km_F_BUSETA": 0, "Km_F_MICROBUS": 0, "Km_F_CAMIONETA": 0, "Ho_I_Bus": 2, "Ho_I_BUSETA": 0, "Ho_I_MICROBUS": 0, "Ho_I_CAMIONETA": 0, "Ho_F_Bus": 0, "Ho_F_BUSETA": 0, "Ho_F_MICROBUS": 0, "Ho_F_CAMIONETA": 0, "Ben_I_Bus": 0, "Ben_I_BUSETA": 0, "Ben_I_MICROBUS": 0, "Ben_I_CAMIONETA": 0, "Ben_F_Bus": 0, "Ben_F_BUSETA": 0, "Ben_F_MICROBUS": 0, "Ben_F_CAMIONETA": 0, "Rutas_I_Bus": 0, "Rutas_I_BUSETA": 0, "Rutas_I_MICROBUS": 0, "Rutas_I_CAMIONETA": 0, "Rutas_F_Bus": 0, "Rutas_F_BUSETA": 0, "Rutas_F_MICROBUS": 0, "Rutas_F_CAMIONETA": 0, "nom_patio": null, "Id_2": null }, "geometry": { "type": "MultiPolygon", "coordinates": [ [ [ [ 989860.716836239793338, 952624.117199999978766 ], [ 990438.067105429363437, 953624.117199999978766 ], [ 991592.767643808620051, 953624.117199999978766 ], [ 992170.11791299819015, 952624.117199999978766 ], [ 991592.767643808620051, 951624.117199999978766 ], [ 990438.067105429363437, 951624.117199999978766 ], [ 989860.716836239793338, 952624.117199999978766 ] ] ] ] } },
{ "type": "Feature", "properties": { "id": 1046, "left": 989860.71683623979, "top": 951624.1172, "right": 992170.11791299819, "bottom": 949624.1172, "row_index": 37.0, "col_index": 18.0, "Rutas_I": 0, "Km_I": 0.0, "Rutas_F": 2, "KM_F": null, "Horas_I": 0, "Horas_F": 4, "Veh_I_BUS": 0, "Veh_I_BUSETA": 0, "Veh_I_MICROBUS": 0, "Veh_I_CAMIONETA": 0, "Km_I_Bus": 0.0, "Km_I_BUSETA": 0.0, "Km_I_MICROBUS": 0.0, "Km_I_CAMIONETA": 0.0, "Veh_F_BUS": 0.0, "Veh_F_BUSETA": 0, "Veh_F_MICROBUS": 0, "Veh_F_CAMIONETA": 1, "Km_F_Bus": 0, "Km_F_BUSETA": 0, "Km_F_MICROBUS": 0, "Km_F_CAMIONETA": null, "Ho_I_Bus": 0, "Ho_I_BUSETA": 0, "Ho_I_MICROBUS": 0, "Ho_I_CAMIONETA": 0, "Ho_F_Bus": 0, "Ho_F_BUSETA": 0, "Ho_F_MICROBUS": 0, "Ho_F_CAMIONETA": 0, "Ben_I_Bus": 0, "Ben_I_BUSETA": 0, "Ben_I_MICROBUS": 0, "Ben_I_CAMIONETA": 0, "Ben_F_Bus": 0, "Ben_F_BUSETA": 0, "Ben_F_MICROBUS": 0, "Ben_F_CAMIONETA": 0, "Rutas_I_Bus": 0, "Rutas_I_BUSETA": 0, "Rutas_I_MICROBUS": 0, "Rutas_I_CAMIONETA": 0, "Rutas_F_Bus": 0, "Rutas_F_BUSETA": 0, "Rutas_F_MICROBUS": 0, "Rutas_F_CAMIONETA": 2, "nom_patio": null, "Id_2": null }, "geometry": { "type": "MultiPolygon", "coordinates": [ [ [ [ 989860.716836239793338, 950624.117199999978766 ], [ 990438.067105429363437, 951624.117199999978766 ], [ 991592.767643808620051, 951624.117199999978766 ], [ 992170.11791299819015, 950624.117199999978766 ], [ 991592.767643808620051, 949624.117199999978766 ], [ 990438.067105429363437, 949624.117199999978766 ], [ 989860.716836239793338, 950624.117199999978766 ] ] ] ] } },
{ "type": "Feature", "properties": { "id": 1074, "left": 991592.76764380862, "top": 1006624.1172, "right": 993902.16872056702, "bottom": 1004624.1172, "row_index": 9.0, "col_index": 19.0, "Rutas_I": 0, "Km_I": 0.0, "Rutas_F": 19, "KM_F": 159, "Horas_I": 0, "Horas_F": 38, "Veh_I_BUS": 0, "Veh_I_BUSETA": 0, "Veh_I_MICROBUS": 0, "Veh_I_CAMIONETA": 0, "Km_I_Bus": 0.0, "Km_I_BUSETA": 0.0, "Km_I_MICROBUS": 0.0, "Km_I_CAMIONETA": 0.0, "Veh_F_BUS": 4.0, "Veh_F_BUSETA": 2, "Veh_F_MICROBUS": 7, "Veh_F_CAMIONETA": 0, "Km_F_Bus": null, "Km_F_BUSETA": 23, "Km_F_MICROBUS": 92, "Km_F_CAMIONETA": 0, "Ho_I_Bus": 12, "Ho_I_BUSETA": 8, "Ho_I_MICROBUS": 20, "Ho_I_CAMIONETA": 0, "Ho_F_Bus": 0, "Ho_F_BUSETA": 0, "Ho_F_MICROBUS": 0, "Ho_F_CAMIONETA": 0, "Ben_I_Bus": 0, "Ben_I_BUSETA": 0, "Ben_I_MICROBUS": 0, "Ben_I_CAMIONETA": 0, "Ben_F_Bus": 202, "Ben_F_BUSETA": 93, "Ben_F_MICROBUS": 113, "Ben_F_CAMIONETA": 0, "Rutas_I_Bus": 0, "Rutas_I_BUSETA": 0, "Rutas_I_MICROBUS": 0, "Rutas_I_CAMIONETA": 0, "Rutas_F_Bus": 6, "Rutas_F_BUSETA": 4, "Rutas_F_MICROBUS": 9, "Rutas_F_CAMIONETA": 0, "nom_patio": null, "Id_2": null }, "geometry": { "type": "MultiPolygon", "coordinates": [ [ [ [ 991592.767643808620051, 1005624.1172 ], [ 992170.11791299819015, 1006624.1172 ], [ 993324.818451377446763, 1006624.1172 ], [ 993902.168720567016862, 1005624.1172 ], [ 993324.818451377446763, 1004624.1172 ], [ 992170.11791299819015, 1004624.1172 ], [ 991592.767643808620051, 1005624.1172 ] ] ] ] } },
{ "type": "Feature", "properties": { "id": 1075, "left": 991592.76764380862, "top": 1004624.1172, "right": 993902.16872056702, "bottom": 1002624.1172, "row_index": 10.0, "col_index": 19.0, "Rutas_I": 2, "Km_I": 16.0, "Rutas_F": 21, "KM_F": 205, "Horas_I": 4, "Horas_F": 42, "Veh_I_BUS": 0, "Veh_I_BUSETA": 0, "Veh_I_MICROBUS": 1, "Veh_I_CAMIONETA": 1, "Km_I_Bus": 0.0, "Km_I_BUSETA": 0.0, "Km_I_MICROBUS": 5.0, "Km_I_CAMIONETA": 11.0, "Veh_F_BUS": 3.0, "Veh_F_BUSETA": 5, "Veh_F_MICROBUS": 5, "Veh_F_CAMIONETA": 0, "Km_F_Bus": 35, "Km_F_BUSETA": 95, "Km_F_MICROBUS": 76, "Km_F_CAMIONETA": 0, "Ho_I_Bus": 8, "Ho_I_BUSETA": 20, "Ho_I_MICROBUS": 16, "Ho_I_CAMIONETA": 2, "Ho_F_Bus": 0, "Ho_F_BUSETA": 0, "Ho_F_MICROBUS": 5, "Ho_F_CAMIONETA": 11, "Ben_I_Bus": 0, "Ben_I_BUSETA": 0, "Ben_I_MICROBUS": 11, "Ben_I_CAMIONETA": 0, "Ben_F_Bus": 136, "Ben_F_BUSETA": 249, "Ben_F_MICROBUS": 76, "Ben_F_CAMIONETA": 0, "Rutas_I_Bus": 0, "Rutas_I_BUSETA": 0, "Rutas_I_MICROBUS": 1, "Rutas_I_CAMIONETA": 1, "Rutas_F_Bus": 4, "Rutas_F_BUSETA": 10, "Rutas_F_MICROBUS": 7, "Rutas_F_CAMIONETA": 0, "nom_patio": null, "Id_2": null }, "geometry": { "type": "MultiPolygon", "coordinates": [ [ [ [ 991592.767643808620051, 1003624.1172 ], [ 992170.11791299819015, 1004624.1172 ], [ 993324.818451377446763, 1004624.1172 ], [ 993902.168720567016862, 1003624.1172 ], [ 993324.818451377446763, 1002624.1172 ], [ 992170.11791299819015, 1002624.1172 ], [ 991592.767643808620051, 1003624.1172 ] ] ] ] } },
{ "type": "Feature", "properties": { "id": 1076, "left": 991592.76764380862, "top": 1002624.1172, "right": 993902.16872056702, "bottom": 1000624.1172, "row_index": 11.0, "col_index": 19.0, "Rutas_I": 1, "Km_I": 5.0, "Rutas_F": 21, "KM_F": 194, "Horas_I": 2, "Horas_F": 44, "Veh_I_BUS": 0, "Veh_I_BUSETA": 0, "Veh_I_MICROBUS": 1, "Veh_I_CAMIONETA": 0, "Km_I_Bus": 0.0, "Km_I_BUSETA": 0.0, "Km_I_MICROBUS": 5.0, "Km_I_CAMIONETA": 0.0, "Veh_F_BUS": 6.0, "Veh_F_BUSETA": 2, "Veh_F_MICROBUS": 4, "Veh_F_CAMIONETA": 2, "Km_F_Bus": 62, "Km_F_BUSETA": 38, "Km_F_MICROBUS": 49, "Km_F_CAMIONETA": 46, "Ho_I_Bus": 18, "Ho_I_BUSETA": 8, "Ho_I_MICROBUS": 12, "Ho_I_CAMIONETA": 8, "Ho_F_Bus": 0, "Ho_F_BUSETA": 0, "Ho_F_MICROBUS": 5, "Ho_F_CAMIONETA": 0, "Ben_I_Bus": 0, "Ben_I_BUSETA": 0, "Ben_I_MICROBUS": 3, "Ben_I_CAMIONETA": 0, "Ben_F_Bus": 320, "Ben_F_BUSETA": 72, "Ben_F_MICROBUS": 77, "Ben_F_CAMIONETA": 14, "Rutas_I_Bus": 0, "Rutas_I_BUSETA": 0, "Rutas_I_MICROBUS": 1, "Rutas_I_CAMIONETA": 0, "Rutas_F_Bus": 9, "Rutas_F_BUSETA": 3, "Rutas_F_MICROBUS": 5, "Rutas_F_CAMIONETA": 4, "nom_patio": null, "Id_2": null }, "geometry": { "type": "MultiPolygon", "coordinates": [ [ [ [ 991592.767643808620051, 1001624.1172 ], [ 992170.11791299819015, 1002624.1172 ], [ 993324.818451377446763, 1002624.1172 ], [ 993902.168720567016862, 1001624.1172 ], [ 993324.818451377446763, 1000624.1172 ], [ 992170.11791299819015, 1000624.1172 ], [ 991592.767643808620051, 1001624.1172 ] ] ] ] } },
{ "type": "Feature", "properties": { "id": 1077, "left": 991592.76764380862, "top": 1000624.1172, "right": 993902.16872056702, "bottom": 998624.1172, "row_index": 12.0, "col_index": 19.0, "Rutas_I": 1, "Km_I": 32.0, "Rutas_F": 17, "KM_F": 166, "Horas_I": 6, "Horas_F": 34, "Veh_I_BUS": 0, "Veh_I_BUSETA": 0, "Veh_I_MICROBUS": 1, "Veh_I_CAMIONETA": 0, "Km_I_Bus": 0.0, "Km_I_BUSETA": 0.0, "Km_I_MICROBUS": 32.0, "Km_I_CAMIONETA": 0.0, "Veh_F_BUS": 2.0, "Veh_F_BUSETA": 2, "Veh_F_MICROBUS": 9, "Veh_F_CAMIONETA": 0, "Km_F_Bus": 16, "Km_F_BUSETA": 37, "Km_F_MICROBUS": 113, "Km_F_CAMIONETA": 0, "Ho_I_Bus": 4, "Ho_I_BUSETA": 6, "Ho_I_MICROBUS": 30, "Ho_I_CAMIONETA": 0, "Ho_F_Bus": 0, "Ho_F_BUSETA": 0, "Ho_F_MICROBUS": 32, "Ho_F_CAMIONETA": 0, "Ben_I_Bus": 0, "Ben_I_BUSETA": 0, "Ben_I_MICROBUS": 13, "Ben_I_CAMIONETA": 0, "Ben_F_Bus": 47, "Ben_F_BUSETA": 72, "Ben_F_MICROBUS": 134, "Ben_F_CAMIONETA": 0, "Rutas_I_Bus": 0, "Rutas_I_BUSETA": 0, "Rutas_I_MICROBUS": 1, "Rutas_I_CAMIONETA": 0, "Rutas_F_Bus": 2, "Rutas_F_BUSETA": 3, "Rutas_F_MICROBUS": 12, "Rutas_F_CAMIONETA": 0, "nom_patio": null, "Id_2": null }, "geometry": { "type": "MultiPolygon", "coordinates": [ [ [ [ 991592.767643808620051, 999624.117199999978766 ], [ 992170.11791299819015, 1000624.1172 ], [ 993324.818451377446763, 1000624.1172 ], [ 993902.168720567016862, 999624.117199999978766 ], [ 993324.818451377446763, 998624.117199999978766 ], [ 992170.11791299819015, 998624.117199999978766 ], [ 991592.767643808620051, 999624.117199999978766 ] ] ] ] } },
{ "type": "Feature", "properties": { "id": 1078, "left": 991592.76764380862, "top": 998624.1172, "right": 993902.16872056702, "bottom": 996624.1172, "row_index": 13.0, "col_index": 19.0, "Rutas_I": 15, "Km_I": 137.0, "Rutas_F": 29, "KM_F": 233, "Horas_I": 30, "Horas_F": 62, "Veh_I_BUS": 4, "Veh_I_BUSETA": 2, "Veh_I_MICROBUS": 5, "Veh_I_CAMIONETA": 0, "Km_I_Bus": 49.0, "Km_I_BUSETA": 32.0, "Km_I_MICROBUS": 56.0, "Km_I_CAMIONETA": 0.0, "Veh_F_BUS": 8.0, "Veh_F_BUSETA": 4, "Veh_F_MICROBUS": 5, "Veh_F_CAMIONETA": 1, "Km_F_Bus": 77, "Km_F_BUSETA": 67, "Km_F_MICROBUS": 84, "Km_F_CAMIONETA": 5, "Ho_I_Bus": 34, "Ho_I_BUSETA": 20, "Ho_I_MICROBUS": 28, "Ho_I_CAMIONETA": 2, "Ho_F_Bus": 49, "Ho_F_BUSETA": 32, "Ho_F_MICROBUS": 56, "Ho_F_CAMIONETA": 0, "Ben_I_Bus": 210, "Ben_I_BUSETA": 47, "Ben_I_MICROBUS": 64, "Ben_I_CAMIONETA": 0, "Ben_F_Bus": 342, "Ben_F_BUSETA": 184, "Ben_F_MICROBUS": 95, "Ben_F_CAMIONETA": 3, "Rutas_I_Bus": 6, "Rutas_I_BUSETA": 3, "Rutas_I_MICROBUS": 6, "Rutas_I_CAMIONETA": 0, "Rutas_F_Bus": 12, "Rutas_F_BUSETA": 9, "Rutas_F_MICROBUS": 7, "Rutas_F_CAMIONETA": 1, "nom_patio": null, "Id_2": null }, "geometry": { "type": "MultiPolygon", "coordinates": [ [ [ [ 991592.767643808620051, 997624.117199999978766 ], [ 992170.11791299819015, 998624.117199999978766 ], [ 993324.818451377446763, 998624.117199999978766 ], [ 993902.168720567016862, 997624.117199999978766 ], [ 993324.818451377446763, 996624.117199999978766 ], [ 992170.11791299819015, 996624.117199999978766 ], [ 991592.767643808620051, 997624.117199999978766 ] ] ] ] } },
{ "type": "Feature", "properties": { "id": 1079, "left": 991592.76764380862, "top": 996624.1172, "right": 993902.16872056702, "bottom": 994624.1172, "row_index": 14.0, "col_index": 19.0, "Rutas_I": 24, "Km_I": 282.0, "Rutas_F": 5, "KM_F": null, "Horas_I": 54, "Horas_F": 10, "Veh_I_BUS": 4, "Veh_I_BUSETA": 4, "Veh_I_MICROBUS": 7, "Veh_I_CAMIONETA": 1, "Km_I_Bus": 40.13, "Km_I_BUSETA": 115.0, "Km_I_MICROBUS": 104.0, "Km_I_CAMIONETA": 23.0, "Veh_F_BUS": 2.0, "Veh_F_BUSETA": 1, "Veh_F_MICROBUS": 1, "Veh_F_CAMIONETA": 0, "Km_F_Bus": 16, "Km_F_BUSETA": 4, "Km_F_MICROBUS": 2, "Km_F_CAMIONETA": 0, "Ho_I_Bus": 16, "Ho_I_BUSETA": 26, "Ho_I_MICROBUS": 26, "Ho_I_CAMIONETA": 4, "Ho_F_Bus": null, "Ho_F_BUSETA": 115, "Ho_F_MICROBUS": 104, "Ho_F_CAMIONETA": 23, "Ben_I_Bus": 174, "Ben_I_BUSETA": 232, "Ben_I_MICROBUS": 124, "Ben_I_CAMIONETA": 5, "Ben_F_Bus": 104, "Ben_F_BUSETA": 24, "Ben_F_MICROBUS": 12, "Ben_F_CAMIONETA": 0, "Rutas_I_Bus": 5, "Rutas_I_BUSETA": 9, "Rutas_I_MICROBUS": 9, "Rutas_I_CAMIONETA": 1, "Rutas_F_Bus": 3, "Rutas_F_BUSETA": 1, "Rutas_F_MICROBUS": 1, "Rutas_F_CAMIONETA": 0, "nom_patio": null, "Id_2": null }, "geometry": { "type": "MultiPolygon", "coordinates": [ [ [ [ 991592.767643808620051, 995624.117199999978766 ], [ 992170.11791299819015, 996624.117199999978766 ], [ 993324.818451377446763, 996624.117199999978766 ], [ 993902.168720567016862, 995624.117199999978766 ], [ 993324.818451377446763, 994624.117199999978766 ], [ 992170.11791299819015, 994624.117199999978766 ], [ 991592.767643808620051, 995624.117199999978766 ] ] ] ] } },
{ "type": "Feature", "properties": { "id": 1080, "left": 991592.76764380862, "top": 994624.1172, "right": 993902.16872056702, "bottom": 992624.1172, "row_index": 15.0, "col_index": 19.0, "Rutas_I": 44, "Km_I": 440.0, "Rutas_F": 4, "KM_F": 23, "Horas_I": 90, "Horas_F": 8, "Veh_I_BUS": 15, "Veh_I_BUSETA": 5, "Veh_I_MICROBUS": 7, "Veh_I_CAMIONETA": 0, "Km_I_Bus": 201.49, "Km_I_BUSETA": 128.0, "Km_I_MICROBUS": 111.0, "Km_I_CAMIONETA": 0.0, "Veh_F_BUS": 0.0, "Veh_F_BUSETA": 2, "Veh_F_MICROBUS": 1, "Veh_F_CAMIONETA": 0, "Km_F_Bus": 0, "Km_F_BUSETA": 22, "Km_F_MICROBUS": 1, "Km_F_CAMIONETA": 0, "Ho_I_Bus": 44, "Ho_I_BUSETA": 28, "Ho_I_MICROBUS": 26, "Ho_I_CAMIONETA": 0, "Ho_F_Bus": null, "Ho_F_BUSETA": 128, "Ho_F_MICROBUS": 111, "Ho_F_CAMIONETA": 0, "Ben_I_Bus": 764, "Ben_I_BUSETA": 302, "Ben_I_MICROBUS": 138, "Ben_I_CAMIONETA": 0, "Ben_F_Bus": 0, "Ben_F_BUSETA": 69, "Ben_F_MICROBUS": 1, "Ben_F_CAMIONETA": 0, "Rutas_I_Bus": 22, "Rutas_I_BUSETA": 12, "Rutas_I_MICROBUS": 10, "Rutas_I_CAMIONETA": 0, "Rutas_F_Bus": 0, "Rutas_F_BUSETA": 3, "Rutas_F_MICROBUS": 1, "Rutas_F_CAMIONETA": 0, "nom_patio": null, "Id_2": null }, "geometry": { "type": "MultiPolygon", "coordinates": [ [ [ [ 991592.767643808620051, 993624.117199999978766 ], [ 992170.11791299819015, 994624.117199999978766 ], [ 993324.818451377446763, 994624.117199999978766 ], [ 993902.168720567016862, 993624.117199999978766 ], [ 993324.818451377446763, 992624.117199999978766 ], [ 992170.11791299819015, 992624.117199999978766 ], [ 991592.767643808620051, 993624.117199999978766 ] ] ] ] } },
{ "type": "Feature", "properties": { "id": 1081, "left": 991592.76764380862, "top": 992624.1172, "right": 993902.16872056702, "bottom": 990624.1172, "row_index": 16.0, "col_index": 19.0, "Rutas_I": 0, "Km_I": 0.0, "Rutas_F": 0, "KM_F": 0, "Horas_I": 0, "Horas_F": 0, "Veh_I_BUS": 0, "Veh_I_BUSETA": 0, "Veh_I_MICROBUS": 0, "Veh_I_CAMIONETA": 0, "Km_I_Bus": 0.0, "Km_I_BUSETA": 0.0, "Km_I_MICROBUS": 0.0, "Km_I_CAMIONETA": 0.0, "Veh_F_BUS": 0.0, "Veh_F_BUSETA": 0, "Veh_F_MICROBUS": 0, "Veh_F_CAMIONETA": 0, "Km_F_Bus": 0, "Km_F_BUSETA": 0, "Km_F_MICROBUS": 0, "Km_F_CAMIONETA": 0, "Ho_I_Bus": 0, "Ho_I_BUSETA": 0, "Ho_I_MICROBUS": 0, "Ho_I_CAMIONETA": 0, "Ho_F_Bus": 0, "Ho_F_BUSETA": 0, "Ho_F_MICROBUS": 0, "Ho_F_CAMIONETA": 0, "Ben_I_Bus": 0, "Ben_I_BUSETA": 0, "Ben_I_MICROBUS": 0, "Ben_I_CAMIONETA": 0, "Ben_F_Bus": 0, "Ben_F_BUSETA": 0, "Ben_F_MICROBUS": 0, "Ben_F_CAMIONETA": 0, "Rutas_I_Bus": 0, "Rutas_I_BUSETA": 0, "Rutas_I_MICROBUS": 0, "Rutas_I_CAMIONETA": 0, "Rutas_F_Bus": 0, "Rutas_F_BUSETA": 0, "Rutas_F_MICROBUS": 0, "Rutas_F_CAMIONETA": 0, "nom_patio": null, "Id_2": null }, "geometry": { "type": "MultiPolygon", "coordinates": [ [ [ [ 991592.767643808620051, 991624.117199999978766 ], [ 992170.11791299819015, 992624.117199999978766 ], [ 993324.818451377446763, 992624.117199999978766 ], [ 993902.168720567016862, 991624.117199999978766 ], [ 993324.818451377446763, 990624.117199999978766 ], [ 992170.11791299819015, 990624.117199999978766 ], [ 991592.767643808620051, 991624.117199999978766 ] ] ] ] } },
{ "type": "Feature", "properties": { "id": 1082, "left": 991592.76764380862, "top": 990624.1172, "right": 993902.16872056702, "bottom": 988624.1172, "row_index": 17.0, "col_index": 19.0, "Rutas_I": 8, "Km_I": 41.0, "Rutas_F": 0, "KM_F": 0, "Horas_I": 16, "Horas_F": 0, "Veh_I_BUS": 4, "Veh_I_BUSETA": 1, "Veh_I_MICROBUS": 1, "Veh_I_CAMIONETA": 0, "Km_I_Bus": 19.43, "Km_I_BUSETA": 8.0, "Km_I_MICROBUS": 13.0, "Km_I_CAMIONETA": 0.0, "Veh_F_BUS": 0.0, "Veh_F_BUSETA": 0, "Veh_F_MICROBUS": 0, "Veh_F_CAMIONETA": 0, "Km_F_Bus": 0, "Km_F_BUSETA": 0, "Km_F_MICROBUS": 0, "Km_F_CAMIONETA": 0, "Ho_I_Bus": 14, "Ho_I_BUSETA": 4, "Ho_I_MICROBUS": 2, "Ho_I_CAMIONETA": 0, "Ho_F_Bus": null, "Ho_F_BUSETA": 8, "Ho_F_MICROBUS": 13, "Ho_F_CAMIONETA": 0, "Ben_I_Bus": 195, "Ben_I_BUSETA": 23, "Ben_I_MICROBUS": 16, "Ben_I_CAMIONETA": 0, "Ben_F_Bus": 0, "Ben_F_BUSETA": 0, "Ben_F_MICROBUS": 0, "Ben_F_CAMIONETA": 0, "Rutas_I_Bus": 6, "Rutas_I_BUSETA": 1, "Rutas_I_MICROBUS": 1, "Rutas_I_CAMIONETA": 0, "Rutas_F_Bus": 0, "Rutas_F_BUSETA": 0, "Rutas_F_MICROBUS": 0, "Rutas_F_CAMIONETA": 0, "nom_patio": null, "Id_2": null }, "geometry": { "type": "MultiPolygon", "coordinates": [ [ [ [ 991592.767643808620051, 989624.117199999978766 ], [ 992170.11791299819015, 990624.117199999978766 ], [ 993324.818451377446763, 990624.117199999978766 ], [ 993902.168720567016862, 989624.117199999978766 ], [ 993324.818451377446763, 988624.117199999978766 ], [ 992170.11791299819015, 988624.117199999978766 ], [ 991592.767643808620051, 989624.117199999978766 ] ] ] ] } },
{ "type": "Feature", "properties": { "id": 1086, "left": 991592.76764380862, "top": 982624.1172, "right": 993902.16872056702, "bottom": 980624.1172, "row_index": 21.0, "col_index": 19.0, "Rutas_I": 1, "Km_I": 4.0, "Rutas_F": 0, "KM_F": 0, "Horas_I": 4, "Horas_F": 0, "Veh_I_BUS": 1, "Veh_I_BUSETA": 0, "Veh_I_MICROBUS": 0, "Veh_I_CAMIONETA": 0, "Km_I_Bus": 4.0, "Km_I_BUSETA": 0.0, "Km_I_MICROBUS": 0.0, "Km_I_CAMIONETA": 0.0, "Veh_F_BUS": 0.0, "Veh_F_BUSETA": 0, "Veh_F_MICROBUS": 0, "Veh_F_CAMIONETA": 0, "Km_F_Bus": 0, "Km_F_BUSETA": 0, "Km_F_MICROBUS": 0, "Km_F_CAMIONETA": 0, "Ho_I_Bus": 8, "Ho_I_BUSETA": 0, "Ho_I_MICROBUS": 0, "Ho_I_CAMIONETA": 0, "Ho_F_Bus": 4, "Ho_F_BUSETA": 0, "Ho_F_MICROBUS": 0, "Ho_F_CAMIONETA": 0, "Ben_I_Bus": 36, "Ben_I_BUSETA": 0, "Ben_I_MICROBUS": 0, "Ben_I_CAMIONETA": 0, "Ben_F_Bus": 0, "Ben_F_BUSETA": 0, "Ben_F_MICROBUS": 0, "Ben_F_CAMIONETA": 0, "Rutas_I_Bus": 1, "Rutas_I_BUSETA": 0, "Rutas_I_MICROBUS": 0, "Rutas_I_CAMIONETA": 0, "Rutas_F_Bus": 0, "Rutas_F_BUSETA": 0, "Rutas_F_MICROBUS": 0, "Rutas_F_CAMIONETA": 0, "nom_patio": null, "Id_2": null }, "geometry": { "type": "MultiPolygon", "coordinates": [ [ [ [ 991592.767643808620051, 981624.117199999978766 ], [ 992170.11791299819015, 982624.117199999978766 ], [ 993324.818451377446763, 982624.117199999978766 ], [ 993902.168720567016862, 981624.117199999978766 ], [ 993324.818451377446763, 980624.117199999978766 ], [ 992170.11791299819015, 980624.117199999978766 ], [ 991592.767643808620051, 981624.117199999978766 ] ] ] ] } },
{ "type": "Feature", "properties": { "id": 1087, "left": 991592.76764380862, "top": 980624.1172, "right": 993902.16872056702, "bottom": 978624.1172, "row_index": 22.0, "col_index": 19.0, "Rutas_I": 9, "Km_I": 105.0, "Rutas_F": 10, "KM_F": 98, "Horas_I": 24, "Horas_F": 22, "Veh_I_BUS": 2, "Veh_I_BUSETA": 2, "Veh_I_MICROBUS": 3, "Veh_I_CAMIONETA": 0, "Km_I_Bus": 23.0, "Km_I_BUSETA": 27.0, "Km_I_MICROBUS": 55.0, "Km_I_CAMIONETA": 0.0, "Veh_F_BUS": 4.0, "Veh_F_BUSETA": 2, "Veh_F_MICROBUS": 2, "Veh_F_CAMIONETA": 0, "Km_F_Bus": 42, "Km_F_BUSETA": 31, "Km_F_MICROBUS": null, "Km_F_CAMIONETA": 0, "Ho_I_Bus": 18, "Ho_I_BUSETA": 12, "Ho_I_MICROBUS": 12, "Ho_I_CAMIONETA": 0, "Ho_F_Bus": 23, "Ho_F_BUSETA": 27, "Ho_F_MICROBUS": 55, "Ho_F_CAMIONETA": 0, "Ben_I_Bus": 112, "Ben_I_BUSETA": 66, "Ben_I_MICROBUS": 27, "Ben_I_CAMIONETA": 0, "Ben_F_Bus": 189, "Ben_F_BUSETA": 72, "Ben_F_MICROBUS": 26, "Ben_F_CAMIONETA": 0, "Rutas_I_Bus": 3, "Rutas_I_BUSETA": 3, "Rutas_I_MICROBUS": 3, "Rutas_I_CAMIONETA": 0, "Rutas_F_Bus": 5, "Rutas_F_BUSETA": 3, "Rutas_F_MICROBUS": 2, "Rutas_F_CAMIONETA": 0, "nom_patio": null, "Id_2": null }, "geometry": { "type": "MultiPolygon", "coordinates": [ [ [ [ 991592.767643808620051, 979624.117199999978766 ], [ 992170.11791299819015, 980624.117199999978766 ], [ 993324.818451377446763, 980624.117199999978766 ], [ 993902.168720567016862, 979624.117199999978766 ], [ 993324.818451377446763, 978624.117199999978766 ], [ 992170.11791299819015, 978624.117199999978766 ], [ 991592.767643808620051, 979624.117199999978766 ] ] ] ] } },
{ "type": "Feature", "properties": { "id": 1088, "left": 991592.76764380862, "top": 978624.1172, "right": 993902.16872056702, "bottom": 976624.1172, "row_index": 23.0, "col_index": 19.0, "Rutas_I": 1, "Km_I": 3.0, "Rutas_F": 4, "KM_F": null, "Horas_I": 4, "Horas_F": 16, "Veh_I_BUS": 1, "Veh_I_BUSETA": 0, "Veh_I_MICROBUS": 0, "Veh_I_CAMIONETA": 0, "Km_I_Bus": 3.0, "Km_I_BUSETA": 0.0, "Km_I_MICROBUS": 0.0, "Km_I_CAMIONETA": 0.0, "Veh_F_BUS": 2.0, "Veh_F_BUSETA": 1, "Veh_F_MICROBUS": 1, "Veh_F_CAMIONETA": 0, "Km_F_Bus": 12, "Km_F_BUSETA": 24, "Km_F_MICROBUS": 27, "Km_F_CAMIONETA": 0, "Ho_I_Bus": 10, "Ho_I_BUSETA": 4, "Ho_I_MICROBUS": 4, "Ho_I_CAMIONETA": 0, "Ho_F_Bus": 3, "Ho_F_BUSETA": 0, "Ho_F_MICROBUS": 0, "Ho_F_CAMIONETA": 0, "Ben_I_Bus": 36, "Ben_I_BUSETA": 0, "Ben_I_MICROBUS": 0, "Ben_I_CAMIONETA": 0, "Ben_F_Bus": 72, "Ben_F_BUSETA": 27, "Ben_F_MICROBUS": 12, "Ben_F_CAMIONETA": 0, "Rutas_I_Bus": 1, "Rutas_I_BUSETA": 0, "Rutas_I_MICROBUS": 0, "Rutas_I_CAMIONETA": 0, "Rutas_F_Bus": 2, "Rutas_F_BUSETA": 1, "Rutas_F_MICROBUS": 1, "Rutas_F_CAMIONETA": 0, "nom_patio": null, "Id_2": null }, "geometry": { "type": "MultiPolygon", "coordinates": [ [ [ [ 991592.767643808620051, 977624.117199999978766 ], [ 992170.11791299819015, 978624.117199999978766 ], [ 993324.818451377446763, 978624.117199999978766 ], [ 993902.168720567016862, 977624.117199999978766 ], [ 993324.818451377446763, 976624.117199999978766 ], [ 992170.11791299819015, 976624.117199999978766 ], [ 991592.767643808620051, 977624.117199999978766 ] ] ] ] } },
{ "type": "Feature", "properties": { "id": 1089, "left": 991592.76764380862, "top": 976624.1172, "right": 993902.16872056702, "bottom": 974624.1172, "row_index": 24.0, "col_index": 19.0, "Rutas_I": 1, "Km_I": 8.0, "Rutas_F": 0, "KM_F": 0, "Horas_I": 2, "Horas_F": 0, "Veh_I_BUS": 0, "Veh_I_BUSETA": 1, "Veh_I_MICROBUS": 0, "Veh_I_CAMIONETA": 0, "Km_I_Bus": 0.0, "Km_I_BUSETA": 8.0, "Km_I_MICROBUS": 0.0, "Km_I_CAMIONETA": 0.0, "Veh_F_BUS": 0.0, "Veh_F_BUSETA": 0, "Veh_F_MICROBUS": 0, "Veh_F_CAMIONETA": 0, "Km_F_Bus": 0, "Km_F_BUSETA": 0, "Km_F_MICROBUS": 0, "Km_F_CAMIONETA": 0, "Ho_I_Bus": 0, "Ho_I_BUSETA": 4, "Ho_I_MICROBUS": 0, "Ho_I_CAMIONETA": 0, "Ho_F_Bus": 0, "Ho_F_BUSETA": 8, "Ho_F_MICROBUS": 0, "Ho_F_CAMIONETA": 0, "Ben_I_Bus": 0, "Ben_I_BUSETA": 20, "Ben_I_MICROBUS": 0, "Ben_I_CAMIONETA": 0, "Ben_F_Bus": 0, "Ben_F_BUSETA": 0, "Ben_F_MICROBUS": 0, "Ben_F_CAMIONETA": 0, "Rutas_I_Bus": 0, "Rutas_I_BUSETA": 1, "Rutas_I_MICROBUS": 0, "Rutas_I_CAMIONETA": 0, "Rutas_F_Bus": 0, "Rutas_F_BUSETA": 0, "Rutas_F_MICROBUS": 0, "Rutas_F_CAMIONETA": 0, "nom_patio": null, "Id_2": null }, "geometry": { "type": "MultiPolygon", "coordinates": [ [ [ [ 991592.767643808620051, 975624.117199999978766 ], [ 992170.11791299819015, 976624.117199999978766 ], [ 993324.818451377446763, 976624.117199999978766 ], [ 993902.168720567016862, 975624.117199999978766 ], [ 993324.818451377446763, 974624.117199999978766 ], [ 992170.11791299819015, 974624.117199999978766 ], [ 991592.767643808620051, 975624.117199999978766 ] ] ] ] } },
{ "type": "Feature", "properties": { "id": 1090, "left": 991592.76764380862, "top": 974624.1172, "right": 993902.16872056702, "bottom": 972624.1172, "row_index": 25.0, "col_index": 19.0, "Rutas_I": 1, "Km_I": 8.0, "Rutas_F": 1, "KM_F": 8, "Horas_I": 2, "Horas_F": 2, "Veh_I_BUS": 0, "Veh_I_BUSETA": 0, "Veh_I_MICROBUS": 1, "Veh_I_CAMIONETA": 0, "Km_I_Bus": 0.0, "Km_I_BUSETA": 0.0, "Km_I_MICROBUS": 8.0, "Km_I_CAMIONETA": 0.0, "Veh_F_BUS": 0.0, "Veh_F_BUSETA": 1, "Veh_F_MICROBUS": 0, "Veh_F_CAMIONETA": 0, "Km_F_Bus": 0, "Km_F_BUSETA": 8, "Km_F_MICROBUS": 0, "Km_F_CAMIONETA": 0, "Ho_I_Bus": 0, "Ho_I_BUSETA": 0, "Ho_I_MICROBUS": 4, "Ho_I_CAMIONETA": 0, "Ho_F_Bus": 0, "Ho_F_BUSETA": 0, "Ho_F_MICROBUS": 8, "Ho_F_CAMIONETA": 0, "Ben_I_Bus": 0, "Ben_I_BUSETA": 0, "Ben_I_MICROBUS": 11, "Ben_I_CAMIONETA": 0, "Ben_F_Bus": 0, "Ben_F_BUSETA": 20, "Ben_F_MICROBUS": 0, "Ben_F_CAMIONETA": 0, "Rutas_I_Bus": 0, "Rutas_I_BUSETA": 0, "Rutas_I_MICROBUS": 1, "Rutas_I_CAMIONETA": 0, "Rutas_F_Bus": 0, "Rutas_F_BUSETA": 1, "Rutas_F_MICROBUS": 0, "Rutas_F_CAMIONETA": 0, "nom_patio": null, "Id_2": null }, "geometry": { "type": "MultiPolygon", "coordinates": [ [ [ [ 991592.767643808620051, 973624.117199999978766 ], [ 992170.11791299819015, 974624.117199999978766 ], [ 993324.818451377446763, 974624.117199999978766 ], [ 993902.168720567016862, 973624.117199999978766 ], [ 993324.818451377446763, 972624.117199999978766 ], [ 992170.11791299819015, 972624.117199999978766 ], [ 991592.767643808620051, 973624.117199999978766 ] ] ] ] } },
{ "type": "Feature", "properties": { "id": 1091, "left": 991592.76764380862, "top": 972624.1172, "right": 993902.16872056702, "bottom": 970624.1172, "row_index": 26.0, "col_index": 19.0, "Rutas_I": 1, "Km_I": 12.0, "Rutas_F": 0, "KM_F": 0, "Horas_I": 2, "Horas_F": 0, "Veh_I_BUS": 0, "Veh_I_BUSETA": 0, "Veh_I_MICROBUS": 1, "Veh_I_CAMIONETA": 0, "Km_I_Bus": 0.0, "Km_I_BUSETA": 0.0, "Km_I_MICROBUS": 12.0, "Km_I_CAMIONETA": 0.0, "Veh_F_BUS": 0.0, "Veh_F_BUSETA": 0, "Veh_F_MICROBUS": 0, "Veh_F_CAMIONETA": 0, "Km_F_Bus": 0, "Km_F_BUSETA": 0, "Km_F_MICROBUS": 0, "Km_F_CAMIONETA": 0, "Ho_I_Bus": 0, "Ho_I_BUSETA": 0, "Ho_I_MICROBUS": 2, "Ho_I_CAMIONETA": 0, "Ho_F_Bus": 0, "Ho_F_BUSETA": 0, "Ho_F_MICROBUS": 12, "Ho_F_CAMIONETA": 0, "Ben_I_Bus": 0, "Ben_I_BUSETA": 0, "Ben_I_MICROBUS": 8, "Ben_I_CAMIONETA": 0, "Ben_F_Bus": 0, "Ben_F_BUSETA": 0, "Ben_F_MICROBUS": 0, "Ben_F_CAMIONETA": 0, "Rutas_I_Bus": 0, "Rutas_I_BUSETA": 0, "Rutas_I_MICROBUS": 1, "Rutas_I_CAMIONETA": 0, "Rutas_F_Bus": 0, "Rutas_F_BUSETA": 0, "Rutas_F_MICROBUS": 0, "Rutas_F_CAMIONETA": 0, "nom_patio": null, "Id_2": null }, "geometry": { "type": "MultiPolygon", "coordinates": [ [ [ [ 991592.767643808620051, 971624.117199999978766 ], [ 992170.11791299819015, 972624.117199999978766 ], [ 993324.818451377446763, 972624.117199999978766 ], [ 993902.168720567016862, 971624.117199999978766 ], [ 993324.818451377446763, 970624.117199999978766 ], [ 992170.11791299819015, 970624.117199999978766 ], [ 991592.767643808620051, 971624.117199999978766 ] ] ] ] } },
{ "type": "Feature", "properties": { "id": 1097, "left": 991592.76764380862, "top": 960624.1172, "right": 993902.16872056702, "bottom": 958624.1172, "row_index": 32.0, "col_index": 19.0, "Rutas_I": 2, "Km_I": 35.0, "Rutas_F": 0, "KM_F": 0, "Horas_I": 6, "Horas_F": 0, "Veh_I_BUS": 0, "Veh_I_BUSETA": 1, "Veh_I_MICROBUS": 1, "Veh_I_CAMIONETA": 0, "Km_I_Bus": 0.0, "Km_I_BUSETA": 23.0, "Km_I_MICROBUS": 12.0, "Km_I_CAMIONETA": 0.0, "Veh_F_BUS": 0.0, "Veh_F_BUSETA": 0, "Veh_F_MICROBUS": 0, "Veh_F_CAMIONETA": 0, "Km_F_Bus": 0, "Km_F_BUSETA": 0, "Km_F_MICROBUS": 0, "Km_F_CAMIONETA": 0, "Ho_I_Bus": 0, "Ho_I_BUSETA": 4, "Ho_I_MICROBUS": 2, "Ho_I_CAMIONETA": 0, "Ho_F_Bus": 0, "Ho_F_BUSETA": 23, "Ho_F_MICROBUS": 12, "Ho_F_CAMIONETA": 0, "Ben_I_Bus": 0, "Ben_I_BUSETA": 24, "Ben_I_MICROBUS": 11, "Ben_I_CAMIONETA": 0, "Ben_F_Bus": 0, "Ben_F_BUSETA": 0, "Ben_F_MICROBUS": 0, "Ben_F_CAMIONETA": 0, "Rutas_I_Bus": 0, "Rutas_I_BUSETA": 1, "Rutas_I_MICROBUS": 1, "Rutas_I_CAMIONETA": 0, "Rutas_F_Bus": 0, "Rutas_F_BUSETA": 0, "Rutas_F_MICROBUS": 0, "Rutas_F_CAMIONETA": 0, "nom_patio": null, "Id_2": null }, "geometry": { "type": "MultiPolygon", "coordinates": [ [ [ [ 991592.767643808620051, 959624.117199999978766 ], [ 992170.11791299819015, 960624.117199999978766 ], [ 993324.818451377446763, 960624.117199999978766 ], [ 993902.168720567016862, 959624.117199999978766 ], [ 993324.818451377446763, 958624.117199999978766 ], [ 992170.11791299819015, 958624.117199999978766 ], [ 991592.767643808620051, 959624.117199999978766 ] ] ] ] } },
{ "type": "Feature", "properties": { "id": 1098, "left": 991592.76764380862, "top": 958624.1172, "right": 993902.16872056702, "bottom": 956624.1172, "row_index": 33.0, "col_index": 19.0, "Rutas_I": 1, "Km_I": 17.0, "Rutas_F": 2, "KM_F": 35, "Horas_I": 2, "Horas_F": 6, "Veh_I_BUS": 0, "Veh_I_BUSETA": 0, "Veh_I_MICROBUS": 1, "Veh_I_CAMIONETA": 0, "Km_I_Bus": 0.0, "Km_I_BUSETA": 0.0, "Km_I_MICROBUS": 17.0, "Km_I_CAMIONETA": 0.0, "Veh_F_BUS": 0.0, "Veh_F_BUSETA": 1, "Veh_F_MICROBUS": 1, "Veh_F_CAMIONETA": 0, "Km_F_Bus": 0, "Km_F_BUSETA": 23, "Km_F_MICROBUS": 12, "Km_F_CAMIONETA": 0, "Ho_I_Bus": 0, "Ho_I_BUSETA": 4, "Ho_I_MICROBUS": 4, "Ho_I_CAMIONETA": 0, "Ho_F_Bus": 0, "Ho_F_BUSETA": 0, "Ho_F_MICROBUS": 17, "Ho_F_CAMIONETA": 0, "Ben_I_Bus": 0, "Ben_I_BUSETA": 0, "Ben_I_MICROBUS": 5, "Ben_I_CAMIONETA": 0, "Ben_F_Bus": 0, "Ben_F_BUSETA": 23, "Ben_F_MICROBUS": 7, "Ben_F_CAMIONETA": 0, "Rutas_I_Bus": 0, "Rutas_I_BUSETA": 0, "Rutas_I_MICROBUS": 1, "Rutas_I_CAMIONETA": 0, "Rutas_F_Bus": 0, "Rutas_F_BUSETA": 1, "Rutas_F_MICROBUS": 1, "Rutas_F_CAMIONETA": 0, "nom_patio": null, "Id_2": null }, "geometry": { "type": "MultiPolygon", "coordinates": [ [ [ [ 991592.767643808620051, 957624.117199999978766 ], [ 992170.11791299819015, 958624.117199999978766 ], [ 993324.818451377446763, 958624.117199999978766 ], [ 993902.168720567016862, 957624.117199999978766 ], [ 993324.818451377446763, 956624.117199999978766 ], [ 992170.11791299819015, 956624.117199999978766 ], [ 991592.767643808620051, 957624.117199999978766 ] ] ] ] } },
{ "type": "Feature", "properties": { "id": 1099, "left": 991592.76764380862, "top": 956624.1172, "right": 993902.16872056702, "bottom": 954624.1172, "row_index": 34.0, "col_index": 19.0, "Rutas_I": 1, "Km_I": 12.0, "Rutas_F": 3, "KM_F": 28, "Horas_I": 2, "Horas_F": 8, "Veh_I_BUS": 0, "Veh_I_BUSETA": 0, "Veh_I_MICROBUS": 1, "Veh_I_CAMIONETA": 0, "Km_I_Bus": 0.0, "Km_I_BUSETA": 0.0, "Km_I_MICROBUS": 12.0, "Km_I_CAMIONETA": 0.0, "Veh_F_BUS": 0.0, "Veh_F_BUSETA": 0, "Veh_F_MICROBUS": 2, "Veh_F_CAMIONETA": 1, "Km_F_Bus": 0, "Km_F_BUSETA": 0, "Km_F_MICROBUS": 23, "Km_F_CAMIONETA": 4, "Ho_I_Bus": 0, "Ho_I_BUSETA": 0, "Ho_I_MICROBUS": 8, "Ho_I_CAMIONETA": 2, "Ho_F_Bus": 0, "Ho_F_BUSETA": 0, "Ho_F_MICROBUS": 12, "Ho_F_CAMIONETA": 0, "Ben_I_Bus": 0, "Ben_I_BUSETA": 0, "Ben_I_MICROBUS": 7, "Ben_I_CAMIONETA": 0, "Ben_F_Bus": 0, "Ben_F_BUSETA": 0, "Ben_F_MICROBUS": 28, "Ben_F_CAMIONETA": 5, "Rutas_I_Bus": 0, "Rutas_I_BUSETA": 0, "Rutas_I_MICROBUS": 1, "Rutas_I_CAMIONETA": 0, "Rutas_F_Bus": 0, "Rutas_F_BUSETA": 0, "Rutas_F_MICROBUS": 2, "Rutas_F_CAMIONETA": 1, "nom_patio": null, "Id_2": null }, "geometry": { "type": "MultiPolygon", "coordinates": [ [ [ [ 991592.767643808620051, 955624.117199999978766 ], [ 992170.11791299819015, 956624.117199999978766 ], [ 993324.818451377446763, 956624.117199999978766 ], [ 993902.168720567016862, 955624.117199999978766 ], [ 993324.818451377446763, 954624.117199999978766 ], [ 992170.11791299819015, 954624.117199999978766 ], [ 991592.767643808620051, 955624.117199999978766 ] ] ] ] } },
{ "type": "Feature", "properties": { "id": 1100, "left": 991592.76764380862, "top": 954624.1172, "right": 993902.16872056702, "bottom": 952624.1172, "row_index": 35.0, "col_index": 19.0, "Rutas_I": 1, "Km_I": 4.0, "Rutas_F": 3, "KM_F": 28, "Horas_I": 2, "Horas_F": 6, "Veh_I_BUS": 0, "Veh_I_BUSETA": 0, "Veh_I_MICROBUS": 0, "Veh_I_CAMIONETA": 1, "Km_I_Bus": 0.0, "Km_I_BUSETA": 0.0, "Km_I_MICROBUS": 0.0, "Km_I_CAMIONETA": 4.0, "Veh_F_BUS": 1.0, "Veh_F_BUSETA": 0, "Veh_F_MICROBUS": 1, "Veh_F_CAMIONETA": 1, "Km_F_Bus": 6, "Km_F_BUSETA": 0, "Km_F_MICROBUS": 7, "Km_F_CAMIONETA": 15, "Ho_I_Bus": 0, "Ho_I_BUSETA": 0, "Ho_I_MICROBUS": 0, "Ho_I_CAMIONETA": 4, "Ho_F_Bus": 0, "Ho_F_BUSETA": 0, "Ho_F_MICROBUS": 0, "Ho_F_CAMIONETA": 4, "Ben_I_Bus": 0, "Ben_I_BUSETA": 0, "Ben_I_MICROBUS": 0, "Ben_I_CAMIONETA": 5, "Ben_F_Bus": 32, "Ben_F_BUSETA": 0, "Ben_F_MICROBUS": 5, "Ben_F_CAMIONETA": 2, "Rutas_I_Bus": 0, "Rutas_I_BUSETA": 0, "Rutas_I_MICROBUS": 0, "Rutas_I_CAMIONETA": 1, "Rutas_F_Bus": 1, "Rutas_F_BUSETA": 0, "Rutas_F_MICROBUS": 1, "Rutas_F_CAMIONETA": 1, "nom_patio": null, "Id_2": null }, "geometry": { "type": "MultiPolygon", "coordinates": [ [ [ [ 991592.767643808620051, 953624.117199999978766 ], [ 992170.11791299819015, 954624.117199999978766 ], [ 993324.818451377446763, 954624.117199999978766 ], [ 993902.168720567016862, 953624.117199999978766 ], [ 993324.818451377446763, 952624.117199999978766 ], [ 992170.11791299819015, 952624.117199999978766 ], [ 991592.767643808620051, 953624.117199999978766 ] ] ] ] } },
{ "type": "Feature", "properties": { "id": 1125, "left": 993324.81845137756, "top": 1017624.1172, "right": 995634.21952813584, "bottom": 1015624.1172, "row_index": 4.0, "col_index": 20.0, "Rutas_I": 84, "Km_I": 892.0, "Rutas_F": 0, "KM_F": 0, "Horas_I": 177, "Horas_F": 0, "Veh_I_BUS": 19, "Veh_I_BUSETA": 9, "Veh_I_MICROBUS": 22, "Veh_I_CAMIONETA": 1, "Km_I_Bus": 303.0, "Km_I_BUSETA": 171.0, "Km_I_MICROBUS": 387.0, "Km_I_CAMIONETA": 31.0, "Veh_F_BUS": 0.0, "Veh_F_BUSETA": 0, "Veh_F_MICROBUS": 0, "Veh_F_CAMIONETA": 0, "Km_F_Bus": 0, "Km_F_BUSETA": 0, "Km_F_MICROBUS": 0, "Km_F_CAMIONETA": 0, "Ho_I_Bus": 63, "Ho_I_BUSETA": 42, "Ho_I_MICROBUS": 70, "Ho_I_CAMIONETA": 4, "Ho_F_Bus": 303, "Ho_F_BUSETA": 171, "Ho_F_MICROBUS": 387, "Ho_F_CAMIONETA": 31, "Ben_I_Bus": 1021, "Ben_I_BUSETA": 473, "Ben_I_MICROBUS": 388, "Ben_I_CAMIONETA": 8, "Ben_F_Bus": 0, "Ben_F_BUSETA": 0, "Ben_F_MICROBUS": 0, "Ben_F_CAMIONETA": 0, "Rutas_I_Bus": 29, "Rutas_I_BUSETA": 21, "Rutas_I_MICROBUS": 32, "Rutas_I_CAMIONETA": 2, "Rutas_F_Bus": 0, "Rutas_F_BUSETA": 0, "Rutas_F_MICROBUS": 0, "Rutas_F_CAMIONETA": 0, "nom_patio": null, "Id_2": null }, "geometry": { "type": "MultiPolygon", "coordinates": [ [ [ [ 993324.818451377563179, 1016624.1172 ], [ 993902.168720567133278, 1017624.1172 ], [ 995056.869258946389891, 1017624.1172 ], [ 995634.21952813595999, 1016624.1172 ], [ 995056.869258946389891, 1015624.1172 ], [ 993902.168720567133278, 1015624.1172 ], [ 993324.818451377563179, 1016624.1172 ] ] ] ] } },
{ "type": "Feature", "properties": { "id": 1126, "left": 993324.81845137756, "top": 1015624.1172, "right": 995634.21952813584, "bottom": 1013624.1172, "row_index": 5.0, "col_index": 20.0, "Rutas_I": 6, "Km_I": 73.0, "Rutas_F": 0, "KM_F": 0, "Horas_I": 12, "Horas_F": 0, "Veh_I_BUS": 0, "Veh_I_BUSETA": 1, "Veh_I_MICROBUS": 3, "Veh_I_CAMIONETA": 0, "Km_I_Bus": 0.0, "Km_I_BUSETA": 28.0, "Km_I_MICROBUS": 45.0, "Km_I_CAMIONETA": 0.0, "Veh_F_BUS": 0.0, "Veh_F_BUSETA": 0, "Veh_F_MICROBUS": 0, "Veh_F_CAMIONETA": 0, "Km_F_Bus": 0, "Km_F_BUSETA": 0, "Km_F_MICROBUS": 0, "Km_F_CAMIONETA": 0, "Ho_I_Bus": 0, "Ho_I_BUSETA": 4, "Ho_I_MICROBUS": 8, "Ho_I_CAMIONETA": 0, "Ho_F_Bus": 0, "Ho_F_BUSETA": 28, "Ho_F_MICROBUS": 45, "Ho_F_CAMIONETA": 0, "Ben_I_Bus": 0, "Ben_I_BUSETA": 50, "Ben_I_MICROBUS": 52, "Ben_I_CAMIONETA": 0, "Ben_F_Bus": 0, "Ben_F_BUSETA": 0, "Ben_F_MICROBUS": 0, "Ben_F_CAMIONETA": 0, "Rutas_I_Bus": 0, "Rutas_I_BUSETA": 2, "Rutas_I_MICROBUS": 4, "Rutas_I_CAMIONETA": 0, "Rutas_F_Bus": 0, "Rutas_F_BUSETA": 0, "Rutas_F_MICROBUS": 0, "Rutas_F_CAMIONETA": 0, "nom_patio": null, "Id_2": null }, "geometry": { "type": "MultiPolygon", "coordinates": [ [ [ [ 993324.818451377563179, 1014624.1172 ], [ 993902.168720567133278, 1015624.1172 ], [ 995056.869258946389891, 1015624.1172 ], [ 995634.21952813595999, 1014624.1172 ], [ 995056.869258946389891, 1013624.1172 ], [ 993902.168720567133278, 1013624.1172 ], [ 993324.818451377563179, 1014624.1172 ] ] ] ] } },
{ "type": "Feature", "properties": { "id": 1131, "left": 993324.81845137756, "top": 1005624.1172, "right": 995634.21952813584, "bottom": 1003624.1172, "row_index": 10.0, "col_index": 20.0, "Rutas_I": 2, "Km_I": 9.0, "Rutas_F": 2, "KM_F": 21, "Horas_I": 4, "Horas_F": 4, "Veh_I_BUS": 1, "Veh_I_BUSETA": 0, "Veh_I_MICROBUS": 1, "Veh_I_CAMIONETA": 0, "Km_I_Bus": 5.0, "Km_I_BUSETA": 0.0, "Km_I_MICROBUS": 5.0, "Km_I_CAMIONETA": 0.0, "Veh_F_BUS": 1.0, "Veh_F_BUSETA": 0, "Veh_F_MICROBUS": 1, "Veh_F_CAMIONETA": 0, "Km_F_Bus": 11, "Km_F_BUSETA": 0, "Km_F_MICROBUS": 10, "Km_F_CAMIONETA": 0, "Ho_I_Bus": 4, "Ho_I_BUSETA": 0, "Ho_I_MICROBUS": 8, "Ho_I_CAMIONETA": 0, "Ho_F_Bus": 5, "Ho_F_BUSETA": 0, "Ho_F_MICROBUS": 5, "Ho_F_CAMIONETA": 0, "Ben_I_Bus": 16, "Ben_I_BUSETA": 0, "Ben_I_MICROBUS": 8, "Ben_I_CAMIONETA": 0, "Ben_F_Bus": 20, "Ben_F_BUSETA": 0, "Ben_F_MICROBUS": 12, "Ben_F_CAMIONETA": 0, "Rutas_I_Bus": 1, "Rutas_I_BUSETA": 0, "Rutas_I_MICROBUS": 1, "Rutas_I_CAMIONETA": 0, "Rutas_F_Bus": 1, "Rutas_F_BUSETA": 0, "Rutas_F_MICROBUS": 1, "Rutas_F_CAMIONETA": 0, "nom_patio": null, "Id_2": null }, "geometry": { "type": "MultiPolygon", "coordinates": [ [ [ [ 993324.818451377563179, 1004624.1172 ], [ 993902.168720567133278, 1005624.1172 ], [ 995056.869258946389891, 1005624.1172 ], [ 995634.21952813595999, 1004624.1172 ], [ 995056.869258946389891, 1003624.1172 ], [ 993902.168720567133278, 1003624.1172 ], [ 993324.818451377563179, 1004624.1172 ] ] ] ] } },
{ "type": "Feature", "properties": { "id": 1132, "left": 993324.81845137756, "top": 1003624.1172, "right": 995634.21952813584, "bottom": 1001624.1172, "row_index": 11.0, "col_index": 20.0, "Rutas_I": 2, "Km_I": 11.0, "Rutas_F": 0, "KM_F": 0, "Horas_I": 4, "Horas_F": 0, "Veh_I_BUS": 0, "Veh_I_BUSETA": 0, "Veh_I_MICROBUS": 2, "Veh_I_CAMIONETA": 0, "Km_I_Bus": 0.0, "Km_I_BUSETA": 0.0, "Km_I_MICROBUS": 11.0, "Km_I_CAMIONETA": 0.0, "Veh_F_BUS": 0.0, "Veh_F_BUSETA": 0, "Veh_F_MICROBUS": 0, "Veh_F_CAMIONETA": 0, "Km_F_Bus": 0, "Km_F_BUSETA": 0, "Km_F_MICROBUS": 0, "Km_F_CAMIONETA": 0, "Ho_I_Bus": 0, "Ho_I_BUSETA": 4, "Ho_I_MICROBUS": 4, "Ho_I_CAMIONETA": 0, "Ho_F_Bus": 0, "Ho_F_BUSETA": 0, "Ho_F_MICROBUS": 11, "Ho_F_CAMIONETA": 0, "Ben_I_Bus": 0, "Ben_I_BUSETA": 0, "Ben_I_MICROBUS": 14, "Ben_I_CAMIONETA": 0, "Ben_F_Bus": 0, "Ben_F_BUSETA": 0, "Ben_F_MICROBUS": 0, "Ben_F_CAMIONETA": 0, "Rutas_I_Bus": 0, "Rutas_I_BUSETA": 0, "Rutas_I_MICROBUS": 2, "Rutas_I_CAMIONETA": 0, "Rutas_F_Bus": 0, "Rutas_F_BUSETA": 0, "Rutas_F_MICROBUS": 0, "Rutas_F_CAMIONETA": 0, "nom_patio": null, "Id_2": null }, "geometry": { "type": "MultiPolygon", "coordinates": [ [ [ [ 993324.818451377563179, 1002624.1172 ], [ 993902.168720567133278, 1003624.1172 ], [ 995056.869258946389891, 1003624.1172 ], [ 995634.21952813595999, 1002624.1172 ], [ 995056.869258946389891, 1001624.1172 ], [ 993902.168720567133278, 1001624.1172 ], [ 993324.818451377563179, 1002624.1172 ] ] ] ] } },
{ "type": "Feature", "properties": { "id": 1133, "left": 993324.81845137756, "top": 1001624.1172, "right": 995634.21952813584, "bottom": 999624.1172, "row_index": 12.0, "col_index": 20.0, "Rutas_I": 1, "Km_I": 16.0, "Rutas_F": 6, "KM_F": 86, "Horas_I": 4, "Horas_F": 14, "Veh_I_BUS": 0, "Veh_I_BUSETA": 1, "Veh_I_MICROBUS": 0, "Veh_I_CAMIONETA": 0, "Km_I_Bus": 0.0, "Km_I_BUSETA": 16.0, "Km_I_MICROBUS": 0.0, "Km_I_CAMIONETA": 0.0, "Veh_F_BUS": 2.0, "Veh_F_BUSETA": 0, "Veh_F_MICROBUS": 3, "Veh_F_CAMIONETA": 0, "Km_F_Bus": 26, "Km_F_BUSETA": 0, "Km_F_MICROBUS": 60, "Km_F_CAMIONETA": 0, "Ho_I_Bus": 4, "Ho_I_BUSETA": 4, "Ho_I_MICROBUS": 10, "Ho_I_CAMIONETA": 0, "Ho_F_Bus": 0, "Ho_F_BUSETA": 16, "Ho_F_MICROBUS": 0, "Ho_F_CAMIONETA": 0, "Ben_I_Bus": 0, "Ben_I_BUSETA": 24, "Ben_I_MICROBUS": 0, "Ben_I_CAMIONETA": 0, "Ben_F_Bus": 72, "Ben_F_BUSETA": 0, "Ben_F_MICROBUS": 43, "Ben_F_CAMIONETA": 0, "Rutas_I_Bus": 0, "Rutas_I_BUSETA": 1, "Rutas_I_MICROBUS": 0, "Rutas_I_CAMIONETA": 0, "Rutas_F_Bus": 2, "Rutas_F_BUSETA": 0, "Rutas_F_MICROBUS": 4, "Rutas_F_CAMIONETA": 0, "nom_patio": null, "Id_2": null }, "geometry": { "type": "MultiPolygon", "coordinates": [ [ [ [ 993324.818451377563179, 1000624.1172 ], [ 993902.168720567133278, 1001624.1172 ], [ 995056.869258946389891, 1001624.1172 ], [ 995634.21952813595999, 1000624.1172 ], [ 995056.869258946389891, 999624.117199999978766 ], [ 993902.168720567133278, 999624.117199999978766 ], [ 993324.818451377563179, 1000624.1172 ] ] ] ] } },
{ "type": "Feature", "properties": { "id": 1134, "left": 993324.81845137756, "top": 999624.1172, "right": 995634.21952813584, "bottom": 997624.1172, "row_index": 13.0, "col_index": 20.0, "Rutas_I": 0, "Km_I": 0.0, "Rutas_F": 88, "KM_F": 787, "Horas_I": 0, "Horas_F": 176, "Veh_I_BUS": 0, "Veh_I_BUSETA": 0, "Veh_I_MICROBUS": 0, "Veh_I_CAMIONETA": 0, "Km_I_Bus": 0.0, "Km_I_BUSETA": 0.0, "Km_I_MICROBUS": 0.0, "Km_I_CAMIONETA": 0.0, "Veh_F_BUS": 16.0, "Veh_F_BUSETA": 13, "Veh_F_MICROBUS": 22, "Veh_F_CAMIONETA": 1, "Km_F_Bus": 186, "Km_F_BUSETA": 274, "Km_F_MICROBUS": 311, "Km_F_CAMIONETA": 16, "Ho_I_Bus": 48, "Ho_I_BUSETA": 60, "Ho_I_MICROBUS": 64, "Ho_I_CAMIONETA": 4, "Ho_F_Bus": 0, "Ho_F_BUSETA": 0, "Ho_F_MICROBUS": 0, "Ho_F_CAMIONETA": 0, "Ben_I_Bus": 0, "Ben_I_BUSETA": 0, "Ben_I_MICROBUS": 0, "Ben_I_CAMIONETA": 0, "Ben_F_Bus": 867, "Ben_F_BUSETA": 712, "Ben_F_MICROBUS": 397, "Ben_F_CAMIONETA": 9, "Rutas_I_Bus": 0, "Rutas_I_BUSETA": 0, "Rutas_I_MICROBUS": 0, "Rutas_I_CAMIONETA": 0, "Rutas_F_Bus": 24, "Rutas_F_BUSETA": 30, "Rutas_F_MICROBUS": 32, "Rutas_F_CAMIONETA": 2, "nom_patio": null, "Id_2": null }, "geometry": { "type": "MultiPolygon", "coordinates": [ [ [ [ 993324.818451377563179, 998624.117199999978766 ], [ 993902.168720567133278, 999624.117199999978766 ], [ 995056.869258946389891, 999624.117199999978766 ], [ 995634.21952813595999, 998624.117199999978766 ], [ 995056.869258946389891, 997624.117199999978766 ], [ 993902.168720567133278, 997624.117199999978766 ], [ 993324.818451377563179, 998624.117199999978766 ] ] ] ] } },
{ "type": "Feature", "properties": { "id": 1135, "left": 993324.81845137756, "top": 997624.1172, "right": 995634.21952813584, "bottom": 995624.1172, "row_index": 14.0, "col_index": 20.0, "Rutas_I": 5, "Km_I": 23.0, "Rutas_F": 5, "KM_F": 35, "Horas_I": 10, "Horas_F": 10, "Veh_I_BUS": 1, "Veh_I_BUSETA": 1, "Veh_I_MICROBUS": 1, "Veh_I_CAMIONETA": 1, "Km_I_Bus": 11.0, "Km_I_BUSETA": 7.0, "Km_I_MICROBUS": 3.0, "Km_I_CAMIONETA": 2.0, "Veh_F_BUS": 1.0, "Veh_F_BUSETA": 1, "Veh_F_MICROBUS": 3, "Veh_F_CAMIONETA": 0, "Km_F_Bus": 9, "Km_F_BUSETA": 10, "Km_F_MICROBUS": 17, "Km_F_CAMIONETA": 0, "Ho_I_Bus": 6, "Ho_I_BUSETA": 10, "Ho_I_MICROBUS": 10, "Ho_I_CAMIONETA": 2, "Ho_F_Bus": 11, "Ho_F_BUSETA": 7, "Ho_F_MICROBUS": 3, "Ho_F_CAMIONETA": 2, "Ben_I_Bus": 34, "Ben_I_BUSETA": 25, "Ben_I_MICROBUS": 11, "Ben_I_CAMIONETA": 1, "Ben_F_Bus": 34, "Ben_F_BUSETA": 20, "Ben_F_MICROBUS": 34, "Ben_F_CAMIONETA": 0, "Rutas_I_Bus": 1, "Rutas_I_BUSETA": 2, "Rutas_I_MICROBUS": 1, "Rutas_I_CAMIONETA": 1, "Rutas_F_Bus": 1, "Rutas_F_BUSETA": 1, "Rutas_F_MICROBUS": 3, "Rutas_F_CAMIONETA": 0, "nom_patio": null, "Id_2": null }, "geometry": { "type": "MultiPolygon", "coordinates": [ [ [ [ 993324.818451377563179, 996624.117199999978766 ], [ 993902.168720567133278, 997624.117199999978766 ], [ 995056.869258946389891, 997624.117199999978766 ], [ 995634.21952813595999, 996624.117199999978766 ], [ 995056.869258946389891, 995624.117199999978766 ], [ 993902.168720567133278, 995624.117199999978766 ], [ 993324.818451377563179, 996624.117199999978766 ] ] ] ] } },
{ "type": "Feature", "properties": { "id": 1136, "left": 993324.81845137756, "top": 995624.1172, "right": 995634.21952813584, "bottom": 993624.1172, "row_index": 15.0, "col_index": 20.0, "Rutas_I": 1, "Km_I": 15.0, "Rutas_F": 1, "KM_F": 14, "Horas_I": 4, "Horas_F": 2, "Veh_I_BUS": 0, "Veh_I_BUSETA": 1, "Veh_I_MICROBUS": 0, "Veh_I_CAMIONETA": 0, "Km_I_Bus": 0.0, "Km_I_BUSETA": 15.0, "Km_I_MICROBUS": 0.0, "Km_I_CAMIONETA": 0.0, "Veh_F_BUS": 0.0, "Veh_F_BUSETA": 0, "Veh_F_MICROBUS": 1, "Veh_F_CAMIONETA": 0, "Km_F_Bus": 0, "Km_F_BUSETA": 0, "Km_F_MICROBUS": 14, "Km_F_CAMIONETA": 0, "Ho_I_Bus": 0, "Ho_I_BUSETA": 4, "Ho_I_MICROBUS": 2, "Ho_I_CAMIONETA": 0, "Ho_F_Bus": 0, "Ho_F_BUSETA": 15, "Ho_F_MICROBUS": 0, "Ho_F_CAMIONETA": 0, "Ben_I_Bus": 0, "Ben_I_BUSETA": 28, "Ben_I_MICROBUS": 0, "Ben_I_CAMIONETA": 0, "Ben_F_Bus": 0, "Ben_F_BUSETA": 0, "Ben_F_MICROBUS": 4, "Ben_F_CAMIONETA": 0, "Rutas_I_Bus": 0, "Rutas_I_BUSETA": 1, "Rutas_I_MICROBUS": 0, "Rutas_I_CAMIONETA": 0, "Rutas_F_Bus": 0, "Rutas_F_BUSETA": 0, "Rutas_F_MICROBUS": 1, "Rutas_F_CAMIONETA": 0, "nom_patio": null, "Id_2": null }, "geometry": { "type": "MultiPolygon", "coordinates": [ [ [ [ 993324.818451377563179, 994624.117199999978766 ], [ 993902.168720567133278, 995624.117199999978766 ], [ 995056.869258946389891, 995624.117199999978766 ], [ 995634.21952813595999, 994624.117199999978766 ], [ 995056.869258946389891, 993624.117199999978766 ], [ 993902.168720567133278, 993624.117199999978766 ], [ 993324.818451377563179, 994624.117199999978766 ] ] ] ] } },
{ "type": "Feature", "properties": { "id": 1137, "left": 993324.81845137756, "top": 993624.1172, "right": 995634.21952813584, "bottom": 991624.1172, "row_index": 16.0, "col_index": 20.0, "Rutas_I": 1, "Km_I": 14.0, "Rutas_F": 0, "KM_F": 0, "Horas_I": 2, "Horas_F": 0, "Veh_I_BUS": 1, "Veh_I_BUSETA": 0, "Veh_I_MICROBUS": 0, "Veh_I_CAMIONETA": 0, "Km_I_Bus": 14.0, "Km_I_BUSETA": 0.0, "Km_I_MICROBUS": 0.0, "Km_I_CAMIONETA": 0.0, "Veh_F_BUS": 0.0, "Veh_F_BUSETA": 0, "Veh_F_MICROBUS": 0, "Veh_F_CAMIONETA": 0, "Km_F_Bus": 0, "Km_F_BUSETA": 0, "Km_F_MICROBUS": 0, "Km_F_CAMIONETA": 0, "Ho_I_Bus": 2, "Ho_I_BUSETA": 0, "Ho_I_MICROBUS": 0, "Ho_I_CAMIONETA": 0, "Ho_F_Bus": 14, "Ho_F_BUSETA": 0, "Ho_F_MICROBUS": 0, "Ho_F_CAMIONETA": 0, "Ben_I_Bus": 39, "Ben_I_BUSETA": 0, "Ben_I_MICROBUS": 0, "Ben_I_CAMIONETA": 0, "Ben_F_Bus": 0, "Ben_F_BUSETA": 0, "Ben_F_MICROBUS": 0, "Ben_F_CAMIONETA": 0, "Rutas_I_Bus": 1, "Rutas_I_BUSETA": 0, "Rutas_I_MICROBUS": 0, "Rutas_I_CAMIONETA": 0, "Rutas_F_Bus": 0, "Rutas_F_BUSETA": 0, "Rutas_F_MICROBUS": 0, "Rutas_F_CAMIONETA": 0, "nom_patio": null, "Id_2": null }, "geometry": { "type": "MultiPolygon", "coordinates": [ [ [ [ 993324.818451377563179, 992624.117199999978766 ], [ 993902.168720567133278, 993624.117199999978766 ], [ 995056.869258946389891, 993624.117199999978766 ], [ 995634.21952813595999, 992624.117199999978766 ], [ 995056.869258946389891, 991624.117199999978766 ], [ 993902.168720567133278, 991624.117199999978766 ], [ 993324.818451377563179, 992624.117199999978766 ] ] ] ] } },
{ "type": "Feature", "properties": { "id": 1138, "left": 993324.81845137756, "top": 991624.1172, "right": 995634.21952813584, "bottom": 989624.1172, "row_index": 17.0, "col_index": 20.0, "Rutas_I": 2, "Km_I": 4.0, "Rutas_F": 0, "KM_F": 0, "Horas_I": 4, "Horas_F": 0, "Veh_I_BUS": 1, "Veh_I_BUSETA": 1, "Veh_I_MICROBUS": 0, "Veh_I_CAMIONETA": 0, "Km_I_Bus": 2.0, "Km_I_BUSETA": 2.0, "Km_I_MICROBUS": 0.0, "Km_I_CAMIONETA": 0.0, "Veh_F_BUS": 0.0, "Veh_F_BUSETA": 0, "Veh_F_MICROBUS": 0, "Veh_F_CAMIONETA": 0, "Km_F_Bus": 0, "Km_F_BUSETA": 0, "Km_F_MICROBUS": 0, "Km_F_CAMIONETA": 0, "Ho_I_Bus": 2, "Ho_I_BUSETA": 2, "Ho_I_MICROBUS": 0, "Ho_I_CAMIONETA": 0, "Ho_F_Bus": 2, "Ho_F_BUSETA": 2, "Ho_F_MICROBUS": 0, "Ho_F_CAMIONETA": 0, "Ben_I_Bus": 0, "Ben_I_BUSETA": 0, "Ben_I_MICROBUS": 0, "Ben_I_CAMIONETA": 0, "Ben_F_Bus": 0, "Ben_F_BUSETA": 0, "Ben_F_MICROBUS": 0, "Ben_F_CAMIONETA": 0, "Rutas_I_Bus": 1, "Rutas_I_BUSETA": 1, "Rutas_I_MICROBUS": 0, "Rutas_I_CAMIONETA": 0, "Rutas_F_Bus": 0, "Rutas_F_BUSETA": 0, "Rutas_F_MICROBUS": 0, "Rutas_F_CAMIONETA": 0, "nom_patio": null, "Id_2": null }, "geometry": { "type": "MultiPolygon", "coordinates": [ [ [ [ 993324.818451377563179, 990624.117199999978766 ], [ 993902.168720567133278, 991624.117199999978766 ], [ 995056.869258946389891, 991624.117199999978766 ], [ 995634.21952813595999, 990624.117199999978766 ], [ 995056.869258946389891, 989624.117199999978766 ], [ 993902.168720567133278, 989624.117199999978766 ], [ 993324.818451377563179, 990624.117199999978766 ] ] ] ] } },
{ "type": "Feature", "properties": { "id": 1147, "left": 993324.81845137756, "top": 973624.1172, "right": 995634.21952813584, "bottom": 971624.1172, "row_index": 26.0, "col_index": 20.0, "Rutas_I": 0, "Km_I": 0.0, "Rutas_F": 1, "KM_F": 17, "Horas_I": 0, "Horas_F": 2, "Veh_I_BUS": 0, "Veh_I_BUSETA": 0, "Veh_I_MICROBUS": 0, "Veh_I_CAMIONETA": 0, "Km_I_Bus": 0.0, "Km_I_BUSETA": 0.0, "Km_I_MICROBUS": 0.0, "Km_I_CAMIONETA": 0.0, "Veh_F_BUS": 0.0, "Veh_F_BUSETA": 1, "Veh_F_MICROBUS": 0, "Veh_F_CAMIONETA": 0, "Km_F_Bus": 0, "Km_F_BUSETA": 17, "Km_F_MICROBUS": 0, "Km_F_CAMIONETA": 0, "Ho_I_Bus": 0, "Ho_I_BUSETA": 2, "Ho_I_MICROBUS": 0, "Ho_I_CAMIONETA": 0, "Ho_F_Bus": 0, "Ho_F_BUSETA": 0, "Ho_F_MICROBUS": 0, "Ho_F_CAMIONETA": 0, "Ben_I_Bus": 0, "Ben_I_BUSETA": 0, "Ben_I_MICROBUS": 0, "Ben_I_CAMIONETA": 0, "Ben_F_Bus": 0, "Ben_F_BUSETA": 22, "Ben_F_MICROBUS": 0, "Ben_F_CAMIONETA": 0, "Rutas_I_Bus": 0, "Rutas_I_BUSETA": 0, "Rutas_I_MICROBUS": 0, "Rutas_I_CAMIONETA": 0, "Rutas_F_Bus": 0, "Rutas_F_BUSETA": 1, "Rutas_F_MICROBUS": 0, "Rutas_F_CAMIONETA": 0, "nom_patio": null, "Id_2": null }, "geometry": { "type": "MultiPolygon", "coordinates": [ [ [ [ 993324.818451377563179, 972624.117199999978766 ], [ 993902.168720567133278, 973624.117199999978766 ], [ 995056.869258946389891, 973624.117199999978766 ], [ 995634.21952813595999, 972624.117199999978766 ], [ 995056.869258946389891, 971624.117199999978766 ], [ 993902.168720567133278, 971624.117199999978766 ], [ 993324.818451377563179, 972624.117199999978766 ] ] ] ] } },
{ "type": "Feature", "properties": { "id": 1156, "left": 993324.81845137756, "top": 955624.1172, "right": 995634.21952813584, "bottom": 953624.1172, "row_index": 35.0, "col_index": 20.0, "Rutas_I": 2, "Km_I": 29.0, "Rutas_F": 1, "KM_F": null, "Horas_I": 8, "Horas_F": 2, "Veh_I_BUS": 0, "Veh_I_BUSETA": 1, "Veh_I_MICROBUS": 0, "Veh_I_CAMIONETA": 1, "Km_I_Bus": 0.0, "Km_I_BUSETA": 29.0, "Km_I_MICROBUS": 0.0, "Km_I_CAMIONETA": 0.889, "Veh_F_BUS": 0.0, "Veh_F_BUSETA": 0, "Veh_F_MICROBUS": 0, "Veh_F_CAMIONETA": 1, "Km_F_Bus": 0, "Km_F_BUSETA": 0, "Km_F_MICROBUS": 0, "Km_F_CAMIONETA": null, "Ho_I_Bus": 0, "Ho_I_BUSETA": 6, "Ho_I_MICROBUS": 0, "Ho_I_CAMIONETA": 4, "Ho_F_Bus": 0, "Ho_F_BUSETA": 29, "Ho_F_MICROBUS": 0, "Ho_F_CAMIONETA": null, "Ben_I_Bus": 0, "Ben_I_BUSETA": 27, "Ben_I_MICROBUS": 0, "Ben_I_CAMIONETA": 3, "Ben_F_Bus": 0, "Ben_F_BUSETA": 0, "Ben_F_MICROBUS": 0, "Ben_F_CAMIONETA": 3, "Rutas_I_Bus": 0, "Rutas_I_BUSETA": 1, "Rutas_I_MICROBUS": 0, "Rutas_I_CAMIONETA": 1, "Rutas_F_Bus": 0, "Rutas_F_BUSETA": 0, "Rutas_F_MICROBUS": 0, "Rutas_F_CAMIONETA": 1, "nom_patio": null, "Id_2": null }, "geometry": { "type": "MultiPolygon", "coordinates": [ [ [ [ 993324.818451377563179, 954624.117199999978766 ], [ 993902.168720567133278, 955624.117199999978766 ], [ 995056.869258946389891, 955624.117199999978766 ], [ 995634.21952813595999, 954624.117199999978766 ], [ 995056.869258946389891, 953624.117199999978766 ], [ 993902.168720567133278, 953624.117199999978766 ], [ 993324.818451377563179, 954624.117199999978766 ] ] ] ] } },
{ "type": "Feature", "properties": { "id": 1181, "left": 995056.86925894639, "top": 1016624.1172, "right": 997366.27033570479, "bottom": 1014624.1172, "row_index": 4.0, "col_index": 21.0, "Rutas_I": 36, "Km_I": 423.0, "Rutas_F": 15, "KM_F": null, "Horas_I": 76, "Horas_F": 34, "Veh_I_BUS": 7, "Veh_I_BUSETA": 4, "Veh_I_MICROBUS": 11, "Veh_I_CAMIONETA": 1, "Km_I_Bus": 111.0, "Km_I_BUSETA": 110.98, "Km_I_MICROBUS": 180.0, "Km_I_CAMIONETA": 21.0, "Veh_F_BUS": 2.0, "Veh_F_BUSETA": 4, "Veh_F_MICROBUS": 3, "Veh_F_CAMIONETA": 1, "Km_F_Bus": 8, "Km_F_BUSETA": 51, "Km_F_MICROBUS": 46, "Km_F_CAMIONETA": 20, "Ho_I_Bus": 24, "Ho_I_BUSETA": 40, "Ho_I_MICROBUS": 42, "Ho_I_CAMIONETA": 10, "Ho_F_Bus": 111, "Ho_F_BUSETA": null, "Ho_F_MICROBUS": 180, "Ho_F_CAMIONETA": 21, "Ben_I_Bus": 349, "Ben_I_BUSETA": 219, "Ben_I_MICROBUS": 233, "Ben_I_CAMIONETA": 9, "Ben_F_Bus": 71, "Ben_F_BUSETA": 169, "Ben_F_MICROBUS": 52, "Ben_F_CAMIONETA": 6, "Rutas_I_Bus": 10, "Rutas_I_BUSETA": 9, "Rutas_I_MICROBUS": 15, "Rutas_I_CAMIONETA": 2, "Rutas_F_Bus": 2, "Rutas_F_BUSETA": 8, "Rutas_F_MICROBUS": 4, "Rutas_F_CAMIONETA": 1, "nom_patio": null, "Id_2": null }, "geometry": { "type": "MultiPolygon", "coordinates": [ [ [ [ 995056.869258946389891, 1015624.1172 ], [ 995634.21952813595999, 1016624.1172 ], [ 996788.920066515216604, 1016624.1172 ], [ 997366.270335704786703, 1015624.1172 ], [ 996788.920066515216604, 1014624.1172 ], [ 995634.21952813595999, 1014624.1172 ], [ 995056.869258946389891, 1015624.1172 ] ] ] ] } },
{ "type": "Feature", "properties": { "id": 1182, "left": 995056.86925894639, "top": 1014624.1172, "right": 997366.27033570479, "bottom": 1012624.1172, "row_index": 5.0, "col_index": 21.0, "Rutas_I": 1, "Km_I": 11.0, "Rutas_F": 0, "KM_F": 0, "Horas_I": 2, "Horas_F": 0, "Veh_I_BUS": 0, "Veh_I_BUSETA": 0, "Veh_I_MICROBUS": 1, "Veh_I_CAMIONETA": 0, "Km_I_Bus": 0.0, "Km_I_BUSETA": 0.0, "Km_I_MICROBUS": 11.0, "Km_I_CAMIONETA": 0.0, "Veh_F_BUS": 0.0, "Veh_F_BUSETA": 0, "Veh_F_MICROBUS": 0, "Veh_F_CAMIONETA": 0, "Km_F_Bus": 0, "Km_F_BUSETA": 0, "Km_F_MICROBUS": 0, "Km_F_CAMIONETA": 0, "Ho_I_Bus": 0, "Ho_I_BUSETA": 0, "Ho_I_MICROBUS": 2, "Ho_I_CAMIONETA": 0, "Ho_F_Bus": 0, "Ho_F_BUSETA": 0, "Ho_F_MICROBUS": 11, "Ho_F_CAMIONETA": 0, "Ben_I_Bus": 0, "Ben_I_BUSETA": 0, "Ben_I_MICROBUS": 5, "Ben_I_CAMIONETA": 0, "Ben_F_Bus": 0, "Ben_F_BUSETA": 0, "Ben_F_MICROBUS": 0, "Ben_F_CAMIONETA": 0, "Rutas_I_Bus": 0, "Rutas_I_BUSETA": 0, "Rutas_I_MICROBUS": 1, "Rutas_I_CAMIONETA": 0, "Rutas_F_Bus": 0, "Rutas_F_BUSETA": 0, "Rutas_F_MICROBUS": 0, "Rutas_F_CAMIONETA": 0, "nom_patio": null, "Id_2": null }, "geometry": { "type": "MultiPolygon", "coordinates": [ [ [ [ 995056.869258946389891, 1013624.1172 ], [ 995634.21952813595999, 1014624.1172 ], [ 996788.920066515216604, 1014624.1172 ], [ 997366.270335704786703, 1013624.1172 ], [ 996788.920066515216604, 1012624.1172 ], [ 995634.21952813595999, 1012624.1172 ], [ 995056.869258946389891, 1013624.1172 ] ] ] ] } },
{ "type": "Feature", "properties": { "id": 1186, "left": 995056.86925894639, "top": 1006624.1172, "right": 997366.27033570479, "bottom": 1004624.1172, "row_index": 9.0, "col_index": 21.0, "Rutas_I": 0, "Km_I": 0.0, "Rutas_F": 0, "KM_F": 0, "Horas_I": 0, "Horas_F": 0, "Veh_I_BUS": 0, "Veh_I_BUSETA": 0, "Veh_I_MICROBUS": 0, "Veh_I_CAMIONETA": 0, "Km_I_Bus": 0.0, "Km_I_BUSETA": 0.0, "Km_I_MICROBUS": 0.0, "Km_I_CAMIONETA": 0.0, "Veh_F_BUS": 0.0, "Veh_F_BUSETA": 0, "Veh_F_MICROBUS": 0, "Veh_F_CAMIONETA": 0, "Km_F_Bus": 0, "Km_F_BUSETA": 0, "Km_F_MICROBUS": 0, "Km_F_CAMIONETA": 0, "Ho_I_Bus": 0, "Ho_I_BUSETA": 0, "Ho_I_MICROBUS": 0, "Ho_I_CAMIONETA": 0, "Ho_F_Bus": 0, "Ho_F_BUSETA": 0, "Ho_F_MICROBUS": 0, "Ho_F_CAMIONETA": 0, "Ben_I_Bus": 0, "Ben_I_BUSETA": 0, "Ben_I_MICROBUS": 0, "Ben_I_CAMIONETA": 0, "Ben_F_Bus": 0, "Ben_F_BUSETA": 0, "Ben_F_MICROBUS": 0, "Ben_F_CAMIONETA": 0, "Rutas_I_Bus": 0, "Rutas_I_BUSETA": 0, "Rutas_I_MICROBUS": 0, "Rutas_I_CAMIONETA": 0, "Rutas_F_Bus": 0, "Rutas_F_BUSETA": 0, "Rutas_F_MICROBUS": 0, "Rutas_F_CAMIONETA": 0, "nom_patio": null, "Id_2": null }, "geometry": { "type": "MultiPolygon", "coordinates": [ [ [ [ 995056.869258946389891, 1005624.1172 ], [ 995634.21952813595999, 1006624.1172 ], [ 996788.920066515216604, 1006624.1172 ], [ 997366.270335704786703, 1005624.1172 ], [ 996788.920066515216604, 1004624.1172 ], [ 995634.21952813595999, 1004624.1172 ], [ 995056.869258946389891, 1005624.1172 ] ] ] ] } },
{ "type": "Feature", "properties": { "id": 1187, "left": 995056.86925894639, "top": 1004624.1172, "right": 997366.27033570479, "bottom": 1002624.1172, "row_index": 10.0, "col_index": 21.0, "Rutas_I": 0, "Km_I": 0.0, "Rutas_F": 3, "KM_F": 62, "Horas_I": 0, "Horas_F": 12, "Veh_I_BUS": 0, "Veh_I_BUSETA": 0, "Veh_I_MICROBUS": 0, "Veh_I_CAMIONETA": 0, "Km_I_Bus": 0.0, "Km_I_BUSETA": 0.0, "Km_I_MICROBUS": 0.0, "Km_I_CAMIONETA": 0.0, "Veh_F_BUS": 1.0, "Veh_F_BUSETA": 1, "Veh_F_MICROBUS": 0, "Veh_F_CAMIONETA": 0, "Km_F_Bus": 22, "Km_F_BUSETA": 41, "Km_F_MICROBUS": 0, "Km_F_CAMIONETA": 0, "Ho_I_Bus": 4, "Ho_I_BUSETA": 4, "Ho_I_MICROBUS": 0, "Ho_I_CAMIONETA": 0, "Ho_F_Bus": 0, "Ho_F_BUSETA": 0, "Ho_F_MICROBUS": 0, "Ho_F_CAMIONETA": 0, "Ben_I_Bus": 0, "Ben_I_BUSETA": 0, "Ben_I_MICROBUS": 0, "Ben_I_CAMIONETA": 0, "Ben_F_Bus": 33, "Ben_F_BUSETA": 51, "Ben_F_MICROBUS": 0, "Ben_F_CAMIONETA": 0, "Rutas_I_Bus": 0, "Rutas_I_BUSETA": 0, "Rutas_I_MICROBUS": 0, "Rutas_I_CAMIONETA": 0, "Rutas_F_Bus": 1, "Rutas_F_BUSETA": 2, "Rutas_F_MICROBUS": 0, "Rutas_F_CAMIONETA": 0, "nom_patio": null, "Id_2": null }, "geometry": { "type": "MultiPolygon", "coordinates": [ [ [ [ 995056.869258946389891, 1003624.1172 ], [ 995634.21952813595999, 1004624.1172 ], [ 996788.920066515216604, 1004624.1172 ], [ 997366.270335704786703, 1003624.1172 ], [ 996788.920066515216604, 1002624.1172 ], [ 995634.21952813595999, 1002624.1172 ], [ 995056.869258946389891, 1003624.1172 ] ] ] ] } },
{ "type": "Feature", "properties": { "id": 1188, "left": 995056.86925894639, "top": 1002624.1172, "right": 997366.27033570479, "bottom": 1000624.1172, "row_index": 11.0, "col_index": 21.0, "Rutas_I": 0, "Km_I": 0.0, "Rutas_F": 1, "KM_F": 12, "Horas_I": 0, "Horas_F": 2, "Veh_I_BUS": 0, "Veh_I_BUSETA": 0, "Veh_I_MICROBUS": 0, "Veh_I_CAMIONETA": 0, "Km_I_Bus": 0.0, "Km_I_BUSETA": 0.0, "Km_I_MICROBUS": 0.0, "Km_I_CAMIONETA": 0.0, "Veh_F_BUS": 0.0, "Veh_F_BUSETA": 0, "Veh_F_MICROBUS": 0, "Veh_F_CAMIONETA": 1, "Km_F_Bus": 0, "Km_F_BUSETA": 0, "Km_F_MICROBUS": 0, "Km_F_CAMIONETA": 12, "Ho_I_Bus": 0, "Ho_I_BUSETA": 0, "Ho_I_MICROBUS": 0, "Ho_I_CAMIONETA": 2, "Ho_F_Bus": 0, "Ho_F_BUSETA": 0, "Ho_F_MICROBUS": 0, "Ho_F_CAMIONETA": 0, "Ben_I_Bus": 0, "Ben_I_BUSETA": 0, "Ben_I_MICROBUS": 0, "Ben_I_CAMIONETA": 0, "Ben_F_Bus": 0, "Ben_F_BUSETA": 0, "Ben_F_MICROBUS": 0, "Ben_F_CAMIONETA": 3, "Rutas_I_Bus": 0, "Rutas_I_BUSETA": 0, "Rutas_I_MICROBUS": 0, "Rutas_I_CAMIONETA": 0, "Rutas_F_Bus": 0, "Rutas_F_BUSETA": 0, "Rutas_F_MICROBUS": 0, "Rutas_F_CAMIONETA": 1, "nom_patio": null, "Id_2": null }, "geometry": { "type": "MultiPolygon", "coordinates": [ [ [ [ 995056.869258946389891, 1001624.1172 ], [ 995634.21952813595999, 1002624.1172 ], [ 996788.920066515216604, 1002624.1172 ], [ 997366.270335704786703, 1001624.1172 ], [ 996788.920066515216604, 1000624.1172 ], [ 995634.21952813595999, 1000624.1172 ], [ 995056.869258946389891, 1001624.1172 ] ] ] ] } },
{ "type": "Feature", "properties": { "id": 1189, "left": 995056.86925894639, "top": 1000624.1172, "right": 997366.27033570479, "bottom": 998624.1172, "row_index": 12.0, "col_index": 21.0, "Rutas_I": 0, "Km_I": 0.0, "Rutas_F": 9, "KM_F": 128, "Horas_I": 0, "Horas_F": 23, "Veh_I_BUS": 0, "Veh_I_BUSETA": 0, "Veh_I_MICROBUS": 0, "Veh_I_CAMIONETA": 0, "Km_I_Bus": 0.0, "Km_I_BUSETA": 0.0, "Km_I_MICROBUS": 0.0, "Km_I_CAMIONETA": 0.0, "Veh_F_BUS": 2.0, "Veh_F_BUSETA": 2, "Veh_F_MICROBUS": 3, "Veh_F_CAMIONETA": 0, "Km_F_Bus": null, "Km_F_BUSETA": 42, "Km_F_MICROBUS": 55, "Km_F_CAMIONETA": 0, "Ho_I_Bus": 6, "Ho_I_BUSETA": 7, "Ho_I_MICROBUS": 10, "Ho_I_CAMIONETA": 0, "Ho_F_Bus": 0, "Ho_F_BUSETA": 0, "Ho_F_MICROBUS": 0, "Ho_F_CAMIONETA": 0, "Ben_I_Bus": 0, "Ben_I_BUSETA": 0, "Ben_I_MICROBUS": 0, "Ben_I_CAMIONETA": 0, "Ben_F_Bus": 59, "Ben_F_BUSETA": 75, "Ben_F_MICROBUS": 47, "Ben_F_CAMIONETA": 0, "Rutas_I_Bus": 0, "Rutas_I_BUSETA": 0, "Rutas_I_MICROBUS": 0, "Rutas_I_CAMIONETA": 0, "Rutas_F_Bus": 2, "Rutas_F_BUSETA": 3, "Rutas_F_MICROBUS": 4, "Rutas_F_CAMIONETA": 0, "nom_patio": null, "Id_2": null }, "geometry": { "type": "MultiPolygon", "coordinates": [ [ [ [ 995056.869258946389891, 999624.117199999978766 ], [ 995634.21952813595999, 1000624.1172 ], [ 996788.920066515216604, 1000624.1172 ], [ 997366.270335704786703, 999624.117199999978766 ], [ 996788.920066515216604, 998624.117199999978766 ], [ 995634.21952813595999, 998624.117199999978766 ], [ 995056.869258946389891, 999624.117199999978766 ] ] ] ] } },
{ "type": "Feature", "properties": { "id": 1190, "left": 995056.86925894639, "top": 998624.1172, "right": 997366.27033570479, "bottom": 996624.1172, "row_index": 13.0, "col_index": 21.0, "Rutas_I": 3, "Km_I": 21.0, "Rutas_F": 26, "KM_F": 212, "Horas_I": 6, "Horas_F": 57, "Veh_I_BUS": 0, "Veh_I_BUSETA": 0, "Veh_I_MICROBUS": 3, "Veh_I_CAMIONETA": 0, "Km_I_Bus": 0.0, "Km_I_BUSETA": 0.0, "Km_I_MICROBUS": 21.0, "Km_I_CAMIONETA": 0.0, "Veh_F_BUS": 1.0, "Veh_F_BUSETA": 4, "Veh_F_MICROBUS": 11, "Veh_F_CAMIONETA": 0, "Km_F_Bus": 11, "Km_F_BUSETA": 73, "Km_F_MICROBUS": 128, "Km_F_CAMIONETA": 0, "Ho_I_Bus": 2, "Ho_I_BUSETA": 14, "Ho_I_MICROBUS": 41, "Ho_I_CAMIONETA": 0, "Ho_F_Bus": 0, "Ho_F_BUSETA": 0, "Ho_F_MICROBUS": 21, "Ho_F_CAMIONETA": 0, "Ben_I_Bus": 0, "Ben_I_BUSETA": 0, "Ben_I_MICROBUS": 31, "Ben_I_CAMIONETA": 0, "Ben_F_Bus": 34, "Ben_F_BUSETA": 170, "Ben_F_MICROBUS": 187, "Ben_F_CAMIONETA": 0, "Rutas_I_Bus": 0, "Rutas_I_BUSETA": 0, "Rutas_I_MICROBUS": 3, "Rutas_I_CAMIONETA": 0, "Rutas_F_Bus": 1, "Rutas_F_BUSETA": 9, "Rutas_F_MICROBUS": 16, "Rutas_F_CAMIONETA": 0, "nom_patio": null, "Id_2": null }, "geometry": { "type": "MultiPolygon", "coordinates": [ [ [ [ 995056.869258946389891, 997624.117199999978766 ], [ 995634.21952813595999, 998624.117199999978766 ], [ 996788.920066515216604, 998624.117199999978766 ], [ 997366.270335704786703, 997624.117199999978766 ], [ 996788.920066515216604, 996624.117199999978766 ], [ 995634.21952813595999, 996624.117199999978766 ], [ 995056.869258946389891, 997624.117199999978766 ] ] ] ] } },
{ "type": "Feature", "properties": { "id": 1191, "left": 995056.86925894639, "top": 996624.1172, "right": 997366.27033570479, "bottom": 994624.1172, "row_index": 14.0, "col_index": 21.0, "Rutas_I": 11, "Km_I": 72.0, "Rutas_F": 8, "KM_F": 38, "Horas_I": 22, "Horas_F": 16, "Veh_I_BUS": 3, "Veh_I_BUSETA": 2, "Veh_I_MICROBUS": 3, "Veh_I_CAMIONETA": 0, "Km_I_Bus": 29.04, "Km_I_BUSETA": 14.0, "Km_I_MICROBUS": 29.0, "Km_I_CAMIONETA": 0.0, "Veh_F_BUS": 2.0, "Veh_F_BUSETA": 2, "Veh_F_MICROBUS": 2, "Veh_F_CAMIONETA": 0, "Km_F_Bus": 12, "Km_F_BUSETA": 15, "Km_F_MICROBUS": 11, "Km_F_CAMIONETA": 0, "Ho_I_Bus": 12, "Ho_I_BUSETA": 14, "Ho_I_MICROBUS": 12, "Ho_I_CAMIONETA": 0, "Ho_F_Bus": null, "Ho_F_BUSETA": 14, "Ho_F_MICROBUS": 29, "Ho_F_CAMIONETA": 0, "Ben_I_Bus": 138, "Ben_I_BUSETA": 70, "Ben_I_MICROBUS": 57, "Ben_I_CAMIONETA": 0, "Ben_F_Bus": 62, "Ben_F_BUSETA": 107, "Ben_F_MICROBUS": 20, "Ben_F_CAMIONETA": 0, "Rutas_I_Bus": 4, "Rutas_I_BUSETA": 3, "Rutas_I_MICROBUS": 4, "Rutas_I_CAMIONETA": 0, "Rutas_F_Bus": 2, "Rutas_F_BUSETA": 4, "Rutas_F_MICROBUS": 2, "Rutas_F_CAMIONETA": 0, "nom_patio": null, "Id_2": null }, "geometry": { "type": "MultiPolygon", "coordinates": [ [ [ [ 995056.869258946389891, 995624.117199999978766 ], [ 995634.21952813595999, 996624.117199999978766 ], [ 996788.920066515216604, 996624.117199999978766 ], [ 997366.270335704786703, 995624.117199999978766 ], [ 996788.920066515216604, 994624.117199999978766 ], [ 995634.21952813595999, 994624.117199999978766 ], [ 995056.869258946389891, 995624.117199999978766 ] ] ] ] } },
{ "type": "Feature", "properties": { "id": 1192, "left": 995056.86925894639, "top": 994624.1172, "right": 997366.27033570479, "bottom": 992624.1172, "row_index": 15.0, "col_index": 21.0, "Rutas_I": 48, "Km_I": 348.0, "Rutas_F": 0, "KM_F": 0, "Horas_I": 97, "Horas_F": 0, "Veh_I_BUS": 8, "Veh_I_BUSETA": 8, "Veh_I_MICROBUS": 11, "Veh_I_CAMIONETA": 1, "Km_I_Bus": 69.54, "Km_I_BUSETA": 136.0, "Km_I_MICROBUS": 121.0, "Km_I_CAMIONETA": 21.51, "Veh_F_BUS": 0.0, "Veh_F_BUSETA": 0, "Veh_F_MICROBUS": 0, "Veh_F_CAMIONETA": 0, "Km_F_Bus": 0, "Km_F_BUSETA": 0, "Km_F_MICROBUS": 0, "Km_F_CAMIONETA": 0, "Ho_I_Bus": 24, "Ho_I_BUSETA": 38, "Ho_I_MICROBUS": 35, "Ho_I_CAMIONETA": 4, "Ho_F_Bus": null, "Ho_F_BUSETA": 136, "Ho_F_MICROBUS": 121, "Ho_F_CAMIONETA": null, "Ben_I_Bus": 417, "Ben_I_BUSETA": 398, "Ben_I_MICROBUS": 192, "Ben_I_CAMIONETA": 4, "Ben_F_Bus": 0, "Ben_F_BUSETA": 0, "Ben_F_MICROBUS": 0, "Ben_F_CAMIONETA": 0, "Rutas_I_Bus": 12, "Rutas_I_BUSETA": 18, "Rutas_I_MICROBUS": 16, "Rutas_I_CAMIONETA": 2, "Rutas_F_Bus": 0, "Rutas_F_BUSETA": 0, "Rutas_F_MICROBUS": 0, "Rutas_F_CAMIONETA": 0, "nom_patio": null, "Id_2": null }, "geometry": { "type": "MultiPolygon", "coordinates": [ [ [ [ 995056.869258946389891, 993624.117199999978766 ], [ 995634.21952813595999, 994624.117199999978766 ], [ 996788.920066515216604, 994624.117199999978766 ], [ 997366.270335704786703, 993624.117199999978766 ], [ 996788.920066515216604, 992624.117199999978766 ], [ 995634.21952813595999, 992624.117199999978766 ], [ 995056.869258946389891, 993624.117199999978766 ] ] ] ] } },
{ "type": "Feature", "properties": { "id": 1193, "left": 995056.86925894639, "top": 992624.1172, "right": 997366.27033570479, "bottom": 990624.1172, "row_index": 16.0, "col_index": 21.0, "Rutas_I": 0, "Km_I": 0.0, "Rutas_F": 1, "KM_F": 8, "Horas_I": 0, "Horas_F": 2, "Veh_I_BUS": 0, "Veh_I_BUSETA": 0, "Veh_I_MICROBUS": 0, "Veh_I_CAMIONETA": 0, "Km_I_Bus": 0.0, "Km_I_BUSETA": 0.0, "Km_I_MICROBUS": 0.0, "Km_I_CAMIONETA": 0.0, "Veh_F_BUS": 1.0, "Veh_F_BUSETA": 0, "Veh_F_MICROBUS": 0, "Veh_F_CAMIONETA": 0, "Km_F_Bus": 8, "Km_F_BUSETA": 0, "Km_F_MICROBUS": 0, "Km_F_CAMIONETA": 0, "Ho_I_Bus": 2, "Ho_I_BUSETA": 0, "Ho_I_MICROBUS": 0, "Ho_I_CAMIONETA": 0, "Ho_F_Bus": 0, "Ho_F_BUSETA": 0, "Ho_F_MICROBUS": 0, "Ho_F_CAMIONETA": 0, "Ben_I_Bus": 0, "Ben_I_BUSETA": 0, "Ben_I_MICROBUS": 0, "Ben_I_CAMIONETA": 0, "Ben_F_Bus": 39, "Ben_F_BUSETA": 0, "Ben_F_MICROBUS": 0, "Ben_F_CAMIONETA": 0, "Rutas_I_Bus": 0, "Rutas_I_BUSETA": 0, "Rutas_I_MICROBUS": 0, "Rutas_I_CAMIONETA": 0, "Rutas_F_Bus": 1, "Rutas_F_BUSETA": 0, "Rutas_F_MICROBUS": 0, "Rutas_F_CAMIONETA": 0, "nom_patio": null, "Id_2": null }, "geometry": { "type": "MultiPolygon", "coordinates": [ [ [ [ 995056.869258946389891, 991624.117199999978766 ], [ 995634.21952813595999, 992624.117199999978766 ], [ 996788.920066515216604, 992624.117199999978766 ], [ 997366.270335704786703, 991624.117199999978766 ], [ 996788.920066515216604, 990624.117199999978766 ], [ 995634.21952813595999, 990624.117199999978766 ], [ 995056.869258946389891, 991624.117199999978766 ] ] ] ] } },
{ "type": "Feature", "properties": { "id": 1211, "left": 995056.86925894639, "top": 956624.1172, "right": 997366.27033570479, "bottom": 954624.1172, "row_index": 34.0, "col_index": 21.0, "Rutas_I": 2, "Km_I": 34.0, "Rutas_F": 0, "KM_F": 0, "Horas_I": 8, "Horas_F": 0, "Veh_I_BUS": 0, "Veh_I_BUSETA": 1, "Veh_I_MICROBUS": 1, "Veh_I_CAMIONETA": 0, "Km_I_Bus": 0.0, "Km_I_BUSETA": 23.0, "Km_I_MICROBUS": 11.0, "Km_I_CAMIONETA": 0.0, "Veh_F_BUS": 0.0, "Veh_F_BUSETA": 0, "Veh_F_MICROBUS": 0, "Veh_F_CAMIONETA": 0, "Km_F_Bus": 0, "Km_F_BUSETA": 0, "Km_F_MICROBUS": 0, "Km_F_CAMIONETA": 0, "Ho_I_Bus": 0, "Ho_I_BUSETA": 4, "Ho_I_MICROBUS": 4, "Ho_I_CAMIONETA": 0, "Ho_F_Bus": 0, "Ho_F_BUSETA": 23, "Ho_F_MICROBUS": 11, "Ho_F_CAMIONETA": 0, "Ben_I_Bus": 0, "Ben_I_BUSETA": 23, "Ben_I_MICROBUS": 17, "Ben_I_CAMIONETA": 0, "Ben_F_Bus": 0, "Ben_F_BUSETA": 0, "Ben_F_MICROBUS": 0, "Ben_F_CAMIONETA": 0, "Rutas_I_Bus": 0, "Rutas_I_BUSETA": 1, "Rutas_I_MICROBUS": 1, "Rutas_I_CAMIONETA": 0, "Rutas_F_Bus": 0, "Rutas_F_BUSETA": 0, "Rutas_F_MICROBUS": 0, "Rutas_F_CAMIONETA": 0, "nom_patio": null, "Id_2": null }, "geometry": { "type": "MultiPolygon", "coordinates": [ [ [ [ 995056.869258946389891, 955624.117199999978766 ], [ 995634.21952813595999, 956624.117199999978766 ], [ 996788.920066515216604, 956624.117199999978766 ], [ 997366.270335704786703, 955624.117199999978766 ], [ 996788.920066515216604, 954624.117199999978766 ], [ 995634.21952813595999, 954624.117199999978766 ], [ 995056.869258946389891, 955624.117199999978766 ] ] ] ] } },
{ "type": "Feature", "properties": { "id": 1238, "left": 996788.92006651522, "top": 1015624.1172, "right": 999098.32114327373, "bottom": 1013624.1172, "row_index": 5.0, "col_index": 22.0, "Rutas_I": 14, "Km_I": 152.25, "Rutas_F": 13, "KM_F": 128, "Horas_I": 28, "Horas_F": 27, "Veh_I_BUS": 3, "Veh_I_BUSETA": 2, "Veh_I_MICROBUS": 5, "Veh_I_CAMIONETA": 0, "Km_I_Bus": 44.0, "Km_I_BUSETA": 34.0, "Km_I_MICROBUS": 74.0, "Km_I_CAMIONETA": 0.0, "Veh_F_BUS": 1.0, "Veh_F_BUSETA": 1, "Veh_F_MICROBUS": 7, "Veh_F_CAMIONETA": 1, "Km_F_Bus": 11, "Km_F_BUSETA": 9, "Km_F_MICROBUS": 92, "Km_F_CAMIONETA": 16, "Ho_I_Bus": 10, "Ho_I_BUSETA": 8, "Ho_I_MICROBUS": 32, "Ho_I_CAMIONETA": 0, "Ho_F_Bus": 44, "Ho_F_BUSETA": 34, "Ho_F_MICROBUS": 74, "Ho_F_CAMIONETA": 0, "Ben_I_Bus": 138, "Ben_I_BUSETA": 58, "Ben_I_MICROBUS": 81, "Ben_I_CAMIONETA": 0, "Ben_F_Bus": 38, "Ben_F_BUSETA": 21, "Ben_F_MICROBUS": 113, "Ben_F_CAMIONETA": 7, "Rutas_I_Bus": 4, "Rutas_I_BUSETA": 3, "Rutas_I_MICROBUS": 7, "Rutas_I_CAMIONETA": 0, "Rutas_F_Bus": 1, "Rutas_F_BUSETA": 1, "Rutas_F_MICROBUS": 10, "Rutas_F_CAMIONETA": 1, "nom_patio": null, "Id_2": null }, "geometry": { "type": "MultiPolygon", "coordinates": [ [ [ [ 996788.920066515333019, 1014624.1172 ], [ 997366.270335704903118, 1015624.1172 ], [ 998520.970874084159732, 1015624.1172 ], [ 999098.321143273729831, 1014624.1172 ], [ 998520.970874084159732, 1013624.1172 ], [ 997366.270335704903118, 1013624.1172 ], [ 996788.920066515333019, 1014624.1172 ] ] ] ] } },
{ "type": "Feature", "properties": { "id": 1239, "left": 996788.92006651522, "top": 1013624.1172, "right": 999098.32114327373, "bottom": 1011624.1172, "row_index": 6.0, "col_index": 22.0, "Rutas_I": 6, "Km_I": 81.0, "Rutas_F": 27, "KM_F": 286, "Horas_I": 16, "Horas_F": 57, "Veh_I_BUS": 2, "Veh_I_BUSETA": 1, "Veh_I_MICROBUS": 3, "Veh_I_CAMIONETA": 0, "Km_I_Bus": 16.0, "Km_I_BUSETA": 23.0, "Km_I_MICROBUS": 41.48, "Km_I_CAMIONETA": 0.0, "Veh_F_BUS": 6.0, "Veh_F_BUSETA": 2, "Veh_F_MICROBUS": 9, "Veh_F_CAMIONETA": 1, "Km_F_Bus": 108, "Km_F_BUSETA": 42, "Km_F_MICROBUS": 126, "Km_F_CAMIONETA": 10, "Ho_I_Bus": 23, "Ho_I_BUSETA": 14, "Ho_I_MICROBUS": 37, "Ho_I_CAMIONETA": 4, "Ho_F_Bus": 16, "Ho_F_BUSETA": 23, "Ho_F_MICROBUS": null, "Ho_F_CAMIONETA": 0, "Ben_I_Bus": 69, "Ben_I_BUSETA": 21, "Ben_I_MICROBUS": 26, "Ben_I_CAMIONETA": 0, "Ben_F_Bus": 311, "Ben_F_BUSETA": 95, "Ben_F_MICROBUS": 150, "Ben_F_CAMIONETA": 7, "Rutas_I_Bus": 2, "Rutas_I_BUSETA": 1, "Rutas_I_MICROBUS": 3, "Rutas_I_CAMIONETA": 0, "Rutas_F_Bus": 9, "Rutas_F_BUSETA": 4, "Rutas_F_MICROBUS": 13, "Rutas_F_CAMIONETA": 1, "nom_patio": null, "Id_2": null }, "geometry": { "type": "MultiPolygon", "coordinates": [ [ [ [ 996788.920066515333019, 1012624.1172 ], [ 997366.270335704903118, 1013624.1172 ], [ 998520.970874084159732, 1013624.1172 ], [ 999098.321143273729831, 1012624.1172 ], [ 998520.970874084159732, 1011624.1172 ], [ 997366.270335704903118, 1011624.1172 ], [ 996788.920066515333019, 1012624.1172 ] ] ] ] } },
{ "type": "Feature", "properties": { "id": 1240, "left": 996788.92006651522, "top": 1011624.1172, "right": 999098.32114327373, "bottom": 1009624.1172, "row_index": 7.0, "col_index": 22.0, "Rutas_I": 1, "Km_I": 5.94, "Rutas_F": 16, "KM_F": 159, "Horas_I": 2, "Horas_F": 32, "Veh_I_BUS": 0, "Veh_I_BUSETA": 0, "Veh_I_MICROBUS": 1, "Veh_I_CAMIONETA": 0, "Km_I_Bus": 0.0, "Km_I_BUSETA": 0.0, "Km_I_MICROBUS": 5.94, "Km_I_CAMIONETA": 0.0, "Veh_F_BUS": 2.0, "Veh_F_BUSETA": 3, "Veh_F_MICROBUS": 5, "Veh_F_CAMIONETA": 0, "Km_F_Bus": 27, "Km_F_BUSETA": 63, "Km_F_MICROBUS": 68, "Km_F_CAMIONETA": 0, "Ho_I_Bus": 6, "Ho_I_BUSETA": 12, "Ho_I_MICROBUS": 16, "Ho_I_CAMIONETA": 0, "Ho_F_Bus": 0, "Ho_F_BUSETA": 0, "Ho_F_MICROBUS": null, "Ho_F_CAMIONETA": 0, "Ben_I_Bus": 0, "Ben_I_BUSETA": 0, "Ben_I_MICROBUS": 2, "Ben_I_CAMIONETA": 0, "Ben_F_Bus": 115, "Ben_F_BUSETA": 147, "Ben_F_MICROBUS": 94, "Ben_F_CAMIONETA": 0, "Rutas_I_Bus": 0, "Rutas_I_BUSETA": 0, "Rutas_I_MICROBUS": 1, "Rutas_I_CAMIONETA": 0, "Rutas_F_Bus": 3, "Rutas_F_BUSETA": 6, "Rutas_F_MICROBUS": 7, "Rutas_F_CAMIONETA": 0, "nom_patio": "Bolera el Salitre", "Id_2": null }, "geometry": { "type": "MultiPolygon", "coordinates": [ [ [ [ 996788.920066515333019, 1010624.1172 ], [ 997366.270335704903118, 1011624.1172 ], [ 998520.970874084159732, 1011624.1172 ], [ 999098.321143273729831, 1010624.1172 ], [ 998520.970874084159732, 1009624.1172 ], [ 997366.270335704903118, 1009624.1172 ], [ 996788.920066515333019, 1010624.1172 ] ] ] ] } },
{ "type": "Feature", "properties": { "id": 1241, "left": 996788.92006651522, "top": 1009624.1172, "right": 999098.32114327373, "bottom": 1007624.1172, "row_index": 8.0, "col_index": 22.0, "Rutas_I": 0, "Km_I": 0.0, "Rutas_F": 25, "KM_F": 289, "Horas_I": 0, "Horas_F": 54, "Veh_I_BUS": 0, "Veh_I_BUSETA": 0, "Veh_I_MICROBUS": 0, "Veh_I_CAMIONETA": 0, "Km_I_Bus": 0.0, "Km_I_BUSETA": 0.0, "Km_I_MICROBUS": 0.0, "Km_I_CAMIONETA": 0.0, "Veh_F_BUS": 2.0, "Veh_F_BUSETA": 2, "Veh_F_MICROBUS": 12, "Veh_F_CAMIONETA": 1, "Km_F_Bus": 34, "Km_F_BUSETA": 45, "Km_F_MICROBUS": 192, "Km_F_CAMIONETA": 18, "Ho_I_Bus": 6, "Ho_I_BUSETA": 10, "Ho_I_MICROBUS": 30, "Ho_I_CAMIONETA": 4, "Ho_F_Bus": 0, "Ho_F_BUSETA": 0, "Ho_F_MICROBUS": 0, "Ho_F_CAMIONETA": 0, "Ben_I_Bus": 0, "Ben_I_BUSETA": 0, "Ben_I_MICROBUS": 0, "Ben_I_CAMIONETA": 0, "Ben_F_Bus": 94, "Ben_F_BUSETA": 103, "Ben_F_MICROBUS": 224, "Ben_F_CAMIONETA": 8, "Rutas_I_Bus": 0, "Rutas_I_BUSETA": 0, "Rutas_I_MICROBUS": 0, "Rutas_I_CAMIONETA": 0, "Rutas_F_Bus": 3, "Rutas_F_BUSETA": 4, "Rutas_F_MICROBUS": 17, "Rutas_F_CAMIONETA": 1, "nom_patio": "Bolera el Salitre", "Id_2": null }, "geometry": { "type": "MultiPolygon", "coordinates": [ [ [ [ 996788.920066515333019, 1008624.1172 ], [ 997366.270335704903118, 1009624.1172 ], [ 998520.970874084159732, 1009624.1172 ], [ 999098.321143273729831, 1008624.1172 ], [ 998520.970874084159732, 1007624.1172 ], [ 997366.270335704903118, 1007624.1172 ], [ 996788.920066515333019, 1008624.1172 ] ] ] ] } },
{ "type": "Feature", "properties": { "id": 1242, "left": 996788.92006651522, "top": 1007624.1172, "right": 999098.32114327373, "bottom": 1005624.1172, "row_index": 9.0, "col_index": 22.0, "Rutas_I": 0, "Km_I": 0.0, "Rutas_F": 0, "KM_F": 0, "Horas_I": 0, "Horas_F": 0, "Veh_I_BUS": 0, "Veh_I_BUSETA": 0, "Veh_I_MICROBUS": 0, "Veh_I_CAMIONETA": 0, "Km_I_Bus": 0.0, "Km_I_BUSETA": 0.0, "Km_I_MICROBUS": 0.0, "Km_I_CAMIONETA": 0.0, "Veh_F_BUS": 0.0, "Veh_F_BUSETA": 0, "Veh_F_MICROBUS": 0, "Veh_F_CAMIONETA": 0, "Km_F_Bus": 0, "Km_F_BUSETA": 0, "Km_F_MICROBUS": 0, "Km_F_CAMIONETA": 0, "Ho_I_Bus": 0, "Ho_I_BUSETA": 0, "Ho_I_MICROBUS": 0, "Ho_I_CAMIONETA": 0, "Ho_F_Bus": 0, "Ho_F_BUSETA": 0, "Ho_F_MICROBUS": 0, "Ho_F_CAMIONETA": 0, "Ben_I_Bus": 0, "Ben_I_BUSETA": 0, "Ben_I_MICROBUS": 0, "Ben_I_CAMIONETA": 0, "Ben_F_Bus": 0, "Ben_F_BUSETA": 0, "Ben_F_MICROBUS": 0, "Ben_F_CAMIONETA": 0, "Rutas_I_Bus": 0, "Rutas_I_BUSETA": 0, "Rutas_I_MICROBUS": 0, "Rutas_I_CAMIONETA": 0, "Rutas_F_Bus": 0, "Rutas_F_BUSETA": 0, "Rutas_F_MICROBUS": 0, "Rutas_F_CAMIONETA": 0, "nom_patio": null, "Id_2": null }, "geometry": { "type": "MultiPolygon", "coordinates": [ [ [ [ 996788.920066515333019, 1006624.1172 ], [ 997366.270335704903118, 1007624.1172 ], [ 998520.970874084159732, 1007624.1172 ], [ 999098.321143273729831, 1006624.1172 ], [ 998520.970874084159732, 1005624.1172 ], [ 997366.270335704903118, 1005624.1172 ], [ 996788.920066515333019, 1006624.1172 ] ] ] ] } },
{ "type": "Feature", "properties": { "id": 1244, "left": 996788.92006651522, "top": 1003624.1172, "right": 999098.32114327373, "bottom": 1001624.1172, "row_index": 11.0, "col_index": 22.0, "Rutas_I": 1, "Km_I": 4.0, "Rutas_F": 6, "KM_F": null, "Horas_I": 2, "Horas_F": 18, "Veh_I_BUS": 0, "Veh_I_BUSETA": 0, "Veh_I_MICROBUS": 0, "Veh_I_CAMIONETA": 1, "Km_I_Bus": 0.0, "Km_I_BUSETA": 0.0, "Km_I_MICROBUS": 0.0, "Km_I_CAMIONETA": 4.0, "Veh_F_BUS": 1.0, "Veh_F_BUSETA": 2, "Veh_F_MICROBUS": 1, "Veh_F_CAMIONETA": 0, "Km_F_Bus": 18, "Km_F_BUSETA": 72, "Km_F_MICROBUS": 28, "Km_F_CAMIONETA": 0, "Ho_I_Bus": 2, "Ho_I_BUSETA": 12, "Ho_I_MICROBUS": 4, "Ho_I_CAMIONETA": 2, "Ho_F_Bus": 0, "Ho_F_BUSETA": 0, "Ho_F_MICROBUS": 0, "Ho_F_CAMIONETA": 4, "Ben_I_Bus": 0, "Ben_I_BUSETA": 0, "Ben_I_MICROBUS": 0, "Ben_I_CAMIONETA": 1, "Ben_F_Bus": 28, "Ben_F_BUSETA": 100, "Ben_F_MICROBUS": 16, "Ben_F_CAMIONETA": 0, "Rutas_I_Bus": 0, "Rutas_I_BUSETA": 0, "Rutas_I_MICROBUS": 0, "Rutas_I_CAMIONETA": 1, "Rutas_F_Bus": 1, "Rutas_F_BUSETA": 4, "Rutas_F_MICROBUS": 1, "Rutas_F_CAMIONETA": 0, "nom_patio": null, "Id_2": null }, "geometry": { "type": "MultiPolygon", "coordinates": [ [ [ [ 996788.920066515333019, 1002624.1172 ], [ 997366.270335704903118, 1003624.1172 ], [ 998520.970874084159732, 1003624.1172 ], [ 999098.321143273729831, 1002624.1172 ], [ 998520.970874084159732, 1001624.1172 ], [ 997366.270335704903118, 1001624.1172 ], [ 996788.920066515333019, 1002624.1172 ] ] ] ] } },
{ "type": "Feature", "properties": { "id": 1245, "left": 996788.92006651522, "top": 1001624.1172, "right": 999098.32114327373, "bottom": 999624.1172, "row_index": 12.0, "col_index": 22.0, "Rutas_I": 0, "Km_I": 0.0, "Rutas_F": 1, "KM_F": 5, "Horas_I": 0, "Horas_F": 2, "Veh_I_BUS": 0, "Veh_I_BUSETA": 0, "Veh_I_MICROBUS": 0, "Veh_I_CAMIONETA": 0, "Km_I_Bus": 0.0, "Km_I_BUSETA": 0.0, "Km_I_MICROBUS": 0.0, "Km_I_CAMIONETA": 0.0, "Veh_F_BUS": 0.0, "Veh_F_BUSETA": 0, "Veh_F_MICROBUS": 0, "Veh_F_CAMIONETA": 1, "Km_F_Bus": 0, "Km_F_BUSETA": 0, "Km_F_MICROBUS": 0, "Km_F_CAMIONETA": 5, "Ho_I_Bus": 0, "Ho_I_BUSETA": 0, "Ho_I_MICROBUS": 0, "Ho_I_CAMIONETA": 2, "Ho_F_Bus": 0, "Ho_F_BUSETA": 0, "Ho_F_MICROBUS": 0, "Ho_F_CAMIONETA": 0, "Ben_I_Bus": 0, "Ben_I_BUSETA": 0, "Ben_I_MICROBUS": 0, "Ben_I_CAMIONETA": 0, "Ben_F_Bus": 0, "Ben_F_BUSETA": 0, "Ben_F_MICROBUS": 0, "Ben_F_CAMIONETA": 0, "Rutas_I_Bus": 0, "Rutas_I_BUSETA": 0, "Rutas_I_MICROBUS": 0, "Rutas_I_CAMIONETA": 0, "Rutas_F_Bus": 0, "Rutas_F_BUSETA": 0, "Rutas_F_MICROBUS": 0, "Rutas_F_CAMIONETA": 1, "nom_patio": null, "Id_2": null }, "geometry": { "type": "MultiPolygon", "coordinates": [ [ [ [ 996788.920066515333019, 1000624.1172 ], [ 997366.270335704903118, 1001624.1172 ], [ 998520.970874084159732, 1001624.1172 ], [ 999098.321143273729831, 1000624.1172 ], [ 998520.970874084159732, 999624.117199999978766 ], [ 997366.270335704903118, 999624.117199999978766 ], [ 996788.920066515333019, 1000624.1172 ] ] ] ] } },
{ "type": "Feature", "properties": { "id": 1246, "left": 996788.92006651522, "top": 999624.1172, "right": 999098.32114327373, "bottom": 997624.1172, "row_index": 13.0, "col_index": 22.0, "Rutas_I": 1, "Km_I": 8.0, "Rutas_F": 37, "KM_F": 481, "Horas_I": 2, "Horas_F": 99, "Veh_I_BUS": 0, "Veh_I_BUSETA": 0, "Veh_I_MICROBUS": 1, "Veh_I_CAMIONETA": 0, "Km_I_Bus": 0.0, "Km_I_BUSETA": 0.0, "Km_I_MICROBUS": 8.0, "Km_I_CAMIONETA": 0.0, "Veh_F_BUS": 4.0, "Veh_F_BUSETA": 5, "Veh_F_MICROBUS": 13, "Veh_F_CAMIONETA": 1, "Km_F_Bus": null, "Km_F_BUSETA": 148, "Km_F_MICROBUS": 221, "Km_F_CAMIONETA": 23, "Ho_I_Bus": 18, "Ho_I_BUSETA": 33, "Ho_I_MICROBUS": 46, "Ho_I_CAMIONETA": 4, "Ho_F_Bus": 0, "Ho_F_BUSETA": 0, "Ho_F_MICROBUS": 8, "Ho_F_CAMIONETA": 0, "Ben_I_Bus": 0, "Ben_I_BUSETA": 0, "Ben_I_MICROBUS": 16, "Ben_I_CAMIONETA": 0, "Ben_F_Bus": 199, "Ben_F_BUSETA": 259, "Ben_F_MICROBUS": 253, "Ben_F_CAMIONETA": 3, "Rutas_I_Bus": 0, "Rutas_I_BUSETA": 0, "Rutas_I_MICROBUS": 1, "Rutas_I_CAMIONETA": 0, "Rutas_F_Bus": 6, "Rutas_F_BUSETA": 10, "Rutas_F_MICROBUS": 19, "Rutas_F_CAMIONETA": 2, "nom_patio": null, "Id_2": null }, "geometry": { "type": "MultiPolygon", "coordinates": [ [ [ [ 996788.920066515333019, 998624.117199999978766 ], [ 997366.270335704903118, 999624.117199999978766 ], [ 998520.970874084159732, 999624.117199999978766 ], [ 999098.321143273729831, 998624.117199999978766 ], [ 998520.970874084159732, 997624.117199999978766 ], [ 997366.270335704903118, 997624.117199999978766 ], [ 996788.920066515333019, 998624.117199999978766 ] ] ] ] } },
{ "type": "Feature", "properties": { "id": 1247, "left": 996788.92006651522, "top": 997624.1172, "right": 999098.32114327373, "bottom": 995624.1172, "row_index": 14.0, "col_index": 22.0, "Rutas_I": 0, "Km_I": 0.0, "Rutas_F": 15, "KM_F": 104, "Horas_I": 0, "Horas_F": 30, "Veh_I_BUS": 0, "Veh_I_BUSETA": 0, "Veh_I_MICROBUS": 0, "Veh_I_CAMIONETA": 0, "Km_I_Bus": 0.0, "Km_I_BUSETA": 0.0, "Km_I_MICROBUS": 0.0, "Km_I_CAMIONETA": 0.0, "Veh_F_BUS": 5.0, "Veh_F_BUSETA": 3, "Veh_F_MICROBUS": 3, "Veh_F_CAMIONETA": 0, "Km_F_Bus": 41, "Km_F_BUSETA": 30, "Km_F_MICROBUS": 33, "Km_F_CAMIONETA": 0, "Ho_I_Bus": 14, "Ho_I_BUSETA": 10, "Ho_I_MICROBUS": 6, "Ho_I_CAMIONETA": 0, "Ho_F_Bus": 0, "Ho_F_BUSETA": 0, "Ho_F_MICROBUS": 0, "Ho_F_CAMIONETA": 0, "Ben_I_Bus": 0, "Ben_I_BUSETA": 0, "Ben_I_MICROBUS": 0, "Ben_I_CAMIONETA": 0, "Ben_F_Bus": 237, "Ben_F_BUSETA": 117, "Ben_F_MICROBUS": 36, "Ben_F_CAMIONETA": 0, "Rutas_I_Bus": 0, "Rutas_I_BUSETA": 0, "Rutas_I_MICROBUS": 0, "Rutas_I_CAMIONETA": 0, "Rutas_F_Bus": 7, "Rutas_F_BUSETA": 5, "Rutas_F_MICROBUS": 3, "Rutas_F_CAMIONETA": 0, "nom_patio": null, "Id_2": null }, "geometry": { "type": "MultiPolygon", "coordinates": [ [ [ [ 996788.920066515333019, 996624.117199999978766 ], [ 997366.270335704903118, 997624.117199999978766 ], [ 998520.970874084159732, 997624.117199999978766 ], [ 999098.321143273729831, 996624.117199999978766 ], [ 998520.970874084159732, 995624.117199999978766 ], [ 997366.270335704903118, 995624.117199999978766 ], [ 996788.920066515333019, 996624.117199999978766 ] ] ] ] } },
{ "type": "Feature", "properties": { "id": 1248, "left": 996788.92006651522, "top": 995624.1172, "right": 999098.32114327373, "bottom": 993624.1172, "row_index": 15.0, "col_index": 22.0, "Rutas_I": 3, "Km_I": 19.0, "Rutas_F": 1, "KM_F": null, "Horas_I": 6, "Horas_F": 2, "Veh_I_BUS": 0, "Veh_I_BUSETA": 0, "Veh_I_MICROBUS": 3, "Veh_I_CAMIONETA": 0, "Km_I_Bus": 0.0, "Km_I_BUSETA": 0.0, "Km_I_MICROBUS": 19.0, "Km_I_CAMIONETA": 0.0, "Veh_F_BUS": 0.0, "Veh_F_BUSETA": 0, "Veh_F_MICROBUS": 1, "Veh_F_CAMIONETA": 0, "Km_F_Bus": 0, "Km_F_BUSETA": 0, "Km_F_MICROBUS": null, "Km_F_CAMIONETA": 0, "Ho_I_Bus": 0, "Ho_I_BUSETA": 0, "Ho_I_MICROBUS": 8, "Ho_I_CAMIONETA": 0, "Ho_F_Bus": 0, "Ho_F_BUSETA": 0, "Ho_F_MICROBUS": 19, "Ho_F_CAMIONETA": 0, "Ben_I_Bus": 0, "Ben_I_BUSETA": 0, "Ben_I_MICROBUS": 39, "Ben_I_CAMIONETA": 0, "Ben_F_Bus": 0, "Ben_F_BUSETA": 0, "Ben_F_MICROBUS": 17, "Ben_F_CAMIONETA": 0, "Rutas_I_Bus": 0, "Rutas_I_BUSETA": 0, "Rutas_I_MICROBUS": 3, "Rutas_I_CAMIONETA": 0, "Rutas_F_Bus": 0, "Rutas_F_BUSETA": 0, "Rutas_F_MICROBUS": 1, "Rutas_F_CAMIONETA": 0, "nom_patio": null, "Id_2": null }, "geometry": { "type": "MultiPolygon", "coordinates": [ [ [ [ 996788.920066515333019, 994624.117199999978766 ], [ 997366.270335704903118, 995624.117199999978766 ], [ 998520.970874084159732, 995624.117199999978766 ], [ 999098.321143273729831, 994624.117199999978766 ], [ 998520.970874084159732, 993624.117199999978766 ], [ 997366.270335704903118, 993624.117199999978766 ], [ 996788.920066515333019, 994624.117199999978766 ] ] ] ] } },
{ "type": "Feature", "properties": { "id": 1249, "left": 996788.92006651522, "top": 993624.1172, "right": 999098.32114327373, "bottom": 991624.1172, "row_index": 16.0, "col_index": 22.0, "Rutas_I": 7, "Km_I": 37.0, "Rutas_F": 4, "KM_F": 15, "Horas_I": 14, "Horas_F": 8, "Veh_I_BUS": 2, "Veh_I_BUSETA": 2, "Veh_I_MICROBUS": 1, "Veh_I_CAMIONETA": 0, "Km_I_Bus": 14.0, "Km_I_BUSETA": 19.0, "Km_I_MICROBUS": 4.0, "Km_I_CAMIONETA": 0.0, "Veh_F_BUS": 3.0, "Veh_F_BUSETA": 0, "Veh_F_MICROBUS": 0, "Veh_F_CAMIONETA": 0, "Km_F_Bus": 15, "Km_F_BUSETA": 0, "Km_F_MICROBUS": 0, "Km_F_CAMIONETA": 0, "Ho_I_Bus": 14, "Ho_I_BUSETA": 6, "Ho_I_MICROBUS": 2, "Ho_I_CAMIONETA": 0, "Ho_F_Bus": 14, "Ho_F_BUSETA": 19, "Ho_F_MICROBUS": 4, "Ho_F_CAMIONETA": 0, "Ben_I_Bus": 117, "Ben_I_BUSETA": 71, "Ben_I_MICROBUS": 18, "Ben_I_CAMIONETA": 0, "Ben_F_Bus": 149, "Ben_F_BUSETA": 0, "Ben_F_MICROBUS": 0, "Ben_F_CAMIONETA": 0, "Rutas_I_Bus": 3, "Rutas_I_BUSETA": 3, "Rutas_I_MICROBUS": 1, "Rutas_I_CAMIONETA": 0, "Rutas_F_Bus": 4, "Rutas_F_BUSETA": 0, "Rutas_F_MICROBUS": 0, "Rutas_F_CAMIONETA": 0, "nom_patio": null, "Id_2": null }, "geometry": { "type": "MultiPolygon", "coordinates": [ [ [ [ 996788.920066515333019, 992624.117199999978766 ], [ 997366.270335704903118, 993624.117199999978766 ], [ 998520.970874084159732, 993624.117199999978766 ], [ 999098.321143273729831, 992624.117199999978766 ], [ 998520.970874084159732, 991624.117199999978766 ], [ 997366.270335704903118, 991624.117199999978766 ], [ 996788.920066515333019, 992624.117199999978766 ] ] ] ] } },
{ "type": "Feature", "properties": { "id": 1250, "left": 996788.92006651522, "top": 991624.1172, "right": 999098.32114327373, "bottom": 989624.1172, "row_index": 17.0, "col_index": 22.0, "Rutas_I": 2, "Km_I": 9.0, "Rutas_F": 7, "KM_F": 55, "Horas_I": 4, "Horas_F": 14, "Veh_I_BUS": 1, "Veh_I_BUSETA": 1, "Veh_I_MICROBUS": 0, "Veh_I_CAMIONETA": 0, "Km_I_Bus": 7.0, "Km_I_BUSETA": 2.0, "Km_I_MICROBUS": 0.0, "Km_I_CAMIONETA": 0.0, "Veh_F_BUS": 3.0, "Veh_F_BUSETA": 1, "Veh_F_MICROBUS": 1, "Veh_F_CAMIONETA": 0, "Km_F_Bus": 30, "Km_F_BUSETA": 18, "Km_F_MICROBUS": null, "Km_F_CAMIONETA": 0, "Ho_I_Bus": 12, "Ho_I_BUSETA": 6, "Ho_I_MICROBUS": 2, "Ho_I_CAMIONETA": 0, "Ho_F_Bus": 7, "Ho_F_BUSETA": 2, "Ho_F_MICROBUS": 0, "Ho_F_CAMIONETA": 0, "Ben_I_Bus": 39, "Ben_I_BUSETA": 5, "Ben_I_MICROBUS": 0, "Ben_I_CAMIONETA": 0, "Ben_F_Bus": 153, "Ben_F_BUSETA": 43, "Ben_F_MICROBUS": 9, "Ben_F_CAMIONETA": 0, "Rutas_I_Bus": 1, "Rutas_I_BUSETA": 1, "Rutas_I_MICROBUS": 0, "Rutas_I_CAMIONETA": 0, "Rutas_F_Bus": 4, "Rutas_F_BUSETA": 2, "Rutas_F_MICROBUS": 1, "Rutas_F_CAMIONETA": 0, "nom_patio": null, "Id_2": null }, "geometry": { "type": "MultiPolygon", "coordinates": [ [ [ [ 996788.920066515333019, 990624.117199999978766 ], [ 997366.270335704903118, 991624.117199999978766 ], [ 998520.970874084159732, 991624.117199999978766 ], [ 999098.321143273729831, 990624.117199999978766 ], [ 998520.970874084159732, 989624.117199999978766 ], [ 997366.270335704903118, 989624.117199999978766 ], [ 996788.920066515333019, 990624.117199999978766 ] ] ] ] } },
{ "type": "Feature", "properties": { "id": 1256, "left": 996788.92006651522, "top": 979624.1172, "right": 999098.32114327373, "bottom": 977624.1172, "row_index": 23.0, "col_index": 22.0, "Rutas_I": 0, "Km_I": 0.0, "Rutas_F": 1, "KM_F": 6, "Horas_I": 0, "Horas_F": 2, "Veh_I_BUS": 0, "Veh_I_BUSETA": 0, "Veh_I_MICROBUS": 0, "Veh_I_CAMIONETA": 0, "Km_I_Bus": 0.0, "Km_I_BUSETA": 0.0, "Km_I_MICROBUS": 0.0, "Km_I_CAMIONETA": 0.0, "Veh_F_BUS": 0.0, "Veh_F_BUSETA": 1, "Veh_F_MICROBUS": 0, "Veh_F_CAMIONETA": 0, "Km_F_Bus": 0, "Km_F_BUSETA": 6, "Km_F_MICROBUS": 0, "Km_F_CAMIONETA": 0, "Ho_I_Bus": 0, "Ho_I_BUSETA": 2, "Ho_I_MICROBUS": 0, "Ho_I_CAMIONETA": 0, "Ho_F_Bus": 0, "Ho_F_BUSETA": 0, "Ho_F_MICROBUS": 0, "Ho_F_CAMIONETA": 0, "Ben_I_Bus": 0, "Ben_I_BUSETA": 0, "Ben_I_MICROBUS": 0, "Ben_I_CAMIONETA": 0, "Ben_F_Bus": 0, "Ben_F_BUSETA": 22, "Ben_F_MICROBUS": 0, "Ben_F_CAMIONETA": 0, "Rutas_I_Bus": 0, "Rutas_I_BUSETA": 0, "Rutas_I_MICROBUS": 0, "Rutas_I_CAMIONETA": 0, "Rutas_F_Bus": 0, "Rutas_F_BUSETA": 1, "Rutas_F_MICROBUS": 0, "Rutas_F_CAMIONETA": 0, "nom_patio": null, "Id_2": null }, "geometry": { "type": "MultiPolygon", "coordinates": [ [ [ [ 996788.920066515333019, 978624.117199999978766 ], [ 997366.270335704903118, 979624.117199999978766 ], [ 998520.970874084159732, 979624.117199999978766 ], [ 999098.321143273729831, 978624.117199999978766 ], [ 998520.970874084159732, 977624.117199999978766 ], [ 997366.270335704903118, 977624.117199999978766 ], [ 996788.920066515333019, 978624.117199999978766 ] ] ] ] } },
{ "type": "Feature", "properties": { "id": 1294, "left": 998520.97087408416, "top": 1014624.1172, "right": 1000830.3719508426, "bottom": 1012624.1172, "row_index": 5.0, "col_index": 23.0, "Rutas_I": 0, "Km_I": 0.0, "Rutas_F": 5, "KM_F": 62, "Horas_I": 0, "Horas_F": 10, "Veh_I_BUS": 0, "Veh_I_BUSETA": 0, "Veh_I_MICROBUS": 0, "Veh_I_CAMIONETA": 0, "Km_I_Bus": 0.0, "Km_I_BUSETA": 0.0, "Km_I_MICROBUS": 0.0, "Km_I_CAMIONETA": 0.0, "Veh_F_BUS": 2.0, "Veh_F_BUSETA": 1, "Veh_F_MICROBUS": 2, "Veh_F_CAMIONETA": 0, "Km_F_Bus": null, "Km_F_BUSETA": 13, "Km_F_MICROBUS": 28, "Km_F_CAMIONETA": 0, "Ho_I_Bus": 4, "Ho_I_BUSETA": 2, "Ho_I_MICROBUS": 4, "Ho_I_CAMIONETA": 0, "Ho_F_Bus": 0, "Ho_F_BUSETA": 0, "Ho_F_MICROBUS": 0, "Ho_F_CAMIONETA": 0, "Ben_I_Bus": 0, "Ben_I_BUSETA": 0, "Ben_I_MICROBUS": 0, "Ben_I_CAMIONETA": 0, "Ben_F_Bus": 65, "Ben_F_BUSETA": 19, "Ben_F_MICROBUS": 27, "Ben_F_CAMIONETA": 0, "Rutas_I_Bus": 0, "Rutas_I_BUSETA": 0, "Rutas_I_MICROBUS": 0, "Rutas_I_CAMIONETA": 0, "Rutas_F_Bus": 2, "Rutas_F_BUSETA": 1, "Rutas_F_MICROBUS": 2, "Rutas_F_CAMIONETA": 0, "nom_patio": "La Alahambra", "Id_2": null }, "geometry": { "type": "MultiPolygon", "coordinates": [ [ [ [ 998520.970874084159732, 1013624.1172 ], [ 999098.321143273729831, 1014624.1172 ], [ 1000253.021681652986445, 1014624.1172 ], [ 1000830.371950842556544, 1013624.1172 ], [ 1000253.021681652986445, 1012624.1172 ], [ 999098.321143273729831, 1012624.1172 ], [ 998520.970874084159732, 1013624.1172 ] ] ] ] } },
{ "type": "Feature", "properties": { "id": 1295, "left": 998520.97087408416, "top": 1012624.1172, "right": 1000830.3719508426, "bottom": 1010624.1172, "row_index": 6.0, "col_index": 23.0, "Rutas_I": 0, "Km_I": 0.0, "Rutas_F": 12, "KM_F": 141, "Horas_I": 0, "Horas_F": 24, "Veh_I_BUS": 0, "Veh_I_BUSETA": 0, "Veh_I_MICROBUS": 0, "Veh_I_CAMIONETA": 0, "Km_I_Bus": 0.0, "Km_I_BUSETA": 0.0, "Km_I_MICROBUS": 0.0, "Km_I_CAMIONETA": 0.0, "Veh_F_BUS": 4.0, "Veh_F_BUSETA": 3, "Veh_F_MICROBUS": 1, "Veh_F_CAMIONETA": 0, "Km_F_Bus": 66, "Km_F_BUSETA": 64, "Km_F_MICROBUS": 10, "Km_F_CAMIONETA": 0, "Ho_I_Bus": 12, "Ho_I_BUSETA": 10, "Ho_I_MICROBUS": 2, "Ho_I_CAMIONETA": 0, "Ho_F_Bus": 0, "Ho_F_BUSETA": 0, "Ho_F_MICROBUS": 0, "Ho_F_CAMIONETA": 0, "Ben_I_Bus": 0, "Ben_I_BUSETA": 0, "Ben_I_MICROBUS": 0, "Ben_I_CAMIONETA": 0, "Ben_F_Bus": 208, "Ben_F_BUSETA": 109, "Ben_F_MICROBUS": 16, "Ben_F_CAMIONETA": 0, "Rutas_I_Bus": 0, "Rutas_I_BUSETA": 0, "Rutas_I_MICROBUS": 0, "Rutas_I_CAMIONETA": 0, "Rutas_F_Bus": 6, "Rutas_F_BUSETA": 5, "Rutas_F_MICROBUS": 1, "Rutas_F_CAMIONETA": 0, "nom_patio": "La Alahambra", "Id_2": null }, "geometry": { "type": "MultiPolygon", "coordinates": [ [ [ [ 998520.970874084159732, 1011624.1172 ], [ 999098.321143273729831, 1012624.1172 ], [ 1000253.021681652986445, 1012624.1172 ], [ 1000830.371950842556544, 1011624.1172 ], [ 1000253.021681652986445, 1010624.1172 ], [ 999098.321143273729831, 1010624.1172 ], [ 998520.970874084159732, 1011624.1172 ] ] ] ] } },
{ "type": "Feature", "properties": { "id": 1296, "left": 998520.97087408416, "top": 1010624.1172, "right": 1000830.3719508426, "bottom": 1008624.1172, "row_index": 7.0, "col_index": 23.0, "Rutas_I": 2, "Km_I": 4.0, "Rutas_F": 44, "KM_F": 569, "Horas_I": 4, "Horas_F": 94, "Veh_I_BUS": 1, "Veh_I_BUSETA": 0, "Veh_I_MICROBUS": 1, "Veh_I_CAMIONETA": 0, "Km_I_Bus": 2.0, "Km_I_BUSETA": 0.0, "Km_I_MICROBUS": 2.0, "Km_I_CAMIONETA": 0.0, "Veh_F_BUS": 11.0, "Veh_F_BUSETA": 5, "Veh_F_MICROBUS": 11, "Veh_F_CAMIONETA": 0, "Km_F_Bus": 229, "Km_F_BUSETA": 143, "Km_F_MICROBUS": 196, "Km_F_CAMIONETA": 0, "Ho_I_Bus": 38, "Ho_I_BUSETA": 24, "Ho_I_MICROBUS": 34, "Ho_I_CAMIONETA": 0, "Ho_F_Bus": 2, "Ho_F_BUSETA": 0, "Ho_F_MICROBUS": 2, "Ho_F_CAMIONETA": 0, "Ben_I_Bus": 32, "Ben_I_BUSETA": 0, "Ben_I_MICROBUS": 13, "Ben_I_CAMIONETA": 0, "Ben_F_Bus": 606, "Ben_F_BUSETA": 264, "Ben_F_MICROBUS": 201, "Ben_F_CAMIONETA": 0, "Rutas_I_Bus": 1, "Rutas_I_BUSETA": 0, "Rutas_I_MICROBUS": 1, "Rutas_I_CAMIONETA": 0, "Rutas_F_Bus": 17, "Rutas_F_BUSETA": 12, "Rutas_F_MICROBUS": 15, "Rutas_F_CAMIONETA": 0, "nom_patio": "Bolera el Salitre", "Id_2": null }, "geometry": { "type": "MultiPolygon", "coordinates": [ [ [ [ 998520.970874084159732, 1009624.1172 ], [ 999098.321143273729831, 1010624.1172 ], [ 1000253.021681652986445, 1010624.1172 ], [ 1000830.371950842556544, 1009624.1172 ], [ 1000253.021681652986445, 1008624.1172 ], [ 999098.321143273729831, 1008624.1172 ], [ 998520.970874084159732, 1009624.1172 ] ] ] ] } },
{ "type": "Feature", "properties": { "id": 1297, "left": 998520.97087408416, "top": 1008624.1172, "right": 1000830.3719508426, "bottom": 1006624.1172, "row_index": 8.0, "col_index": 23.0, "Rutas_I": 1, "Km_I": 2.0, "Rutas_F": 25, "KM_F": 351, "Horas_I": 2, "Horas_F": 61, "Veh_I_BUS": 0, "Veh_I_BUSETA": 0, "Veh_I_MICROBUS": 1, "Veh_I_CAMIONETA": 0, "Km_I_Bus": 0.0, "Km_I_BUSETA": 0.0, "Km_I_MICROBUS": 2.0, "Km_I_CAMIONETA": 0.0, "Veh_F_BUS": 2.0, "Veh_F_BUSETA": 2, "Veh_F_MICROBUS": 11, "Veh_F_CAMIONETA": 2, "Km_F_Bus": 33, "Km_F_BUSETA": 44, "Km_F_MICROBUS": 231, "Km_F_CAMIONETA": 42, "Ho_I_Bus": 4, "Ho_I_BUSETA": 6, "Ho_I_MICROBUS": 41, "Ho_I_CAMIONETA": 6, "Ho_F_Bus": 0, "Ho_F_BUSETA": 0, "Ho_F_MICROBUS": 2, "Ho_F_CAMIONETA": 0, "Ben_I_Bus": 0, "Ben_I_BUSETA": 0, "Ben_I_MICROBUS": 9, "Ben_I_CAMIONETA": 0, "Ben_F_Bus": 65, "Ben_F_BUSETA": 82, "Ben_F_MICROBUS": 174, "Ben_F_CAMIONETA": 6, "Rutas_I_Bus": 0, "Rutas_I_BUSETA": 0, "Rutas_I_MICROBUS": 1, "Rutas_I_CAMIONETA": 0, "Rutas_F_Bus": 2, "Rutas_F_BUSETA": 3, "Rutas_F_MICROBUS": 16, "Rutas_F_CAMIONETA": 4, "nom_patio": "Bolera el Salitre", "Id_2": null }, "geometry": { "type": "MultiPolygon", "coordinates": [ [ [ [ 998520.970874084159732, 1007624.1172 ], [ 999098.321143273729831, 1008624.1172 ], [ 1000253.021681652986445, 1008624.1172 ], [ 1000830.371950842556544, 1007624.1172 ], [ 1000253.021681652986445, 1006624.1172 ], [ 999098.321143273729831, 1006624.1172 ], [ 998520.970874084159732, 1007624.1172 ] ] ] ] } },
{ "type": "Feature", "properties": { "id": 1298, "left": 998520.97087408416, "top": 1006624.1172, "right": 1000830.3719508426, "bottom": 1004624.1172, "row_index": 9.0, "col_index": 23.0, "Rutas_I": 9, "Km_I": 65.0, "Rutas_F": 1, "KM_F": 13, "Horas_I": 18, "Horas_F": 2, "Veh_I_BUS": 0, "Veh_I_BUSETA": 0, "Veh_I_MICROBUS": 6, "Veh_I_CAMIONETA": 1, "Km_I_Bus": 0.0, "Km_I_BUSETA": 0.0, "Km_I_MICROBUS": 61.0, "Km_I_CAMIONETA": 4.0, "Veh_F_BUS": 0.0, "Veh_F_BUSETA": 0, "Veh_F_MICROBUS": 1, "Veh_F_CAMIONETA": 0, "Km_F_Bus": 0, "Km_F_BUSETA": 0, "Km_F_MICROBUS": 13, "Km_F_CAMIONETA": 0, "Ho_I_Bus": 0, "Ho_I_BUSETA": 0, "Ho_I_MICROBUS": 20, "Ho_I_CAMIONETA": 6, "Ho_F_Bus": 0, "Ho_F_BUSETA": 0, "Ho_F_MICROBUS": 61, "Ho_F_CAMIONETA": 4, "Ben_I_Bus": 0, "Ben_I_BUSETA": 0, "Ben_I_MICROBUS": 39, "Ben_I_CAMIONETA": 3, "Ben_F_Bus": 0, "Ben_F_BUSETA": 0, "Ben_F_MICROBUS": 6, "Ben_F_CAMIONETA": 0, "Rutas_I_Bus": 0, "Rutas_I_BUSETA": 0, "Rutas_I_MICROBUS": 8, "Rutas_I_CAMIONETA": 1, "Rutas_F_Bus": 0, "Rutas_F_BUSETA": 0, "Rutas_F_MICROBUS": 1, "Rutas_F_CAMIONETA": 0, "nom_patio": "Bolera el Salitre", "Id_2": null }, "geometry": { "type": "MultiPolygon", "coordinates": [ [ [ [ 998520.970874084159732, 1005624.1172 ], [ 999098.321143273729831, 1006624.1172 ], [ 1000253.021681652986445, 1006624.1172 ], [ 1000830.371950842556544, 1005624.1172 ], [ 1000253.021681652986445, 1004624.1172 ], [ 999098.321143273729831, 1004624.1172 ], [ 998520.970874084159732, 1005624.1172 ] ] ] ] } },
{ "type": "Feature", "properties": { "id": 1299, "left": 998520.97087408416, "top": 1004624.1172, "right": 1000830.3719508426, "bottom": 1002624.1172, "row_index": 10.0, "col_index": 23.0, "Rutas_I": 1, "Km_I": 5.0, "Rutas_F": 2, "KM_F": 27, "Horas_I": 2, "Horas_F": 4, "Veh_I_BUS": 0, "Veh_I_BUSETA": 0, "Veh_I_MICROBUS": 0, "Veh_I_CAMIONETA": 1, "Km_I_Bus": 0.0, "Km_I_BUSETA": 0.0, "Km_I_MICROBUS": 0.0, "Km_I_CAMIONETA": 5.0, "Veh_F_BUS": 0.0, "Veh_F_BUSETA": 0, "Veh_F_MICROBUS": 2, "Veh_F_CAMIONETA": 0, "Km_F_Bus": 0, "Km_F_BUSETA": 0, "Km_F_MICROBUS": 27, "Km_F_CAMIONETA": 0, "Ho_I_Bus": 0, "Ho_I_BUSETA": 0, "Ho_I_MICROBUS": 4, "Ho_I_CAMIONETA": 2, "Ho_F_Bus": 0, "Ho_F_BUSETA": 0, "Ho_F_MICROBUS": 0, "Ho_F_CAMIONETA": 5, "Ben_I_Bus": 0, "Ben_I_BUSETA": 0, "Ben_I_MICROBUS": 0, "Ben_I_CAMIONETA": 0, "Ben_F_Bus": 0, "Ben_F_BUSETA": 0, "Ben_F_MICROBUS": 0, "Ben_F_CAMIONETA": 0, "Rutas_I_Bus": 0, "Rutas_I_BUSETA": 0, "Rutas_I_MICROBUS": 0, "Rutas_I_CAMIONETA": 1, "Rutas_F_Bus": 0, "Rutas_F_BUSETA": 0, "Rutas_F_MICROBUS": 2, "Rutas_F_CAMIONETA": 0, "nom_patio": null, "Id_2": null }, "geometry": { "type": "MultiPolygon", "coordinates": [ [ [ [ 998520.970874084159732, 1003624.1172 ], [ 999098.321143273729831, 1004624.1172 ], [ 1000253.021681652986445, 1004624.1172 ], [ 1000830.371950842556544, 1003624.1172 ], [ 1000253.021681652986445, 1002624.1172 ], [ 999098.321143273729831, 1002624.1172 ], [ 998520.970874084159732, 1003624.1172 ] ] ] ] } },
{ "type": "Feature", "properties": { "id": 1300, "left": 998520.97087408416, "top": 1002624.1172, "right": 1000830.3719508426, "bottom": 1000624.1172, "row_index": 11.0, "col_index": 23.0, "Rutas_I": 0, "Km_I": 0.0, "Rutas_F": 18, "KM_F": 322, "Horas_I": 0, "Horas_F": 56, "Veh_I_BUS": 0, "Veh_I_BUSETA": 0, "Veh_I_MICROBUS": 0, "Veh_I_CAMIONETA": 0, "Km_I_Bus": 0.0, "Km_I_BUSETA": 0.0, "Km_I_MICROBUS": 0.0, "Km_I_CAMIONETA": 0.0, "Veh_F_BUS": 0.0, "Veh_F_BUSETA": 0, "Veh_F_MICROBUS": 7, "Veh_F_CAMIONETA": 4, "Km_F_Bus": 0, "Km_F_BUSETA": 0, "Km_F_MICROBUS": 177, "Km_F_CAMIONETA": 145, "Ho_I_Bus": 0, "Ho_I_BUSETA": 0, "Ho_I_MICROBUS": 30, "Ho_I_CAMIONETA": 26, "Ho_F_Bus": 0, "Ho_F_BUSETA": 0, "Ho_F_MICROBUS": 0, "Ho_F_CAMIONETA": 0, "Ben_I_Bus": 0, "Ben_I_BUSETA": 0, "Ben_I_MICROBUS": 0, "Ben_I_CAMIONETA": 0, "Ben_F_Bus": 0, "Ben_F_BUSETA": 0, "Ben_F_MICROBUS": 77, "Ben_F_CAMIONETA": 33, "Rutas_I_Bus": 0, "Rutas_I_BUSETA": 0, "Rutas_I_MICROBUS": 0, "Rutas_I_CAMIONETA": 0, "Rutas_F_Bus": 0, "Rutas_F_BUSETA": 0, "Rutas_F_MICROBUS": 9, "Rutas_F_CAMIONETA": 9, "nom_patio": null, "Id_2": null }, "geometry": { "type": "MultiPolygon", "coordinates": [ [ [ [ 998520.970874084159732, 1001624.1172 ], [ 999098.321143273729831, 1002624.1172 ], [ 1000253.021681652986445, 1002624.1172 ], [ 1000830.371950842556544, 1001624.1172 ], [ 1000253.021681652986445, 1000624.1172 ], [ 999098.321143273729831, 1000624.1172 ], [ 998520.970874084159732, 1001624.1172 ] ] ] ] } },
{ "type": "Feature", "properties": { "id": 1301, "left": 998520.97087408416, "top": 1000624.1172, "right": 1000830.3719508426, "bottom": 998624.1172, "row_index": 12.0, "col_index": 23.0, "Rutas_I": 12, "Km_I": 78.0, "Rutas_F": 1, "KM_F": 3, "Horas_I": 24, "Horas_F": 2, "Veh_I_BUS": 4, "Veh_I_BUSETA": 2, "Veh_I_MICROBUS": 2, "Veh_I_CAMIONETA": 1, "Km_I_Bus": 37.0, "Km_I_BUSETA": 18.0, "Km_I_MICROBUS": 17.0, "Km_I_CAMIONETA": 6.0, "Veh_F_BUS": 1.0, "Veh_F_BUSETA": 0, "Veh_F_MICROBUS": 0, "Veh_F_CAMIONETA": 0, "Km_F_Bus": 3, "Km_F_BUSETA": 0, "Km_F_MICROBUS": 0, "Km_F_CAMIONETA": 0, "Ho_I_Bus": 14, "Ho_I_BUSETA": 6, "Ho_I_MICROBUS": 4, "Ho_I_CAMIONETA": 2, "Ho_F_Bus": 37, "Ho_F_BUSETA": 18, "Ho_F_MICROBUS": 17, "Ho_F_CAMIONETA": 6, "Ben_I_Bus": 290, "Ben_I_BUSETA": 83, "Ben_I_MICROBUS": 14, "Ben_I_CAMIONETA": 3, "Ben_F_Bus": 89, "Ben_F_BUSETA": 0, "Ben_F_MICROBUS": 0, "Ben_F_CAMIONETA": 0, "Rutas_I_Bus": 6, "Rutas_I_BUSETA": 3, "Rutas_I_MICROBUS": 2, "Rutas_I_CAMIONETA": 1, "Rutas_F_Bus": 1, "Rutas_F_BUSETA": 0, "Rutas_F_MICROBUS": 0, "Rutas_F_CAMIONETA": 0, "nom_patio": null, "Id_2": null }, "geometry": { "type": "MultiPolygon", "coordinates": [ [ [ [ 998520.970874084159732, 999624.117199999978766 ], [ 999098.321143273729831, 1000624.1172 ], [ 1000253.021681652986445, 1000624.1172 ], [ 1000830.371950842556544, 999624.117199999978766 ], [ 1000253.021681652986445, 998624.117199999978766 ], [ 999098.321143273729831, 998624.117199999978766 ], [ 998520.970874084159732, 999624.117199999978766 ] ] ] ] } },
{ "type": "Feature", "properties": { "id": 1302, "left": 998520.97087408416, "top": 998624.1172, "right": 1000830.3719508426, "bottom": 996624.1172, "row_index": 13.0, "col_index": 23.0, "Rutas_I": 3, "Km_I": 46.0, "Rutas_F": 6, "KM_F": 34, "Horas_I": 10, "Horas_F": 12, "Veh_I_BUS": 0, "Veh_I_BUSETA": 1, "Veh_I_MICROBUS": 2, "Veh_I_CAMIONETA": 0, "Km_I_Bus": 0.0, "Km_I_BUSETA": 14.0, "Km_I_MICROBUS": 32.0, "Km_I_CAMIONETA": 0.0, "Veh_F_BUS": 1.0, "Veh_F_BUSETA": 1, "Veh_F_MICROBUS": 3, "Veh_F_CAMIONETA": 0, "Km_F_Bus": 4, "Km_F_BUSETA": 4, "Km_F_MICROBUS": 27, "Km_F_CAMIONETA": 0, "Ho_I_Bus": 2, "Ho_I_BUSETA": 4, "Ho_I_MICROBUS": 16, "Ho_I_CAMIONETA": 0, "Ho_F_Bus": 0, "Ho_F_BUSETA": 14, "Ho_F_MICROBUS": 32, "Ho_F_CAMIONETA": 0, "Ben_I_Bus": 0, "Ben_I_BUSETA": 25, "Ben_I_MICROBUS": 27, "Ben_I_CAMIONETA": 0, "Ben_F_Bus": 39, "Ben_F_BUSETA": 21, "Ben_F_MICROBUS": 58, "Ben_F_CAMIONETA": 0, "Rutas_I_Bus": 0, "Rutas_I_BUSETA": 1, "Rutas_I_MICROBUS": 2, "Rutas_I_CAMIONETA": 0, "Rutas_F_Bus": 1, "Rutas_F_BUSETA": 1, "Rutas_F_MICROBUS": 4, "Rutas_F_CAMIONETA": 0, "nom_patio": null, "Id_2": null }, "geometry": { "type": "MultiPolygon", "coordinates": [ [ [ [ 998520.970874084159732, 997624.117199999978766 ], [ 999098.321143273729831, 998624.117199999978766 ], [ 1000253.021681652986445, 998624.117199999978766 ], [ 1000830.371950842556544, 997624.117199999978766 ], [ 1000253.021681652986445, 996624.117199999978766 ], [ 999098.321143273729831, 996624.117199999978766 ], [ 998520.970874084159732, 997624.117199999978766 ] ] ] ] } },
{ "type": "Feature", "properties": { "id": 1303, "left": 998520.97087408416, "top": 996624.1172, "right": 1000830.3719508426, "bottom": 994624.1172, "row_index": 14.0, "col_index": 23.0, "Rutas_I": 2, "Km_I": 17.0, "Rutas_F": 2, "KM_F": 10, "Horas_I": 4, "Horas_F": 4, "Veh_I_BUS": 0, "Veh_I_BUSETA": 0, "Veh_I_MICROBUS": 2, "Veh_I_CAMIONETA": 0, "Km_I_Bus": 0.0, "Km_I_BUSETA": 0.0, "Km_I_MICROBUS": 17.0, "Km_I_CAMIONETA": 0.0, "Veh_F_BUS": 0.0, "Veh_F_BUSETA": 0, "Veh_F_MICROBUS": 2, "Veh_F_CAMIONETA": 0, "Km_F_Bus": 0, "Km_F_BUSETA": 0, "Km_F_MICROBUS": 10, "Km_F_CAMIONETA": 0, "Ho_I_Bus": 0, "Ho_I_BUSETA": 0, "Ho_I_MICROBUS": 8, "Ho_I_CAMIONETA": 0, "Ho_F_Bus": 0, "Ho_F_BUSETA": 0, "Ho_F_MICROBUS": 17, "Ho_F_CAMIONETA": 0, "Ben_I_Bus": 0, "Ben_I_BUSETA": 0, "Ben_I_MICROBUS": 32, "Ben_I_CAMIONETA": 0, "Ben_F_Bus": 0, "Ben_F_BUSETA": 0, "Ben_F_MICROBUS": 31, "Ben_F_CAMIONETA": 0, "Rutas_I_Bus": 0, "Rutas_I_BUSETA": 0, "Rutas_I_MICROBUS": 2, "Rutas_I_CAMIONETA": 0, "Rutas_F_Bus": 0, "Rutas_F_BUSETA": 0, "Rutas_F_MICROBUS": 2, "Rutas_F_CAMIONETA": 0, "nom_patio": null, "Id_2": null }, "geometry": { "type": "MultiPolygon", "coordinates": [ [ [ [ 998520.970874084159732, 995624.117199999978766 ], [ 999098.321143273729831, 996624.117199999978766 ], [ 1000253.021681652986445, 996624.117199999978766 ], [ 1000830.371950842556544, 995624.117199999978766 ], [ 1000253.021681652986445, 994624.117199999978766 ], [ 999098.321143273729831, 994624.117199999978766 ], [ 998520.970874084159732, 995624.117199999978766 ] ] ] ] } },
{ "type": "Feature", "properties": { "id": 1304, "left": 998520.97087408416, "top": 994624.1172, "right": 1000830.3719508426, "bottom": 992624.1172, "row_index": 15.0, "col_index": 23.0, "Rutas_I": 12, "Km_I": 103.0, "Rutas_F": 3, "KM_F": 24, "Horas_I": 24, "Horas_F": 6, "Veh_I_BUS": 3, "Veh_I_BUSETA": 1, "Veh_I_MICROBUS": 5, "Veh_I_CAMIONETA": 0, "Km_I_Bus": 26.0, "Km_I_BUSETA": 11.91, "Km_I_MICROBUS": 65.0, "Km_I_CAMIONETA": 0.0, "Veh_F_BUS": 0.0, "Veh_F_BUSETA": 0, "Veh_F_MICROBUS": 2, "Veh_F_CAMIONETA": 1, "Km_F_Bus": 0, "Km_F_BUSETA": 0, "Km_F_MICROBUS": 14, "Km_F_CAMIONETA": 10, "Ho_I_Bus": 8, "Ho_I_BUSETA": 2, "Ho_I_MICROBUS": 20, "Ho_I_CAMIONETA": 0, "Ho_F_Bus": 26, "Ho_F_BUSETA": null, "Ho_F_MICROBUS": 65, "Ho_F_CAMIONETA": 0, "Ben_I_Bus": 152, "Ben_I_BUSETA": 28, "Ben_I_MICROBUS": 81, "Ben_I_CAMIONETA": 0, "Ben_F_Bus": 0, "Ben_F_BUSETA": 0, "Ben_F_MICROBUS": 15, "Ben_F_CAMIONETA": 3, "Rutas_I_Bus": 4, "Rutas_I_BUSETA": 1, "Rutas_I_MICROBUS": 7, "Rutas_I_CAMIONETA": 0, "Rutas_F_Bus": 0, "Rutas_F_BUSETA": 0, "Rutas_F_MICROBUS": 2, "Rutas_F_CAMIONETA": 1, "nom_patio": null, "Id_2": null }, "geometry": { "type": "MultiPolygon", "coordinates": [ [ [ [ 998520.970874084159732, 993624.117199999978766 ], [ 999098.321143273729831, 994624.117199999978766 ], [ 1000253.021681652986445, 994624.117199999978766 ], [ 1000830.371950842556544, 993624.117199999978766 ], [ 1000253.021681652986445, 992624.117199999978766 ], [ 999098.321143273729831, 992624.117199999978766 ], [ 998520.970874084159732, 993624.117199999978766 ] ] ] ] } },
{ "type": "Feature", "properties": { "id": 1305, "left": 998520.97087408416, "top": 992624.1172, "right": 1000830.3719508426, "bottom": 990624.1172, "row_index": 16.0, "col_index": 23.0, "Rutas_I": 1, "Km_I": 8.0, "Rutas_F": 20, "KM_F": 73, "Horas_I": 2, "Horas_F": 40, "Veh_I_BUS": 0, "Veh_I_BUSETA": 0, "Veh_I_MICROBUS": 1, "Veh_I_CAMIONETA": 0, "Km_I_Bus": 0.0, "Km_I_BUSETA": 0.0, "Km_I_MICROBUS": 8.0, "Km_I_CAMIONETA": 0.0, "Veh_F_BUS": 11.0, "Veh_F_BUSETA": 1, "Veh_F_MICROBUS": 1, "Veh_F_CAMIONETA": 0, "Km_F_Bus": 52, "Km_F_BUSETA": 11, "Km_F_MICROBUS": 10, "Km_F_CAMIONETA": 0, "Ho_I_Bus": 34, "Ho_I_BUSETA": 4, "Ho_I_MICROBUS": 4, "Ho_I_CAMIONETA": 0, "Ho_F_Bus": 0, "Ho_F_BUSETA": 0, "Ho_F_MICROBUS": 8, "Ho_F_CAMIONETA": 0, "Ben_I_Bus": 0, "Ben_I_BUSETA": 0, "Ben_I_MICROBUS": 15, "Ben_I_CAMIONETA": 0, "Ben_F_Bus": 633, "Ben_F_BUSETA": 43, "Ben_F_MICROBUS": 18, "Ben_F_CAMIONETA": 0, "Rutas_I_Bus": 0, "Rutas_I_BUSETA": 0, "Rutas_I_MICROBUS": 1, "Rutas_I_CAMIONETA": 0, "Rutas_F_Bus": 17, "Rutas_F_BUSETA": 2, "Rutas_F_MICROBUS": 1, "Rutas_F_CAMIONETA": 0, "nom_patio": null, "Id_2": null }, "geometry": { "type": "MultiPolygon", "coordinates": [ [ [ [ 998520.970874084159732, 991624.117199999978766 ], [ 999098.321143273729831, 992624.117199999978766 ], [ 1000253.021681652986445, 992624.117199999978766 ], [ 1000830.371950842556544, 991624.117199999978766 ], [ 1000253.021681652986445, 990624.117199999978766 ], [ 999098.321143273729831, 990624.117199999978766 ], [ 998520.970874084159732, 991624.117199999978766 ] ] ] ] } },
{ "type": "Feature", "properties": { "id": 1306, "left": 998520.97087408416, "top": 990624.1172, "right": 1000830.3719508426, "bottom": 988624.1172, "row_index": 17.0, "col_index": 23.0, "Rutas_I": 15, "Km_I": 53.0, "Rutas_F": 1, "KM_F": 8, "Horas_I": 30, "Horas_F": 2, "Veh_I_BUS": 9, "Veh_I_BUSETA": 0, "Veh_I_MICROBUS": 1, "Veh_I_CAMIONETA": 1, "Km_I_Bus": 38.0, "Km_I_BUSETA": 0.0, "Km_I_MICROBUS": 5.0, "Km_I_CAMIONETA": 10.0, "Veh_F_BUS": 0.0, "Veh_F_BUSETA": 0, "Veh_F_MICROBUS": 1, "Veh_F_CAMIONETA": 0, "Km_F_Bus": 0, "Km_F_BUSETA": 0, "Km_F_MICROBUS": 8, "Km_F_CAMIONETA": 0, "Ho_I_Bus": 26, "Ho_I_BUSETA": 0, "Ho_I_MICROBUS": 2, "Ho_I_CAMIONETA": 4, "Ho_F_Bus": 38, "Ho_F_BUSETA": 0, "Ho_F_MICROBUS": 5, "Ho_F_CAMIONETA": 10, "Ben_I_Bus": 479, "Ben_I_BUSETA": 0, "Ben_I_MICROBUS": 7, "Ben_I_CAMIONETA": 3, "Ben_F_Bus": 0, "Ben_F_BUSETA": 0, "Ben_F_MICROBUS": 6, "Ben_F_CAMIONETA": 0, "Rutas_I_Bus": 13, "Rutas_I_BUSETA": 0, "Rutas_I_MICROBUS": 1, "Rutas_I_CAMIONETA": 1, "Rutas_F_Bus": 0, "Rutas_F_BUSETA": 0, "Rutas_F_MICROBUS": 1, "Rutas_F_CAMIONETA": 0, "nom_patio": null, "Id_2": null }, "geometry": { "type": "MultiPolygon", "coordinates": [ [ [ [ 998520.970874084159732, 989624.117199999978766 ], [ 999098.321143273729831, 990624.117199999978766 ], [ 1000253.021681652986445, 990624.117199999978766 ], [ 1000830.371950842556544, 989624.117199999978766 ], [ 1000253.021681652986445, 988624.117199999978766 ], [ 999098.321143273729831, 988624.117199999978766 ], [ 998520.970874084159732, 989624.117199999978766 ] ] ] ] } },
{ "type": "Feature", "properties": { "id": 1308, "left": 998520.97087408416, "top": 986624.1172, "right": 1000830.3719508426, "bottom": 984624.1172, "row_index": 19.0, "col_index": 23.0, "Rutas_I": 5, "Km_I": 43.0, "Rutas_F": 1, "KM_F": 7, "Horas_I": 10, "Horas_F": 2, "Veh_I_BUS": 1, "Veh_I_BUSETA": 2, "Veh_I_MICROBUS": 0, "Veh_I_CAMIONETA": 0, "Km_I_Bus": 8.0, "Km_I_BUSETA": 35.0, "Km_I_MICROBUS": 0.0, "Km_I_CAMIONETA": 0.0, "Veh_F_BUS": 1.0, "Veh_F_BUSETA": 0, "Veh_F_MICROBUS": 0, "Veh_F_CAMIONETA": 0, "Km_F_Bus": 7, "Km_F_BUSETA": 0, "Km_F_MICROBUS": 0, "Km_F_CAMIONETA": 0, "Ho_I_Bus": 4, "Ho_I_BUSETA": 10, "Ho_I_MICROBUS": 0, "Ho_I_CAMIONETA": 0, "Ho_F_Bus": 8, "Ho_F_BUSETA": 35, "Ho_F_MICROBUS": 0, "Ho_F_CAMIONETA": 0, "Ben_I_Bus": 37, "Ben_I_BUSETA": 90, "Ben_I_MICROBUS": 0, "Ben_I_CAMIONETA": 0, "Ben_F_Bus": 39, "Ben_F_BUSETA": 0, "Ben_F_MICROBUS": 0, "Ben_F_CAMIONETA": 0, "Rutas_I_Bus": 1, "Rutas_I_BUSETA": 4, "Rutas_I_MICROBUS": 0, "Rutas_I_CAMIONETA": 0, "Rutas_F_Bus": 1, "Rutas_F_BUSETA": 0, "Rutas_F_MICROBUS": 0, "Rutas_F_CAMIONETA": 0, "nom_patio": null, "Id_2": null }, "geometry": { "type": "MultiPolygon", "coordinates": [ [ [ [ 998520.970874084159732, 985624.117199999978766 ], [ 999098.321143273729831, 986624.117199999978766 ], [ 1000253.021681652986445, 986624.117199999978766 ], [ 1000830.371950842556544, 985624.117199999978766 ], [ 1000253.021681652986445, 984624.117199999978766 ], [ 999098.321143273729831, 984624.117199999978766 ], [ 998520.970874084159732, 985624.117199999978766 ] ] ] ] } },
{ "type": "Feature", "properties": { "id": 1351, "left": 1000253.0216816531, "top": 1013624.1172, "right": 1002562.4227584115, "bottom": 1011624.1172, "row_index": 6.0, "col_index": 24.0, "Rutas_I": 0, "Km_I": 0.0, "Rutas_F": 12, "KM_F": null, "Horas_I": 0, "Horas_F": 24, "Veh_I_BUS": 0, "Veh_I_BUSETA": 0, "Veh_I_MICROBUS": 0, "Veh_I_CAMIONETA": 0, "Km_I_Bus": 0.0, "Km_I_BUSETA": 0.0, "Km_I_MICROBUS": 0.0, "Km_I_CAMIONETA": 0.0, "Veh_F_BUS": 3.0, "Veh_F_BUSETA": 2, "Veh_F_MICROBUS": 3, "Veh_F_CAMIONETA": 0, "Km_F_Bus": 47, "Km_F_BUSETA": 43, "Km_F_MICROBUS": 47, "Km_F_CAMIONETA": 0, "Ho_I_Bus": 8, "Ho_I_BUSETA": 8, "Ho_I_MICROBUS": 8, "Ho_I_CAMIONETA": 0, "Ho_F_Bus": 0, "Ho_F_BUSETA": 0, "Ho_F_MICROBUS": 0, "Ho_F_CAMIONETA": 0, "Ben_I_Bus": 0, "Ben_I_BUSETA": 0, "Ben_I_MICROBUS": 0, "Ben_I_CAMIONETA": 0, "Ben_F_Bus": 137, "Ben_F_BUSETA": 97, "Ben_F_MICROBUS": 54, "Ben_F_CAMIONETA": 0, "Rutas_I_Bus": 0, "Rutas_I_BUSETA": 0, "Rutas_I_MICROBUS": 0, "Rutas_I_CAMIONETA": 0, "Rutas_F_Bus": 4, "Rutas_F_BUSETA": 4, "Rutas_F_MICROBUS": 4, "Rutas_F_CAMIONETA": 0, "nom_patio": "La Alahambra", "Id_2": null }, "geometry": { "type": "MultiPolygon", "coordinates": [ [ [ [ 1000253.02168165310286, 1012624.1172 ], [ 1000830.371950842672959, 1013624.1172 ], [ 1001985.072489221929573, 1013624.1172 ], [ 1002562.422758411499672, 1012624.1172 ], [ 1001985.072489221929573, 1011624.1172 ], [ 1000830.371950842672959, 1011624.1172 ], [ 1000253.02168165310286, 1012624.1172 ] ] ] ] } },
{ "type": "Feature", "properties": { "id": 1352, "left": 1000253.0216816531, "top": 1011624.1172, "right": 1002562.4227584115, "bottom": 1009624.1172, "row_index": 7.0, "col_index": 24.0, "Rutas_I": 1, "Km_I": 13.06, "Rutas_F": 6, "KM_F": 82, "Horas_I": 2, "Horas_F": 12, "Veh_I_BUS": 0, "Veh_I_BUSETA": 1, "Veh_I_MICROBUS": 0, "Veh_I_CAMIONETA": 0, "Km_I_Bus": 0.0, "Km_I_BUSETA": 13.06, "Km_I_MICROBUS": 0.0, "Km_I_CAMIONETA": 0.0, "Veh_F_BUS": 0.0, "Veh_F_BUSETA": 2, "Veh_F_MICROBUS": 2, "Veh_F_CAMIONETA": 0, "Km_F_Bus": 0, "Km_F_BUSETA": 57, "Km_F_MICROBUS": 25, "Km_F_CAMIONETA": 0, "Ho_I_Bus": 2, "Ho_I_BUSETA": 12, "Ho_I_MICROBUS": 14, "Ho_I_CAMIONETA": 0, "Ho_F_Bus": 0, "Ho_F_BUSETA": null, "Ho_F_MICROBUS": 0, "Ho_F_CAMIONETA": 0, "Ben_I_Bus": 0, "Ben_I_BUSETA": 32, "Ben_I_MICROBUS": 0, "Ben_I_CAMIONETA": 0, "Ben_F_Bus": 0, "Ben_F_BUSETA": 101, "Ben_F_MICROBUS": 25, "Ben_F_CAMIONETA": 0, "Rutas_I_Bus": 0, "Rutas_I_BUSETA": 1, "Rutas_I_MICROBUS": 0, "Rutas_I_CAMIONETA": 0, "Rutas_F_Bus": 0, "Rutas_F_BUSETA": 4, "Rutas_F_MICROBUS": 2, "Rutas_F_CAMIONETA": 0, "nom_patio": "La Alahambra", "Id_2": null }, "geometry": { "type": "MultiPolygon", "coordinates": [ [ [ [ 1000253.02168165310286, 1010624.1172 ], [ 1000830.371950842672959, 1011624.1172 ], [ 1001985.072489221929573, 1011624.1172 ], [ 1002562.422758411499672, 1010624.1172 ], [ 1001985.072489221929573, 1009624.1172 ], [ 1000830.371950842672959, 1009624.1172 ], [ 1000253.02168165310286, 1010624.1172 ] ] ] ] } },
{ "type": "Feature", "properties": { "id": 1353, "left": 1000253.0216816531, "top": 1009624.1172, "right": 1002562.4227584115, "bottom": 1007624.1172, "row_index": 8.0, "col_index": 24.0, "Rutas_I": 0, "Km_I": 0.0, "Rutas_F": 31, "KM_F": 502, "Horas_I": 0, "Horas_F": 79, "Veh_I_BUS": 0, "Veh_I_BUSETA": 0, "Veh_I_MICROBUS": 0, "Veh_I_CAMIONETA": 0, "Km_I_Bus": 0.0, "Km_I_BUSETA": 0.0, "Km_I_MICROBUS": 0.0, "Km_I_CAMIONETA": 0.0, "Veh_F_BUS": 2.0, "Veh_F_BUSETA": 3, "Veh_F_MICROBUS": 13, "Veh_F_CAMIONETA": 2, "Km_F_Bus": 39, "Km_F_BUSETA": 110, "Km_F_MICROBUS": 304, "Km_F_CAMIONETA": 49, "Ho_I_Bus": 6, "Ho_I_BUSETA": 14, "Ho_I_MICROBUS": 39, "Ho_I_CAMIONETA": 6, "Ho_F_Bus": 0, "Ho_F_BUSETA": 0, "Ho_F_MICROBUS": 0, "Ho_F_CAMIONETA": 0, "Ben_I_Bus": 0, "Ben_I_BUSETA": 0, "Ben_I_MICROBUS": 0, "Ben_I_CAMIONETA": 0, "Ben_F_Bus": 93, "Ben_F_BUSETA": 146, "Ben_F_MICROBUS": 207, "Ben_F_CAMIONETA": 15, "Rutas_I_Bus": 0, "Rutas_I_BUSETA": 0, "Rutas_I_MICROBUS": 0, "Rutas_I_CAMIONETA": 0, "Rutas_F_Bus": 3, "Rutas_F_BUSETA": 6, "Rutas_F_MICROBUS": 19, "Rutas_F_CAMIONETA": 3, "nom_patio": "La Alahambra", "Id_2": null }, "geometry": { "type": "MultiPolygon", "coordinates": [ [ [ [ 1000253.02168165310286, 1008624.1172 ], [ 1000830.371950842672959, 1009624.1172 ], [ 1001985.072489221929573, 1009624.1172 ], [ 1002562.422758411499672, 1008624.1172 ], [ 1001985.072489221929573, 1007624.1172 ], [ 1000830.371950842672959, 1007624.1172 ], [ 1000253.02168165310286, 1008624.1172 ] ] ] ] } },
{ "type": "Feature", "properties": { "id": 1354, "left": 1000253.0216816531, "top": 1007624.1172, "right": 1002562.4227584115, "bottom": 1005624.1172, "row_index": 9.0, "col_index": 24.0, "Rutas_I": 0, "Km_I": 0.0, "Rutas_F": 0, "KM_F": 0, "Horas_I": 0, "Horas_F": 0, "Veh_I_BUS": 0, "Veh_I_BUSETA": 0, "Veh_I_MICROBUS": 0, "Veh_I_CAMIONETA": 0, "Km_I_Bus": 0.0, "Km_I_BUSETA": 0.0, "Km_I_MICROBUS": 0.0, "Km_I_CAMIONETA": 0.0, "Veh_F_BUS": 0.0, "Veh_F_BUSETA": 0, "Veh_F_MICROBUS": 0, "Veh_F_CAMIONETA": 0, "Km_F_Bus": 0, "Km_F_BUSETA": 0, "Km_F_MICROBUS": 0, "Km_F_CAMIONETA": 0, "Ho_I_Bus": 0, "Ho_I_BUSETA": 0, "Ho_I_MICROBUS": 0, "Ho_I_CAMIONETA": 0, "Ho_F_Bus": 0, "Ho_F_BUSETA": 0, "Ho_F_MICROBUS": 0, "Ho_F_CAMIONETA": 0, "Ben_I_Bus": 0, "Ben_I_BUSETA": 0, "Ben_I_MICROBUS": 0, "Ben_I_CAMIONETA": 0, "Ben_F_Bus": 0, "Ben_F_BUSETA": 0, "Ben_F_MICROBUS": 0, "Ben_F_CAMIONETA": 0, "Rutas_I_Bus": 0, "Rutas_I_BUSETA": 0, "Rutas_I_MICROBUS": 0, "Rutas_I_CAMIONETA": 0, "Rutas_F_Bus": 0, "Rutas_F_BUSETA": 0, "Rutas_F_MICROBUS": 0, "Rutas_F_CAMIONETA": 0, "nom_patio": null, "Id_2": null }, "geometry": { "type": "MultiPolygon", "coordinates": [ [ [ [ 1000253.02168165310286, 1006624.1172 ], [ 1000830.371950842672959, 1007624.1172 ], [ 1001985.072489221929573, 1007624.1172 ], [ 1002562.422758411499672, 1006624.1172 ], [ 1001985.072489221929573, 1005624.1172 ], [ 1000830.371950842672959, 1005624.1172 ], [ 1000253.02168165310286, 1006624.1172 ] ] ] ] } },
{ "type": "Feature", "properties": { "id": 1355, "left": 1000253.0216816531, "top": 1005624.1172, "right": 1002562.4227584115, "bottom": 1003624.1172, "row_index": 10.0, "col_index": 24.0, "Rutas_I": 2, "Km_I": 13.0, "Rutas_F": 6, "KM_F": 58, "Horas_I": 4, "Horas_F": 15, "Veh_I_BUS": 2, "Veh_I_BUSETA": 0, "Veh_I_MICROBUS": 0, "Veh_I_CAMIONETA": 0, "Km_I_Bus": 13.0, "Km_I_BUSETA": 0.0, "Km_I_MICROBUS": 0.0, "Km_I_CAMIONETA": 0.0, "Veh_F_BUS": 2.0, "Veh_F_BUSETA": 0, "Veh_F_MICROBUS": 3, "Veh_F_CAMIONETA": 1, "Km_F_Bus": 13, "Km_F_BUSETA": 0, "Km_F_MICROBUS": 42, "Km_F_CAMIONETA": 4, "Ho_I_Bus": 8, "Ho_I_BUSETA": 0, "Ho_I_MICROBUS": 9, "Ho_I_CAMIONETA": 2, "Ho_F_Bus": 13, "Ho_F_BUSETA": 0, "Ho_F_MICROBUS": 0, "Ho_F_CAMIONETA": 0, "Ben_I_Bus": 73, "Ben_I_BUSETA": 0, "Ben_I_MICROBUS": 0, "Ben_I_CAMIONETA": 0, "Ben_F_Bus": 73, "Ben_F_BUSETA": 0, "Ben_F_MICROBUS": 27, "Ben_F_CAMIONETA": 1, "Rutas_I_Bus": 2, "Rutas_I_BUSETA": 0, "Rutas_I_MICROBUS": 0, "Rutas_I_CAMIONETA": 0, "Rutas_F_Bus": 2, "Rutas_F_BUSETA": 0, "Rutas_F_MICROBUS": 3, "Rutas_F_CAMIONETA": 1, "nom_patio": null, "Id_2": null }, "geometry": { "type": "MultiPolygon", "coordinates": [ [ [ [ 1000253.02168165310286, 1004624.1172 ], [ 1000830.371950842672959, 1005624.1172 ], [ 1001985.072489221929573, 1005624.1172 ], [ 1002562.422758411499672, 1004624.1172 ], [ 1001985.072489221929573, 1003624.1172 ], [ 1000830.371950842672959, 1003624.1172 ], [ 1000253.02168165310286, 1004624.1172 ] ] ] ] } },
{ "type": "Feature", "properties": { "id": 1356, "left": 1000253.0216816531, "top": 1003624.1172, "right": 1002562.4227584115, "bottom": 1001624.1172, "row_index": 11.0, "col_index": 24.0, "Rutas_I": 2, "Km_I": 21.31, "Rutas_F": 2, "KM_F": 39, "Horas_I": 4, "Horas_F": 6, "Veh_I_BUS": 2, "Veh_I_BUSETA": 0, "Veh_I_MICROBUS": 0, "Veh_I_CAMIONETA": 0, "Km_I_Bus": 21.31, "Km_I_BUSETA": 0.0, "Km_I_MICROBUS": 0.0, "Km_I_CAMIONETA": 0.0, "Veh_F_BUS": 1.0, "Veh_F_BUSETA": 0, "Veh_F_MICROBUS": 1, "Veh_F_CAMIONETA": 0, "Km_F_Bus": null, "Km_F_BUSETA": 0, "Km_F_MICROBUS": 31, "Km_F_CAMIONETA": 0, "Ho_I_Bus": 6, "Ho_I_BUSETA": 0, "Ho_I_MICROBUS": 4, "Ho_I_CAMIONETA": 0, "Ho_F_Bus": null, "Ho_F_BUSETA": 0, "Ho_F_MICROBUS": 0, "Ho_F_CAMIONETA": 0, "Ben_I_Bus": 83, "Ben_I_BUSETA": 0, "Ben_I_MICROBUS": 0, "Ben_I_CAMIONETA": 0, "Ben_F_Bus": 37, "Ben_F_BUSETA": 0, "Ben_F_MICROBUS": 11, "Ben_F_CAMIONETA": 0, "Rutas_I_Bus": 2, "Rutas_I_BUSETA": 0, "Rutas_I_MICROBUS": 0, "Rutas_I_CAMIONETA": 0, "Rutas_F_Bus": 1, "Rutas_F_BUSETA": 0, "Rutas_F_MICROBUS": 1, "Rutas_F_CAMIONETA": 0, "nom_patio": null, "Id_2": null }, "geometry": { "type": "MultiPolygon", "coordinates": [ [ [ [ 1000253.02168165310286, 1002624.1172 ], [ 1000830.371950842672959, 1003624.1172 ], [ 1001985.072489221929573, 1003624.1172 ], [ 1002562.422758411499672, 1002624.1172 ], [ 1001985.072489221929573, 1001624.1172 ], [ 1000830.371950842672959, 1001624.1172 ], [ 1000253.02168165310286, 1002624.1172 ] ] ] ] } },
{ "type": "Feature", "properties": { "id": 1357, "left": 1000253.0216816531, "top": 1001624.1172, "right": 1002562.4227584115, "bottom": 999624.1172, "row_index": 12.0, "col_index": 24.0, "Rutas_I": 0, "Km_I": 0.0, "Rutas_F": 4, "KM_F": 40, "Horas_I": 0, "Horas_F": 8, "Veh_I_BUS": 0, "Veh_I_BUSETA": 0, "Veh_I_MICROBUS": 0, "Veh_I_CAMIONETA": 0, "Km_I_Bus": 0.0, "Km_I_BUSETA": 0.0, "Km_I_MICROBUS": 0.0, "Km_I_CAMIONETA": 0.0, "Veh_F_BUS": 1.0, "Veh_F_BUSETA": 1, "Veh_F_MICROBUS": 2, "Veh_F_CAMIONETA": 0, "Km_F_Bus": 12, "Km_F_BUSETA": 8, "Km_F_MICROBUS": 20, "Km_F_CAMIONETA": 0, "Ho_I_Bus": 2, "Ho_I_BUSETA": 2, "Ho_I_MICROBUS": 4, "Ho_I_CAMIONETA": 0, "Ho_F_Bus": 0, "Ho_F_BUSETA": 0, "Ho_F_MICROBUS": 0, "Ho_F_CAMIONETA": 0, "Ben_I_Bus": 0, "Ben_I_BUSETA": 0, "Ben_I_MICROBUS": 0, "Ben_I_CAMIONETA": 0, "Ben_F_Bus": 35, "Ben_F_BUSETA": 29, "Ben_F_MICROBUS": 13, "Ben_F_CAMIONETA": 0, "Rutas_I_Bus": 0, "Rutas_I_BUSETA": 0, "Rutas_I_MICROBUS": 0, "Rutas_I_CAMIONETA": 0, "Rutas_F_Bus": 1, "Rutas_F_BUSETA": 1, "Rutas_F_MICROBUS": 2, "Rutas_F_CAMIONETA": 0, "nom_patio": null, "Id_2": null }, "geometry": { "type": "MultiPolygon", "coordinates": [ [ [ [ 1000253.02168165310286, 1000624.1172 ], [ 1000830.371950842672959, 1001624.1172 ], [ 1001985.072489221929573, 1001624.1172 ], [ 1002562.422758411499672, 1000624.1172 ], [ 1001985.072489221929573, 999624.117199999978766 ], [ 1000830.371950842672959, 999624.117199999978766 ], [ 1000253.02168165310286, 1000624.1172 ] ] ] ] } },
{ "type": "Feature", "properties": { "id": 1358, "left": 1000253.0216816531, "top": 999624.1172, "right": 1002562.4227584115, "bottom": 997624.1172, "row_index": 13.0, "col_index": 24.0, "Rutas_I": 4, "Km_I": 25.0, "Rutas_F": 6, "KM_F": null, "Horas_I": 8, "Horas_F": 12, "Veh_I_BUS": 0, "Veh_I_BUSETA": 0, "Veh_I_MICROBUS": 3, "Veh_I_CAMIONETA": 1, "Km_I_Bus": 0.0, "Km_I_BUSETA": 0.0, "Km_I_MICROBUS": 18.0, "Km_I_CAMIONETA": 7.0, "Veh_F_BUS": 2.0, "Veh_F_BUSETA": 1, "Veh_F_MICROBUS": 1, "Veh_F_CAMIONETA": 0, "Km_F_Bus": 17, "Km_F_BUSETA": 9, "Km_F_MICROBUS": 8, "Km_F_CAMIONETA": 0, "Ho_I_Bus": 6, "Ho_I_BUSETA": 4, "Ho_I_MICROBUS": 8, "Ho_I_CAMIONETA": 2, "Ho_F_Bus": 0, "Ho_F_BUSETA": 0, "Ho_F_MICROBUS": 18, "Ho_F_CAMIONETA": 7, "Ben_I_Bus": 0, "Ben_I_BUSETA": 0, "Ben_I_MICROBUS": 30, "Ben_I_CAMIONETA": 3, "Ben_F_Bus": 128, "Ben_F_BUSETA": 54, "Ben_F_MICROBUS": 16, "Ben_F_CAMIONETA": 0, "Rutas_I_Bus": 0, "Rutas_I_BUSETA": 0, "Rutas_I_MICROBUS": 3, "Rutas_I_CAMIONETA": 1, "Rutas_F_Bus": 3, "Rutas_F_BUSETA": 2, "Rutas_F_MICROBUS": 1, "Rutas_F_CAMIONETA": 0, "nom_patio": null, "Id_2": null }, "geometry": { "type": "MultiPolygon", "coordinates": [ [ [ [ 1000253.02168165310286, 998624.117199999978766 ], [ 1000830.371950842672959, 999624.117199999978766 ], [ 1001985.072489221929573, 999624.117199999978766 ], [ 1002562.422758411499672, 998624.117199999978766 ], [ 1001985.072489221929573, 997624.117199999978766 ], [ 1000830.371950842672959, 997624.117199999978766 ], [ 1000253.02168165310286, 998624.117199999978766 ] ] ] ] } },
{ "type": "Feature", "properties": { "id": 1359, "left": 1000253.0216816531, "top": 997624.1172, "right": 1002562.4227584115, "bottom": 995624.1172, "row_index": 14.0, "col_index": 24.0, "Rutas_I": 6, "Km_I": 31.0, "Rutas_F": 0, "KM_F": 0, "Horas_I": 12, "Horas_F": 0, "Veh_I_BUS": 2, "Veh_I_BUSETA": 1, "Veh_I_MICROBUS": 2, "Veh_I_CAMIONETA": 0, "Km_I_Bus": 14.0, "Km_I_BUSETA": 4.0, "Km_I_MICROBUS": 13.0, "Km_I_CAMIONETA": 0.0, "Veh_F_BUS": 0.0, "Veh_F_BUSETA": 0, "Veh_F_MICROBUS": 0, "Veh_F_CAMIONETA": 0, "Km_F_Bus": 0, "Km_F_BUSETA": 0, "Km_F_MICROBUS": 0, "Km_F_CAMIONETA": 0, "Ho_I_Bus": 6, "Ho_I_BUSETA": 2, "Ho_I_MICROBUS": 4, "Ho_I_CAMIONETA": 0, "Ho_F_Bus": 14, "Ho_F_BUSETA": 4, "Ho_F_MICROBUS": 13, "Ho_F_CAMIONETA": 0, "Ben_I_Bus": 114, "Ben_I_BUSETA": 21, "Ben_I_MICROBUS": 28, "Ben_I_CAMIONETA": 0, "Ben_F_Bus": 0, "Ben_F_BUSETA": 0, "Ben_F_MICROBUS": 0, "Ben_F_CAMIONETA": 0, "Rutas_I_Bus": 3, "Rutas_I_BUSETA": 1, "Rutas_I_MICROBUS": 2, "Rutas_I_CAMIONETA": 0, "Rutas_F_Bus": 0, "Rutas_F_BUSETA": 0, "Rutas_F_MICROBUS": 0, "Rutas_F_CAMIONETA": 0, "nom_patio": null, "Id_2": null }, "geometry": { "type": "MultiPolygon", "coordinates": [ [ [ [ 1000253.02168165310286, 996624.117199999978766 ], [ 1000830.371950842672959, 997624.117199999978766 ], [ 1001985.072489221929573, 997624.117199999978766 ], [ 1002562.422758411499672, 996624.117199999978766 ], [ 1001985.072489221929573, 995624.117199999978766 ], [ 1000830.371950842672959, 995624.117199999978766 ], [ 1000253.02168165310286, 996624.117199999978766 ] ] ] ] } },
{ "type": "Feature", "properties": { "id": 1406, "left": 1001985.0724892219, "top": 1014624.1172, "right": 1004294.4735659803, "bottom": 1012624.1172, "row_index": 5.0, "col_index": 25.0, "Rutas_I": 1, "Km_I": 13.0, "Rutas_F": 3, "KM_F": null, "Horas_I": 2, "Horas_F": 6, "Veh_I_BUS": 1, "Veh_I_BUSETA": 0, "Veh_I_MICROBUS": 0, "Veh_I_CAMIONETA": 0, "Km_I_Bus": 13.0, "Km_I_BUSETA": 0.0, "Km_I_MICROBUS": 0.0, "Km_I_CAMIONETA": 0.0, "Veh_F_BUS": 0.0, "Veh_F_BUSETA": 0, "Veh_F_MICROBUS": 2, "Veh_F_CAMIONETA": 1, "Km_F_Bus": 0, "Km_F_BUSETA": 0, "Km_F_MICROBUS": 29, "Km_F_CAMIONETA": 14, "Ho_I_Bus": 2, "Ho_I_BUSETA": 0, "Ho_I_MICROBUS": 4, "Ho_I_CAMIONETA": 2, "Ho_F_Bus": 13, "Ho_F_BUSETA": 0, "Ho_F_MICROBUS": 0, "Ho_F_CAMIONETA": 0, "Ben_I_Bus": 35, "Ben_I_BUSETA": 0, "Ben_I_MICROBUS": 0, "Ben_I_CAMIONETA": 0, "Ben_F_Bus": 0, "Ben_F_BUSETA": 0, "Ben_F_MICROBUS": 18, "Ben_F_CAMIONETA": 6, "Rutas_I_Bus": 1, "Rutas_I_BUSETA": 0, "Rutas_I_MICROBUS": 0, "Rutas_I_CAMIONETA": 0, "Rutas_F_Bus": 0, "Rutas_F_BUSETA": 0, "Rutas_F_MICROBUS": 2, "Rutas_F_CAMIONETA": 1, "nom_patio": "La Alahambra", "Id_2": null }, "geometry": { "type": "MultiPolygon", "coordinates": [ [ [ [ 1001985.072489221929573, 1013624.1172 ], [ 1002562.422758411499672, 1014624.1172 ], [ 1003717.123296790756285, 1014624.1172 ], [ 1004294.473565980326384, 1013624.1172 ], [ 1003717.123296790756285, 1012624.1172 ], [ 1002562.422758411499672, 1012624.1172 ], [ 1001985.072489221929573, 1013624.1172 ] ] ] ] } },
{ "type": "Feature", "properties": { "id": 1410, "left": 1001985.0724892219, "top": 1006624.1172, "right": 1004294.4735659803, "bottom": 1004624.1172, "row_index": 9.0, "col_index": 25.0, "Rutas_I": 2, "Km_I": 14.0, "Rutas_F": 0, "KM_F": 0, "Horas_I": 4, "Horas_F": 0, "Veh_I_BUS": 0, "Veh_I_BUSETA": 0, "Veh_I_MICROBUS": 0, "Veh_I_CAMIONETA": 1, "Km_I_Bus": 0.0, "Km_I_BUSETA": 0.0, "Km_I_MICROBUS": 0.0, "Km_I_CAMIONETA": 14.0, "Veh_F_BUS": 0.0, "Veh_F_BUSETA": 0, "Veh_F_MICROBUS": 0, "Veh_F_CAMIONETA": 0, "Km_F_Bus": 0, "Km_F_BUSETA": 0, "Km_F_MICROBUS": 0, "Km_F_CAMIONETA": 0, "Ho_I_Bus": 0, "Ho_I_BUSETA": 0, "Ho_I_MICROBUS": 0, "Ho_I_CAMIONETA": 4, "Ho_F_Bus": 0, "Ho_F_BUSETA": 0, "Ho_F_MICROBUS": 0, "Ho_F_CAMIONETA": 14, "Ben_I_Bus": 0, "Ben_I_BUSETA": 0, "Ben_I_MICROBUS": 0, "Ben_I_CAMIONETA": 3, "Ben_F_Bus": 0, "Ben_F_BUSETA": 0, "Ben_F_MICROBUS": 0, "Ben_F_CAMIONETA": 0, "Rutas_I_Bus": 0, "Rutas_I_BUSETA": 0, "Rutas_I_MICROBUS": 0, "Rutas_I_CAMIONETA": 2, "Rutas_F_Bus": 0, "Rutas_F_BUSETA": 0, "Rutas_F_MICROBUS": 0, "Rutas_F_CAMIONETA": 0, "nom_patio": null, "Id_2": null }, "geometry": { "type": "MultiPolygon", "coordinates": [ [ [ [ 1001985.072489221929573, 1005624.1172 ], [ 1002562.422758411499672, 1006624.1172 ], [ 1003717.123296790756285, 1006624.1172 ], [ 1004294.473565980326384, 1005624.1172 ], [ 1003717.123296790756285, 1004624.1172 ], [ 1002562.422758411499672, 1004624.1172 ], [ 1001985.072489221929573, 1005624.1172 ] ] ] ] } },
{ "type": "Feature", "properties": { "id": 1411, "left": 1001985.0724892219, "top": 1004624.1172, "right": 1004294.4735659803, "bottom": 1002624.1172, "row_index": 10.0, "col_index": 25.0, "Rutas_I": 1, "Km_I": 15.93, "Rutas_F": 0, "KM_F": 0, "Horas_I": 2, "Horas_F": 0, "Veh_I_BUS": 0, "Veh_I_BUSETA": 0, "Veh_I_MICROBUS": 0, "Veh_I_CAMIONETA": 1, "Km_I_Bus": 0.0, "Km_I_BUSETA": 0.0, "Km_I_MICROBUS": 0.0, "Km_I_CAMIONETA": 15.93, "Veh_F_BUS": 0.0, "Veh_F_BUSETA": 0, "Veh_F_MICROBUS": 0, "Veh_F_CAMIONETA": 0, "Km_F_Bus": 0, "Km_F_BUSETA": 0, "Km_F_MICROBUS": 0, "Km_F_CAMIONETA": 0, "Ho_I_Bus": 0, "Ho_I_BUSETA": 0, "Ho_I_MICROBUS": 0, "Ho_I_CAMIONETA": 2, "Ho_F_Bus": 0, "Ho_F_BUSETA": 0, "Ho_F_MICROBUS": 0, "Ho_F_CAMIONETA": null, "Ben_I_Bus": 0, "Ben_I_BUSETA": 0, "Ben_I_MICROBUS": 0, "Ben_I_CAMIONETA": 7, "Ben_F_Bus": 0, "Ben_F_BUSETA": 0, "Ben_F_MICROBUS": 0, "Ben_F_CAMIONETA": 0, "Rutas_I_Bus": 0, "Rutas_I_BUSETA": 0, "Rutas_I_MICROBUS": 0, "Rutas_I_CAMIONETA": 1, "Rutas_F_Bus": 0, "Rutas_F_BUSETA": 0, "Rutas_F_MICROBUS": 0, "Rutas_F_CAMIONETA": 0, "nom_patio": null, "Id_2": null }, "geometry": { "type": "MultiPolygon", "coordinates": [ [ [ [ 1001985.072489221929573, 1003624.1172 ], [ 1002562.422758411499672, 1004624.1172 ], [ 1003717.123296790756285, 1004624.1172 ], [ 1004294.473565980326384, 1003624.1172 ], [ 1003717.123296790756285, 1002624.1172 ], [ 1002562.422758411499672, 1002624.1172 ], [ 1001985.072489221929573, 1003624.1172 ] ] ] ] } },
{ "type": "Feature", "properties": { "id": 1458, "left": 1003717.1232967908, "top": 1023624.1172, "right": 1006026.5243735492, "bottom": 1021624.1172, "row_index": 1.0, "col_index": 26.0, "Rutas_I": 0, "Km_I": 0.0, "Rutas_F": 11, "KM_F": null, "Horas_I": 0, "Horas_F": 22, "Veh_I_BUS": 0, "Veh_I_BUSETA": 0, "Veh_I_MICROBUS": 0, "Veh_I_CAMIONETA": 0, "Km_I_Bus": 0.0, "Km_I_BUSETA": 0.0, "Km_I_MICROBUS": 0.0, "Km_I_CAMIONETA": 0.0, "Veh_F_BUS": 7.0, "Veh_F_BUSETA": 0, "Veh_F_MICROBUS": 1, "Veh_F_CAMIONETA": 0, "Km_F_Bus": 75, "Km_F_BUSETA": 0, "Km_F_MICROBUS": 8, "Km_F_CAMIONETA": 0, "Ho_I_Bus": 20, "Ho_I_BUSETA": 0, "Ho_I_MICROBUS": 2, "Ho_I_CAMIONETA": 0, "Ho_F_Bus": 0, "Ho_F_BUSETA": 0, "Ho_F_MICROBUS": 0, "Ho_F_CAMIONETA": 0, "Ben_I_Bus": 0, "Ben_I_BUSETA": 0, "Ben_I_MICROBUS": 0, "Ben_I_CAMIONETA": 0, "Ben_F_Bus": 352, "Ben_F_BUSETA": 0, "Ben_F_MICROBUS": 10, "Ben_F_CAMIONETA": 0, "Rutas_I_Bus": 0, "Rutas_I_BUSETA": 0, "Rutas_I_MICROBUS": 0, "Rutas_I_CAMIONETA": 0, "Rutas_F_Bus": 10, "Rutas_F_BUSETA": 0, "Rutas_F_MICROBUS": 1, "Rutas_F_CAMIONETA": 0, "nom_patio": null, "Id_2": null }, "geometry": { "type": "MultiPolygon", "coordinates": [ [ [ [ 1003717.123296790756285, 1022624.1172 ], [ 1004294.473565980326384, 1023624.1172 ], [ 1005449.174104359582998, 1023624.1172 ], [ 1006026.524373549153097, 1022624.1172 ], [ 1005449.174104359582998, 1021624.1172 ], [ 1004294.473565980326384, 1021624.1172 ], [ 1003717.123296790756285, 1022624.1172 ] ] ] ] } },
{ "type": "Feature", "properties": { "id": 1460, "left": 1003717.1232967908, "top": 1019624.1172, "right": 1006026.5243735492, "bottom": 1017624.1172, "row_index": 3.0, "col_index": 26.0, "Rutas_I": 12, "Km_I": 124.0, "Rutas_F": 5, "KM_F": null, "Horas_I": 24, "Horas_F": 10, "Veh_I_BUS": 6, "Veh_I_BUSETA": 1, "Veh_I_MICROBUS": 2, "Veh_I_CAMIONETA": 0, "Km_I_Bus": 75.0, "Km_I_BUSETA": 17.0, "Km_I_MICROBUS": 32.45, "Km_I_CAMIONETA": 0.0, "Veh_F_BUS": 2.0, "Veh_F_BUSETA": 1, "Veh_F_MICROBUS": 2, "Veh_F_CAMIONETA": 0, "Km_F_Bus": 8, "Km_F_BUSETA": 3, "Km_F_MICROBUS": 14, "Km_F_CAMIONETA": 0, "Ho_I_Bus": 22, "Ho_I_BUSETA": 4, "Ho_I_MICROBUS": 8, "Ho_I_CAMIONETA": 0, "Ho_F_Bus": 75, "Ho_F_BUSETA": 17, "Ho_F_MICROBUS": null, "Ho_F_CAMIONETA": 0, "Ben_I_Bus": 338, "Ben_I_BUSETA": 24, "Ben_I_MICROBUS": 23, "Ben_I_CAMIONETA": 0, "Ben_F_Bus": 68, "Ben_F_BUSETA": 22, "Ben_F_MICROBUS": 32, "Ben_F_CAMIONETA": 0, "Rutas_I_Bus": 9, "Rutas_I_BUSETA": 1, "Rutas_I_MICROBUS": 2, "Rutas_I_CAMIONETA": 0, "Rutas_F_Bus": 2, "Rutas_F_BUSETA": 1, "Rutas_F_MICROBUS": 2, "Rutas_F_CAMIONETA": 0, "nom_patio": null, "Id_2": null }, "geometry": { "type": "MultiPolygon", "coordinates": [ [ [ [ 1003717.123296790756285, 1018624.1172 ], [ 1004294.473565980326384, 1019624.1172 ], [ 1005449.174104359582998, 1019624.1172 ], [ 1006026.524373549153097, 1018624.1172 ], [ 1005449.174104359582998, 1017624.1172 ], [ 1004294.473565980326384, 1017624.1172 ], [ 1003717.123296790756285, 1018624.1172 ] ] ] ] } },
{ "type": "Feature", "properties": { "id": 1461, "left": 1003717.1232967908, "top": 1017624.1172, "right": 1006026.5243735492, "bottom": 1015624.1172, "row_index": 4.0, "col_index": 26.0, "Rutas_I": 2, "Km_I": 33.0, "Rutas_F": 0, "KM_F": 0, "Horas_I": 6, "Horas_F": 0, "Veh_I_BUS": 1, "Veh_I_BUSETA": 0, "Veh_I_MICROBUS": 1, "Veh_I_CAMIONETA": 0, "Km_I_Bus": 12.0, "Km_I_BUSETA": 0.0, "Km_I_MICROBUS": 21.0, "Km_I_CAMIONETA": 0.0, "Veh_F_BUS": 0.0, "Veh_F_BUSETA": 0, "Veh_F_MICROBUS": 0, "Veh_F_CAMIONETA": 0, "Km_F_Bus": 0, "Km_F_BUSETA": 0, "Km_F_MICROBUS": 0, "Km_F_CAMIONETA": 0, "Ho_I_Bus": 2, "Ho_I_BUSETA": 0, "Ho_I_MICROBUS": 4, "Ho_I_CAMIONETA": 0, "Ho_F_Bus": 12, "Ho_F_BUSETA": 0, "Ho_F_MICROBUS": 21, "Ho_F_CAMIONETA": 0, "Ben_I_Bus": 39, "Ben_I_BUSETA": 0, "Ben_I_MICROBUS": 6, "Ben_I_CAMIONETA": 0, "Ben_F_Bus": 0, "Ben_F_BUSETA": 0, "Ben_F_MICROBUS": 0, "Ben_F_CAMIONETA": 0, "Rutas_I_Bus": 1, "Rutas_I_BUSETA": 0, "Rutas_I_MICROBUS": 1, "Rutas_I_CAMIONETA": 0, "Rutas_F_Bus": 0, "Rutas_F_BUSETA": 0, "Rutas_F_MICROBUS": 0, "Rutas_F_CAMIONETA": 0, "nom_patio": null, "Id_2": null }, "geometry": { "type": "MultiPolygon", "coordinates": [ [ [ [ 1003717.123296790756285, 1016624.1172 ], [ 1004294.473565980326384, 1017624.1172 ], [ 1005449.174104359582998, 1017624.1172 ], [ 1006026.524373549153097, 1016624.1172 ], [ 1005449.174104359582998, 1015624.1172 ], [ 1004294.473565980326384, 1015624.1172 ], [ 1003717.123296790756285, 1016624.1172 ] ] ] ] } },
{ "type": "Feature", "properties": { "id": 1462, "left": 1003717.1232967908, "top": 1015624.1172, "right": 1006026.5243735492, "bottom": 1013624.1172, "row_index": 5.0, "col_index": 26.0, "Rutas_I": 1, "Km_I": 8.0, "Rutas_F": 1, "KM_F": 10, "Horas_I": 2, "Horas_F": 2, "Veh_I_BUS": 0, "Veh_I_BUSETA": 0, "Veh_I_MICROBUS": 1, "Veh_I_CAMIONETA": 0, "Km_I_Bus": 0.0, "Km_I_BUSETA": 0.0, "Km_I_MICROBUS": 8.0, "Km_I_CAMIONETA": 0.0, "Veh_F_BUS": 1.0, "Veh_F_BUSETA": 0, "Veh_F_MICROBUS": 0, "Veh_F_CAMIONETA": 0, "Km_F_Bus": 10, "Km_F_BUSETA": 0, "Km_F_MICROBUS": 0, "Km_F_CAMIONETA": 0, "Ho_I_Bus": 2, "Ho_I_BUSETA": 0, "Ho_I_MICROBUS": 2, "Ho_I_CAMIONETA": 0, "Ho_F_Bus": 0, "Ho_F_BUSETA": 0, "Ho_F_MICROBUS": 8, "Ho_F_CAMIONETA": 0, "Ben_I_Bus": 0, "Ben_I_BUSETA": 0, "Ben_I_MICROBUS": 12, "Ben_I_CAMIONETA": 0, "Ben_F_Bus": 33, "Ben_F_BUSETA": 0, "Ben_F_MICROBUS": 0, "Ben_F_CAMIONETA": 0, "Rutas_I_Bus": 0, "Rutas_I_BUSETA": 0, "Rutas_I_MICROBUS": 1, "Rutas_I_CAMIONETA": 0, "Rutas_F_Bus": 1, "Rutas_F_BUSETA": 0, "Rutas_F_MICROBUS": 0, "Rutas_F_CAMIONETA": 0, "nom_patio": null, "Id_2": null }, "geometry": { "type": "MultiPolygon", "coordinates": [ [ [ [ 1003717.123296790756285, 1014624.1172 ], [ 1004294.473565980326384, 1015624.1172 ], [ 1005449.174104359582998, 1015624.1172 ], [ 1006026.524373549153097, 1014624.1172 ], [ 1005449.174104359582998, 1013624.1172 ], [ 1004294.473565980326384, 1013624.1172 ], [ 1003717.123296790756285, 1014624.1172 ] ] ] ] } },
{ "type": "Feature", "properties": { "id": 1463, "left": 1003717.1232967908, "top": 1013624.1172, "right": 1006026.5243735492, "bottom": 1011624.1172, "row_index": 6.0, "col_index": 26.0, "Rutas_I": 1, "Km_I": 14.0, "Rutas_F": 10, "KM_F": 117, "Horas_I": 2, "Horas_F": 20, "Veh_I_BUS": 0, "Veh_I_BUSETA": 0, "Veh_I_MICROBUS": 1, "Veh_I_CAMIONETA": 0, "Km_I_Bus": 0.0, "Km_I_BUSETA": 0.0, "Km_I_MICROBUS": 14.0, "Km_I_CAMIONETA": 0.0, "Veh_F_BUS": 5.0, "Veh_F_BUSETA": 1, "Veh_F_MICROBUS": 2, "Veh_F_CAMIONETA": 0, "Km_F_Bus": null, "Km_F_BUSETA": 17, "Km_F_MICROBUS": 20, "Km_F_CAMIONETA": 0, "Ho_I_Bus": 14, "Ho_I_BUSETA": 2, "Ho_I_MICROBUS": 6, "Ho_I_CAMIONETA": 0, "Ho_F_Bus": 0, "Ho_F_BUSETA": 0, "Ho_F_MICROBUS": 14, "Ho_F_CAMIONETA": 0, "Ben_I_Bus": 0, "Ben_I_BUSETA": 0, "Ben_I_MICROBUS": 12, "Ben_I_CAMIONETA": 0, "Ben_F_Bus": 276, "Ben_F_BUSETA": 24, "Ben_F_MICROBUS": 29, "Ben_F_CAMIONETA": 0, "Rutas_I_Bus": 0, "Rutas_I_BUSETA": 0, "Rutas_I_MICROBUS": 1, "Rutas_I_CAMIONETA": 0, "Rutas_F_Bus": 7, "Rutas_F_BUSETA": 1, "Rutas_F_MICROBUS": 2, "Rutas_F_CAMIONETA": 0, "nom_patio": "La Alahambra", "Id_2": null }, "geometry": { "type": "MultiPolygon", "coordinates": [ [ [ [ 1003717.123296790756285, 1012624.1172 ], [ 1004294.473565980326384, 1013624.1172 ], [ 1005449.174104359582998, 1013624.1172 ], [ 1006026.524373549153097, 1012624.1172 ], [ 1005449.174104359582998, 1011624.1172 ], [ 1004294.473565980326384, 1011624.1172 ], [ 1003717.123296790756285, 1012624.1172 ] ] ] ] } },
{ "type": "Feature", "properties": { "id": 1465, "left": 1003717.1232967908, "top": 1009624.1172, "right": 1006026.5243735492, "bottom": 1007624.1172, "row_index": 8.0, "col_index": 26.0, "Rutas_I": 0, "Km_I": 0.0, "Rutas_F": 5, "KM_F": 17, "Horas_I": 0, "Horas_F": 10, "Veh_I_BUS": 0, "Veh_I_BUSETA": 0, "Veh_I_MICROBUS": 0, "Veh_I_CAMIONETA": 0, "Km_I_Bus": 0.0, "Km_I_BUSETA": 0.0, "Km_I_MICROBUS": 0.0, "Km_I_CAMIONETA": 0.0, "Veh_F_BUS": 1.0, "Veh_F_BUSETA": 2, "Veh_F_MICROBUS": 0, "Veh_F_CAMIONETA": 0, "Km_F_Bus": 3, "Km_F_BUSETA": 14, "Km_F_MICROBUS": 0, "Km_F_CAMIONETA": 0, "Ho_I_Bus": 2, "Ho_I_BUSETA": 8, "Ho_I_MICROBUS": 0, "Ho_I_CAMIONETA": 0, "Ho_F_Bus": 0, "Ho_F_BUSETA": 0, "Ho_F_MICROBUS": 0, "Ho_F_CAMIONETA": 0, "Ben_I_Bus": 0, "Ben_I_BUSETA": 0, "Ben_I_MICROBUS": 0, "Ben_I_CAMIONETA": 0, "Ben_F_Bus": 34, "Ben_F_BUSETA": 95, "Ben_F_MICROBUS": 0, "Ben_F_CAMIONETA": 0, "Rutas_I_Bus": 0, "Rutas_I_BUSETA": 0, "Rutas_I_MICROBUS": 0, "Rutas_I_CAMIONETA": 0, "Rutas_F_Bus": 1, "Rutas_F_BUSETA": 4, "Rutas_F_MICROBUS": 0, "Rutas_F_CAMIONETA": 0, "nom_patio": "La Alahambra", "Id_2": null }, "geometry": { "type": "MultiPolygon", "coordinates": [ [ [ [ 1003717.123296790756285, 1008624.1172 ], [ 1004294.473565980326384, 1009624.1172 ], [ 1005449.174104359582998, 1009624.1172 ], [ 1006026.524373549153097, 1008624.1172 ], [ 1005449.174104359582998, 1007624.1172 ], [ 1004294.473565980326384, 1007624.1172 ], [ 1003717.123296790756285, 1008624.1172 ] ] ] ] } },
{ "type": "Feature", "properties": { "id": 1470, "left": 1003717.1232967908, "top": 999624.1172, "right": 1006026.5243735492, "bottom": 997624.1172, "row_index": 13.0, "col_index": 26.0, "Rutas_I": 0, "Km_I": 0.0, "Rutas_F": 8, "KM_F": 131, "Horas_I": 0, "Horas_F": 22, "Veh_I_BUS": 0, "Veh_I_BUSETA": 0, "Veh_I_MICROBUS": 0, "Veh_I_CAMIONETA": 0, "Km_I_Bus": 0.0, "Km_I_BUSETA": 0.0, "Km_I_MICROBUS": 0.0, "Km_I_CAMIONETA": 0.0, "Veh_F_BUS": 2.0, "Veh_F_BUSETA": 1, "Veh_F_MICROBUS": 3, "Veh_F_CAMIONETA": 0, "Km_F_Bus": 60, "Km_F_BUSETA": 48, "Km_F_MICROBUS": 23, "Km_F_CAMIONETA": 0, "Ho_I_Bus": 6, "Ho_I_BUSETA": 6, "Ho_I_MICROBUS": 9, "Ho_I_CAMIONETA": 0, "Ho_F_Bus": 0, "Ho_F_BUSETA": 0, "Ho_F_MICROBUS": 0, "Ho_F_CAMIONETA": 0, "Ben_I_Bus": 0, "Ben_I_BUSETA": 0, "Ben_I_MICROBUS": 0, "Ben_I_CAMIONETA": 0, "Ben_F_Bus": 67, "Ben_F_BUSETA": 52, "Ben_F_MICROBUS": 62, "Ben_F_CAMIONETA": 0, "Rutas_I_Bus": 0, "Rutas_I_BUSETA": 0, "Rutas_I_MICROBUS": 0, "Rutas_I_CAMIONETA": 0, "Rutas_F_Bus": 2, "Rutas_F_BUSETA": 2, "Rutas_F_MICROBUS": 4, "Rutas_F_CAMIONETA": 0, "nom_patio": null, "Id_2": null }, "geometry": { "type": "MultiPolygon", "coordinates": [ [ [ [ 1003717.123296790756285, 998624.117199999978766 ], [ 1004294.473565980326384, 999624.117199999978766 ], [ 1005449.174104359582998, 999624.117199999978766 ], [ 1006026.524373549153097, 998624.117199999978766 ], [ 1005449.174104359582998, 997624.117199999978766 ], [ 1004294.473565980326384, 997624.117199999978766 ], [ 1003717.123296790756285, 998624.117199999978766 ] ] ] ] } },
{ "type": "Feature", "properties": { "id": 1515, "left": 1005449.1741043597, "top": 1020624.1172, "right": 1007758.5751811181, "bottom": 1018624.1172, "row_index": 2.0, "col_index": 27.0, "Rutas_I": 0, "Km_I": 0.0, "Rutas_F": 1, "KM_F": 3, "Horas_I": 0, "Horas_F": 2, "Veh_I_BUS": 0, "Veh_I_BUSETA": 0, "Veh_I_MICROBUS": 0, "Veh_I_CAMIONETA": 0, "Km_I_Bus": 0.0, "Km_I_BUSETA": 0.0, "Km_I_MICROBUS": 0.0, "Km_I_CAMIONETA": 0.0, "Veh_F_BUS": 0.0, "Veh_F_BUSETA": 0, "Veh_F_MICROBUS": 1, "Veh_F_CAMIONETA": 0, "Km_F_Bus": 0, "Km_F_BUSETA": 0, "Km_F_MICROBUS": 3, "Km_F_CAMIONETA": 0, "Ho_I_Bus": 0, "Ho_I_BUSETA": 0, "Ho_I_MICROBUS": 0, "Ho_I_CAMIONETA": 0, "Ho_F_Bus": 0, "Ho_F_BUSETA": 0, "Ho_F_MICROBUS": 0, "Ho_F_CAMIONETA": 0, "Ben_I_Bus": 0, "Ben_I_BUSETA": 0, "Ben_I_MICROBUS": 0, "Ben_I_CAMIONETA": 0, "Ben_F_Bus": 0, "Ben_F_BUSETA": 0, "Ben_F_MICROBUS": 13, "Ben_F_CAMIONETA": 0, "Rutas_I_Bus": 0, "Rutas_I_BUSETA": 0, "Rutas_I_MICROBUS": 0, "Rutas_I_CAMIONETA": 0, "Rutas_F_Bus": 0, "Rutas_F_BUSETA": 0, "Rutas_F_MICROBUS": 1, "Rutas_F_CAMIONETA": 0, "nom_patio": null, "Id_2": null }, "geometry": { "type": "MultiPolygon", "coordinates": [ [ [ [ 1005449.174104359699413, 1019624.1172 ], [ 1006026.524373549269512, 1020624.1172 ], [ 1007181.224911928526126, 1020624.1172 ], [ 1007758.575181118096225, 1019624.1172 ], [ 1007181.224911928526126, 1018624.1172 ], [ 1006026.524373549269512, 1018624.1172 ], [ 1005449.174104359699413, 1019624.1172 ] ] ] ] } },
{ "type": "Feature", "properties": { "id": 1516, "left": 1005449.1741043597, "top": 1018624.1172, "right": 1007758.5751811181, "bottom": 1016624.1172, "row_index": 3.0, "col_index": 27.0, "Rutas_I": 13, "Km_I": 105.0, "Rutas_F": 2, "KM_F": 18, "Horas_I": 26, "Horas_F": 4, "Veh_I_BUS": 4, "Veh_I_BUSETA": 1, "Veh_I_MICROBUS": 4, "Veh_I_CAMIONETA": 0, "Km_I_Bus": 53.0, "Km_I_BUSETA": 16.5, "Km_I_MICROBUS": 36.0, "Km_I_CAMIONETA": 0.0, "Veh_F_BUS": 0.0, "Veh_F_BUSETA": 0, "Veh_F_MICROBUS": 2, "Veh_F_CAMIONETA": 0, "Km_F_Bus": 0, "Km_F_BUSETA": 0, "Km_F_MICROBUS": 18, "Km_F_CAMIONETA": 0, "Ho_I_Bus": 12, "Ho_I_BUSETA": 4, "Ho_I_MICROBUS": 16, "Ho_I_CAMIONETA": 0, "Ho_F_Bus": 53, "Ho_F_BUSETA": null, "Ho_F_MICROBUS": 36, "Ho_F_CAMIONETA": 0, "Ben_I_Bus": 210, "Ben_I_BUSETA": 41, "Ben_I_MICROBUS": 76, "Ben_I_CAMIONETA": 0, "Ben_F_Bus": 0, "Ben_F_BUSETA": 0, "Ben_F_MICROBUS": 30, "Ben_F_CAMIONETA": 0, "Rutas_I_Bus": 6, "Rutas_I_BUSETA": 2, "Rutas_I_MICROBUS": 5, "Rutas_I_CAMIONETA": 0, "Rutas_F_Bus": 0, "Rutas_F_BUSETA": 0, "Rutas_F_MICROBUS": 2, "Rutas_F_CAMIONETA": 0, "nom_patio": null, "Id_2": null }, "geometry": { "type": "MultiPolygon", "coordinates": [ [ [ [ 1005449.174104359699413, 1017624.1172 ], [ 1006026.524373549269512, 1018624.1172 ], [ 1007181.224911928526126, 1018624.1172 ], [ 1007758.575181118096225, 1017624.1172 ], [ 1007181.224911928526126, 1016624.1172 ], [ 1006026.524373549269512, 1016624.1172 ], [ 1005449.174104359699413, 1017624.1172 ] ] ] ] } },
{ "type": "Feature", "properties": { "id": 1517, "left": 1005449.1741043597, "top": 1016624.1172, "right": 1007758.5751811181, "bottom": 1014624.1172, "row_index": 4.0, "col_index": 27.0, "Rutas_I": 4, "Km_I": 39.0, "Rutas_F": 0, "KM_F": 0, "Horas_I": 8, "Horas_F": 0, "Veh_I_BUS": 2, "Veh_I_BUSETA": 0, "Veh_I_MICROBUS": 1, "Veh_I_CAMIONETA": 0, "Km_I_Bus": 25.0, "Km_I_BUSETA": 0.0, "Km_I_MICROBUS": 13.0, "Km_I_CAMIONETA": 0.0, "Veh_F_BUS": 0.0, "Veh_F_BUSETA": 0, "Veh_F_MICROBUS": 0, "Veh_F_CAMIONETA": 0, "Km_F_Bus": 0, "Km_F_BUSETA": 0, "Km_F_MICROBUS": 0, "Km_F_CAMIONETA": 0, "Ho_I_Bus": 6, "Ho_I_BUSETA": 0, "Ho_I_MICROBUS": 2, "Ho_I_CAMIONETA": 0, "Ho_F_Bus": 25, "Ho_F_BUSETA": 0, "Ho_F_MICROBUS": 13, "Ho_F_CAMIONETA": 0, "Ben_I_Bus": 109, "Ben_I_BUSETA": 0, "Ben_I_MICROBUS": 15, "Ben_I_CAMIONETA": 0, "Ben_F_Bus": 0, "Ben_F_BUSETA": 0, "Ben_F_MICROBUS": 0, "Ben_F_CAMIONETA": 0, "Rutas_I_Bus": 3, "Rutas_I_BUSETA": 0, "Rutas_I_MICROBUS": 1, "Rutas_I_CAMIONETA": 0, "Rutas_F_Bus": 0, "Rutas_F_BUSETA": 0, "Rutas_F_MICROBUS": 0, "Rutas_F_CAMIONETA": 0, "nom_patio": null, "Id_2": null }, "geometry": { "type": "MultiPolygon", "coordinates": [ [ [ [ 1005449.174104359699413, 1015624.1172 ], [ 1006026.524373549269512, 1016624.1172 ], [ 1007181.224911928526126, 1016624.1172 ], [ 1007758.575181118096225, 1015624.1172 ], [ 1007181.224911928526126, 1014624.1172 ], [ 1006026.524373549269512, 1014624.1172 ], [ 1005449.174104359699413, 1015624.1172 ] ] ] ] } },
{ "type": "Feature", "properties": { "id": 1521, "left": 1005449.1741043597, "top": 1008624.1172, "right": 1007758.5751811181, "bottom": 1006624.1172, "row_index": 8.0, "col_index": 27.0, "Rutas_I": 21, "Km_I": 126.0, "Rutas_F": 13, "KM_F": 33, "Horas_I": 46, "Horas_F": 26, "Veh_I_BUS": 6, "Veh_I_BUSETA": 5, "Veh_I_MICROBUS": 2, "Veh_I_CAMIONETA": 0, "Km_I_Bus": 41.0, "Km_I_BUSETA": 78.0, "Km_I_MICROBUS": 7.0, "Km_I_CAMIONETA": 0.0, "Veh_F_BUS": 4.0, "Veh_F_BUSETA": 3, "Veh_F_MICROBUS": 2, "Veh_F_CAMIONETA": 0, "Km_F_Bus": 10, "Km_F_BUSETA": 16, "Km_F_MICROBUS": 7, "Km_F_CAMIONETA": 0, "Ho_I_Bus": 30, "Ho_I_BUSETA": 34, "Ho_I_MICROBUS": 8, "Ho_I_CAMIONETA": 0, "Ho_F_Bus": 41, "Ho_F_BUSETA": 78, "Ho_F_MICROBUS": 7, "Ho_F_CAMIONETA": 0, "Ben_I_Bus": 274, "Ben_I_BUSETA": 258, "Ben_I_MICROBUS": 29, "Ben_I_CAMIONETA": 0, "Ben_F_Bus": 203, "Ben_F_BUSETA": 111, "Ben_F_MICROBUS": 29, "Ben_F_CAMIONETA": 0, "Rutas_I_Bus": 8, "Rutas_I_BUSETA": 11, "Rutas_I_MICROBUS": 2, "Rutas_I_CAMIONETA": 0, "Rutas_F_Bus": 6, "Rutas_F_BUSETA": 5, "Rutas_F_MICROBUS": 2, "Rutas_F_CAMIONETA": 0, "nom_patio": null, "Id_2": null }, "geometry": { "type": "MultiPolygon", "coordinates": [ [ [ [ 1005449.174104359699413, 1007624.1172 ], [ 1006026.524373549269512, 1008624.1172 ], [ 1007181.224911928526126, 1008624.1172 ], [ 1007758.575181118096225, 1007624.1172 ], [ 1007181.224911928526126, 1006624.1172 ], [ 1006026.524373549269512, 1006624.1172 ], [ 1005449.174104359699413, 1007624.1172 ] ] ] ] } },
{ "type": "Feature", "properties": { "id": 1522, "left": 1005449.1741043597, "top": 1006624.1172, "right": 1007758.5751811181, "bottom": 1004624.1172, "row_index": 9.0, "col_index": 27.0, "Rutas_I": 1, "Km_I": 32.0, "Rutas_F": 0, "KM_F": 0, "Horas_I": 4, "Horas_F": 0, "Veh_I_BUS": 1, "Veh_I_BUSETA": 0, "Veh_I_MICROBUS": 0, "Veh_I_CAMIONETA": 0, "Km_I_Bus": 32.0, "Km_I_BUSETA": 0.0, "Km_I_MICROBUS": 0.0, "Km_I_CAMIONETA": 0.0, "Veh_F_BUS": 0.0, "Veh_F_BUSETA": 0, "Veh_F_MICROBUS": 0, "Veh_F_CAMIONETA": 0, "Km_F_Bus": 0, "Km_F_BUSETA": 0, "Km_F_MICROBUS": 0, "Km_F_CAMIONETA": 0, "Ho_I_Bus": 4, "Ho_I_BUSETA": 0, "Ho_I_MICROBUS": 0, "Ho_I_CAMIONETA": 0, "Ho_F_Bus": 32, "Ho_F_BUSETA": 0, "Ho_F_MICROBUS": 0, "Ho_F_CAMIONETA": 0, "Ben_I_Bus": 30, "Ben_I_BUSETA": 0, "Ben_I_MICROBUS": 0, "Ben_I_CAMIONETA": 0, "Ben_F_Bus": 0, "Ben_F_BUSETA": 0, "Ben_F_MICROBUS": 0, "Ben_F_CAMIONETA": 0, "Rutas_I_Bus": 1, "Rutas_I_BUSETA": 0, "Rutas_I_MICROBUS": 0, "Rutas_I_CAMIONETA": 0, "Rutas_F_Bus": 0, "Rutas_F_BUSETA": 0, "Rutas_F_MICROBUS": 0, "Rutas_F_CAMIONETA": 0, "nom_patio": null, "Id_2": null }, "geometry": { "type": "MultiPolygon", "coordinates": [ [ [ [ 1005449.174104359699413, 1005624.1172 ], [ 1006026.524373549269512, 1006624.1172 ], [ 1007181.224911928526126, 1006624.1172 ], [ 1007758.575181118096225, 1005624.1172 ], [ 1007181.224911928526126, 1004624.1172 ], [ 1006026.524373549269512, 1004624.1172 ], [ 1005449.174104359699413, 1005624.1172 ] ] ] ] } },
{ "type": "Feature", "properties": { "id": 1524, "left": 1005449.1741043597, "top": 1002624.1172, "right": 1007758.5751811181, "bottom": 1000624.1172, "row_index": 11.0, "col_index": 27.0, "Rutas_I": 2, "Km_I": 11.42, "Rutas_F": 0, "KM_F": 0, "Horas_I": 4, "Horas_F": 0, "Veh_I_BUS": 0, "Veh_I_BUSETA": 0, "Veh_I_MICROBUS": 2, "Veh_I_CAMIONETA": 0, "Km_I_Bus": 0.0, "Km_I_BUSETA": 0.0, "Km_I_MICROBUS": 11.42, "Km_I_CAMIONETA": 0.0, "Veh_F_BUS": 0.0, "Veh_F_BUSETA": 0, "Veh_F_MICROBUS": 0, "Veh_F_CAMIONETA": 0, "Km_F_Bus": 0, "Km_F_BUSETA": 0, "Km_F_MICROBUS": 0, "Km_F_CAMIONETA": 0, "Ho_I_Bus": 0, "Ho_I_BUSETA": 0, "Ho_I_MICROBUS": 4, "Ho_I_CAMIONETA": 0, "Ho_F_Bus": 0, "Ho_F_BUSETA": 0, "Ho_F_MICROBUS": null, "Ho_F_CAMIONETA": 0, "Ben_I_Bus": 0, "Ben_I_BUSETA": 0, "Ben_I_MICROBUS": 30, "Ben_I_CAMIONETA": 0, "Ben_F_Bus": 0, "Ben_F_BUSETA": 0, "Ben_F_MICROBUS": 0, "Ben_F_CAMIONETA": 0, "Rutas_I_Bus": 0, "Rutas_I_BUSETA": 0, "Rutas_I_MICROBUS": 2, "Rutas_I_CAMIONETA": 0, "Rutas_F_Bus": 0, "Rutas_F_BUSETA": 0, "Rutas_F_MICROBUS": 0, "Rutas_F_CAMIONETA": 0, "nom_patio": null, "Id_2": null }, "geometry": { "type": "MultiPolygon", "coordinates": [ [ [ [ 1005449.174104359699413, 1001624.1172 ], [ 1006026.524373549269512, 1002624.1172 ], [ 1007181.224911928526126, 1002624.1172 ], [ 1007758.575181118096225, 1001624.1172 ], [ 1007181.224911928526126, 1000624.1172 ], [ 1006026.524373549269512, 1000624.1172 ], [ 1005449.174104359699413, 1001624.1172 ] ] ] ] } },
{ "type": "Feature", "properties": { "id": 1525, "left": 1005449.1741043597, "top": 1000624.1172, "right": 1007758.5751811181, "bottom": 998624.1172, "row_index": 12.0, "col_index": 27.0, "Rutas_I": 1, "Km_I": 2.0, "Rutas_F": 0, "KM_F": 0, "Horas_I": 2, "Horas_F": 0, "Veh_I_BUS": 0, "Veh_I_BUSETA": 0, "Veh_I_MICROBUS": 1, "Veh_I_CAMIONETA": 0, "Km_I_Bus": 0.0, "Km_I_BUSETA": 0.0, "Km_I_MICROBUS": 2.0, "Km_I_CAMIONETA": 0.0, "Veh_F_BUS": 0.0, "Veh_F_BUSETA": 0, "Veh_F_MICROBUS": 0, "Veh_F_CAMIONETA": 0, "Km_F_Bus": 0, "Km_F_BUSETA": 0, "Km_F_MICROBUS": 0, "Km_F_CAMIONETA": 0, "Ho_I_Bus": 0, "Ho_I_BUSETA": 0, "Ho_I_MICROBUS": 2, "Ho_I_CAMIONETA": 0, "Ho_F_Bus": 0, "Ho_F_BUSETA": 0, "Ho_F_MICROBUS": 2, "Ho_F_CAMIONETA": 0, "Ben_I_Bus": 0, "Ben_I_BUSETA": 0, "Ben_I_MICROBUS": 17, "Ben_I_CAMIONETA": 0, "Ben_F_Bus": 0, "Ben_F_BUSETA": 0, "Ben_F_MICROBUS": 0, "Ben_F_CAMIONETA": 0, "Rutas_I_Bus": 0, "Rutas_I_BUSETA": 0, "Rutas_I_MICROBUS": 1, "Rutas_I_CAMIONETA": 0, "Rutas_F_Bus": 0, "Rutas_F_BUSETA": 0, "Rutas_F_MICROBUS": 0, "Rutas_F_CAMIONETA": 0, "nom_patio": null, "Id_2": null }, "geometry": { "type": "MultiPolygon", "coordinates": [ [ [ [ 1005449.174104359699413, 999624.117199999978766 ], [ 1006026.524373549269512, 1000624.1172 ], [ 1007181.224911928526126, 1000624.1172 ], [ 1007758.575181118096225, 999624.117199999978766 ], [ 1007181.224911928526126, 998624.117199999978766 ], [ 1006026.524373549269512, 998624.117199999978766 ], [ 1005449.174104359699413, 999624.117199999978766 ] ] ] ] } },
{ "type": "Feature", "properties": { "id": 1526, "left": 1005449.1741043597, "top": 998624.1172, "right": 1007758.5751811181, "bottom": 996624.1172, "row_index": 13.0, "col_index": 27.0, "Rutas_I": 0, "Km_I": 0.0, "Rutas_F": 0, "KM_F": 0, "Horas_I": 0, "Horas_F": 0, "Veh_I_BUS": 0, "Veh_I_BUSETA": 0, "Veh_I_MICROBUS": 0, "Veh_I_CAMIONETA": 0, "Km_I_Bus": 0.0, "Km_I_BUSETA": 0.0, "Km_I_MICROBUS": 0.0, "Km_I_CAMIONETA": 0.0, "Veh_F_BUS": 0.0, "Veh_F_BUSETA": 0, "Veh_F_MICROBUS": 0, "Veh_F_CAMIONETA": 0, "Km_F_Bus": 0, "Km_F_BUSETA": 0, "Km_F_MICROBUS": 0, "Km_F_CAMIONETA": 0, "Ho_I_Bus": 4, "Ho_I_BUSETA": 0, "Ho_I_MICROBUS": 0, "Ho_I_CAMIONETA": 0, "Ho_F_Bus": 0, "Ho_F_BUSETA": 0, "Ho_F_MICROBUS": 0, "Ho_F_CAMIONETA": 0, "Ben_I_Bus": 0, "Ben_I_BUSETA": 0, "Ben_I_MICROBUS": 0, "Ben_I_CAMIONETA": 0, "Ben_F_Bus": 0, "Ben_F_BUSETA": 0, "Ben_F_MICROBUS": 0, "Ben_F_CAMIONETA": 0, "Rutas_I_Bus": 0, "Rutas_I_BUSETA": 0, "Rutas_I_MICROBUS": 0, "Rutas_I_CAMIONETA": 0, "Rutas_F_Bus": 0, "Rutas_F_BUSETA": 0, "Rutas_F_MICROBUS": 0, "Rutas_F_CAMIONETA": 0, "nom_patio": null, "Id_2": null }, "geometry": { "type": "MultiPolygon", "coordinates": [ [ [ [ 1005449.174104359699413, 997624.117199999978766 ], [ 1006026.524373549269512, 998624.117199999978766 ], [ 1007181.224911928526126, 998624.117199999978766 ], [ 1007758.575181118096225, 997624.117199999978766 ], [ 1007181.224911928526126, 996624.117199999978766 ], [ 1006026.524373549269512, 996624.117199999978766 ], [ 1005449.174104359699413, 997624.117199999978766 ] ] ] ] } },
{ "type": "Feature", "properties": { "id": 1581, "left": 1007181.2249119285, "top": 1001624.1172, "right": 1009490.6259886869, "bottom": 999624.1172, "row_index": 12.0, "col_index": 28.0, "Rutas_I": 1, "Km_I": 9.41, "Rutas_F": 0, "KM_F": 0, "Horas_I": 2, "Horas_F": 0, "Veh_I_BUS": 0, "Veh_I_BUSETA": 0, "Veh_I_MICROBUS": 1, "Veh_I_CAMIONETA": 0, "Km_I_Bus": 0.0, "Km_I_BUSETA": 0.0, "Km_I_MICROBUS": 9.41, "Km_I_CAMIONETA": 0.0, "Veh_F_BUS": 0.0, "Veh_F_BUSETA": 0, "Veh_F_MICROBUS": 0, "Veh_F_CAMIONETA": 0, "Km_F_Bus": 0, "Km_F_BUSETA": 0, "Km_F_MICROBUS": 0, "Km_F_CAMIONETA": 0, "Ho_I_Bus": 0, "Ho_I_BUSETA": 0, "Ho_I_MICROBUS": 2, "Ho_I_CAMIONETA": 0, "Ho_F_Bus": 0, "Ho_F_BUSETA": 0, "Ho_F_MICROBUS": null, "Ho_F_CAMIONETA": 0, "Ben_I_Bus": 0, "Ben_I_BUSETA": 0, "Ben_I_MICROBUS": 15, "Ben_I_CAMIONETA": 0, "Ben_F_Bus": 0, "Ben_F_BUSETA": 0, "Ben_F_MICROBUS": 0, "Ben_F_CAMIONETA": 0, "Rutas_I_Bus": 0, "Rutas_I_BUSETA": 0, "Rutas_I_MICROBUS": 1, "Rutas_I_CAMIONETA": 0, "Rutas_F_Bus": 0, "Rutas_F_BUSETA": 0, "Rutas_F_MICROBUS": 0, "Rutas_F_CAMIONETA": 0, "nom_patio": null, "Id_2": null }, "geometry": { "type": "MultiPolygon", "coordinates": [ [ [ [ 1007181.224911928526126, 1000624.1172 ], [ 1007758.575181118096225, 1001624.1172 ], [ 1008913.275719497352839, 1001624.1172 ], [ 1009490.625988686922938, 1000624.1172 ], [ 1008913.275719497352839, 999624.117199999978766 ], [ 1007758.575181118096225, 999624.117199999978766 ], [ 1007181.224911928526126, 1000624.1172 ] ] ] ] } }
]
}
