{
"type": "FeatureCollection",
"name": "10_Hexagonos_clusteres_filtrados",
"crs": { "type": "name", "properties": { "name": "urn:ogc:def:crs:EPSG::3116" } },
"features": [
{"type":"Feature","properties":{"id":1028.0,"left":989860.71683623979,"top":987624.1172,"right":992170.11791299819,"bottom":985624.1172,"row_index":19.0,"col_index":18.0,"id_2":null,"Nombre":null,"nom_patio":"Usme I y II","Id_3":1,"Cluster":"Usme I y II"},"geometry":{"type":"MultiPolygon","coordinates":[[[[989860.716836239793338,986624.117199999978766],[990438.067105429363437,987624.117199999978766],[991592.767643808620051,987624.117199999978766],[992170.11791299819015,986624.117199999978766],[991592.767643808620051,985624.117199999978766],[990438.067105429363437,985624.117199999978766],[989860.716836239793338,986624.117199999978766]]]]}},
{"type":"Feature","properties":{"id":1029.0,"left":989860.71683623979,"top":985624.1172,"right":992170.11791299819,"bottom":983624.1172,"row_index":20.0,"col_index":18.0,"id_2":null,"Nombre":null,"nom_patio":"Usme I y II","Id_3":1,"Cluster":"Usme I y II"},"geometry":{"type":"MultiPolygon","coordinates":[[[[989860.716836239793338,984624.117199999978766],[990438.067105429363437,985624.117199999978766],[991592.767643808620051,985624.117199999978766],[992170.11791299819015,984624.117199999978766],[991592.767643808620051,983624.117199999978766],[990438.067105429363437,983624.117199999978766],[989860.716836239793338,984624.117199999978766]]]]}},
{"type":"Feature","properties":{"id":1083.0,"left":991592.76764380862,"top":988624.1172,"right":993902.16872056702,"bottom":986624.1172,"row_index":18.0,"col_index":19.0,"id_2":null,"Nombre":null,"nom_patio":"Usme I y II","Id_3":1,"Cluster":"Usme I y II"},"geometry":{"type":"MultiPolygon","coordinates":[[[[991592.767643808620051,987624.117199999978766],[992170.11791299819015,988624.117199999978766],[993324.818451377446763,988624.117199999978766],[993902.168720567016862,987624.117199999978766],[993324.818451377446763,986624.117199999978766],[992170.11791299819015,986624.117199999978766],[991592.767643808620051,987624.117199999978766]]]]}},
{"type":"Feature","properties":{"id":1140.0,"left":993324.81845137756,"top":987624.1172,"right":995634.21952813584,"bottom":985624.1172,"row_index":19.0,"col_index":20.0,"id_2":null,"Nombre":null,"nom_patio":"Usme I y II","Id_3":1,"Cluster":"Usme I y II"},"geometry":{"type":"MultiPolygon","coordinates":[[[[993324.818451377563179,986624.117199999978766],[993902.168720567133278,987624.117199999978766],[995056.869258946389891,987624.117199999978766],[995634.21952813595999,986624.117199999978766],[995056.869258946389891,985624.117199999978766],[993902.168720567133278,985624.117199999978766],[993324.818451377563179,986624.117199999978766]]]]}},
{"type":"Feature","properties":{"id":1141.0,"left":993324.81845137756,"top":985624.1172,"right":995634.21952813584,"bottom":983624.1172,"row_index":20.0,"col_index":20.0,"id_2":null,"Nombre":null,"nom_patio":"Usme I y II","Id_3":1,"Cluster":"Usme I y II"},"geometry":{"type":"MultiPolygon","coordinates":[[[[993324.818451377563179,984624.117199999978766],[993902.168720567133278,985624.117199999978766],[995056.869258946389891,985624.117199999978766],[995634.21952813595999,984624.117199999978766],[995056.869258946389891,983624.117199999978766],[993902.168720567133278,983624.117199999978766],[993324.818451377563179,984624.117199999978766]]]]}},
{"type":"Feature","properties":{"id":1142.0,"left":993324.81845137756,"top":983624.1172,"right":995634.21952813584,"bottom":981624.1172,"row_index":21.0,"col_index":20.0,"id_2":null,"Nombre":null,"nom_patio":"Usme I y II","Id_3":1,"Cluster":"Usme I y II"},"geometry":{"type":"MultiPolygon","coordinates":[[[[993324.818451377563179,982624.117199999978766],[993902.168720567133278,983624.117199999978766],[995056.869258946389891,983624.117199999978766],[995634.21952813595999,982624.117199999978766],[995056.869258946389891,981624.117199999978766],[993902.168720567133278,981624.117199999978766],[993324.818451377563179,982624.117199999978766]]]]}},
{"type":"Feature","properties":{"id":1194.0,"left":995056.86925894639,"top":990624.1172,"right":997366.27033570479,"bottom":988624.1172,"row_index":17.0,"col_index":21.0,"id_2":null,"Nombre":null,"nom_patio":"Usme I y II","Id_3":1,"Cluster":"Usme I y II"},"geometry":{"type":"MultiPolygon","coordinates":[[[[995056.869258946389891,989624.117199999978766],[995634.21952813595999,990624.117199999978766],[996788.920066515216604,990624.117199999978766],[997366.270335704786703,989624.117199999978766],[996788.920066515216604,988624.117199999978766],[995634.21952813595999,988624.117199999978766],[995056.869258946389891,989624.117199999978766]]]]}},
{"type":"Feature","properties":{"id":1195.0,"left":995056.86925894639,"top":988624.1172,"right":997366.27033570479,"bottom":986624.1172,"row_index":18.0,"col_index":21.0,"id_2":null,"Nombre":null,"nom_patio":"Usme I y II","Id_3":1,"Cluster":"Usme I y II"},"geometry":{"type":"MultiPolygon","coordinates":[[[[995056.869258946389891,987624.117199999978766],[995634.21952813595999,988624.117199999978766],[996788.920066515216604,988624.117199999978766],[997366.270335704786703,987624.117199999978766],[996788.920066515216604,986624.117199999978766],[995634.21952813595999,986624.117199999978766],[995056.869258946389891,987624.117199999978766]]]]}},
{"type":"Feature","properties":{"id":1196.0,"left":995056.86925894639,"top":986624.1172,"right":997366.27033570479,"bottom":984624.1172,"row_index":19.0,"col_index":21.0,"id_2":null,"Nombre":null,"nom_patio":"Usme I y II","Id_3":1,"Cluster":"Usme I y II"},"geometry":{"type":"MultiPolygon","coordinates":[[[[995056.869258946389891,985624.117199999978766],[995634.21952813595999,986624.117199999978766],[996788.920066515216604,986624.117199999978766],[997366.270335704786703,985624.117199999978766],[996788.920066515216604,984624.117199999978766],[995634.21952813595999,984624.117199999978766],[995056.869258946389891,985624.117199999978766]]]]}},
{"type":"Feature","properties":{"id":1251.0,"left":996788.92006651522,"top":989624.1172,"right":999098.32114327373,"bottom":987624.1172,"row_index":18.0,"col_index":22.0,"id_2":null,"Nombre":null,"nom_patio":"Usme I y II","Id_3":1,"Cluster":"Usme I y II"},"geometry":{"type":"MultiPolygon","coordinates":[[[[996788.920066515333019,988624.117199999978766],[997366.270335704903118,989624.117199999978766],[998520.970874084159732,989624.117199999978766],[999098.321143273729831,988624.117199999978766],[998520.970874084159732,987624.117199999978766],[997366.270335704903118,987624.117199999978766],[996788.920066515333019,988624.117199999978766]]]]}},
{"type":"Feature","properties":{"id":1252.0,"left":996788.92006651522,"top":987624.1172,"right":999098.32114327373,"bottom":985624.1172,"row_index":19.0,"col_index":22.0,"id_2":null,"Nombre":null,"nom_patio":"Usme I y II","Id_3":1,"Cluster":"Usme I y II"},"geometry":{"type":"MultiPolygon","coordinates":[[[[996788.920066515333019,986624.117199999978766],[997366.270335704903118,987624.117199999978766],[998520.970874084159732,987624.117199999978766],[999098.321143273729831,986624.117199999978766],[998520.970874084159732,985624.117199999978766],[997366.270335704903118,985624.117199999978766],[996788.920066515333019,986624.117199999978766]]]]}},
{"type":"Feature","properties":{"id":852.0,"left":984664.56441353331,"top":1002624.1172,"right":986973.96549029159,"bottom":1000624.1172,"row_index":11.0,"col_index":15.0,"id_2":null,"Nombre":null,"nom_patio":"Perdomo","Id_3":2,"Cluster":"Perdomo"},"geometry":{"type":"MultiPolygon","coordinates":[[[[984664.564413533196785,1001624.1172],[985241.914682722766884,1002624.1172],[986396.615221102023497,1002624.1172],[986973.965490291593596,1001624.1172],[986396.615221102023497,1000624.1172],[985241.914682722766884,1000624.1172],[984664.564413533196785,1001624.1172]]]]}},
{"type":"Feature","properties":{"id":908.0,"left":986396.61522110202,"top":1003624.1172,"right":988706.01629786042,"bottom":1001624.1172,"row_index":11.0,"col_index":16.0,"id_2":null,"Nombre":null,"nom_patio":"Perdomo","Id_3":2,"Cluster":"Perdomo"},"geometry":{"type":"MultiPolygon","coordinates":[[[[986396.615221102023497,1002624.1172],[986973.965490291593596,1003624.1172],[988128.66602867085021,1003624.1172],[988706.016297860420309,1002624.1172],[988128.66602867085021,1001624.1172],[986973.965490291593596,1001624.1172],[986396.615221102023497,1002624.1172]]]]}},
{"type":"Feature","properties":{"id":909.0,"left":986396.61522110202,"top":1001624.1172,"right":988706.01629786042,"bottom":999624.1172,"row_index":12.0,"col_index":16.0,"id_2":null,"Nombre":null,"nom_patio":"Perdomo","Id_3":2,"Cluster":"Perdomo"},"geometry":{"type":"MultiPolygon","coordinates":[[[[986396.615221102023497,1000624.1172],[986973.965490291593596,1001624.1172],[988128.66602867085021,1001624.1172],[988706.016297860420309,1000624.1172],[988128.66602867085021,999624.117199999978766],[986973.965490291593596,999624.117199999978766],[986396.615221102023497,1000624.1172]]]]}},
{"type":"Feature","properties":{"id":964.0,"left":988128.66602867085,"top":1002624.1172,"right":990438.06710542925,"bottom":1000624.1172,"row_index":11.0,"col_index":17.0,"id_2":null,"Nombre":null,"nom_patio":"Perdomo","Id_3":2,"Cluster":"Perdomo"},"geometry":{"type":"MultiPolygon","coordinates":[[[[988128.66602867085021,1001624.1172],[988706.016297860420309,1002624.1172],[989860.716836239676923,1002624.1172],[990438.067105429247022,1001624.1172],[989860.716836239676923,1000624.1172],[988706.016297860420309,1000624.1172],[988128.66602867085021,1001624.1172]]]]}},
{"type":"Feature","properties":{"id":965.0,"left":988128.66602867085,"top":1000624.1172,"right":990438.06710542925,"bottom":998624.1172,"row_index":12.0,"col_index":17.0,"id_2":null,"Nombre":null,"nom_patio":"Perdomo","Id_3":2,"Cluster":"Perdomo"},"geometry":{"type":"MultiPolygon","coordinates":[[[[988128.66602867085021,999624.117199999978766],[988706.016297860420309,1000624.1172],[989860.716836239676923,1000624.1172],[990438.067105429247022,999624.117199999978766],[989860.716836239676923,998624.117199999978766],[988706.016297860420309,998624.117199999978766],[988128.66602867085021,999624.117199999978766]]]]}},
{"type":"Feature","properties":{"id":966.0,"left":988128.66602867085,"top":998624.1172,"right":990438.06710542925,"bottom":996624.1172,"row_index":13.0,"col_index":17.0,"id_2":null,"Nombre":null,"nom_patio":"Perdomo","Id_3":2,"Cluster":"Perdomo"},"geometry":{"type":"MultiPolygon","coordinates":[[[[988128.66602867085021,997624.117199999978766],[988706.016297860420309,998624.117199999978766],[989860.716836239676923,998624.117199999978766],[990438.067105429247022,997624.117199999978766],[989860.716836239676923,996624.117199999978766],[988706.016297860420309,996624.117199999978766],[988128.66602867085021,997624.117199999978766]]]]}},
{"type":"Feature","properties":{"id":1020.0,"left":989860.71683623979,"top":1003624.1172,"right":992170.11791299819,"bottom":1001624.1172,"row_index":11.0,"col_index":18.0,"id_2":null,"Nombre":null,"nom_patio":"Perdomo","Id_3":2,"Cluster":"Perdomo"},"geometry":{"type":"MultiPolygon","coordinates":[[[[989860.716836239793338,1002624.1172],[990438.067105429363437,1003624.1172],[991592.767643808620051,1003624.1172],[992170.11791299819015,1002624.1172],[991592.767643808620051,1001624.1172],[990438.067105429363437,1001624.1172],[989860.716836239793338,1002624.1172]]]]}},
{"type":"Feature","properties":{"id":1021.0,"left":989860.71683623979,"top":1001624.1172,"right":992170.11791299819,"bottom":999624.1172,"row_index":12.0,"col_index":18.0,"id_2":null,"Nombre":null,"nom_patio":"Perdomo","Id_3":2,"Cluster":"Perdomo"},"geometry":{"type":"MultiPolygon","coordinates":[[[[989860.716836239793338,1000624.1172],[990438.067105429363437,1001624.1172],[991592.767643808620051,1001624.1172],[992170.11791299819015,1000624.1172],[991592.767643808620051,999624.117199999978766],[990438.067105429363437,999624.117199999978766],[989860.716836239793338,1000624.1172]]]]}},
{"type":"Feature","properties":{"id":1022.0,"left":989860.71683623979,"top":999624.1172,"right":992170.11791299819,"bottom":997624.1172,"row_index":13.0,"col_index":18.0,"id_2":null,"Nombre":null,"nom_patio":"Perdomo","Id_3":2,"Cluster":"Perdomo"},"geometry":{"type":"MultiPolygon","coordinates":[[[[989860.716836239793338,998624.117199999978766],[990438.067105429363437,999624.117199999978766],[991592.767643808620051,999624.117199999978766],[992170.11791299819015,998624.117199999978766],[991592.767643808620051,997624.117199999978766],[990438.067105429363437,997624.117199999978766],[989860.716836239793338,998624.117199999978766]]]]}},
{"type":"Feature","properties":{"id":1023.0,"left":989860.71683623979,"top":997624.1172,"right":992170.11791299819,"bottom":995624.1172,"row_index":14.0,"col_index":18.0,"id_2":null,"Nombre":null,"nom_patio":"Perdomo","Id_3":2,"Cluster":"Perdomo"},"geometry":{"type":"MultiPolygon","coordinates":[[[[989860.716836239793338,996624.117199999978766],[990438.067105429363437,997624.117199999978766],[991592.767643808620051,997624.117199999978766],[992170.11791299819015,996624.117199999978766],[991592.767643808620051,995624.117199999978766],[990438.067105429363437,995624.117199999978766],[989860.716836239793338,996624.117199999978766]]]]}},
{"type":"Feature","properties":{"id":1129.0,"left":993324.81845137756,"top":1009624.1172,"right":995634.21952813584,"bottom":1007624.1172,"row_index":8.0,"col_index":20.0,"id_2":2,"Nombre":"Bolera el Salitre","nom_patio":"Fontibón","Id_3":3,"Cluster":"Bolera el Salitre"},"geometry":{"type":"MultiPolygon","coordinates":[[[[993324.818451377563179,1008624.1172],[993902.168720567133278,1009624.1172],[995056.869258946389891,1009624.1172],[995634.21952813595999,1008624.1172],[995056.869258946389891,1007624.1172],[993902.168720567133278,1007624.1172],[993324.818451377563179,1008624.1172]]]]}},
{"type":"Feature","properties":{"id":1183.0,"left":995056.86925894639,"top":1012624.1172,"right":997366.27033570479,"bottom":1010624.1172,"row_index":6.0,"col_index":21.0,"id_2":2,"Nombre":"Bolera el Salitre","nom_patio":"Fontibón","Id_3":3,"Cluster":"Bolera el Salitre"},"geometry":{"type":"MultiPolygon","coordinates":[[[[995056.869258946389891,1011624.1172],[995634.21952813595999,1012624.1172],[996788.920066515216604,1012624.1172],[997366.270335704786703,1011624.1172],[996788.920066515216604,1010624.1172],[995634.21952813595999,1010624.1172],[995056.869258946389891,1011624.1172]]]]}},
{"type":"Feature","properties":{"id":1184.0,"left":995056.86925894639,"top":1010624.1172,"right":997366.27033570479,"bottom":1008624.1172,"row_index":7.0,"col_index":21.0,"id_2":2,"Nombre":"Bolera el Salitre","nom_patio":"Fontibón","Id_3":3,"Cluster":"Bolera el Salitre"},"geometry":{"type":"MultiPolygon","coordinates":[[[[995056.869258946389891,1009624.1172],[995634.21952813595999,1010624.1172],[996788.920066515216604,1010624.1172],[997366.270335704786703,1009624.1172],[996788.920066515216604,1008624.1172],[995634.21952813595999,1008624.1172],[995056.869258946389891,1009624.1172]]]]}},
{"type":"Feature","properties":{"id":1185.0,"left":995056.86925894639,"top":1008624.1172,"right":997366.27033570479,"bottom":1006624.1172,"row_index":8.0,"col_index":21.0,"id_2":2,"Nombre":"Bolera el Salitre","nom_patio":"Fontibón","Id_3":3,"Cluster":"Bolera el Salitre"},"geometry":{"type":"MultiPolygon","coordinates":[[[[995056.869258946389891,1007624.1172],[995634.21952813595999,1008624.1172],[996788.920066515216604,1008624.1172],[997366.270335704786703,1007624.1172],[996788.920066515216604,1006624.1172],[995634.21952813595999,1006624.1172],[995056.869258946389891,1007624.1172]]]]}},
{"type":"Feature","properties":{"id":959.0,"left":988128.66602867085,"top":1012624.1172,"right":990438.06710542925,"bottom":1010624.1172,"row_index":6.0,"col_index":17.0,"id_2":null,"Nombre":null,"nom_patio":"Fontibón","Id_3":3,"Cluster":null},"geometry":{"type":"MultiPolygon","coordinates":[[[[988128.66602867085021,1011624.1172],[988706.016297860420309,1012624.1172],[989860.716836239676923,1012624.1172],[990438.067105429247022,1011624.1172],[989860.716836239676923,1010624.1172],[988706.016297860420309,1010624.1172],[988128.66602867085021,1011624.1172]]]]}},
{"type":"Feature","properties":{"id":960.0,"left":988128.66602867085,"top":1010624.1172,"right":990438.06710542925,"bottom":1008624.1172,"row_index":7.0,"col_index":17.0,"id_2":null,"Nombre":null,"nom_patio":"Fontibón","Id_3":3,"Cluster":null},"geometry":{"type":"MultiPolygon","coordinates":[[[[988128.66602867085021,1009624.1172],[988706.016297860420309,1010624.1172],[989860.716836239676923,1010624.1172],[990438.067105429247022,1009624.1172],[989860.716836239676923,1008624.1172],[988706.016297860420309,1008624.1172],[988128.66602867085021,1009624.1172]]]]}},
{"type":"Feature","properties":{"id":1014.0,"left":989860.71683623979,"top":1015624.1172,"right":992170.11791299819,"bottom":1013624.1172,"row_index":5.0,"col_index":18.0,"id_2":null,"Nombre":null,"nom_patio":"Fontibón","Id_3":3,"Cluster":null},"geometry":{"type":"MultiPolygon","coordinates":[[[[989860.716836239793338,1014624.1172],[990438.067105429363437,1015624.1172],[991592.767643808620051,1015624.1172],[992170.11791299819015,1014624.1172],[991592.767643808620051,1013624.1172],[990438.067105429363437,1013624.1172],[989860.716836239793338,1014624.1172]]]]}},
{"type":"Feature","properties":{"id":1016.0,"left":989860.71683623979,"top":1011624.1172,"right":992170.11791299819,"bottom":1009624.1172,"row_index":7.0,"col_index":18.0,"id_2":null,"Nombre":null,"nom_patio":"Fontibón","Id_3":3,"Cluster":null},"geometry":{"type":"MultiPolygon","coordinates":[[[[989860.716836239793338,1010624.1172],[990438.067105429363437,1011624.1172],[991592.767643808620051,1011624.1172],[992170.11791299819015,1010624.1172],[991592.767643808620051,1009624.1172],[990438.067105429363437,1009624.1172],[989860.716836239793338,1010624.1172]]]]}},
{"type":"Feature","properties":{"id":1017.0,"left":989860.71683623979,"top":1009624.1172,"right":992170.11791299819,"bottom":1007624.1172,"row_index":8.0,"col_index":18.0,"id_2":null,"Nombre":null,"nom_patio":"Fontibón","Id_3":3,"Cluster":null},"geometry":{"type":"MultiPolygon","coordinates":[[[[989860.716836239793338,1008624.1172],[990438.067105429363437,1009624.1172],[991592.767643808620051,1009624.1172],[992170.11791299819015,1008624.1172],[991592.767643808620051,1007624.1172],[990438.067105429363437,1007624.1172],[989860.716836239793338,1008624.1172]]]]}},
{"type":"Feature","properties":{"id":1018.0,"left":989860.71683623979,"top":1007624.1172,"right":992170.11791299819,"bottom":1005624.1172,"row_index":9.0,"col_index":18.0,"id_2":null,"Nombre":null,"nom_patio":"Fontibón","Id_3":3,"Cluster":null},"geometry":{"type":"MultiPolygon","coordinates":[[[[989860.716836239793338,1006624.1172],[990438.067105429363437,1007624.1172],[991592.767643808620051,1007624.1172],[992170.11791299819015,1006624.1172],[991592.767643808620051,1005624.1172],[990438.067105429363437,1005624.1172],[989860.716836239793338,1006624.1172]]]]}},
{"type":"Feature","properties":{"id":1070.0,"left":991592.76764380862,"top":1014624.1172,"right":993902.16872056702,"bottom":1012624.1172,"row_index":5.0,"col_index":19.0,"id_2":null,"Nombre":null,"nom_patio":"Fontibón","Id_3":3,"Cluster":null},"geometry":{"type":"MultiPolygon","coordinates":[[[[991592.767643808620051,1013624.1172],[992170.11791299819015,1014624.1172],[993324.818451377446763,1014624.1172],[993902.168720567016862,1013624.1172],[993324.818451377446763,1012624.1172],[992170.11791299819015,1012624.1172],[991592.767643808620051,1013624.1172]]]]}},
{"type":"Feature","properties":{"id":1071.0,"left":991592.76764380862,"top":1012624.1172,"right":993902.16872056702,"bottom":1010624.1172,"row_index":6.0,"col_index":19.0,"id_2":null,"Nombre":null,"nom_patio":"Fontibón","Id_3":3,"Cluster":null},"geometry":{"type":"MultiPolygon","coordinates":[[[[991592.767643808620051,1011624.1172],[992170.11791299819015,1012624.1172],[993324.818451377446763,1012624.1172],[993902.168720567016862,1011624.1172],[993324.818451377446763,1010624.1172],[992170.11791299819015,1010624.1172],[991592.767643808620051,1011624.1172]]]]}},
{"type":"Feature","properties":{"id":1072.0,"left":991592.76764380862,"top":1010624.1172,"right":993902.16872056702,"bottom":1008624.1172,"row_index":7.0,"col_index":19.0,"id_2":null,"Nombre":null,"nom_patio":"Fontibón","Id_3":3,"Cluster":null},"geometry":{"type":"MultiPolygon","coordinates":[[[[991592.767643808620051,1009624.1172],[992170.11791299819015,1010624.1172],[993324.818451377446763,1010624.1172],[993902.168720567016862,1009624.1172],[993324.818451377446763,1008624.1172],[992170.11791299819015,1008624.1172],[991592.767643808620051,1009624.1172]]]]}},
{"type":"Feature","properties":{"id":1073.0,"left":991592.76764380862,"top":1008624.1172,"right":993902.16872056702,"bottom":1006624.1172,"row_index":8.0,"col_index":19.0,"id_2":null,"Nombre":null,"nom_patio":"Fontibón","Id_3":3,"Cluster":null},"geometry":{"type":"MultiPolygon","coordinates":[[[[991592.767643808620051,1007624.1172],[992170.11791299819015,1008624.1172],[993324.818451377446763,1008624.1172],[993902.168720567016862,1007624.1172],[993324.818451377446763,1006624.1172],[992170.11791299819015,1006624.1172],[991592.767643808620051,1007624.1172]]]]}},
{"type":"Feature","properties":{"id":1127.0,"left":993324.81845137756,"top":1013624.1172,"right":995634.21952813584,"bottom":1011624.1172,"row_index":6.0,"col_index":20.0,"id_2":null,"Nombre":null,"nom_patio":"Fontibón","Id_3":3,"Cluster":null},"geometry":{"type":"MultiPolygon","coordinates":[[[[993324.818451377563179,1012624.1172],[993902.168720567133278,1013624.1172],[995056.869258946389891,1013624.1172],[995634.21952813595999,1012624.1172],[995056.869258946389891,1011624.1172],[993902.168720567133278,1011624.1172],[993324.818451377563179,1012624.1172]]]]}},
{"type":"Feature","properties":{"id":1128.0,"left":993324.81845137756,"top":1011624.1172,"right":995634.21952813584,"bottom":1009624.1172,"row_index":7.0,"col_index":20.0,"id_2":null,"Nombre":null,"nom_patio":"Fontibón","Id_3":3,"Cluster":null},"geometry":{"type":"MultiPolygon","coordinates":[[[[993324.818451377563179,1010624.1172],[993902.168720567133278,1011624.1172],[995056.869258946389891,1011624.1172],[995634.21952813595999,1010624.1172],[995056.869258946389891,1009624.1172],[993902.168720567133278,1009624.1172],[993324.818451377563179,1010624.1172]]]]}},
{"type":"Feature","properties":{"id":1180.0,"left":995056.86925894639,"top":1018624.1172,"right":997366.27033570479,"bottom":1016624.1172,"row_index":3.0,"col_index":21.0,"id_2":null,"Nombre":null,"nom_patio":"Las Mercedes","Id_3":4,"Cluster":"Las Mercedes"},"geometry":{"type":"MultiPolygon","coordinates":[[[[995056.869258946389891,1017624.1172],[995634.21952813595999,1018624.1172],[996788.920066515216604,1018624.1172],[997366.270335704786703,1017624.1172],[996788.920066515216604,1016624.1172],[995634.21952813595999,1016624.1172],[995056.869258946389891,1017624.1172]]]]}},
{"type":"Feature","properties":{"id":1235.0,"left":996788.92006651522,"top":1021624.1172,"right":999098.32114327373,"bottom":1019624.1172,"row_index":2.0,"col_index":22.0,"id_2":null,"Nombre":null,"nom_patio":"Las Mercedes","Id_3":4,"Cluster":"Las Mercedes"},"geometry":{"type":"MultiPolygon","coordinates":[[[[996788.920066515333019,1020624.1172],[997366.270335704903118,1021624.1172],[998520.970874084159732,1021624.1172],[999098.321143273729831,1020624.1172],[998520.970874084159732,1019624.1172],[997366.270335704903118,1019624.1172],[996788.920066515333019,1020624.1172]]]]}},
{"type":"Feature","properties":{"id":1236.0,"left":996788.92006651522,"top":1019624.1172,"right":999098.32114327373,"bottom":1017624.1172,"row_index":3.0,"col_index":22.0,"id_2":null,"Nombre":null,"nom_patio":"Las Mercedes","Id_3":4,"Cluster":"Las Mercedes"},"geometry":{"type":"MultiPolygon","coordinates":[[[[996788.920066515333019,1018624.1172],[997366.270335704903118,1019624.1172],[998520.970874084159732,1019624.1172],[999098.321143273729831,1018624.1172],[998520.970874084159732,1017624.1172],[997366.270335704903118,1017624.1172],[996788.920066515333019,1018624.1172]]]]}},
{"type":"Feature","properties":{"id":1237.0,"left":996788.92006651522,"top":1017624.1172,"right":999098.32114327373,"bottom":1015624.1172,"row_index":4.0,"col_index":22.0,"id_2":null,"Nombre":null,"nom_patio":"Las Mercedes","Id_3":4,"Cluster":"Las Mercedes"},"geometry":{"type":"MultiPolygon","coordinates":[[[[996788.920066515333019,1016624.1172],[997366.270335704903118,1017624.1172],[998520.970874084159732,1017624.1172],[999098.321143273729831,1016624.1172],[998520.970874084159732,1015624.1172],[997366.270335704903118,1015624.1172],[996788.920066515333019,1016624.1172]]]]}},
{"type":"Feature","properties":{"id":1292.0,"left":998520.97087408416,"top":1018624.1172,"right":1000830.3719508426,"bottom":1016624.1172,"row_index":3.0,"col_index":23.0,"id_2":null,"Nombre":null,"nom_patio":"Las Mercedes","Id_3":4,"Cluster":"Las Mercedes"},"geometry":{"type":"MultiPolygon","coordinates":[[[[998520.970874084159732,1017624.1172],[999098.321143273729831,1018624.1172],[1000253.021681652986445,1018624.1172],[1000830.371950842556544,1017624.1172],[1000253.021681652986445,1016624.1172],[999098.321143273729831,1016624.1172],[998520.970874084159732,1017624.1172]]]]}},
{"type":"Feature","properties":{"id":1293.0,"left":998520.97087408416,"top":1016624.1172,"right":1000830.3719508426,"bottom":1014624.1172,"row_index":4.0,"col_index":23.0,"id_2":null,"Nombre":null,"nom_patio":"Las Mercedes","Id_3":4,"Cluster":"Las Mercedes"},"geometry":{"type":"MultiPolygon","coordinates":[[[[998520.970874084159732,1015624.1172],[999098.321143273729831,1016624.1172],[1000253.021681652986445,1016624.1172],[1000830.371950842556544,1015624.1172],[1000253.021681652986445,1014624.1172],[999098.321143273729831,1014624.1172],[998520.970874084159732,1015624.1172]]]]}},
{"type":"Feature","properties":{"id":1348.0,"left":1000253.0216816531,"top":1019624.1172,"right":1002562.4227584115,"bottom":1017624.1172,"row_index":3.0,"col_index":24.0,"id_2":null,"Nombre":null,"nom_patio":"Las Mercedes","Id_3":4,"Cluster":"Las Mercedes"},"geometry":{"type":"MultiPolygon","coordinates":[[[[1000253.02168165310286,1018624.1172],[1000830.371950842672959,1019624.1172],[1001985.072489221929573,1019624.1172],[1002562.422758411499672,1018624.1172],[1001985.072489221929573,1017624.1172],[1000830.371950842672959,1017624.1172],[1000253.02168165310286,1018624.1172]]]]}},
{"type":"Feature","properties":{"id":1349.0,"left":1000253.0216816531,"top":1017624.1172,"right":1002562.4227584115,"bottom":1015624.1172,"row_index":4.0,"col_index":24.0,"id_2":null,"Nombre":null,"nom_patio":"Las Mercedes","Id_3":4,"Cluster":"Las Mercedes"},"geometry":{"type":"MultiPolygon","coordinates":[[[[1000253.02168165310286,1016624.1172],[1000830.371950842672959,1017624.1172],[1001985.072489221929573,1017624.1172],[1002562.422758411499672,1016624.1172],[1001985.072489221929573,1015624.1172],[1000830.371950842672959,1015624.1172],[1000253.02168165310286,1016624.1172]]]]}},
{"type":"Feature","properties":{"id":1403.0,"left":1001985.0724892219,"top":1020624.1172,"right":1004294.4735659803,"bottom":1018624.1172,"row_index":2.0,"col_index":25.0,"id_2":null,"Nombre":null,"nom_patio":"Las Mercedes","Id_3":4,"Cluster":"Las Mercedes"},"geometry":{"type":"MultiPolygon","coordinates":[[[[1001985.072489221929573,1019624.1172],[1002562.422758411499672,1020624.1172],[1003717.123296790756285,1020624.1172],[1004294.473565980326384,1019624.1172],[1003717.123296790756285,1018624.1172],[1002562.422758411499672,1018624.1172],[1001985.072489221929573,1019624.1172]]]]}},
{"type":"Feature","properties":{"id":1404.0,"left":1001985.0724892219,"top":1018624.1172,"right":1004294.4735659803,"bottom":1016624.1172,"row_index":3.0,"col_index":25.0,"id_2":null,"Nombre":null,"nom_patio":"Las Mercedes","Id_3":4,"Cluster":"Las Mercedes"},"geometry":{"type":"MultiPolygon","coordinates":[[[[1001985.072489221929573,1017624.1172],[1002562.422758411499672,1018624.1172],[1003717.123296790756285,1018624.1172],[1004294.473565980326384,1017624.1172],[1003717.123296790756285,1016624.1172],[1002562.422758411499672,1016624.1172],[1001985.072489221929573,1017624.1172]]]]}},
{"type":"Feature","properties":{"id":1581.0,"left":1007181.2249119285,"top":1001624.1172,"right":1009490.6259886869,"bottom":999624.1172,"row_index":12.0,"col_index":28.0,"id_2":null,"Nombre":null,"nom_patio":null,"Id_3":null,"Cluster":null},"geometry":{"type":"MultiPolygon","coordinates":[[[[1007181.224911928526126,1000624.1172],[1007758.575181118096225,1001624.1172],[1008913.275719497352839,1001624.1172],[1009490.625988686922938,1000624.1172],[1008913.275719497352839,999624.117199999978766],[1007758.575181118096225,999624.117199999978766],[1007181.224911928526126,1000624.1172]]]]}},
{"type":"Feature","properties":{"id":1410.0,"left":1001985.0724892219,"top":1006624.1172,"right":1004294.4735659803,"bottom":1004624.1172,"row_index":9.0,"col_index":25.0,"id_2":null,"Nombre":null,"nom_patio":null,"Id_3":null,"Cluster":null},"geometry":{"type":"MultiPolygon","coordinates":[[[[1001985.072489221929573,1005624.1172],[1002562.422758411499672,1006624.1172],[1003717.123296790756285,1006624.1172],[1004294.473565980326384,1005624.1172],[1003717.123296790756285,1004624.1172],[1002562.422758411499672,1004624.1172],[1001985.072489221929573,1005624.1172]]]]}},
{"type":"Feature","properties":{"id":1411.0,"left":1001985.0724892219,"top":1004624.1172,"right":1004294.4735659803,"bottom":1002624.1172,"row_index":10.0,"col_index":25.0,"id_2":null,"Nombre":null,"nom_patio":null,"Id_3":null,"Cluster":null},"geometry":{"type":"MultiPolygon","coordinates":[[[[1001985.072489221929573,1003624.1172],[1002562.422758411499672,1004624.1172],[1003717.123296790756285,1004624.1172],[1004294.473565980326384,1003624.1172],[1003717.123296790756285,1002624.1172],[1002562.422758411499672,1002624.1172],[1001985.072489221929573,1003624.1172]]]]}},
{"type":"Feature","properties":{"id":1458.0,"left":1003717.1232967908,"top":1023624.1172,"right":1006026.5243735492,"bottom":1021624.1172,"row_index":1.0,"col_index":26.0,"id_2":null,"Nombre":null,"nom_patio":null,"Id_3":null,"Cluster":null},"geometry":{"type":"MultiPolygon","coordinates":[[[[1003717.123296790756285,1022624.1172],[1004294.473565980326384,1023624.1172],[1005449.174104359582998,1023624.1172],[1006026.524373549153097,1022624.1172],[1005449.174104359582998,1021624.1172],[1004294.473565980326384,1021624.1172],[1003717.123296790756285,1022624.1172]]]]}},
{"type":"Feature","properties":{"id":1460.0,"left":1003717.1232967908,"top":1019624.1172,"right":1006026.5243735492,"bottom":1017624.1172,"row_index":3.0,"col_index":26.0,"id_2":null,"Nombre":null,"nom_patio":null,"Id_3":null,"Cluster":null},"geometry":{"type":"MultiPolygon","coordinates":[[[[1003717.123296790756285,1018624.1172],[1004294.473565980326384,1019624.1172],[1005449.174104359582998,1019624.1172],[1006026.524373549153097,1018624.1172],[1005449.174104359582998,1017624.1172],[1004294.473565980326384,1017624.1172],[1003717.123296790756285,1018624.1172]]]]}},
{"type":"Feature","properties":{"id":1462.0,"left":1003717.1232967908,"top":1015624.1172,"right":1006026.5243735492,"bottom":1013624.1172,"row_index":5.0,"col_index":26.0,"id_2":null,"Nombre":null,"nom_patio":null,"Id_3":null,"Cluster":null},"geometry":{"type":"MultiPolygon","coordinates":[[[[1003717.123296790756285,1014624.1172],[1004294.473565980326384,1015624.1172],[1005449.174104359582998,1015624.1172],[1006026.524373549153097,1014624.1172],[1005449.174104359582998,1013624.1172],[1004294.473565980326384,1013624.1172],[1003717.123296790756285,1014624.1172]]]]}},
{"type":"Feature","properties":{"id":1461.0,"left":1003717.1232967908,"top":1017624.1172,"right":1006026.5243735492,"bottom":1015624.1172,"row_index":4.0,"col_index":26.0,"id_2":null,"Nombre":null,"nom_patio":null,"Id_3":null,"Cluster":null},"geometry":{"type":"MultiPolygon","coordinates":[[[[1003717.123296790756285,1016624.1172],[1004294.473565980326384,1017624.1172],[1005449.174104359582998,1017624.1172],[1006026.524373549153097,1016624.1172],[1005449.174104359582998,1015624.1172],[1004294.473565980326384,1015624.1172],[1003717.123296790756285,1016624.1172]]]]}},
{"type":"Feature","properties":{"id":1470.0,"left":1003717.1232967908,"top":999624.1172,"right":1006026.5243735492,"bottom":997624.1172,"row_index":13.0,"col_index":26.0,"id_2":null,"Nombre":null,"nom_patio":null,"Id_3":null,"Cluster":null},"geometry":{"type":"MultiPolygon","coordinates":[[[[1003717.123296790756285,998624.117199999978766],[1004294.473565980326384,999624.117199999978766],[1005449.174104359582998,999624.117199999978766],[1006026.524373549153097,998624.117199999978766],[1005449.174104359582998,997624.117199999978766],[1004294.473565980326384,997624.117199999978766],[1003717.123296790756285,998624.117199999978766]]]]}},
{"type":"Feature","properties":{"id":1522.0,"left":1005449.1741043597,"top":1006624.1172,"right":1007758.5751811181,"bottom":1004624.1172,"row_index":9.0,"col_index":27.0,"id_2":null,"Nombre":null,"nom_patio":null,"Id_3":null,"Cluster":null},"geometry":{"type":"MultiPolygon","coordinates":[[[[1005449.174104359699413,1005624.1172],[1006026.524373549269512,1006624.1172],[1007181.224911928526126,1006624.1172],[1007758.575181118096225,1005624.1172],[1007181.224911928526126,1004624.1172],[1006026.524373549269512,1004624.1172],[1005449.174104359699413,1005624.1172]]]]}},
{"type":"Feature","properties":{"id":1525.0,"left":1005449.1741043597,"top":1000624.1172,"right":1007758.5751811181,"bottom":998624.1172,"row_index":12.0,"col_index":27.0,"id_2":null,"Nombre":null,"nom_patio":null,"Id_3":null,"Cluster":null},"geometry":{"type":"MultiPolygon","coordinates":[[[[1005449.174104359699413,999624.117199999978766],[1006026.524373549269512,1000624.1172],[1007181.224911928526126,1000624.1172],[1007758.575181118096225,999624.117199999978766],[1007181.224911928526126,998624.117199999978766],[1006026.524373549269512,998624.117199999978766],[1005449.174104359699413,999624.117199999978766]]]]}},
{"type":"Feature","properties":{"id":1524.0,"left":1005449.1741043597,"top":1002624.1172,"right":1007758.5751811181,"bottom":1000624.1172,"row_index":11.0,"col_index":27.0,"id_2":null,"Nombre":null,"nom_patio":null,"Id_3":null,"Cluster":null},"geometry":{"type":"MultiPolygon","coordinates":[[[[1005449.174104359699413,1001624.1172],[1006026.524373549269512,1002624.1172],[1007181.224911928526126,1002624.1172],[1007758.575181118096225,1001624.1172],[1007181.224911928526126,1000624.1172],[1006026.524373549269512,1000624.1172],[1005449.174104359699413,1001624.1172]]]]}},
{"type":"Feature","properties":{"id":1521.0,"left":1005449.1741043597,"top":1008624.1172,"right":1007758.5751811181,"bottom":1006624.1172,"row_index":8.0,"col_index":27.0,"id_2":null,"Nombre":null,"nom_patio":null,"Id_3":null,"Cluster":null},"geometry":{"type":"MultiPolygon","coordinates":[[[[1005449.174104359699413,1007624.1172],[1006026.524373549269512,1008624.1172],[1007181.224911928526126,1008624.1172],[1007758.575181118096225,1007624.1172],[1007181.224911928526126,1006624.1172],[1006026.524373549269512,1006624.1172],[1005449.174104359699413,1007624.1172]]]]}},
{"type":"Feature","properties":{"id":1526.0,"left":1005449.1741043597,"top":998624.1172,"right":1007758.5751811181,"bottom":996624.1172,"row_index":13.0,"col_index":27.0,"id_2":null,"Nombre":null,"nom_patio":null,"Id_3":null,"Cluster":null},"geometry":{"type":"MultiPolygon","coordinates":[[[[1005449.174104359699413,997624.117199999978766],[1006026.524373549269512,998624.117199999978766],[1007181.224911928526126,998624.117199999978766],[1007758.575181118096225,997624.117199999978766],[1007181.224911928526126,996624.117199999978766],[1006026.524373549269512,996624.117199999978766],[1005449.174104359699413,997624.117199999978766]]]]}},
{"type":"Feature","properties":{"id":1515.0,"left":1005449.1741043597,"top":1020624.1172,"right":1007758.5751811181,"bottom":1018624.1172,"row_index":2.0,"col_index":27.0,"id_2":null,"Nombre":null,"nom_patio":null,"Id_3":null,"Cluster":null},"geometry":{"type":"MultiPolygon","coordinates":[[[[1005449.174104359699413,1019624.1172],[1006026.524373549269512,1020624.1172],[1007181.224911928526126,1020624.1172],[1007758.575181118096225,1019624.1172],[1007181.224911928526126,1018624.1172],[1006026.524373549269512,1018624.1172],[1005449.174104359699413,1019624.1172]]]]}},
{"type":"Feature","properties":{"id":1517.0,"left":1005449.1741043597,"top":1016624.1172,"right":1007758.5751811181,"bottom":1014624.1172,"row_index":4.0,"col_index":27.0,"id_2":null,"Nombre":null,"nom_patio":null,"Id_3":null,"Cluster":null},"geometry":{"type":"MultiPolygon","coordinates":[[[[1005449.174104359699413,1015624.1172],[1006026.524373549269512,1016624.1172],[1007181.224911928526126,1016624.1172],[1007758.575181118096225,1015624.1172],[1007181.224911928526126,1014624.1172],[1006026.524373549269512,1014624.1172],[1005449.174104359699413,1015624.1172]]]]}},
{"type":"Feature","properties":{"id":1516.0,"left":1005449.1741043597,"top":1018624.1172,"right":1007758.5751811181,"bottom":1016624.1172,"row_index":3.0,"col_index":27.0,"id_2":null,"Nombre":null,"nom_patio":null,"Id_3":null,"Cluster":null},"geometry":{"type":"MultiPolygon","coordinates":[[[[1005449.174104359699413,1017624.1172],[1006026.524373549269512,1018624.1172],[1007181.224911928526126,1018624.1172],[1007758.575181118096225,1017624.1172],[1007181.224911928526126,1016624.1172],[1006026.524373549269512,1016624.1172],[1005449.174104359699413,1017624.1172]]]]}},
{"type":"Feature","properties":{"id":1303.0,"left":998520.97087408416,"top":996624.1172,"right":1000830.3719508426,"bottom":994624.1172,"row_index":14.0,"col_index":23.0,"id_2":null,"Nombre":null,"nom_patio":null,"Id_3":null,"Cluster":null},"geometry":{"type":"MultiPolygon","coordinates":[[[[998520.970874084159732,995624.117199999978766],[999098.321143273729831,996624.117199999978766],[1000253.021681652986445,996624.117199999978766],[1000830.371950842556544,995624.117199999978766],[1000253.021681652986445,994624.117199999978766],[999098.321143273729831,994624.117199999978766],[998520.970874084159732,995624.117199999978766]]]]}},
{"type":"Feature","properties":{"id":1302.0,"left":998520.97087408416,"top":998624.1172,"right":1000830.3719508426,"bottom":996624.1172,"row_index":13.0,"col_index":23.0,"id_2":null,"Nombre":null,"nom_patio":null,"Id_3":null,"Cluster":null},"geometry":{"type":"MultiPolygon","coordinates":[[[[998520.970874084159732,997624.117199999978766],[999098.321143273729831,998624.117199999978766],[1000253.021681652986445,998624.117199999978766],[1000830.371950842556544,997624.117199999978766],[1000253.021681652986445,996624.117199999978766],[999098.321143273729831,996624.117199999978766],[998520.970874084159732,997624.117199999978766]]]]}},
{"type":"Feature","properties":{"id":1305.0,"left":998520.97087408416,"top":992624.1172,"right":1000830.3719508426,"bottom":990624.1172,"row_index":16.0,"col_index":23.0,"id_2":null,"Nombre":null,"nom_patio":null,"Id_3":null,"Cluster":null},"geometry":{"type":"MultiPolygon","coordinates":[[[[998520.970874084159732,991624.117199999978766],[999098.321143273729831,992624.117199999978766],[1000253.021681652986445,992624.117199999978766],[1000830.371950842556544,991624.117199999978766],[1000253.021681652986445,990624.117199999978766],[999098.321143273729831,990624.117199999978766],[998520.970874084159732,991624.117199999978766]]]]}},
{"type":"Feature","properties":{"id":1304.0,"left":998520.97087408416,"top":994624.1172,"right":1000830.3719508426,"bottom":992624.1172,"row_index":15.0,"col_index":23.0,"id_2":null,"Nombre":null,"nom_patio":null,"Id_3":null,"Cluster":null},"geometry":{"type":"MultiPolygon","coordinates":[[[[998520.970874084159732,993624.117199999978766],[999098.321143273729831,994624.117199999978766],[1000253.021681652986445,994624.117199999978766],[1000830.371950842556544,993624.117199999978766],[1000253.021681652986445,992624.117199999978766],[999098.321143273729831,992624.117199999978766],[998520.970874084159732,993624.117199999978766]]]]}},
{"type":"Feature","properties":{"id":1299.0,"left":998520.97087408416,"top":1004624.1172,"right":1000830.3719508426,"bottom":1002624.1172,"row_index":10.0,"col_index":23.0,"id_2":null,"Nombre":null,"nom_patio":null,"Id_3":null,"Cluster":null},"geometry":{"type":"MultiPolygon","coordinates":[[[[998520.970874084159732,1003624.1172],[999098.321143273729831,1004624.1172],[1000253.021681652986445,1004624.1172],[1000830.371950842556544,1003624.1172],[1000253.021681652986445,1002624.1172],[999098.321143273729831,1002624.1172],[998520.970874084159732,1003624.1172]]]]}},
{"type":"Feature","properties":{"id":1301.0,"left":998520.97087408416,"top":1000624.1172,"right":1000830.3719508426,"bottom":998624.1172,"row_index":12.0,"col_index":23.0,"id_2":null,"Nombre":null,"nom_patio":null,"Id_3":null,"Cluster":null},"geometry":{"type":"MultiPolygon","coordinates":[[[[998520.970874084159732,999624.117199999978766],[999098.321143273729831,1000624.1172],[1000253.021681652986445,1000624.1172],[1000830.371950842556544,999624.117199999978766],[1000253.021681652986445,998624.117199999978766],[999098.321143273729831,998624.117199999978766],[998520.970874084159732,999624.117199999978766]]]]}},
{"type":"Feature","properties":{"id":1300.0,"left":998520.97087408416,"top":1002624.1172,"right":1000830.3719508426,"bottom":1000624.1172,"row_index":11.0,"col_index":23.0,"id_2":null,"Nombre":null,"nom_patio":null,"Id_3":null,"Cluster":null},"geometry":{"type":"MultiPolygon","coordinates":[[[[998520.970874084159732,1001624.1172],[999098.321143273729831,1002624.1172],[1000253.021681652986445,1002624.1172],[1000830.371950842556544,1001624.1172],[1000253.021681652986445,1000624.1172],[999098.321143273729831,1000624.1172],[998520.970874084159732,1001624.1172]]]]}},
{"type":"Feature","properties":{"id":1306.0,"left":998520.97087408416,"top":990624.1172,"right":1000830.3719508426,"bottom":988624.1172,"row_index":17.0,"col_index":23.0,"id_2":null,"Nombre":null,"nom_patio":null,"Id_3":null,"Cluster":null},"geometry":{"type":"MultiPolygon","coordinates":[[[[998520.970874084159732,989624.117199999978766],[999098.321143273729831,990624.117199999978766],[1000253.021681652986445,990624.117199999978766],[1000830.371950842556544,989624.117199999978766],[1000253.021681652986445,988624.117199999978766],[999098.321143273729831,988624.117199999978766],[998520.970874084159732,989624.117199999978766]]]]}},
{"type":"Feature","properties":{"id":1308.0,"left":998520.97087408416,"top":986624.1172,"right":1000830.3719508426,"bottom":984624.1172,"row_index":19.0,"col_index":23.0,"id_2":null,"Nombre":null,"nom_patio":null,"Id_3":null,"Cluster":null},"geometry":{"type":"MultiPolygon","coordinates":[[[[998520.970874084159732,985624.117199999978766],[999098.321143273729831,986624.117199999978766],[1000253.021681652986445,986624.117199999978766],[1000830.371950842556544,985624.117199999978766],[1000253.021681652986445,984624.117199999978766],[999098.321143273729831,984624.117199999978766],[998520.970874084159732,985624.117199999978766]]]]}},
{"type":"Feature","properties":{"id":1356.0,"left":1000253.0216816531,"top":1003624.1172,"right":1002562.4227584115,"bottom":1001624.1172,"row_index":11.0,"col_index":24.0,"id_2":null,"Nombre":null,"nom_patio":null,"Id_3":null,"Cluster":null},"geometry":{"type":"MultiPolygon","coordinates":[[[[1000253.02168165310286,1002624.1172],[1000830.371950842672959,1003624.1172],[1001985.072489221929573,1003624.1172],[1002562.422758411499672,1002624.1172],[1001985.072489221929573,1001624.1172],[1000830.371950842672959,1001624.1172],[1000253.02168165310286,1002624.1172]]]]}},
{"type":"Feature","properties":{"id":1355.0,"left":1000253.0216816531,"top":1005624.1172,"right":1002562.4227584115,"bottom":1003624.1172,"row_index":10.0,"col_index":24.0,"id_2":null,"Nombre":null,"nom_patio":null,"Id_3":null,"Cluster":null},"geometry":{"type":"MultiPolygon","coordinates":[[[[1000253.02168165310286,1004624.1172],[1000830.371950842672959,1005624.1172],[1001985.072489221929573,1005624.1172],[1002562.422758411499672,1004624.1172],[1001985.072489221929573,1003624.1172],[1000830.371950842672959,1003624.1172],[1000253.02168165310286,1004624.1172]]]]}},
{"type":"Feature","properties":{"id":1358.0,"left":1000253.0216816531,"top":999624.1172,"right":1002562.4227584115,"bottom":997624.1172,"row_index":13.0,"col_index":24.0,"id_2":null,"Nombre":null,"nom_patio":null,"Id_3":null,"Cluster":null},"geometry":{"type":"MultiPolygon","coordinates":[[[[1000253.02168165310286,998624.117199999978766],[1000830.371950842672959,999624.117199999978766],[1001985.072489221929573,999624.117199999978766],[1002562.422758411499672,998624.117199999978766],[1001985.072489221929573,997624.117199999978766],[1000830.371950842672959,997624.117199999978766],[1000253.02168165310286,998624.117199999978766]]]]}},
{"type":"Feature","properties":{"id":1357.0,"left":1000253.0216816531,"top":1001624.1172,"right":1002562.4227584115,"bottom":999624.1172,"row_index":12.0,"col_index":24.0,"id_2":null,"Nombre":null,"nom_patio":null,"Id_3":null,"Cluster":null},"geometry":{"type":"MultiPolygon","coordinates":[[[[1000253.02168165310286,1000624.1172],[1000830.371950842672959,1001624.1172],[1001985.072489221929573,1001624.1172],[1002562.422758411499672,1000624.1172],[1001985.072489221929573,999624.117199999978766],[1000830.371950842672959,999624.117199999978766],[1000253.02168165310286,1000624.1172]]]]}},
{"type":"Feature","properties":{"id":1359.0,"left":1000253.0216816531,"top":997624.1172,"right":1002562.4227584115,"bottom":995624.1172,"row_index":14.0,"col_index":24.0,"id_2":null,"Nombre":null,"nom_patio":null,"Id_3":null,"Cluster":null},"geometry":{"type":"MultiPolygon","coordinates":[[[[1000253.02168165310286,996624.117199999978766],[1000830.371950842672959,997624.117199999978766],[1001985.072489221929573,997624.117199999978766],[1002562.422758411499672,996624.117199999978766],[1001985.072489221929573,995624.117199999978766],[1000830.371950842672959,995624.117199999978766],[1000253.02168165310286,996624.117199999978766]]]]}},
{"type":"Feature","properties":{"id":1147.0,"left":993324.81845137756,"top":973624.1172,"right":995634.21952813584,"bottom":971624.1172,"row_index":26.0,"col_index":20.0,"id_2":null,"Nombre":null,"nom_patio":null,"Id_3":null,"Cluster":null},"geometry":{"type":"MultiPolygon","coordinates":[[[[993324.818451377563179,972624.117199999978766],[993902.168720567133278,973624.117199999978766],[995056.869258946389891,973624.117199999978766],[995634.21952813595999,972624.117199999978766],[995056.869258946389891,971624.117199999978766],[993902.168720567133278,971624.117199999978766],[993324.818451377563179,972624.117199999978766]]]]}},
{"type":"Feature","properties":{"id":1156.0,"left":993324.81845137756,"top":955624.1172,"right":995634.21952813584,"bottom":953624.1172,"row_index":35.0,"col_index":20.0,"id_2":null,"Nombre":null,"nom_patio":null,"Id_3":null,"Cluster":null},"geometry":{"type":"MultiPolygon","coordinates":[[[[993324.818451377563179,954624.117199999978766],[993902.168720567133278,955624.117199999978766],[995056.869258946389891,955624.117199999978766],[995634.21952813595999,954624.117199999978766],[995056.869258946389891,953624.117199999978766],[993902.168720567133278,953624.117199999978766],[993324.818451377563179,954624.117199999978766]]]]}},
{"type":"Feature","properties":{"id":1132.0,"left":993324.81845137756,"top":1003624.1172,"right":995634.21952813584,"bottom":1001624.1172,"row_index":11.0,"col_index":20.0,"id_2":null,"Nombre":null,"nom_patio":null,"Id_3":null,"Cluster":null},"geometry":{"type":"MultiPolygon","coordinates":[[[[993324.818451377563179,1002624.1172],[993902.168720567133278,1003624.1172],[995056.869258946389891,1003624.1172],[995634.21952813595999,1002624.1172],[995056.869258946389891,1001624.1172],[993902.168720567133278,1001624.1172],[993324.818451377563179,1002624.1172]]]]}},
{"type":"Feature","properties":{"id":1131.0,"left":993324.81845137756,"top":1005624.1172,"right":995634.21952813584,"bottom":1003624.1172,"row_index":10.0,"col_index":20.0,"id_2":null,"Nombre":null,"nom_patio":null,"Id_3":null,"Cluster":null},"geometry":{"type":"MultiPolygon","coordinates":[[[[993324.818451377563179,1004624.1172],[993902.168720567133278,1005624.1172],[995056.869258946389891,1005624.1172],[995634.21952813595999,1004624.1172],[995056.869258946389891,1003624.1172],[993902.168720567133278,1003624.1172],[993324.818451377563179,1004624.1172]]]]}},
{"type":"Feature","properties":{"id":1126.0,"left":993324.81845137756,"top":1015624.1172,"right":995634.21952813584,"bottom":1013624.1172,"row_index":5.0,"col_index":20.0,"id_2":null,"Nombre":null,"nom_patio":null,"Id_3":null,"Cluster":null},"geometry":{"type":"MultiPolygon","coordinates":[[[[993324.818451377563179,1014624.1172],[993902.168720567133278,1015624.1172],[995056.869258946389891,1015624.1172],[995634.21952813595999,1014624.1172],[995056.869258946389891,1013624.1172],[993902.168720567133278,1013624.1172],[993324.818451377563179,1014624.1172]]]]}},
{"type":"Feature","properties":{"id":1125.0,"left":993324.81845137756,"top":1017624.1172,"right":995634.21952813584,"bottom":1015624.1172,"row_index":4.0,"col_index":20.0,"id_2":null,"Nombre":null,"nom_patio":null,"Id_3":null,"Cluster":null},"geometry":{"type":"MultiPolygon","coordinates":[[[[993324.818451377563179,1016624.1172],[993902.168720567133278,1017624.1172],[995056.869258946389891,1017624.1172],[995634.21952813595999,1016624.1172],[995056.869258946389891,1015624.1172],[993902.168720567133278,1015624.1172],[993324.818451377563179,1016624.1172]]]]}},
{"type":"Feature","properties":{"id":1138.0,"left":993324.81845137756,"top":991624.1172,"right":995634.21952813584,"bottom":989624.1172,"row_index":17.0,"col_index":20.0,"id_2":null,"Nombre":null,"nom_patio":null,"Id_3":null,"Cluster":null},"geometry":{"type":"MultiPolygon","coordinates":[[[[993324.818451377563179,990624.117199999978766],[993902.168720567133278,991624.117199999978766],[995056.869258946389891,991624.117199999978766],[995634.21952813595999,990624.117199999978766],[995056.869258946389891,989624.117199999978766],[993902.168720567133278,989624.117199999978766],[993324.818451377563179,990624.117199999978766]]]]}},
{"type":"Feature","properties":{"id":1137.0,"left":993324.81845137756,"top":993624.1172,"right":995634.21952813584,"bottom":991624.1172,"row_index":16.0,"col_index":20.0,"id_2":null,"Nombre":null,"nom_patio":null,"Id_3":null,"Cluster":null},"geometry":{"type":"MultiPolygon","coordinates":[[[[993324.818451377563179,992624.117199999978766],[993902.168720567133278,993624.117199999978766],[995056.869258946389891,993624.117199999978766],[995634.21952813595999,992624.117199999978766],[995056.869258946389891,991624.117199999978766],[993902.168720567133278,991624.117199999978766],[993324.818451377563179,992624.117199999978766]]]]}},
{"type":"Feature","properties":{"id":1134.0,"left":993324.81845137756,"top":999624.1172,"right":995634.21952813584,"bottom":997624.1172,"row_index":13.0,"col_index":20.0,"id_2":null,"Nombre":null,"nom_patio":null,"Id_3":null,"Cluster":null},"geometry":{"type":"MultiPolygon","coordinates":[[[[993324.818451377563179,998624.117199999978766],[993902.168720567133278,999624.117199999978766],[995056.869258946389891,999624.117199999978766],[995634.21952813595999,998624.117199999978766],[995056.869258946389891,997624.117199999978766],[993902.168720567133278,997624.117199999978766],[993324.818451377563179,998624.117199999978766]]]]}},
{"type":"Feature","properties":{"id":1133.0,"left":993324.81845137756,"top":1001624.1172,"right":995634.21952813584,"bottom":999624.1172,"row_index":12.0,"col_index":20.0,"id_2":null,"Nombre":null,"nom_patio":null,"Id_3":null,"Cluster":null},"geometry":{"type":"MultiPolygon","coordinates":[[[[993324.818451377563179,1000624.1172],[993902.168720567133278,1001624.1172],[995056.869258946389891,1001624.1172],[995634.21952813595999,1000624.1172],[995056.869258946389891,999624.117199999978766],[993902.168720567133278,999624.117199999978766],[993324.818451377563179,1000624.1172]]]]}},
{"type":"Feature","properties":{"id":1136.0,"left":993324.81845137756,"top":995624.1172,"right":995634.21952813584,"bottom":993624.1172,"row_index":15.0,"col_index":20.0,"id_2":null,"Nombre":null,"nom_patio":null,"Id_3":null,"Cluster":null},"geometry":{"type":"MultiPolygon","coordinates":[[[[993324.818451377563179,994624.117199999978766],[993902.168720567133278,995624.117199999978766],[995056.869258946389891,995624.117199999978766],[995634.21952813595999,994624.117199999978766],[995056.869258946389891,993624.117199999978766],[993902.168720567133278,993624.117199999978766],[993324.818451377563179,994624.117199999978766]]]]}},
{"type":"Feature","properties":{"id":1135.0,"left":993324.81845137756,"top":997624.1172,"right":995634.21952813584,"bottom":995624.1172,"row_index":14.0,"col_index":20.0,"id_2":null,"Nombre":null,"nom_patio":null,"Id_3":null,"Cluster":null},"geometry":{"type":"MultiPolygon","coordinates":[[[[993324.818451377563179,996624.117199999978766],[993902.168720567133278,997624.117199999978766],[995056.869258946389891,997624.117199999978766],[995634.21952813595999,996624.117199999978766],[995056.869258946389891,995624.117199999978766],[993902.168720567133278,995624.117199999978766],[993324.818451377563179,996624.117199999978766]]]]}},
{"type":"Feature","properties":{"id":1190.0,"left":995056.86925894639,"top":998624.1172,"right":997366.27033570479,"bottom":996624.1172,"row_index":13.0,"col_index":21.0,"id_2":null,"Nombre":null,"nom_patio":null,"Id_3":null,"Cluster":null},"geometry":{"type":"MultiPolygon","coordinates":[[[[995056.869258946389891,997624.117199999978766],[995634.21952813595999,998624.117199999978766],[996788.920066515216604,998624.117199999978766],[997366.270335704786703,997624.117199999978766],[996788.920066515216604,996624.117199999978766],[995634.21952813595999,996624.117199999978766],[995056.869258946389891,997624.117199999978766]]]]}},
{"type":"Feature","properties":{"id":1189.0,"left":995056.86925894639,"top":1000624.1172,"right":997366.27033570479,"bottom":998624.1172,"row_index":12.0,"col_index":21.0,"id_2":null,"Nombre":null,"nom_patio":null,"Id_3":null,"Cluster":null},"geometry":{"type":"MultiPolygon","coordinates":[[[[995056.869258946389891,999624.117199999978766],[995634.21952813595999,1000624.1172],[996788.920066515216604,1000624.1172],[997366.270335704786703,999624.117199999978766],[996788.920066515216604,998624.117199999978766],[995634.21952813595999,998624.117199999978766],[995056.869258946389891,999624.117199999978766]]]]}},
{"type":"Feature","properties":{"id":1192.0,"left":995056.86925894639,"top":994624.1172,"right":997366.27033570479,"bottom":992624.1172,"row_index":15.0,"col_index":21.0,"id_2":null,"Nombre":null,"nom_patio":null,"Id_3":null,"Cluster":null},"geometry":{"type":"MultiPolygon","coordinates":[[[[995056.869258946389891,993624.117199999978766],[995634.21952813595999,994624.117199999978766],[996788.920066515216604,994624.117199999978766],[997366.270335704786703,993624.117199999978766],[996788.920066515216604,992624.117199999978766],[995634.21952813595999,992624.117199999978766],[995056.869258946389891,993624.117199999978766]]]]}},
{"type":"Feature","properties":{"id":1191.0,"left":995056.86925894639,"top":996624.1172,"right":997366.27033570479,"bottom":994624.1172,"row_index":14.0,"col_index":21.0,"id_2":null,"Nombre":null,"nom_patio":null,"Id_3":null,"Cluster":null},"geometry":{"type":"MultiPolygon","coordinates":[[[[995056.869258946389891,995624.117199999978766],[995634.21952813595999,996624.117199999978766],[996788.920066515216604,996624.117199999978766],[997366.270335704786703,995624.117199999978766],[996788.920066515216604,994624.117199999978766],[995634.21952813595999,994624.117199999978766],[995056.869258946389891,995624.117199999978766]]]]}},
{"type":"Feature","properties":{"id":1182.0,"left":995056.86925894639,"top":1014624.1172,"right":997366.27033570479,"bottom":1012624.1172,"row_index":5.0,"col_index":21.0,"id_2":null,"Nombre":null,"nom_patio":null,"Id_3":null,"Cluster":null},"geometry":{"type":"MultiPolygon","coordinates":[[[[995056.869258946389891,1013624.1172],[995634.21952813595999,1014624.1172],[996788.920066515216604,1014624.1172],[997366.270335704786703,1013624.1172],[996788.920066515216604,1012624.1172],[995634.21952813595999,1012624.1172],[995056.869258946389891,1013624.1172]]]]}},
{"type":"Feature","properties":{"id":1181.0,"left":995056.86925894639,"top":1016624.1172,"right":997366.27033570479,"bottom":1014624.1172,"row_index":4.0,"col_index":21.0,"id_2":null,"Nombre":null,"nom_patio":null,"Id_3":null,"Cluster":null},"geometry":{"type":"MultiPolygon","coordinates":[[[[995056.869258946389891,1015624.1172],[995634.21952813595999,1016624.1172],[996788.920066515216604,1016624.1172],[997366.270335704786703,1015624.1172],[996788.920066515216604,1014624.1172],[995634.21952813595999,1014624.1172],[995056.869258946389891,1015624.1172]]]]}},
{"type":"Feature","properties":{"id":1188.0,"left":995056.86925894639,"top":1002624.1172,"right":997366.27033570479,"bottom":1000624.1172,"row_index":11.0,"col_index":21.0,"id_2":null,"Nombre":null,"nom_patio":null,"Id_3":null,"Cluster":null},"geometry":{"type":"MultiPolygon","coordinates":[[[[995056.869258946389891,1001624.1172],[995634.21952813595999,1002624.1172],[996788.920066515216604,1002624.1172],[997366.270335704786703,1001624.1172],[996788.920066515216604,1000624.1172],[995634.21952813595999,1000624.1172],[995056.869258946389891,1001624.1172]]]]}},
{"type":"Feature","properties":{"id":1187.0,"left":995056.86925894639,"top":1004624.1172,"right":997366.27033570479,"bottom":1002624.1172,"row_index":10.0,"col_index":21.0,"id_2":null,"Nombre":null,"nom_patio":null,"Id_3":null,"Cluster":null},"geometry":{"type":"MultiPolygon","coordinates":[[[[995056.869258946389891,1003624.1172],[995634.21952813595999,1004624.1172],[996788.920066515216604,1004624.1172],[997366.270335704786703,1003624.1172],[996788.920066515216604,1002624.1172],[995634.21952813595999,1002624.1172],[995056.869258946389891,1003624.1172]]]]}},
{"type":"Feature","properties":{"id":1211.0,"left":995056.86925894639,"top":956624.1172,"right":997366.27033570479,"bottom":954624.1172,"row_index":34.0,"col_index":21.0,"id_2":null,"Nombre":null,"nom_patio":null,"Id_3":null,"Cluster":null},"geometry":{"type":"MultiPolygon","coordinates":[[[[995056.869258946389891,955624.117199999978766],[995634.21952813595999,956624.117199999978766],[996788.920066515216604,956624.117199999978766],[997366.270335704786703,955624.117199999978766],[996788.920066515216604,954624.117199999978766],[995634.21952813595999,954624.117199999978766],[995056.869258946389891,955624.117199999978766]]]]}},
{"type":"Feature","properties":{"id":1193.0,"left":995056.86925894639,"top":992624.1172,"right":997366.27033570479,"bottom":990624.1172,"row_index":16.0,"col_index":21.0,"id_2":null,"Nombre":null,"nom_patio":null,"Id_3":null,"Cluster":null},"geometry":{"type":"MultiPolygon","coordinates":[[[[995056.869258946389891,991624.117199999978766],[995634.21952813595999,992624.117199999978766],[996788.920066515216604,992624.117199999978766],[997366.270335704786703,991624.117199999978766],[996788.920066515216604,990624.117199999978766],[995634.21952813595999,990624.117199999978766],[995056.869258946389891,991624.117199999978766]]]]}},
{"type":"Feature","properties":{"id":1250.0,"left":996788.92006651522,"top":991624.1172,"right":999098.32114327373,"bottom":989624.1172,"row_index":17.0,"col_index":22.0,"id_2":null,"Nombre":null,"nom_patio":null,"Id_3":null,"Cluster":null},"geometry":{"type":"MultiPolygon","coordinates":[[[[996788.920066515333019,990624.117199999978766],[997366.270335704903118,991624.117199999978766],[998520.970874084159732,991624.117199999978766],[999098.321143273729831,990624.117199999978766],[998520.970874084159732,989624.117199999978766],[997366.270335704903118,989624.117199999978766],[996788.920066515333019,990624.117199999978766]]]]}},
{"type":"Feature","properties":{"id":1249.0,"left":996788.92006651522,"top":993624.1172,"right":999098.32114327373,"bottom":991624.1172,"row_index":16.0,"col_index":22.0,"id_2":null,"Nombre":null,"nom_patio":null,"Id_3":null,"Cluster":null},"geometry":{"type":"MultiPolygon","coordinates":[[[[996788.920066515333019,992624.117199999978766],[997366.270335704903118,993624.117199999978766],[998520.970874084159732,993624.117199999978766],[999098.321143273729831,992624.117199999978766],[998520.970874084159732,991624.117199999978766],[997366.270335704903118,991624.117199999978766],[996788.920066515333019,992624.117199999978766]]]]}},
{"type":"Feature","properties":{"id":1246.0,"left":996788.92006651522,"top":999624.1172,"right":999098.32114327373,"bottom":997624.1172,"row_index":13.0,"col_index":22.0,"id_2":null,"Nombre":null,"nom_patio":null,"Id_3":null,"Cluster":null},"geometry":{"type":"MultiPolygon","coordinates":[[[[996788.920066515333019,998624.117199999978766],[997366.270335704903118,999624.117199999978766],[998520.970874084159732,999624.117199999978766],[999098.321143273729831,998624.117199999978766],[998520.970874084159732,997624.117199999978766],[997366.270335704903118,997624.117199999978766],[996788.920066515333019,998624.117199999978766]]]]}},
{"type":"Feature","properties":{"id":1245.0,"left":996788.92006651522,"top":1001624.1172,"right":999098.32114327373,"bottom":999624.1172,"row_index":12.0,"col_index":22.0,"id_2":null,"Nombre":null,"nom_patio":null,"Id_3":null,"Cluster":null},"geometry":{"type":"MultiPolygon","coordinates":[[[[996788.920066515333019,1000624.1172],[997366.270335704903118,1001624.1172],[998520.970874084159732,1001624.1172],[999098.321143273729831,1000624.1172],[998520.970874084159732,999624.117199999978766],[997366.270335704903118,999624.117199999978766],[996788.920066515333019,1000624.1172]]]]}},
{"type":"Feature","properties":{"id":1248.0,"left":996788.92006651522,"top":995624.1172,"right":999098.32114327373,"bottom":993624.1172,"row_index":15.0,"col_index":22.0,"id_2":null,"Nombre":null,"nom_patio":null,"Id_3":null,"Cluster":null},"geometry":{"type":"MultiPolygon","coordinates":[[[[996788.920066515333019,994624.117199999978766],[997366.270335704903118,995624.117199999978766],[998520.970874084159732,995624.117199999978766],[999098.321143273729831,994624.117199999978766],[998520.970874084159732,993624.117199999978766],[997366.270335704903118,993624.117199999978766],[996788.920066515333019,994624.117199999978766]]]]}},
{"type":"Feature","properties":{"id":1247.0,"left":996788.92006651522,"top":997624.1172,"right":999098.32114327373,"bottom":995624.1172,"row_index":14.0,"col_index":22.0,"id_2":null,"Nombre":null,"nom_patio":null,"Id_3":null,"Cluster":null},"geometry":{"type":"MultiPolygon","coordinates":[[[[996788.920066515333019,996624.117199999978766],[997366.270335704903118,997624.117199999978766],[998520.970874084159732,997624.117199999978766],[999098.321143273729831,996624.117199999978766],[998520.970874084159732,995624.117199999978766],[997366.270335704903118,995624.117199999978766],[996788.920066515333019,996624.117199999978766]]]]}},
{"type":"Feature","properties":{"id":1256.0,"left":996788.92006651522,"top":979624.1172,"right":999098.32114327373,"bottom":977624.1172,"row_index":23.0,"col_index":22.0,"id_2":null,"Nombre":null,"nom_patio":null,"Id_3":null,"Cluster":null},"geometry":{"type":"MultiPolygon","coordinates":[[[[996788.920066515333019,978624.117199999978766],[997366.270335704903118,979624.117199999978766],[998520.970874084159732,979624.117199999978766],[999098.321143273729831,978624.117199999978766],[998520.970874084159732,977624.117199999978766],[997366.270335704903118,977624.117199999978766],[996788.920066515333019,978624.117199999978766]]]]}},
{"type":"Feature","properties":{"id":1238.0,"left":996788.92006651522,"top":1015624.1172,"right":999098.32114327373,"bottom":1013624.1172,"row_index":5.0,"col_index":22.0,"id_2":null,"Nombre":null,"nom_patio":null,"Id_3":null,"Cluster":null},"geometry":{"type":"MultiPolygon","coordinates":[[[[996788.920066515333019,1014624.1172],[997366.270335704903118,1015624.1172],[998520.970874084159732,1015624.1172],[999098.321143273729831,1014624.1172],[998520.970874084159732,1013624.1172],[997366.270335704903118,1013624.1172],[996788.920066515333019,1014624.1172]]]]}},
{"type":"Feature","properties":{"id":1244.0,"left":996788.92006651522,"top":1003624.1172,"right":999098.32114327373,"bottom":1001624.1172,"row_index":11.0,"col_index":22.0,"id_2":null,"Nombre":null,"nom_patio":null,"Id_3":null,"Cluster":null},"geometry":{"type":"MultiPolygon","coordinates":[[[[996788.920066515333019,1002624.1172],[997366.270335704903118,1003624.1172],[998520.970874084159732,1003624.1172],[999098.321143273729831,1002624.1172],[998520.970874084159732,1001624.1172],[997366.270335704903118,1001624.1172],[996788.920066515333019,1002624.1172]]]]}},
{"type":"Feature","properties":{"id":1239.0,"left":996788.92006651522,"top":1013624.1172,"right":999098.32114327373,"bottom":1011624.1172,"row_index":6.0,"col_index":22.0,"id_2":null,"Nombre":null,"nom_patio":null,"Id_3":null,"Cluster":null},"geometry":{"type":"MultiPolygon","coordinates":[[[[996788.920066515333019,1012624.1172],[997366.270335704903118,1013624.1172],[998520.970874084159732,1013624.1172],[999098.321143273729831,1012624.1172],[998520.970874084159732,1011624.1172],[997366.270335704903118,1011624.1172],[996788.920066515333019,1012624.1172]]]]}},
{"type":"Feature","properties":{"id":1024.0,"left":989860.71683623979,"top":995624.1172,"right":992170.11791299819,"bottom":993624.1172,"row_index":15.0,"col_index":18.0,"id_2":null,"Nombre":null,"nom_patio":null,"Id_3":null,"Cluster":null},"geometry":{"type":"MultiPolygon","coordinates":[[[[989860.716836239793338,994624.117199999978766],[990438.067105429363437,995624.117199999978766],[991592.767643808620051,995624.117199999978766],[992170.11791299819015,994624.117199999978766],[991592.767643808620051,993624.117199999978766],[990438.067105429363437,993624.117199999978766],[989860.716836239793338,994624.117199999978766]]]]}},
{"type":"Feature","properties":{"id":1026.0,"left":989860.71683623979,"top":991624.1172,"right":992170.11791299819,"bottom":989624.1172,"row_index":17.0,"col_index":18.0,"id_2":null,"Nombre":null,"nom_patio":null,"Id_3":null,"Cluster":null},"geometry":{"type":"MultiPolygon","coordinates":[[[[989860.716836239793338,990624.117199999978766],[990438.067105429363437,991624.117199999978766],[991592.767643808620051,991624.117199999978766],[992170.11791299819015,990624.117199999978766],[991592.767643808620051,989624.117199999978766],[990438.067105429363437,989624.117199999978766],[989860.716836239793338,990624.117199999978766]]]]}},
{"type":"Feature","properties":{"id":1025.0,"left":989860.71683623979,"top":993624.1172,"right":992170.11791299819,"bottom":991624.1172,"row_index":16.0,"col_index":18.0,"id_2":null,"Nombre":null,"nom_patio":null,"Id_3":null,"Cluster":null},"geometry":{"type":"MultiPolygon","coordinates":[[[[989860.716836239793338,992624.117199999978766],[990438.067105429363437,993624.117199999978766],[991592.767643808620051,993624.117199999978766],[992170.11791299819015,992624.117199999978766],[991592.767643808620051,991624.117199999978766],[990438.067105429363437,991624.117199999978766],[989860.716836239793338,992624.117199999978766]]]]}},
{"type":"Feature","properties":{"id":1019.0,"left":989860.71683623979,"top":1005624.1172,"right":992170.11791299819,"bottom":1003624.1172,"row_index":10.0,"col_index":18.0,"id_2":null,"Nombre":null,"nom_patio":null,"Id_3":null,"Cluster":null},"geometry":{"type":"MultiPolygon","coordinates":[[[[989860.716836239793338,1004624.1172],[990438.067105429363437,1005624.1172],[991592.767643808620051,1005624.1172],[992170.11791299819015,1004624.1172],[991592.767643808620051,1003624.1172],[990438.067105429363437,1003624.1172],[989860.716836239793338,1004624.1172]]]]}},
{"type":"Feature","properties":{"id":1046.0,"left":989860.71683623979,"top":951624.1172,"right":992170.11791299819,"bottom":949624.1172,"row_index":37.0,"col_index":18.0,"id_2":null,"Nombre":null,"nom_patio":null,"Id_3":null,"Cluster":null},"geometry":{"type":"MultiPolygon","coordinates":[[[[989860.716836239793338,950624.117199999978766],[990438.067105429363437,951624.117199999978766],[991592.767643808620051,951624.117199999978766],[992170.11791299819015,950624.117199999978766],[991592.767643808620051,949624.117199999978766],[990438.067105429363437,949624.117199999978766],[989860.716836239793338,950624.117199999978766]]]]}},
{"type":"Feature","properties":{"id":1032.0,"left":989860.71683623979,"top":979624.1172,"right":992170.11791299819,"bottom":977624.1172,"row_index":23.0,"col_index":18.0,"id_2":null,"Nombre":null,"nom_patio":null,"Id_3":null,"Cluster":null},"geometry":{"type":"MultiPolygon","coordinates":[[[[989860.716836239793338,978624.117199999978766],[990438.067105429363437,979624.117199999978766],[991592.767643808620051,979624.117199999978766],[992170.11791299819015,978624.117199999978766],[991592.767643808620051,977624.117199999978766],[990438.067105429363437,977624.117199999978766],[989860.716836239793338,978624.117199999978766]]]]}},
{"type":"Feature","properties":{"id":1031.0,"left":989860.71683623979,"top":981624.1172,"right":992170.11791299819,"bottom":979624.1172,"row_index":22.0,"col_index":18.0,"id_2":null,"Nombre":null,"nom_patio":null,"Id_3":null,"Cluster":null},"geometry":{"type":"MultiPolygon","coordinates":[[[[989860.716836239793338,980624.117199999978766],[990438.067105429363437,981624.117199999978766],[991592.767643808620051,981624.117199999978766],[992170.11791299819015,980624.117199999978766],[991592.767643808620051,979624.117199999978766],[990438.067105429363437,979624.117199999978766],[989860.716836239793338,980624.117199999978766]]]]}},
{"type":"Feature","properties":{"id":1034.0,"left":989860.71683623979,"top":975624.1172,"right":992170.11791299819,"bottom":973624.1172,"row_index":25.0,"col_index":18.0,"id_2":null,"Nombre":null,"nom_patio":null,"Id_3":null,"Cluster":null},"geometry":{"type":"MultiPolygon","coordinates":[[[[989860.716836239793338,974624.117199999978766],[990438.067105429363437,975624.117199999978766],[991592.767643808620051,975624.117199999978766],[992170.11791299819015,974624.117199999978766],[991592.767643808620051,973624.117199999978766],[990438.067105429363437,973624.117199999978766],[989860.716836239793338,974624.117199999978766]]]]}},
{"type":"Feature","properties":{"id":1033.0,"left":989860.71683623979,"top":977624.1172,"right":992170.11791299819,"bottom":975624.1172,"row_index":24.0,"col_index":18.0,"id_2":null,"Nombre":null,"nom_patio":null,"Id_3":null,"Cluster":null},"geometry":{"type":"MultiPolygon","coordinates":[[[[989860.716836239793338,976624.117199999978766],[990438.067105429363437,977624.117199999978766],[991592.767643808620051,977624.117199999978766],[992170.11791299819015,976624.117199999978766],[991592.767643808620051,975624.117199999978766],[990438.067105429363437,975624.117199999978766],[989860.716836239793338,976624.117199999978766]]]]}},
{"type":"Feature","properties":{"id":1030.0,"left":989860.71683623979,"top":983624.1172,"right":992170.11791299819,"bottom":981624.1172,"row_index":21.0,"col_index":18.0,"id_2":null,"Nombre":null,"nom_patio":"Usme I y II","Id_3":1,"Cluster":"Usme I y II"},"geometry":{"type":"MultiPolygon","coordinates":[[[[989860.716836239793338,982624.117199999978766],[990438.067105429363437,983624.117199999978766],[991592.767643808620051,983624.117199999978766],[992170.11791299819015,982624.117199999978766],[991592.767643808620051,981624.117199999978766],[990438.067105429363437,981624.117199999978766],[989860.716836239793338,982624.117199999978766]]]]}},
{"type":"Feature","properties":{"id":1035.0,"left":989860.71683623979,"top":973624.1172,"right":992170.11791299819,"bottom":971624.1172,"row_index":26.0,"col_index":18.0,"id_2":null,"Nombre":null,"nom_patio":null,"Id_3":null,"Cluster":null},"geometry":{"type":"MultiPolygon","coordinates":[[[[989860.716836239793338,972624.117199999978766],[990438.067105429363437,973624.117199999978766],[991592.767643808620051,973624.117199999978766],[992170.11791299819015,972624.117199999978766],[991592.767643808620051,971624.117199999978766],[990438.067105429363437,971624.117199999978766],[989860.716836239793338,972624.117199999978766]]]]}},
{"type":"Feature","properties":{"id":1080.0,"left":991592.76764380862,"top":994624.1172,"right":993902.16872056702,"bottom":992624.1172,"row_index":15.0,"col_index":19.0,"id_2":null,"Nombre":null,"nom_patio":null,"Id_3":null,"Cluster":null},"geometry":{"type":"MultiPolygon","coordinates":[[[[991592.767643808620051,993624.117199999978766],[992170.11791299819015,994624.117199999978766],[993324.818451377446763,994624.117199999978766],[993902.168720567016862,993624.117199999978766],[993324.818451377446763,992624.117199999978766],[992170.11791299819015,992624.117199999978766],[991592.767643808620051,993624.117199999978766]]]]}},
{"type":"Feature","properties":{"id":1079.0,"left":991592.76764380862,"top":996624.1172,"right":993902.16872056702,"bottom":994624.1172,"row_index":14.0,"col_index":19.0,"id_2":null,"Nombre":null,"nom_patio":null,"Id_3":null,"Cluster":null},"geometry":{"type":"MultiPolygon","coordinates":[[[[991592.767643808620051,995624.117199999978766],[992170.11791299819015,996624.117199999978766],[993324.818451377446763,996624.117199999978766],[993902.168720567016862,995624.117199999978766],[993324.818451377446763,994624.117199999978766],[992170.11791299819015,994624.117199999978766],[991592.767643808620051,995624.117199999978766]]]]}},
{"type":"Feature","properties":{"id":1082.0,"left":991592.76764380862,"top":990624.1172,"right":993902.16872056702,"bottom":988624.1172,"row_index":17.0,"col_index":19.0,"id_2":null,"Nombre":null,"nom_patio":null,"Id_3":null,"Cluster":null},"geometry":{"type":"MultiPolygon","coordinates":[[[[991592.767643808620051,989624.117199999978766],[992170.11791299819015,990624.117199999978766],[993324.818451377446763,990624.117199999978766],[993902.168720567016862,989624.117199999978766],[993324.818451377446763,988624.117199999978766],[992170.11791299819015,988624.117199999978766],[991592.767643808620051,989624.117199999978766]]]]}},
{"type":"Feature","properties":{"id":1081.0,"left":991592.76764380862,"top":992624.1172,"right":993902.16872056702,"bottom":990624.1172,"row_index":16.0,"col_index":19.0,"id_2":null,"Nombre":null,"nom_patio":null,"Id_3":null,"Cluster":null},"geometry":{"type":"MultiPolygon","coordinates":[[[[991592.767643808620051,991624.117199999978766],[992170.11791299819015,992624.117199999978766],[993324.818451377446763,992624.117199999978766],[993902.168720567016862,991624.117199999978766],[993324.818451377446763,990624.117199999978766],[992170.11791299819015,990624.117199999978766],[991592.767643808620051,991624.117199999978766]]]]}},
{"type":"Feature","properties":{"id":1076.0,"left":991592.76764380862,"top":1002624.1172,"right":993902.16872056702,"bottom":1000624.1172,"row_index":11.0,"col_index":19.0,"id_2":null,"Nombre":null,"nom_patio":null,"Id_3":null,"Cluster":null},"geometry":{"type":"MultiPolygon","coordinates":[[[[991592.767643808620051,1001624.1172],[992170.11791299819015,1002624.1172],[993324.818451377446763,1002624.1172],[993902.168720567016862,1001624.1172],[993324.818451377446763,1000624.1172],[992170.11791299819015,1000624.1172],[991592.767643808620051,1001624.1172]]]]}},
{"type":"Feature","properties":{"id":1075.0,"left":991592.76764380862,"top":1004624.1172,"right":993902.16872056702,"bottom":1002624.1172,"row_index":10.0,"col_index":19.0,"id_2":null,"Nombre":null,"nom_patio":null,"Id_3":null,"Cluster":null},"geometry":{"type":"MultiPolygon","coordinates":[[[[991592.767643808620051,1003624.1172],[992170.11791299819015,1004624.1172],[993324.818451377446763,1004624.1172],[993902.168720567016862,1003624.1172],[993324.818451377446763,1002624.1172],[992170.11791299819015,1002624.1172],[991592.767643808620051,1003624.1172]]]]}},
{"type":"Feature","properties":{"id":1078.0,"left":991592.76764380862,"top":998624.1172,"right":993902.16872056702,"bottom":996624.1172,"row_index":13.0,"col_index":19.0,"id_2":null,"Nombre":null,"nom_patio":null,"Id_3":null,"Cluster":null},"geometry":{"type":"MultiPolygon","coordinates":[[[[991592.767643808620051,997624.117199999978766],[992170.11791299819015,998624.117199999978766],[993324.818451377446763,998624.117199999978766],[993902.168720567016862,997624.117199999978766],[993324.818451377446763,996624.117199999978766],[992170.11791299819015,996624.117199999978766],[991592.767643808620051,997624.117199999978766]]]]}},
{"type":"Feature","properties":{"id":1077.0,"left":991592.76764380862,"top":1000624.1172,"right":993902.16872056702,"bottom":998624.1172,"row_index":12.0,"col_index":19.0,"id_2":null,"Nombre":null,"nom_patio":null,"Id_3":null,"Cluster":null},"geometry":{"type":"MultiPolygon","coordinates":[[[[991592.767643808620051,999624.117199999978766],[992170.11791299819015,1000624.1172],[993324.818451377446763,1000624.1172],[993902.168720567016862,999624.117199999978766],[993324.818451377446763,998624.117199999978766],[992170.11791299819015,998624.117199999978766],[991592.767643808620051,999624.117199999978766]]]]}},
{"type":"Feature","properties":{"id":1088.0,"left":991592.76764380862,"top":978624.1172,"right":993902.16872056702,"bottom":976624.1172,"row_index":23.0,"col_index":19.0,"id_2":null,"Nombre":null,"nom_patio":null,"Id_3":null,"Cluster":null},"geometry":{"type":"MultiPolygon","coordinates":[[[[991592.767643808620051,977624.117199999978766],[992170.11791299819015,978624.117199999978766],[993324.818451377446763,978624.117199999978766],[993902.168720567016862,977624.117199999978766],[993324.818451377446763,976624.117199999978766],[992170.11791299819015,976624.117199999978766],[991592.767643808620051,977624.117199999978766]]]]}},
{"type":"Feature","properties":{"id":1087.0,"left":991592.76764380862,"top":980624.1172,"right":993902.16872056702,"bottom":978624.1172,"row_index":22.0,"col_index":19.0,"id_2":null,"Nombre":null,"nom_patio":null,"Id_3":null,"Cluster":null},"geometry":{"type":"MultiPolygon","coordinates":[[[[991592.767643808620051,979624.117199999978766],[992170.11791299819015,980624.117199999978766],[993324.818451377446763,980624.117199999978766],[993902.168720567016862,979624.117199999978766],[993324.818451377446763,978624.117199999978766],[992170.11791299819015,978624.117199999978766],[991592.767643808620051,979624.117199999978766]]]]}},
{"type":"Feature","properties":{"id":1090.0,"left":991592.76764380862,"top":974624.1172,"right":993902.16872056702,"bottom":972624.1172,"row_index":25.0,"col_index":19.0,"id_2":null,"Nombre":null,"nom_patio":null,"Id_3":null,"Cluster":null},"geometry":{"type":"MultiPolygon","coordinates":[[[[991592.767643808620051,973624.117199999978766],[992170.11791299819015,974624.117199999978766],[993324.818451377446763,974624.117199999978766],[993902.168720567016862,973624.117199999978766],[993324.818451377446763,972624.117199999978766],[992170.11791299819015,972624.117199999978766],[991592.767643808620051,973624.117199999978766]]]]}},
{"type":"Feature","properties":{"id":1089.0,"left":991592.76764380862,"top":976624.1172,"right":993902.16872056702,"bottom":974624.1172,"row_index":24.0,"col_index":19.0,"id_2":null,"Nombre":null,"nom_patio":null,"Id_3":null,"Cluster":null},"geometry":{"type":"MultiPolygon","coordinates":[[[[991592.767643808620051,975624.117199999978766],[992170.11791299819015,976624.117199999978766],[993324.818451377446763,976624.117199999978766],[993902.168720567016862,975624.117199999978766],[993324.818451377446763,974624.117199999978766],[992170.11791299819015,974624.117199999978766],[991592.767643808620051,975624.117199999978766]]]]}},
{"type":"Feature","properties":{"id":1074.0,"left":991592.76764380862,"top":1006624.1172,"right":993902.16872056702,"bottom":1004624.1172,"row_index":9.0,"col_index":19.0,"id_2":null,"Nombre":null,"nom_patio":null,"Id_3":null,"Cluster":null},"geometry":{"type":"MultiPolygon","coordinates":[[[[991592.767643808620051,1005624.1172],[992170.11791299819015,1006624.1172],[993324.818451377446763,1006624.1172],[993902.168720567016862,1005624.1172],[993324.818451377446763,1004624.1172],[992170.11791299819015,1004624.1172],[991592.767643808620051,1005624.1172]]]]}},
{"type":"Feature","properties":{"id":1098.0,"left":991592.76764380862,"top":958624.1172,"right":993902.16872056702,"bottom":956624.1172,"row_index":33.0,"col_index":19.0,"id_2":null,"Nombre":null,"nom_patio":null,"Id_3":null,"Cluster":null},"geometry":{"type":"MultiPolygon","coordinates":[[[[991592.767643808620051,957624.117199999978766],[992170.11791299819015,958624.117199999978766],[993324.818451377446763,958624.117199999978766],[993902.168720567016862,957624.117199999978766],[993324.818451377446763,956624.117199999978766],[992170.11791299819015,956624.117199999978766],[991592.767643808620051,957624.117199999978766]]]]}},
{"type":"Feature","properties":{"id":1097.0,"left":991592.76764380862,"top":960624.1172,"right":993902.16872056702,"bottom":958624.1172,"row_index":32.0,"col_index":19.0,"id_2":null,"Nombre":null,"nom_patio":null,"Id_3":null,"Cluster":null},"geometry":{"type":"MultiPolygon","coordinates":[[[[991592.767643808620051,959624.117199999978766],[992170.11791299819015,960624.117199999978766],[993324.818451377446763,960624.117199999978766],[993902.168720567016862,959624.117199999978766],[993324.818451377446763,958624.117199999978766],[992170.11791299819015,958624.117199999978766],[991592.767643808620051,959624.117199999978766]]]]}},
{"type":"Feature","properties":{"id":1091.0,"left":991592.76764380862,"top":972624.1172,"right":993902.16872056702,"bottom":970624.1172,"row_index":26.0,"col_index":19.0,"id_2":null,"Nombre":null,"nom_patio":null,"Id_3":null,"Cluster":null},"geometry":{"type":"MultiPolygon","coordinates":[[[[991592.767643808620051,971624.117199999978766],[992170.11791299819015,972624.117199999978766],[993324.818451377446763,972624.117199999978766],[993902.168720567016862,971624.117199999978766],[993324.818451377446763,970624.117199999978766],[992170.11791299819015,970624.117199999978766],[991592.767643808620051,971624.117199999978766]]]]}},
{"type":"Feature","properties":{"id":1100.0,"left":991592.76764380862,"top":954624.1172,"right":993902.16872056702,"bottom":952624.1172,"row_index":35.0,"col_index":19.0,"id_2":null,"Nombre":null,"nom_patio":null,"Id_3":null,"Cluster":null},"geometry":{"type":"MultiPolygon","coordinates":[[[[991592.767643808620051,953624.117199999978766],[992170.11791299819015,954624.117199999978766],[993324.818451377446763,954624.117199999978766],[993902.168720567016862,953624.117199999978766],[993324.818451377446763,952624.117199999978766],[992170.11791299819015,952624.117199999978766],[991592.767643808620051,953624.117199999978766]]]]}},
{"type":"Feature","properties":{"id":1099.0,"left":991592.76764380862,"top":956624.1172,"right":993902.16872056702,"bottom":954624.1172,"row_index":34.0,"col_index":19.0,"id_2":null,"Nombre":null,"nom_patio":null,"Id_3":null,"Cluster":null},"geometry":{"type":"MultiPolygon","coordinates":[[[[991592.767643808620051,955624.117199999978766],[992170.11791299819015,956624.117199999978766],[993324.818451377446763,956624.117199999978766],[993902.168720567016862,955624.117199999978766],[993324.818451377446763,954624.117199999978766],[992170.11791299819015,954624.117199999978766],[991592.767643808620051,955624.117199999978766]]]]}},
{"type":"Feature","properties":{"id":867.0,"left":984664.56441353331,"top":972624.1172,"right":986973.96549029159,"bottom":970624.1172,"row_index":26.0,"col_index":15.0,"id_2":null,"Nombre":null,"nom_patio":null,"Id_3":null,"Cluster":null},"geometry":{"type":"MultiPolygon","coordinates":[[[[984664.564413533196785,971624.117199999978766],[985241.914682722766884,972624.117199999978766],[986396.615221102023497,972624.117199999978766],[986973.965490291593596,971624.117199999978766],[986396.615221102023497,970624.117199999978766],[985241.914682722766884,970624.117199999978766],[984664.564413533196785,971624.117199999978766]]]]}},
{"type":"Feature","properties":{"id":879.0,"left":984664.56441353331,"top":948624.1172,"right":986973.96549029159,"bottom":946624.1172,"row_index":38.0,"col_index":15.0,"id_2":null,"Nombre":null,"nom_patio":null,"Id_3":null,"Cluster":null},"geometry":{"type":"MultiPolygon","coordinates":[[[[984664.564413533196785,947624.117199999978766],[985241.914682722766884,948624.117199999978766],[986396.615221102023497,948624.117199999978766],[986973.965490291593596,947624.117199999978766],[986396.615221102023497,946624.117199999978766],[985241.914682722766884,946624.117199999978766],[984664.564413533196785,947624.117199999978766]]]]}},
{"type":"Feature","properties":{"id":920.0,"left":986396.61522110202,"top":979624.1172,"right":988706.01629786042,"bottom":977624.1172,"row_index":23.0,"col_index":16.0,"id_2":null,"Nombre":null,"nom_patio":null,"Id_3":null,"Cluster":null},"geometry":{"type":"MultiPolygon","coordinates":[[[[986396.615221102023497,978624.117199999978766],[986973.965490291593596,979624.117199999978766],[988128.66602867085021,979624.117199999978766],[988706.016297860420309,978624.117199999978766],[988128.66602867085021,977624.117199999978766],[986973.965490291593596,977624.117199999978766],[986396.615221102023497,978624.117199999978766]]]]}},
{"type":"Feature","properties":{"id":922.0,"left":986396.61522110202,"top":975624.1172,"right":988706.01629786042,"bottom":973624.1172,"row_index":25.0,"col_index":16.0,"id_2":null,"Nombre":null,"nom_patio":null,"Id_3":null,"Cluster":null},"geometry":{"type":"MultiPolygon","coordinates":[[[[986396.615221102023497,974624.117199999978766],[986973.965490291593596,975624.117199999978766],[988128.66602867085021,975624.117199999978766],[988706.016297860420309,974624.117199999978766],[988128.66602867085021,973624.117199999978766],[986973.965490291593596,973624.117199999978766],[986396.615221102023497,974624.117199999978766]]]]}},
{"type":"Feature","properties":{"id":921.0,"left":986396.61522110202,"top":977624.1172,"right":988706.01629786042,"bottom":975624.1172,"row_index":24.0,"col_index":16.0,"id_2":null,"Nombre":null,"nom_patio":null,"Id_3":null,"Cluster":null},"geometry":{"type":"MultiPolygon","coordinates":[[[[986396.615221102023497,976624.117199999978766],[986973.965490291593596,977624.117199999978766],[988128.66602867085021,977624.117199999978766],[988706.016297860420309,976624.117199999978766],[988128.66602867085021,975624.117199999978766],[986973.965490291593596,975624.117199999978766],[986396.615221102023497,976624.117199999978766]]]]}},
{"type":"Feature","properties":{"id":929.0,"left":986396.61522110202,"top":961624.1172,"right":988706.01629786042,"bottom":959624.1172,"row_index":32.0,"col_index":16.0,"id_2":null,"Nombre":null,"nom_patio":null,"Id_3":null,"Cluster":null},"geometry":{"type":"MultiPolygon","coordinates":[[[[986396.615221102023497,960624.117199999978766],[986973.965490291593596,961624.117199999978766],[988128.66602867085021,961624.117199999978766],[988706.016297860420309,960624.117199999978766],[988128.66602867085021,959624.117199999978766],[986973.965490291593596,959624.117199999978766],[986396.615221102023497,960624.117199999978766]]]]}},
{"type":"Feature","properties":{"id":923.0,"left":986396.61522110202,"top":973624.1172,"right":988706.01629786042,"bottom":971624.1172,"row_index":26.0,"col_index":16.0,"id_2":null,"Nombre":null,"nom_patio":null,"Id_3":null,"Cluster":null},"geometry":{"type":"MultiPolygon","coordinates":[[[[986396.615221102023497,972624.117199999978766],[986973.965490291593596,973624.117199999978766],[988128.66602867085021,973624.117199999978766],[988706.016297860420309,972624.117199999978766],[988128.66602867085021,971624.117199999978766],[986973.965490291593596,971624.117199999978766],[986396.615221102023497,972624.117199999978766]]]]}},
{"type":"Feature","properties":{"id":907.0,"left":986396.61522110202,"top":1005624.1172,"right":988706.01629786042,"bottom":1003624.1172,"row_index":10.0,"col_index":16.0,"id_2":null,"Nombre":null,"nom_patio":null,"Id_3":null,"Cluster":null},"geometry":{"type":"MultiPolygon","coordinates":[[[[986396.615221102023497,1004624.1172],[986973.965490291593596,1005624.1172],[988128.66602867085021,1005624.1172],[988706.016297860420309,1004624.1172],[988128.66602867085021,1003624.1172],[986973.965490291593596,1003624.1172],[986396.615221102023497,1004624.1172]]]]}},
{"type":"Feature","properties":{"id":962.0,"left":988128.66602867085,"top":1006624.1172,"right":990438.06710542925,"bottom":1004624.1172,"row_index":9.0,"col_index":17.0,"id_2":null,"Nombre":null,"nom_patio":null,"Id_3":null,"Cluster":null},"geometry":{"type":"MultiPolygon","coordinates":[[[[988128.66602867085021,1005624.1172],[988706.016297860420309,1006624.1172],[989860.716836239676923,1006624.1172],[990438.067105429247022,1005624.1172],[989860.716836239676923,1004624.1172],[988706.016297860420309,1004624.1172],[988128.66602867085021,1005624.1172]]]]}},
{"type":"Feature","properties":{"id":935.0,"left":986396.61522110202,"top":949624.1172,"right":988706.01629786042,"bottom":947624.1172,"row_index":38.0,"col_index":16.0,"id_2":null,"Nombre":null,"nom_patio":null,"Id_3":null,"Cluster":null},"geometry":{"type":"MultiPolygon","coordinates":[[[[986396.615221102023497,948624.117199999978766],[986973.965490291593596,949624.117199999978766],[988128.66602867085021,949624.117199999978766],[988706.016297860420309,948624.117199999978766],[988128.66602867085021,947624.117199999978766],[986973.965490291593596,947624.117199999978766],[986396.615221102023497,948624.117199999978766]]]]}},
{"type":"Feature","properties":{"id":932.0,"left":986396.61522110202,"top":955624.1172,"right":988706.01629786042,"bottom":953624.1172,"row_index":35.0,"col_index":16.0,"id_2":null,"Nombre":null,"nom_patio":null,"Id_3":null,"Cluster":null},"geometry":{"type":"MultiPolygon","coordinates":[[[[986396.615221102023497,954624.117199999978766],[986973.965490291593596,955624.117199999978766],[988128.66602867085021,955624.117199999978766],[988706.016297860420309,954624.117199999978766],[988128.66602867085021,953624.117199999978766],[986973.965490291593596,953624.117199999978766],[986396.615221102023497,954624.117199999978766]]]]}},
{"type":"Feature","properties":{"id":934.0,"left":986396.61522110202,"top":951624.1172,"right":988706.01629786042,"bottom":949624.1172,"row_index":37.0,"col_index":16.0,"id_2":null,"Nombre":null,"nom_patio":null,"Id_3":null,"Cluster":null},"geometry":{"type":"MultiPolygon","coordinates":[[[[986396.615221102023497,950624.117199999978766],[986973.965490291593596,951624.117199999978766],[988128.66602867085021,951624.117199999978766],[988706.016297860420309,950624.117199999978766],[988128.66602867085021,949624.117199999978766],[986973.965490291593596,949624.117199999978766],[986396.615221102023497,950624.117199999978766]]]]}},
{"type":"Feature","properties":{"id":988.0,"left":988128.66602867085,"top":954624.1172,"right":990438.06710542925,"bottom":952624.1172,"row_index":35.0,"col_index":17.0,"id_2":null,"Nombre":null,"nom_patio":null,"Id_3":null,"Cluster":null},"geometry":{"type":"MultiPolygon","coordinates":[[[[988128.66602867085021,953624.117199999978766],[988706.016297860420309,954624.117199999978766],[989860.716836239676923,954624.117199999978766],[990438.067105429247022,953624.117199999978766],[989860.716836239676923,952624.117199999978766],[988706.016297860420309,952624.117199999978766],[988128.66602867085021,953624.117199999978766]]]]}},
{"type":"Feature","properties":{"id":990.0,"left":988128.66602867085,"top":950624.1172,"right":990438.06710542925,"bottom":948624.1172,"row_index":37.0,"col_index":17.0,"id_2":null,"Nombre":null,"nom_patio":null,"Id_3":null,"Cluster":null},"geometry":{"type":"MultiPolygon","coordinates":[[[[988128.66602867085021,949624.117199999978766],[988706.016297860420309,950624.117199999978766],[989860.716836239676923,950624.117199999978766],[990438.067105429247022,949624.117199999978766],[989860.716836239676923,948624.117199999978766],[988706.016297860420309,948624.117199999978766],[988128.66602867085021,949624.117199999978766]]]]}},
{"type":"Feature","properties":{"id":968.0,"left":988128.66602867085,"top":994624.1172,"right":990438.06710542925,"bottom":992624.1172,"row_index":15.0,"col_index":17.0,"id_2":null,"Nombre":null,"nom_patio":null,"Id_3":null,"Cluster":null},"geometry":{"type":"MultiPolygon","coordinates":[[[[988128.66602867085021,993624.117199999978766],[988706.016297860420309,994624.117199999978766],[989860.716836239676923,994624.117199999978766],[990438.067105429247022,993624.117199999978766],[989860.716836239676923,992624.117199999978766],[988706.016297860420309,992624.117199999978766],[988128.66602867085021,993624.117199999978766]]]]}},
{"type":"Feature","properties":{"id":970.0,"left":988128.66602867085,"top":990624.1172,"right":990438.06710542925,"bottom":988624.1172,"row_index":17.0,"col_index":17.0,"id_2":null,"Nombre":null,"nom_patio":null,"Id_3":null,"Cluster":null},"geometry":{"type":"MultiPolygon","coordinates":[[[[988128.66602867085021,989624.117199999978766],[988706.016297860420309,990624.117199999978766],[989860.716836239676923,990624.117199999978766],[990438.067105429247022,989624.117199999978766],[989860.716836239676923,988624.117199999978766],[988706.016297860420309,988624.117199999978766],[988128.66602867085021,989624.117199999978766]]]]}},
{"type":"Feature","properties":{"id":969.0,"left":988128.66602867085,"top":992624.1172,"right":990438.06710542925,"bottom":990624.1172,"row_index":16.0,"col_index":17.0,"id_2":null,"Nombre":null,"nom_patio":null,"Id_3":null,"Cluster":null},"geometry":{"type":"MultiPolygon","coordinates":[[[[988128.66602867085021,991624.117199999978766],[988706.016297860420309,992624.117199999978766],[989860.716836239676923,992624.117199999978766],[990438.067105429247022,991624.117199999978766],[989860.716836239676923,990624.117199999978766],[988706.016297860420309,990624.117199999978766],[988128.66602867085021,991624.117199999978766]]]]}},
{"type":"Feature","properties":{"id":963.0,"left":988128.66602867085,"top":1004624.1172,"right":990438.06710542925,"bottom":1002624.1172,"row_index":10.0,"col_index":17.0,"id_2":null,"Nombre":null,"nom_patio":null,"Id_3":null,"Cluster":null},"geometry":{"type":"MultiPolygon","coordinates":[[[[988128.66602867085021,1003624.1172],[988706.016297860420309,1004624.1172],[989860.716836239676923,1004624.1172],[990438.067105429247022,1003624.1172],[989860.716836239676923,1002624.1172],[988706.016297860420309,1002624.1172],[988128.66602867085021,1003624.1172]]]]}},
{"type":"Feature","properties":{"id":976.0,"left":988128.66602867085,"top":978624.1172,"right":990438.06710542925,"bottom":976624.1172,"row_index":23.0,"col_index":17.0,"id_2":null,"Nombre":null,"nom_patio":null,"Id_3":null,"Cluster":null},"geometry":{"type":"MultiPolygon","coordinates":[[[[988128.66602867085021,977624.117199999978766],[988706.016297860420309,978624.117199999978766],[989860.716836239676923,978624.117199999978766],[990438.067105429247022,977624.117199999978766],[989860.716836239676923,976624.117199999978766],[988706.016297860420309,976624.117199999978766],[988128.66602867085021,977624.117199999978766]]]]}},
{"type":"Feature","properties":{"id":978.0,"left":988128.66602867085,"top":974624.1172,"right":990438.06710542925,"bottom":972624.1172,"row_index":25.0,"col_index":17.0,"id_2":null,"Nombre":null,"nom_patio":null,"Id_3":null,"Cluster":null},"geometry":{"type":"MultiPolygon","coordinates":[[[[988128.66602867085021,973624.117199999978766],[988706.016297860420309,974624.117199999978766],[989860.716836239676923,974624.117199999978766],[990438.067105429247022,973624.117199999978766],[989860.716836239676923,972624.117199999978766],[988706.016297860420309,972624.117199999978766],[988128.66602867085021,973624.117199999978766]]]]}},
{"type":"Feature","properties":{"id":977.0,"left":988128.66602867085,"top":976624.1172,"right":990438.06710542925,"bottom":974624.1172,"row_index":24.0,"col_index":17.0,"id_2":null,"Nombre":null,"nom_patio":null,"Id_3":null,"Cluster":null},"geometry":{"type":"MultiPolygon","coordinates":[[[[988128.66602867085021,975624.117199999978766],[988706.016297860420309,976624.117199999978766],[989860.716836239676923,976624.117199999978766],[990438.067105429247022,975624.117199999978766],[989860.716836239676923,974624.117199999978766],[988706.016297860420309,974624.117199999978766],[988128.66602867085021,975624.117199999978766]]]]}},
{"type":"Feature","properties":{"id":820.0,"left":982932.51360596425,"top":955624.1172,"right":985241.91468272265,"bottom":953624.1172,"row_index":35.0,"col_index":14.0,"id_2":null,"Nombre":null,"nom_patio":null,"Id_3":null,"Cluster":null},"geometry":{"type":"MultiPolygon","coordinates":[[[[982932.513605964253657,954624.117199999978766],[983509.863875153823756,955624.117199999978766],[984664.564413533080369,955624.117199999978766],[985241.914682722650468,954624.117199999978766],[984664.564413533080369,953624.117199999978766],[983509.863875153823756,953624.117199999978766],[982932.513605964253657,954624.117199999978766]]]]}},
{"type":"Feature","properties":{"id":851.0,"left":984664.56441353331,"top":1004624.1172,"right":986973.96549029159,"bottom":1002624.1172,"row_index":10.0,"col_index":15.0,"id_2":null,"Nombre":null,"nom_patio":null,"Id_3":null,"Cluster":null},"geometry":{"type":"MultiPolygon","coordinates":[[[[984664.564413533196785,1003624.1172],[985241.914682722766884,1004624.1172],[986396.615221102023497,1004624.1172],[986973.965490291593596,1003624.1172],[986396.615221102023497,1002624.1172],[985241.914682722766884,1002624.1172],[984664.564413533196785,1003624.1172]]]]}},
{"type":"Feature","properties":{"id":850.0,"left":984664.56441353331,"top":1006624.1172,"right":986973.96549029159,"bottom":1004624.1172,"row_index":9.0,"col_index":15.0,"id_2":null,"Nombre":null,"nom_patio":null,"Id_3":null,"Cluster":null},"geometry":{"type":"MultiPolygon","coordinates":[[[[984664.564413533196785,1005624.1172],[985241.914682722766884,1006624.1172],[986396.615221102023497,1006624.1172],[986973.965490291593596,1005624.1172],[986396.615221102023497,1004624.1172],[985241.914682722766884,1004624.1172],[984664.564413533196785,1005624.1172]]]]}},
{"type":"Feature","properties":{"id":488.0,"left":972540.20876055094,"top":947624.1172,"right":974849.60983730934,"bottom":945624.1172,"row_index":39.0,"col_index":8.0,"id_2":null,"Nombre":null,"nom_patio":null,"Id_3":null,"Cluster":null},"geometry":{"type":"MultiPolygon","coordinates":[[[[972540.208760550944135,946624.117199999978766],[973117.559029740514234,947624.117199999978766],[974272.259568119770847,947624.117199999978766],[974849.609837309340946,946624.117199999978766],[974272.259568119770847,945624.117199999978766],[973117.559029740514234,945624.117199999978766],[972540.208760550944135,946624.117199999978766]]]]}},
{"type":"Feature","properties":{"id":490.0,"left":972540.20876055094,"top":943624.1172,"right":974849.60983730934,"bottom":941624.1172,"row_index":41.0,"col_index":8.0,"id_2":null,"Nombre":null,"nom_patio":null,"Id_3":null,"Cluster":null},"geometry":{"type":"MultiPolygon","coordinates":[[[[972540.208760550944135,942624.117199999978766],[973117.559029740514234,943624.117199999978766],[974272.259568119770847,943624.117199999978766],[974849.609837309340946,942624.117199999978766],[974272.259568119770847,941624.117199999978766],[973117.559029740514234,941624.117199999978766],[972540.208760550944135,942624.117199999978766]]]]}},
{"type":"Feature","properties":{"id":496.0,"left":972540.20876055094,"top":931624.1172,"right":974849.60983730934,"bottom":929624.1172,"row_index":47.0,"col_index":8.0,"id_2":null,"Nombre":null,"nom_patio":null,"Id_3":null,"Cluster":null},"geometry":{"type":"MultiPolygon","coordinates":[[[[972540.208760550944135,930624.117199999978766],[973117.559029740514234,931624.117199999978766],[974272.259568119770847,931624.117199999978766],[974849.609837309340946,930624.117199999978766],[974272.259568119770847,929624.117199999978766],[973117.559029740514234,929624.117199999978766],[972540.208760550944135,930624.117199999978766]]]]}},
{"type":"Feature","properties":{"id":548.0,"left":974272.25956811989,"top":938624.1172,"right":976581.66064487828,"bottom":936624.1172,"row_index":43.0,"col_index":9.0,"id_2":null,"Nombre":null,"nom_patio":null,"Id_3":null,"Cluster":null},"geometry":{"type":"MultiPolygon","coordinates":[[[[974272.259568119887263,937624.117199999978766],[974849.609837309457362,938624.117199999978766],[976004.310375688713975,938624.117199999978766],[976581.660644878284074,937624.117199999978766],[976004.310375688713975,936624.117199999978766],[974849.609837309457362,936624.117199999978766],[974272.259568119887263,937624.117199999978766]]]]}},
{"type":"Feature","properties":{"id":550.0,"left":974272.25956811989,"top":934624.1172,"right":976581.66064487828,"bottom":932624.1172,"row_index":45.0,"col_index":9.0,"id_2":null,"Nombre":null,"nom_patio":null,"Id_3":null,"Cluster":null},"geometry":{"type":"MultiPolygon","coordinates":[[[[974272.259568119887263,933624.117199999978766],[974849.609837309457362,934624.117199999978766],[976004.310375688713975,934624.117199999978766],[976581.660644878284074,933624.117199999978766],[976004.310375688713975,932624.117199999978766],[974849.609837309457362,932624.117199999978766],[974272.259568119887263,933624.117199999978766]]]]}},
{"type":"Feature","properties":{"id":549.0,"left":974272.25956811989,"top":936624.1172,"right":976581.66064487828,"bottom":934624.1172,"row_index":44.0,"col_index":9.0,"id_2":null,"Nombre":null,"nom_patio":null,"Id_3":null,"Cluster":null},"geometry":{"type":"MultiPolygon","coordinates":[[[[974272.259568119887263,935624.117199999978766],[974849.609837309457362,936624.117199999978766],[976004.310375688713975,936624.117199999978766],[976581.660644878284074,935624.117199999978766],[976004.310375688713975,934624.117199999978766],[974849.609837309457362,934624.117199999978766],[974272.259568119887263,935624.117199999978766]]]]}},
{"type":"Feature","properties":{"id":383.0,"left":969076.10714541329,"top":933624.1172,"right":971385.50822217169,"bottom":931624.1172,"row_index":46.0,"col_index":6.0,"id_2":null,"Nombre":null,"nom_patio":null,"Id_3":null,"Cluster":null},"geometry":{"type":"MultiPolygon","coordinates":[[[[969076.107145413290709,932624.117199999978766],[969653.457414602860808,933624.117199999978766],[970808.157952982117422,933624.117199999978766],[971385.508222171687521,932624.117199999978766],[970808.157952982117422,931624.117199999978766],[969653.457414602860808,931624.117199999978766],[969076.107145413290709,932624.117199999978766]]]]}},
{"type":"Feature","properties":{"id":386.0,"left":969076.10714541329,"top":927624.1172,"right":971385.50822217169,"bottom":925624.1172,"row_index":49.0,"col_index":6.0,"id_2":null,"Nombre":null,"nom_patio":null,"Id_3":null,"Cluster":null},"geometry":{"type":"MultiPolygon","coordinates":[[[[969076.107145413290709,926624.117199999978766],[969653.457414602860808,927624.117199999978766],[970808.157952982117422,927624.117199999978766],[971385.508222171687521,926624.117199999978766],[970808.157952982117422,925624.117199999978766],[969653.457414602860808,925624.117199999978766],[969076.107145413290709,926624.117199999978766]]]]}},
{"type":"Feature","properties":{"id":381.0,"left":969076.10714541329,"top":937624.1172,"right":971385.50822217169,"bottom":935624.1172,"row_index":44.0,"col_index":6.0,"id_2":null,"Nombre":null,"nom_patio":null,"Id_3":null,"Cluster":null},"geometry":{"type":"MultiPolygon","coordinates":[[[[969076.107145413290709,936624.117199999978766],[969653.457414602860808,937624.117199999978766],[970808.157952982117422,937624.117199999978766],[971385.508222171687521,936624.117199999978766],[970808.157952982117422,935624.117199999978766],[969653.457414602860808,935624.117199999978766],[969076.107145413290709,936624.117199999978766]]]]}},
{"type":"Feature","properties":{"id":440.0,"left":970808.15795298212,"top":930624.1172,"right":973117.55902974051,"bottom":928624.1172,"row_index":47.0,"col_index":7.0,"id_2":null,"Nombre":null,"nom_patio":null,"Id_3":null,"Cluster":null},"geometry":{"type":"MultiPolygon","coordinates":[[[[970808.157952982117422,929624.117199999978766],[971385.508222171687521,930624.117199999978766],[972540.208760550944135,930624.117199999978766],[973117.559029740514234,929624.117199999978766],[972540.208760550944135,928624.117199999978766],[971385.508222171687521,928624.117199999978766],[970808.157952982117422,929624.117199999978766]]]]}},
{"type":"Feature","properties":{"id":435.0,"left":970808.15795298212,"top":940624.1172,"right":973117.55902974051,"bottom":938624.1172,"row_index":42.0,"col_index":7.0,"id_2":null,"Nombre":null,"nom_patio":null,"Id_3":null,"Cluster":null},"geometry":{"type":"MultiPolygon","coordinates":[[[[970808.157952982117422,939624.117199999978766],[971385.508222171687521,940624.117199999978766],[972540.208760550944135,940624.117199999978766],[973117.559029740514234,939624.117199999978766],[972540.208760550944135,938624.117199999978766],[971385.508222171687521,938624.117199999978766],[970808.157952982117422,939624.117199999978766]]]]}},
{"type":"Feature","properties":{"id":434.0,"left":970808.15795298212,"top":942624.1172,"right":973117.55902974051,"bottom":940624.1172,"row_index":41.0,"col_index":7.0,"id_2":null,"Nombre":null,"nom_patio":null,"Id_3":null,"Cluster":null},"geometry":{"type":"MultiPolygon","coordinates":[[[[970808.157952982117422,941624.117199999978766],[971385.508222171687521,942624.117199999978766],[972540.208760550944135,942624.117199999978766],[973117.559029740514234,941624.117199999978766],[972540.208760550944135,940624.117199999978766],[971385.508222171687521,940624.117199999978766],[970808.157952982117422,941624.117199999978766]]]]}},
{"type":"Feature","properties":{"id":433.0,"left":970808.15795298212,"top":944624.1172,"right":973117.55902974051,"bottom":942624.1172,"row_index":40.0,"col_index":7.0,"id_2":null,"Nombre":null,"nom_patio":null,"Id_3":null,"Cluster":null},"geometry":{"type":"MultiPolygon","coordinates":[[[[970808.157952982117422,943624.117199999978766],[971385.508222171687521,944624.117199999978766],[972540.208760550944135,944624.117199999978766],[973117.559029740514234,943624.117199999978766],[972540.208760550944135,942624.117199999978766],[971385.508222171687521,942624.117199999978766],[970808.157952982117422,943624.117199999978766]]]]}},
{"type":"Feature","properties":{"id":280.0,"left":965612.00553027552,"top":915624.1172,"right":967921.40660703392,"bottom":913624.1172,"row_index":55.0,"col_index":4.0,"id_2":null,"Nombre":null,"nom_patio":null,"Id_3":null,"Cluster":null},"geometry":{"type":"MultiPolygon","coordinates":[[[[965612.005530275520869,914624.117199999978766],[966189.355799465090968,915624.117199999978766],[967344.056337844347581,915624.117199999978766],[967921.40660703391768,914624.117199999978766],[967344.056337844347581,913624.117199999978766],[966189.355799465090968,913624.117199999978766],[965612.005530275520869,914624.117199999978766]]]]}},
{"type":"Feature","properties":{"id":279.0,"left":965612.00553027552,"top":917624.1172,"right":967921.40660703392,"bottom":915624.1172,"row_index":54.0,"col_index":4.0,"id_2":null,"Nombre":null,"nom_patio":null,"Id_3":null,"Cluster":null},"geometry":{"type":"MultiPolygon","coordinates":[[[[965612.005530275520869,916624.117199999978766],[966189.355799465090968,917624.117199999978766],[967344.056337844347581,917624.117199999978766],[967921.40660703391768,916624.117199999978766],[967344.056337844347581,915624.117199999978766],[966189.355799465090968,915624.117199999978766],[965612.005530275520869,916624.117199999978766]]]]}},
{"type":"Feature","properties":{"id":274.0,"left":965612.00553027552,"top":927624.1172,"right":967921.40660703392,"bottom":925624.1172,"row_index":49.0,"col_index":4.0,"id_2":null,"Nombre":null,"nom_patio":null,"Id_3":null,"Cluster":null},"geometry":{"type":"MultiPolygon","coordinates":[[[[965612.005530275520869,926624.117199999978766],[966189.355799465090968,927624.117199999978766],[967344.056337844347581,927624.117199999978766],[967921.40660703391768,926624.117199999978766],[967344.056337844347581,925624.117199999978766],[966189.355799465090968,925624.117199999978766],[965612.005530275520869,926624.117199999978766]]]]}},
{"type":"Feature","properties":{"id":270.0,"left":965612.00553027552,"top":935624.1172,"right":967921.40660703392,"bottom":933624.1172,"row_index":45.0,"col_index":4.0,"id_2":null,"Nombre":null,"nom_patio":null,"Id_3":null,"Cluster":null},"geometry":{"type":"MultiPolygon","coordinates":[[[[965612.005530275520869,934624.117199999978766],[966189.355799465090968,935624.117199999978766],[967344.056337844347581,935624.117199999978766],[967921.40660703391768,934624.117199999978766],[967344.056337844347581,933624.117199999978766],[966189.355799465090968,933624.117199999978766],[965612.005530275520869,934624.117199999978766]]]]}},
{"type":"Feature","properties":{"id":327.0,"left":967344.05633784435,"top":932624.1172,"right":969653.45741460274,"bottom":930624.1172,"row_index":46.0,"col_index":5.0,"id_2":null,"Nombre":null,"nom_patio":null,"Id_3":null,"Cluster":null},"geometry":{"type":"MultiPolygon","coordinates":[[[[967344.056337844347581,931624.117199999978766],[967921.40660703391768,932624.117199999978766],[969076.107145413174294,932624.117199999978766],[969653.457414602744393,931624.117199999978766],[969076.107145413174294,930624.117199999978766],[967921.40660703391768,930624.117199999978766],[967344.056337844347581,931624.117199999978766]]]]}},
{"type":"Feature","properties":{"id":324.0,"left":967344.05633784435,"top":938624.1172,"right":969653.45741460274,"bottom":936624.1172,"row_index":43.0,"col_index":5.0,"id_2":null,"Nombre":null,"nom_patio":null,"Id_3":null,"Cluster":null},"geometry":{"type":"MultiPolygon","coordinates":[[[[967344.056337844347581,937624.117199999978766],[967921.40660703391768,938624.117199999978766],[969076.107145413174294,938624.117199999978766],[969653.457414602744393,937624.117199999978766],[969076.107145413174294,936624.117199999978766],[967921.40660703391768,936624.117199999978766],[967344.056337844347581,937624.117199999978766]]]]}},
{"type":"Feature","properties":{"id":332.0,"left":967344.05633784435,"top":922624.1172,"right":969653.45741460274,"bottom":920624.1172,"row_index":51.0,"col_index":5.0,"id_2":null,"Nombre":null,"nom_patio":null,"Id_3":null,"Cluster":null},"geometry":{"type":"MultiPolygon","coordinates":[[[[967344.056337844347581,921624.117199999978766],[967921.40660703391768,922624.117199999978766],[969076.107145413174294,922624.117199999978766],[969653.457414602744393,921624.117199999978766],[969076.107145413174294,920624.117199999978766],[967921.40660703391768,920624.117199999978766],[967344.056337844347581,921624.117199999978766]]]]}},
{"type":"Feature","properties":{"id":1240.0,"left":996788.92006651522,"top":1011624.1172,"right":999098.32114327373,"bottom":1009624.1172,"row_index":7.0,"col_index":22.0,"id_2":2,"Nombre":"Bolera el Salitre","nom_patio":null,"Id_3":null,"Cluster":"Bolera el Salitre"},"geometry":{"type":"MultiPolygon","coordinates":[[[[996788.920066515333019,1010624.1172],[997366.270335704903118,1011624.1172],[998520.970874084159732,1011624.1172],[999098.321143273729831,1010624.1172],[998520.970874084159732,1009624.1172],[997366.270335704903118,1009624.1172],[996788.920066515333019,1010624.1172]]]]}},
{"type":"Feature","properties":{"id":1186.0,"left":995056.86925894639,"top":1006624.1172,"right":997366.27033570479,"bottom":1004624.1172,"row_index":9.0,"col_index":21.0,"id_2":2,"Nombre":"Bolera el Salitre","nom_patio":null,"Id_3":null,"Cluster":"Bolera el Salitre"},"geometry":{"type":"MultiPolygon","coordinates":[[[[995056.869258946389891,1005624.1172],[995634.21952813595999,1006624.1172],[996788.920066515216604,1006624.1172],[997366.270335704786703,1005624.1172],[996788.920066515216604,1004624.1172],[995634.21952813595999,1004624.1172],[995056.869258946389891,1005624.1172]]]]}},
{"type":"Feature","properties":{"id":1242.0,"left":996788.92006651522,"top":1007624.1172,"right":999098.32114327373,"bottom":1005624.1172,"row_index":9.0,"col_index":22.0,"id_2":2,"Nombre":"Bolera el Salitre","nom_patio":null,"Id_3":null,"Cluster":"Bolera el Salitre"},"geometry":{"type":"MultiPolygon","coordinates":[[[[996788.920066515333019,1006624.1172],[997366.270335704903118,1007624.1172],[998520.970874084159732,1007624.1172],[999098.321143273729831,1006624.1172],[998520.970874084159732,1005624.1172],[997366.270335704903118,1005624.1172],[996788.920066515333019,1006624.1172]]]]}},
{"type":"Feature","properties":{"id":1241.0,"left":996788.92006651522,"top":1009624.1172,"right":999098.32114327373,"bottom":1007624.1172,"row_index":8.0,"col_index":22.0,"id_2":2,"Nombre":"Bolera el Salitre","nom_patio":null,"Id_3":null,"Cluster":"Bolera el Salitre"},"geometry":{"type":"MultiPolygon","coordinates":[[[[996788.920066515333019,1008624.1172],[997366.270335704903118,1009624.1172],[998520.970874084159732,1009624.1172],[999098.321143273729831,1008624.1172],[998520.970874084159732,1007624.1172],[997366.270335704903118,1007624.1172],[996788.920066515333019,1008624.1172]]]]}},
{"type":"Feature","properties":{"id":1354.0,"left":1000253.0216816531,"top":1007624.1172,"right":1002562.4227584115,"bottom":1005624.1172,"row_index":9.0,"col_index":24.0,"id_2":2,"Nombre":"Bolera el Salitre","nom_patio":null,"Id_3":null,"Cluster":"Bolera el Salitre"},"geometry":{"type":"MultiPolygon","coordinates":[[[[1000253.02168165310286,1006624.1172],[1000830.371950842672959,1007624.1172],[1001985.072489221929573,1007624.1172],[1002562.422758411499672,1006624.1172],[1001985.072489221929573,1005624.1172],[1000830.371950842672959,1005624.1172],[1000253.02168165310286,1006624.1172]]]]}},
{"type":"Feature","properties":{"id":1298.0,"left":998520.97087408416,"top":1006624.1172,"right":1000830.3719508426,"bottom":1004624.1172,"row_index":9.0,"col_index":23.0,"id_2":2,"Nombre":"Bolera el Salitre","nom_patio":null,"Id_3":null,"Cluster":"Bolera el Salitre"},"geometry":{"type":"MultiPolygon","coordinates":[[[[998520.970874084159732,1005624.1172],[999098.321143273729831,1006624.1172],[1000253.021681652986445,1006624.1172],[1000830.371950842556544,1005624.1172],[1000253.021681652986445,1004624.1172],[999098.321143273729831,1004624.1172],[998520.970874084159732,1005624.1172]]]]}},
{"type":"Feature","properties":{"id":1297.0,"left":998520.97087408416,"top":1008624.1172,"right":1000830.3719508426,"bottom":1006624.1172,"row_index":8.0,"col_index":23.0,"id_2":2,"Nombre":"Bolera el Salitre","nom_patio":null,"Id_3":null,"Cluster":"Bolera el Salitre"},"geometry":{"type":"MultiPolygon","coordinates":[[[[998520.970874084159732,1007624.1172],[999098.321143273729831,1008624.1172],[1000253.021681652986445,1008624.1172],[1000830.371950842556544,1007624.1172],[1000253.021681652986445,1006624.1172],[999098.321143273729831,1006624.1172],[998520.970874084159732,1007624.1172]]]]}},
{"type":"Feature","properties":{"id":1351.0,"left":1000253.0216816531,"top":1013624.1172,"right":1002562.4227584115,"bottom":1011624.1172,"row_index":6.0,"col_index":24.0,"id_2":1,"Nombre":"La Alhambra","nom_patio":null,"Id_3":null,"Cluster":"La Alahambra"},"geometry":{"type":"MultiPolygon","coordinates":[[[[1000253.02168165310286,1012624.1172],[1000830.371950842672959,1013624.1172],[1001985.072489221929573,1013624.1172],[1002562.422758411499672,1012624.1172],[1001985.072489221929573,1011624.1172],[1000830.371950842672959,1011624.1172],[1000253.02168165310286,1012624.1172]]]]}},
{"type":"Feature","properties":{"id":1353.0,"left":1000253.0216816531,"top":1009624.1172,"right":1002562.4227584115,"bottom":1007624.1172,"row_index":8.0,"col_index":24.0,"id_2":1,"Nombre":"La Alhambra","nom_patio":null,"Id_3":null,"Cluster":"Bolera el Salitre"},"geometry":{"type":"MultiPolygon","coordinates":[[[[1000253.02168165310286,1008624.1172],[1000830.371950842672959,1009624.1172],[1001985.072489221929573,1009624.1172],[1002562.422758411499672,1008624.1172],[1001985.072489221929573,1007624.1172],[1000830.371950842672959,1007624.1172],[1000253.02168165310286,1008624.1172]]]]}},
{"type":"Feature","properties":{"id":1352.0,"left":1000253.0216816531,"top":1011624.1172,"right":1002562.4227584115,"bottom":1009624.1172,"row_index":7.0,"col_index":24.0,"id_2":1,"Nombre":"La Alhambra","nom_patio":null,"Id_3":null,"Cluster":"La Alahambra"},"geometry":{"type":"MultiPolygon","coordinates":[[[[1000253.02168165310286,1010624.1172],[1000830.371950842672959,1011624.1172],[1001985.072489221929573,1011624.1172],[1002562.422758411499672,1010624.1172],[1001985.072489221929573,1009624.1172],[1000830.371950842672959,1009624.1172],[1000253.02168165310286,1010624.1172]]]]}},
{"type":"Feature","properties":{"id":1294.0,"left":998520.97087408416,"top":1014624.1172,"right":1000830.3719508426,"bottom":1012624.1172,"row_index":5.0,"col_index":23.0,"id_2":1,"Nombre":"La Alhambra","nom_patio":null,"Id_3":null,"Cluster":"La Alahambra"},"geometry":{"type":"MultiPolygon","coordinates":[[[[998520.970874084159732,1013624.1172],[999098.321143273729831,1014624.1172],[1000253.021681652986445,1014624.1172],[1000830.371950842556544,1013624.1172],[1000253.021681652986445,1012624.1172],[999098.321143273729831,1012624.1172],[998520.970874084159732,1013624.1172]]]]}},
{"type":"Feature","properties":{"id":1296.0,"left":998520.97087408416,"top":1010624.1172,"right":1000830.3719508426,"bottom":1008624.1172,"row_index":7.0,"col_index":23.0,"id_2":1,"Nombre":"La Alhambra","nom_patio":null,"Id_3":null,"Cluster":"Bolera el Salitre"},"geometry":{"type":"MultiPolygon","coordinates":[[[[998520.970874084159732,1009624.1172],[999098.321143273729831,1010624.1172],[1000253.021681652986445,1010624.1172],[1000830.371950842556544,1009624.1172],[1000253.021681652986445,1008624.1172],[999098.321143273729831,1008624.1172],[998520.970874084159732,1009624.1172]]]]}},
{"type":"Feature","properties":{"id":1295.0,"left":998520.97087408416,"top":1012624.1172,"right":1000830.3719508426,"bottom":1010624.1172,"row_index":6.0,"col_index":23.0,"id_2":1,"Nombre":"La Alhambra","nom_patio":null,"Id_3":null,"Cluster":"La Alahambra"},"geometry":{"type":"MultiPolygon","coordinates":[[[[998520.970874084159732,1011624.1172],[999098.321143273729831,1012624.1172],[1000253.021681652986445,1012624.1172],[1000830.371950842556544,1011624.1172],[1000253.021681652986445,1010624.1172],[999098.321143273729831,1010624.1172],[998520.970874084159732,1011624.1172]]]]}},
{"type":"Feature","properties":{"id":1463.0,"left":1003717.1232967908,"top":1013624.1172,"right":1006026.5243735492,"bottom":1011624.1172,"row_index":6.0,"col_index":26.0,"id_2":1,"Nombre":"La Alhambra","nom_patio":null,"Id_3":null,"Cluster":"La Alahambra"},"geometry":{"type":"MultiPolygon","coordinates":[[[[1003717.123296790756285,1012624.1172],[1004294.473565980326384,1013624.1172],[1005449.174104359582998,1013624.1172],[1006026.524373549153097,1012624.1172],[1005449.174104359582998,1011624.1172],[1004294.473565980326384,1011624.1172],[1003717.123296790756285,1012624.1172]]]]}},
{"type":"Feature","properties":{"id":1465.0,"left":1003717.1232967908,"top":1009624.1172,"right":1006026.5243735492,"bottom":1007624.1172,"row_index":8.0,"col_index":26.0,"id_2":1,"Nombre":"La Alhambra","nom_patio":null,"Id_3":null,"Cluster":"La Alahambra"},"geometry":{"type":"MultiPolygon","coordinates":[[[[1003717.123296790756285,1008624.1172],[1004294.473565980326384,1009624.1172],[1005449.174104359582998,1009624.1172],[1006026.524373549153097,1008624.1172],[1005449.174104359582998,1007624.1172],[1004294.473565980326384,1007624.1172],[1003717.123296790756285,1008624.1172]]]]}},
{"type":"Feature","properties":{"id":1406.0,"left":1001985.0724892219,"top":1014624.1172,"right":1004294.4735659803,"bottom":1012624.1172,"row_index":5.0,"col_index":25.0,"id_2":1,"Nombre":"La Alhambra","nom_patio":null,"Id_3":null,"Cluster":"La Alahambra"},"geometry":{"type":"MultiPolygon","coordinates":[[[[1001985.072489221929573,1013624.1172],[1002562.422758411499672,1014624.1172],[1003717.123296790756285,1014624.1172],[1004294.473565980326384,1013624.1172],[1003717.123296790756285,1012624.1172],[1002562.422758411499672,1012624.1172],[1001985.072489221929573,1013624.1172]]]]}},
{"type":"Feature","properties":{"id":48.0,"left":958683.8023,"top":931624.1172,"right":960993.20337675838,"bottom":929624.1172,"row_index":47.0,"col_index":0.0,"id_2":null,"Nombre":null,"nom_patio":null,"Id_3":null,"Cluster":null},"geometry":{"type":"MultiPolygon","coordinates":[[[[958683.802299999981187,930624.117199999978766],[959261.152569189551286,931624.117199999978766],[960415.8531075688079,931624.117199999978766],[960993.203376758377999,930624.117199999978766],[960415.8531075688079,929624.117199999978766],[959261.152569189551286,929624.117199999978766],[958683.802299999981187,930624.117199999978766]]]]}}
]
}
